osm_id,lat,lon,gruppe,kategorie,name,brand,cuisine,organic
node/10095545911,50.1038935,8.7608303,wettbewerb_breit,baecker,Wiener Feinbäcker Heberer,Wiener Feinbäcker Heberer,,
node/10148047977,50.1288288,8.7349556,wettbewerb_breit,baecker,Riederwälder Backstube,,,
node/10157554325,50.1138908,8.6881431,wettbewerb_breit,baecker,Der Bäcker Eifler,Der Bäcker Eifler,,
node/10166842956,50.1108484,8.6924185,wettbewerb_breit,baecker,Konditorei Delicja,,,
node/10197661702,50.1338511,8.6714793,wettbewerb_breit,baecker,Bäckerei Schaan,,,
node/10203840773,50.166564,8.6723841,wettbewerb_breit,baecker,Bäckerei Bela,,,
node/10218603352,50.2041114,8.7025747,wettbewerb_breit,baecker,Schäfer Dein Bäcker,Schäfer Dein Bäcker,,
node/10226242768,50.134684,8.7117309,wettbewerb_breit,baecker,Der Bäcker Eifler,Der Bäcker Eifler,,
node/10229769980,50.1021305,8.5482619,wettbewerb_breit,baecker,Der Bäcker Eifler,Der Bäcker Eifler,,
node/10304933334,50.1324205,8.6248273,wettbewerb_breit,baecker,The Daily Coffee Kitchen,,,
node/1033640236,50.1842995,8.6908432,wettbewerb_breit,baecker,Seipler,,,
node/10584449837,50.1420137,8.5657815,wettbewerb_breit,baecker,Bäckerei Schäfer,,,
node/10731370369,50.1784121,8.735991,wettbewerb_breit,baecker,Philippis,,,
node/10742912380,50.1112082,8.7089667,wettbewerb_breit,baecker,Wiener Feinbäcker Heberer,Wiener Feinbäcker Heberer,,
node/10742912381,50.1124895,8.7052596,wettbewerb_breit,baecker,Wiener Feinbäcker Heberer,Wiener Feinbäcker Heberer,,
node/10769428461,50.1093549,8.6524997,wettbewerb_breit,baecker,Wiener Feinbäcker,Wiener Feinbäcker Heberer,,
node/10784284239,50.0845816,8.5812015,wettbewerb_breit,baecker,Bäckerei Schaan,,,
node/10784284240,50.0845954,8.581482,wettbewerb_breit,baecker,Der Bäcker Eifler,Der Bäcker Eifler,,
node/10824473999,50.0071511,8.5739266,wettbewerb_breit,baecker,Ciao Pasticceria,,,
node/10839117318,50.1597193,8.6883682,wettbewerb_breit,baecker,Schäfer Dein Bäcker,Schäfer Dein Bäcker,,
node/11043112765,50.1708478,8.581884,wettbewerb_breit,baecker,Schäfer Dein Bäcker,Schäfer Dein Bäcker,,
node/11051614202,50.108226,8.62859,wettbewerb_breit,baecker,Wiener Feinbäcker,Wiener Feinbäcker Heberer,,
node/11199996491,50.1065499,8.5428248,wettbewerb_breit,baecker,Bäckerei Tradita,,,
node/11217945389,50.1453922,8.7587629,wettbewerb_breit,baecker,Bäckerei Schaan,,,
node/1121961427,50.0532558,8.6786819,wettbewerb_breit,baecker,Café Ernst,,,
node/1122290686,50.0823323,8.6042694,wettbewerb_breit,baecker,Bäckerei Beringer,,,
node/11236103531,50.102368,8.6800753,wettbewerb_breit,baecker,Baguette Jeanette,,,
node/11276442503,50.1325484,8.6260735,wettbewerb_breit,baecker,Wiener Feinbäcker Heberer,Wiener Feinbäcker Heberer,,
node/11278652268,50.0926888,8.4557704,wettbewerb_breit,baecker,Schäfer Dein Bäcker,,,
node/1130959236,50.1263592,8.7083129,wettbewerb_breit,baecker,Back-Factory,Back-Factory,,
node/11384820507,50.1433962,8.7477456,wettbewerb_breit,baecker,Bäckerei Schaan,,,
node/11509502492,50.0992817,8.587146,wettbewerb_breit,baecker,Weller,,,
node/1165758381,50.1702735,8.5751099,wettbewerb_breit,baecker,Torten und mehr,,,
node/11690792457,50.1033978,8.6915931,wettbewerb_breit,baecker,Schäfer Dein Bäcker,Schäfer Dein Bäcker,,
node/11746793048,50.1108753,8.6835288,wettbewerb_breit,baecker,Hoppenworth & Ploch Altstadtbäckerei,,,
node/11757557351,50.1400007,8.6992181,wettbewerb_breit,baecker,Eifler,,,
node/11771891611,50.1205588,8.696062,wettbewerb_breit,baecker,Biokaiser,,,
node/12055291779,50.1060907,8.6639509,wettbewerb_breit,baecker,Backwerk,BackWerk,,
node/12095569085,50.1066319,8.5780784,wettbewerb_breit,baecker,EZB Erst zum Bäcker,,,
node/12118003978,50.1890042,8.6987137,wettbewerb_breit,baecker,Hinnerbäcker,,,
node/12155496704,50.1188341,8.5027898,wettbewerb_breit,baecker,Backhaus Heislitz,,,
node/12176860661,50.140262,8.7508381,wettbewerb_breit,baecker,Wiener Feinbäcker Heberer,Wiener Feinbäcker Heberer,,
node/12325406332,50.1235997,8.6374718,wettbewerb_breit,baecker,Frisch Balkan Bäckerei,,,
node/12532075524,50.1139401,8.7209121,wettbewerb_breit,baecker,Backwerk,BackWerk,,
node/12569698103,50.1076703,8.6539258,wettbewerb_breit,baecker,Der Bäcker Eifler,Der Bäcker Eifler,,
node/12608311904,50.1206658,8.6285805,wettbewerb_breit,baecker,Bäckerei Ernst,,,
node/1280070679,50.1112408,8.6986469,wettbewerb_breit,baecker,EZB - Erst zum Bäcker,,,
node/12810611621,50.0999296,8.7238835,wettbewerb_breit,baecker,Schäfer Dein Bäcker,,,
node/1283799203,50.1222133,8.6804456,wettbewerb_breit,baecker,Kröger,,,
node/12860491736,50.1457625,8.7096619,wettbewerb_breit,baecker,Der Bäcker Eifler,,,
node/12894881874,50.1180705,8.645219,wettbewerb_breit,baecker,Nostalgie,,,
node/1291415325,50.0918468,8.6069318,wettbewerb_breit,baecker,Der Bäcker Eifler,Der Bäcker Eifler,,
node/12954754897,50.0507411,8.5690304,wettbewerb_breit,baecker,QUICKER‘S,,,
node/12997195207,50.1200003,8.6496455,wettbewerb_breit,baecker,Baklavita,,,
node/13028034288,50.0123292,8.5870588,wettbewerb_breit,baecker,Schäfer Dein Bäcker,,,
node/13119972041,50.0504931,8.5698277,wettbewerb_breit,baecker,Hucks Lieblingsplatz,,,
node/13132271220,50.1020548,8.5424695,wettbewerb_breit,baecker,Wiener Feinbäcker Heberer,,,
node/13188141876,50.116315,8.6947125,wettbewerb_breit,baecker,Richard Diana Patisserie,,,
node/1319336634,50.0808855,8.6369582,wettbewerb_breit,baecker,Wiener Feinbäcker Heberer,Wiener Feinbäcker Heberer,,
node/1329773789,50.1389371,8.6464162,wettbewerb_breit,baecker,Hinnerbäcker,Hinnerbäcker,,
node/13298087650,50.1521819,8.8040987,wettbewerb_breit,baecker,,,,
node/13308688289,50.0483083,8.5683717,wettbewerb_breit,baecker,Geberer Traditional Bakery,,,
node/13456145486,50.1022394,8.7628239,wettbewerb_breit,baecker,CimCim,,,
node/13509365501,50.116626,8.6959028,wettbewerb_breit,baecker,Mehlwassersalz,,,
node/13712066402,50.1870407,8.5861959,wettbewerb_breit,baecker,Schäfer Dein Bäcker,Schäfer Dein Bäcker,,
node/13738795234,50.101433,8.541343,wettbewerb_breit,baecker,Der Bäcker Eifler,,,
node/13945453312,50.1020639,8.5448788,wettbewerb_breit,baecker,Antep Pastanesi,,,
node/1394952184,50.1313814,8.6181683,wettbewerb_breit,baecker,Linda‘s Café and Bakery,,,
node/13987583111,50.1781713,8.628552,wettbewerb_breit,baecker,Caketales,,,
node/14006040122,50.1191339,8.785201,wettbewerb_breit,baecker,Kress,,,
node/14029236769,50.1078609,8.6635157,wettbewerb_breit,baecker,Der Bäcker Eifler,,,
node/14039854076,50.1202032,8.525687,wettbewerb_breit,baecker,Cinnamore,,,
node/14046246823,50.1141838,8.7465567,wettbewerb_breit,baecker,Lucy's Sweets Patisserie,,,
node/14056305379,50.1327494,8.6834645,wettbewerb_breit,baecker,Der Bäcker Eifler,Der Bäcker Eifler,,
node/14070112491,50.0991543,8.634184,wettbewerb_breit,baecker,Backstube Corner,,,
node/1417340825,50.1015442,8.6860015,wettbewerb_breit,baecker,Café Ernst,,,
node/14232262262,50.0966607,8.6283159,wettbewerb_breit,baecker,Cafe Ernst,,,
node/1455056262,50.1894254,8.6383321,wettbewerb_breit,baecker,Gangel,,,
node/1463221965,50.1146404,8.6885213,wettbewerb_breit,baecker,Backwerk,BackWerk,,
node/1464183468,50.1984692,8.6697867,wettbewerb_breit,baecker,Wiener Feinbäcker Heberer,Wiener Feinbäcker Heberer,,
node/1469617577,50.1272457,8.6850181,wettbewerb_breit,baecker,Liebesbrot,,,
node/1483996350,50.1054476,8.7653212,wettbewerb_breit,baecker,Ditsch,Ditsch,,
node/1555850463,50.0850991,8.4714567,wettbewerb_breit,baecker,Schäfer,,,
node/1581300039,50.1194156,8.6795779,wettbewerb_breit,baecker,Zeit für Brot,Zeit für Brot,,
node/1587386830,50.2253303,8.6811257,wettbewerb_breit,baecker,Bäckerei & Café Freimund,,,
node/1591389365,50.1513348,8.6908424,wettbewerb_breit,baecker,Bäcker Eifler,,,
node/1616687541,50.218576,8.6504347,wettbewerb_breit,baecker,Hinnerbäcker,Hinnerbäcker,,
node/1619915508,50.1202185,8.6959369,wettbewerb_breit,baecker,Der Bäcker Eifler,Der Bäcker Eifler,,
node/1645446811,50.1046919,8.7641277,wettbewerb_breit,baecker,Der Bäcker Eifler,Der Bäcker Eifler,,
node/1647258152,50.1265887,8.704862,wettbewerb_breit,baecker,Rausch,,,
node/1654654184,50.150051,8.8013635,wettbewerb_breit,baecker,Der Bäcker Eifler,Der Bäcker Eifler,,
node/1655861253,50.0583542,8.519727,wettbewerb_breit,baecker,"Schäfer, dein Bäcker",,,
node/1669207385,50.083987,8.6385883,wettbewerb_breit,baecker,Café Bibi,,,
node/1681301240,50.12295,8.6448671,wettbewerb_breit,baecker,Bäckerei Schaan,,,
node/1681301252,50.1230366,8.6439901,wettbewerb_breit,baecker,Wiener Feinbäcker Heberer,Wiener Feinbäcker Heberer,,
node/1704161316,50.0916799,8.6022462,wettbewerb_breit,baecker,Müller's Backstube,,,
node/1704494791,50.1786951,8.6287282,wettbewerb_breit,baecker,Riedback,,,
node/1707501156,50.1802156,8.7401142,wettbewerb_breit,baecker,Der Bäcker Eifler,Der Bäcker Eifler,,
node/1726324120,50.1029096,8.6903627,wettbewerb_breit,baecker,Wiener Feinbäcker Heberer,Wiener Feinbäcker Heberer,,
node/1788473906,50.104882,8.6637002,wettbewerb_breit,baecker,Mili Balkanbäckerei,,,
node/1794908704,50.0841303,8.4653806,wettbewerb_breit,baecker,Bäckerei Kilb,,,
node/1827001500,50.2028634,8.7089519,wettbewerb_breit,baecker,Bäckerei Seipler,,,
node/1865335039,50.111452,8.7126184,wettbewerb_breit,baecker,Wiener Feinbäcker Heberer,Wiener Feinbäcker Heberer,,
node/1873219434,50.1257369,8.7074281,wettbewerb_breit,baecker,Denningers Mühlenbäckerei,,,
node/1878907019,50.1025651,8.6617323,wettbewerb_breit,baecker,Vasilja,,,
node/1926338593,50.1249658,8.6102135,wettbewerb_breit,baecker,Der Bäcker Eifler,Der Bäcker Eifler,,
node/1935890992,50.1392359,8.6707805,wettbewerb_breit,baecker,Kaiser Bio-Bäckerei,,,only
node/1938160374,50.1579292,8.6335451,wettbewerb_breit,baecker,Patisserie de l'Arabie,,,
node/1960863361,50.1150568,8.6865269,wettbewerb_breit,baecker,Cafe Weidenweber,,,
node/1984716062,50.1077984,8.6702208,wettbewerb_breit,baecker,bread & more,,,
node/2131350192,50.126843,8.7945713,wettbewerb_breit,baecker,Pappert,Pappert,,
node/2156031812,50.0853775,8.7541593,wettbewerb_breit,baecker,Schanzen Bäckerei,,,
node/2170905786,50.0880452,8.646318,wettbewerb_breit,baecker,Fleckenbühler Bio Café,,,only
node/2229270026,50.0858742,8.6487462,wettbewerb_breit,baecker,Estrela Doce,,portuguese,
node/2274928062,50.12573,8.706866,wettbewerb_breit,baecker,Baguette Jeanette,,french,
node/2283129611,50.0785591,8.6475335,wettbewerb_breit,baecker,Morgenstern,,,
node/2296281353,50.0972892,8.5050561,wettbewerb_breit,baecker,Bäckerei Flach,,,
node/2349693128,50.0799714,8.5164031,wettbewerb_breit,baecker,Schäfer,,,
node/2351460404,50.1018151,8.6337801,wettbewerb_breit,baecker,Weller,,,
node/2420584264,50.0531685,8.6954229,wettbewerb_breit,baecker,Der Bäcker Eifler,Der Bäcker Eifler,,
node/2422313913,50.1174933,8.7090981,wettbewerb_breit,baecker,Der Bäcker Eifler,Der Bäcker Eifler,,
node/2528553211,50.1203905,8.4908808,wettbewerb_breit,baecker,Bäckerei Elvis,,,
node/2547577860,50.002904,8.5763441,wettbewerb_breit,baecker,Jourdan's Backstube,,,
node/2628311989,50.1759718,8.6285358,wettbewerb_breit,baecker,BioKaiser,,,only
node/2647301987,50.1031896,8.6794618,wettbewerb_breit,baecker,Zeit für Brot,Zeit für Brot,,
node/2647428508,50.1030177,8.6795774,wettbewerb_breit,baecker,Der Bäcker Eifler,Der Bäcker Eifler,,
node/2647428616,50.1026815,8.679801,wettbewerb_breit,baecker,Sachsenhäuser Feinbäckerei,,,
node/2647428657,50.1024421,8.6804719,wettbewerb_breit,baecker,Schaan,,,
node/2661290081,50.1003955,8.6800428,wettbewerb_breit,baecker,Weller,,,
node/2661304569,50.1012997,8.6809186,wettbewerb_breit,baecker,Kaiser Biobäckerei,,,
node/2676916914,50.104655,8.687091,wettbewerb_breit,baecker,Bäckerei HansS,,,
node/2685605528,50.0877448,8.7617405,wettbewerb_breit,baecker,Bretzelbäckerei Ditsch,,,
node/269693817,50.1024299,8.5907204,wettbewerb_breit,baecker,Dolce Pane,,,
node/2716337532,50.0489325,8.6955386,wettbewerb_breit,baecker,Der Bäcker Eifler,Der Bäcker Eifler,,
node/2724277146,50.1296832,8.7135861,wettbewerb_breit,baecker,Der Bäcker Eifler,Der Bäcker Eifler,,
node/2741816845,50.0498466,8.6981612,wettbewerb_breit,baecker,Ditsch,Ditsch,,
node/2749810326,50.104141,8.6386912,wettbewerb_breit,baecker,Dein Backhaus,,,
node/277649593,50.1243782,8.6073438,wettbewerb_breit,baecker,Heberer,Wiener Feinbäcker Heberer,,
node/279852883,50.1262944,8.707731,wettbewerb_breit,baecker,Der Bäcker Eifler,Der Bäcker Eifler,,
node/2801018717,50.0946799,8.6960952,wettbewerb_breit,baecker,Backstube Weller,,,
node/2801580767,50.100592,8.6924352,wettbewerb_breit,baecker,Bäckerei Andy,,,
node/280226875,50.1502818,8.6915694,wettbewerb_breit,baecker,Hinnerbäcker,Hinnerbäcker,,
node/2824787959,50.0997746,8.703241,wettbewerb_breit,baecker,Cafe Kling,,,
node/2829874501,50.1308419,8.7333896,wettbewerb_breit,baecker,das STEH café,,,
node/2861777678,50.1073885,8.7616069,wettbewerb_breit,baecker,MainCafé,,turkish,
node/2870392109,50.0869291,8.6468585,wettbewerb_breit,baecker,Schaan,,,
node/292406519,50.1535263,8.6819921,wettbewerb_breit,baecker,Back & Kiosk 435,,,
node/2970071533,50.1552324,8.6990544,wettbewerb_breit,baecker,die backstube im apfelcarré,,,
node/2970680815,50.1214783,8.6702379,wettbewerb_breit,baecker,Anna Reckmann,,,
node/2970680816,50.1207421,8.6752949,wettbewerb_breit,baecker,Huck,,,
node/2981675418,50.0524657,8.6950598,wettbewerb_breit,baecker,Café Ernst,,,
node/2997208034,50.1084123,8.6623778,wettbewerb_breit,baecker,Bake House,,,
node/301169813,50.1243401,8.7039732,wettbewerb_breit,baecker,Der Bäcker Eifler,Der Bäcker Eifler,,
node/3022112133,50.0943202,8.7501044,wettbewerb_breit,baecker,Bäckerei Konditorei Kress,,,
node/3039646063,50.1267927,8.6866298,wettbewerb_breit,baecker,Café Bauder,,,
node/3076156299,50.1351218,8.5573518,wettbewerb_breit,baecker,Bäckerei Flach,,,
node/3076157987,50.1079519,8.5409769,wettbewerb_breit,baecker,Bäckerei Schaan,,,
node/3076158221,50.1036459,8.5790157,wettbewerb_breit,baecker,Schäfer Dein Bäcker,Schäfer Dein Bäcker,,
node/3076158223,50.0876921,8.5813385,wettbewerb_breit,baecker,Schäfer Dein Bäcker,Schäfer Dein Bäcker,,
node/3076158327,50.0794651,8.6043039,wettbewerb_breit,baecker,Der Bäcker Eifler,Der Bäcker Eifler,,
node/3094181897,50.1209491,8.479798,wettbewerb_breit,baecker,Backhaus Lüning,,,
node/3139469572,50.1095462,8.6528343,wettbewerb_breit,baecker,Kamps,Kamps,,
node/3139470932,50.1094938,8.6532313,wettbewerb_breit,baecker,Ditsch,Ditsch,,
node/3145861147,50.1503435,8.6218019,wettbewerb_breit,baecker,Hinnerbäcker,Hinnerbäcker,,
node/3148126259,50.208139,8.7435509,wettbewerb_breit,baecker,Moos,,,
node/3148126266,50.2079164,8.743638,wettbewerb_breit,baecker,Schaan,,,
node/315114629,50.1433905,8.6558928,wettbewerb_breit,baecker,Bäckerei Raimund,,,
node/3171109708,50.0499445,8.6995185,wettbewerb_breit,baecker,Bäckerei & Konditorei Weller,,,
node/317817760,50.1526998,8.6616922,wettbewerb_breit,baecker,Hinnerbäcker,Hinnerbäcker,,
node/3192002346,50.1447771,8.6505686,wettbewerb_breit,baecker,Bäckerei Schaan,,,
node/321321455,50.1469363,8.6615691,wettbewerb_breit,baecker,Amendt,,,
node/3214406554,50.1032288,8.7700302,wettbewerb_breit,baecker,Il Pasticcino,,italian,
node/321872250,50.1397494,8.6704451,wettbewerb_breit,baecker,Hinnerbäcker,Hinnerbäcker,,
node/3223120761,50.1013406,8.7786737,wettbewerb_breit,baecker,Main Bäckerei,,,
node/322806287,50.1417173,8.6816144,wettbewerb_breit,baecker,Feine Backstube,,,
node/3234732659,50.1210103,8.6511499,wettbewerb_breit,baecker,Schäfer Dein Bäcker,Schäfer Dein Bäcker,,
node/3247212264,50.1041374,8.7740835,wettbewerb_breit,baecker,Schäfer Dein Bäcker,Schäfer Dein Bäcker,,
node/329182106,50.1383012,8.6464779,wettbewerb_breit,baecker,Bäckerei Schaan,,,
node/330486334,50.1499292,8.6644706,wettbewerb_breit,baecker,Heberer Wiener Feinbäcker,Wiener Feinbäcker Heberer,,
node/3308460774,50.165131,8.5710859,wettbewerb_breit,baecker,Windecker's Hofladen,,,
node/331325493,50.1244388,8.6951098,wettbewerb_breit,baecker,Bäckerei und Konditorei Kronberger,,,
node/3321108502,50.0513694,8.5744466,wettbewerb_breit,baecker,Erster Wiener,Erster Wiener,,
node/3321108527,50.0486071,8.5686958,wettbewerb_breit,baecker,Heberer Traditions Bäcker,,,
node/3321108537,50.0506299,8.5712962,wettbewerb_breit,baecker,Kamps,Kamps,,
node/3340000749,50.1313166,8.7099685,wettbewerb_breit,baecker,Der Bäcker Eifler,Der Bäcker Eifler,,
node/337428187,50.1627157,8.6627085,wettbewerb_breit,baecker,Bäckerei Café König,,,
node/3376191256,50.0579431,8.5205798,wettbewerb_breit,baecker,der bäckerladen,,bakery,
node/3397331292,50.0554117,8.6953809,wettbewerb_breit,baecker,Backstube Weller,,,
node/3397332831,50.0526913,8.6954256,wettbewerb_breit,baecker,Happy Baker,,,
node/3413385934,50.0515615,8.572532,wettbewerb_breit,baecker,Scoom,,,
node/3426747893,50.1064019,8.6641046,wettbewerb_breit,baecker,Kamps,Kamps,,
node/3439701063,50.0881936,8.7500207,wettbewerb_breit,baecker,Wiener Feinbäcker Heberer,Wiener Feinbäcker Heberer,,
node/3454255749,50.0490718,8.6974504,wettbewerb_breit,baecker,Divine Sweetness,,,
node/3508426097,50.1176733,8.7845599,wettbewerb_breit,baecker,Bäckerei Eifler,,,
node/3522470641,50.0487045,8.7060543,wettbewerb_breit,baecker,Café Ernst,,,
node/3637977209,50.1890346,8.7333387,wettbewerb_breit,baecker,Der Bäcker Eifler,Der Bäcker Eifler,,
node/3668584001,50.1225106,8.7007168,wettbewerb_breit,baecker,Bäckerei Eifler,,,
node/3683402409,50.1184672,8.7101031,wettbewerb_breit,baecker,Schäfer Dein Bäcker,Schäfer Dein Bäcker,,
node/3705307577,50.1000189,8.724653,wettbewerb_breit,baecker,Back-Café,,,
node/3798645756,50.1037937,8.6450606,wettbewerb_breit,baecker,Wiener Feinbäcker Heberer,Wiener Feinbäcker Heberer,,
node/3837900649,50.1335229,8.5784463,wettbewerb_breit,baecker,Wiener Feinbäcker Heberer,Wiener Feinbäcker Heberer,,
node/3845325184,50.1319776,8.7498606,wettbewerb_breit,baecker,Philippi's Backstube,,,
node/3859405660,50.0475037,8.6775484,wettbewerb_breit,baecker,Backstube Weller,,,
node/3885856193,50.1184157,8.7849331,wettbewerb_breit,baecker,Mein LieblingsBrot,,,
node/389026137,50.0988365,8.6873369,wettbewerb_breit,baecker,Der Bäcker Eifler,Der Bäcker Eifler,,
node/3894605193,50.1201316,8.5672478,wettbewerb_breit,baecker,Backcafé,,,
node/3928795756,50.1076365,8.6564906,wettbewerb_breit,baecker,Saray Pastanesi,,,
node/4011403766,50.1113565,8.7040894,wettbewerb_breit,baecker,Huck Bäckerei und Konditorei,,,
node/4041938158,50.1271583,8.7092906,wettbewerb_breit,baecker,Bauder,,,
node/4045313701,50.1331368,8.5682019,wettbewerb_breit,baecker,Schäfer Dein Bäcker,,,
node/4050128953,50.0619904,8.5256857,wettbewerb_breit,baecker,Patisserie de l'Arabie,,,
node/4068530990,50.1242687,8.6812541,wettbewerb_breit,baecker,Oeder's,,,
node/4076687381,50.1251765,8.6381578,wettbewerb_breit,baecker,Bäckerei Schaan,,,
node/4086950138,50.1154762,8.556734,wettbewerb_breit,baecker,Elimmis Bäckerei & Konditorei,,,
node/409815794,50.0869735,8.5703914,wettbewerb_breit,baecker,Schwanen Bäcker,,,
node/411717981,50.1177142,8.6456642,wettbewerb_breit,baecker,K & B Bäckerei,,sandwich,
node/4120858188,50.1181781,8.7834836,wettbewerb_breit,baecker,Bäckerei am Bürgeler Eck,,,
node/4120877266,50.1159702,8.7834214,wettbewerb_breit,baecker,Bäckerei Beyaz,,,
node/4127579289,50.1556891,8.6987613,wettbewerb_breit,baecker,Bäckerei Schaan,,,
node/413687763,50.1114701,8.6818402,wettbewerb_breit,baecker,Wiener Feinbäcker Heberer,Wiener Feinbäcker Heberer,,
node/4217401423,50.121696,8.647438,wettbewerb_breit,baecker,Bäcker Eifler Grande Café,,,
node/4217401437,50.1226962,8.6458493,wettbewerb_breit,baecker,Antika,,,
node/4229656291,50.114521,8.6759927,wettbewerb_breit,baecker,Der Bäcker Eifler,Der Bäcker Eifler,,
node/4252133660,50.1019862,8.5442231,wettbewerb_breit,baecker,Tradita,,,
node/4252133661,50.1013241,8.5326586,wettbewerb_breit,baecker,Meisterbäcker Jörg Richter,,,
node/4256036632,50.1813002,8.595164,wettbewerb_breit,baecker,Gangel,,,
node/4301357839,50.1225695,8.663666,wettbewerb_breit,baecker,Wiener Feinbäcker Heberer,Wiener Feinbäcker Heberer,,
node/4301865506,50.1867846,8.6002924,wettbewerb_breit,baecker,Markt-Bäckerei,Markt-Bäckerei,,
node/4349503988,50.1426947,8.5680602,wettbewerb_breit,baecker,Eschborner Bäcker,,,
node/4351681097,50.1396634,8.6745691,wettbewerb_breit,baecker,Brot&Freunde,,,
node/4370776648,50.1009821,8.5023906,wettbewerb_breit,baecker,Back & Cafe-Shop,,,
node/4395785290,50.091525,8.6885418,wettbewerb_breit,baecker,Cafe Bäckerei Ernst,,,
node/441245033,50.1677034,8.7272348,wettbewerb_breit,baecker,Hinnerbäcker,Hinnerbäcker,,
node/4428949417,50.1053202,8.5532963,wettbewerb_breit,baecker,LeckerBäcker,,,
node/4456706692,50.1080459,8.6409506,wettbewerb_breit,baecker,Croquant,,,
node/4544606529,50.1579213,8.6330474,wettbewerb_breit,baecker,Backwerk,BackWerk,,
node/4544606566,50.1573834,8.6342424,wettbewerb_breit,baecker,Kamps,Kamps,,
node/4544606575,50.1569777,8.6343736,wettbewerb_breit,baecker,Weller,,,
node/4544606576,50.157553,8.6341134,wettbewerb_breit,baecker,Wiener Feinbäcker Heberer,Wiener Feinbäcker Heberer,,
node/4554043029,50.1185764,8.7018265,wettbewerb_breit,baecker,Bäckerei Inga,,,
node/456482301,50.1017894,8.7003909,wettbewerb_breit,baecker,Café Kling,,,
node/4664448710,50.0951442,8.7684869,wettbewerb_breit,baecker,Der Bäcker Eifler,Der Bäcker Eifler,,
node/4681610023,50.1287566,8.5960622,wettbewerb_breit,baecker,Bäckerei Heidinger,,,
node/4692674229,50.1000928,8.6589638,wettbewerb_breit,baecker,Wiener Feinbäcker Heberer,Wiener Feinbäcker Heberer,,
node/4728587989,50.1017864,8.6332275,wettbewerb_breit,baecker,Adriatiku,,,
node/4762782433,50.0907447,8.6720118,wettbewerb_breit,baecker,Café Ernst,,,
node/4778192073,50.1241777,8.7693205,wettbewerb_breit,baecker,Bäcker Ewald,,,
node/4778192084,50.1227142,8.7704356,wettbewerb_breit,baecker,Der Bäcker Eifler,Der Bäcker Eifler,,
node/4808245321,50.1243365,8.6063258,wettbewerb_breit,baecker,Der Bäcker Eifler,Der Bäcker Eifler,,
node/4817525936,50.0469598,8.5677556,wettbewerb_breit,baecker,Mondo,,,
node/4853470546,50.0831905,8.4686794,wettbewerb_breit,baecker,Backhaus Heislitz,,,
node/4862653863,50.0530686,8.6882893,wettbewerb_breit,baecker,Café Ernst Vortagsladen,,,
node/4876140928,50.1137814,8.6262075,wettbewerb_breit,baecker,Bäckerei Schaan,,,
node/4876250251,50.1021267,8.6321944,wettbewerb_breit,baecker,Backhaus Schröer,,,
node/4876287704,50.1023251,8.6344578,wettbewerb_breit,baecker,BrotHaus vom Balkan,,pizza,
node/4938906068,50.1117708,8.6764245,wettbewerb_breit,baecker,Der Bäcker Eifler,Der Bäcker Eifler,,
node/4956881423,50.1078132,8.7544677,wettbewerb_breit,baecker,Bäckerei Beck,,,
node/500085875,50.0837295,8.6161628,wettbewerb_breit,baecker,Bäckerei Heidinger,,,
node/5001586278,50.1029816,8.6363494,wettbewerb_breit,baecker,Café Roma,,,
node/5017041522,50.103374,8.679227,wettbewerb_breit,baecker,Hucks Lieblingsplatz,,,
node/5126670157,50.1503329,8.6223406,wettbewerb_breit,baecker,Bäckerei & Konditorei Expressobar Mancuso,,breakfast;coffee_shop,
node/5201654077,50.0712539,8.4924781,wettbewerb_breit,baecker,Bäckerei Grau,,,
node/5208982892,50.1049389,8.7656031,wettbewerb_breit,baecker,Glykomania,,,
node/5329837328,50.0967247,8.7636686,wettbewerb_breit,baecker,Wiener Feinbäcker Heberer,Wiener Feinbäcker Heberer,,
node/5345153688,50.18987,8.6671619,wettbewerb_breit,baecker,Der Bäcker Eifler,Der Bäcker Eifler,,
node/5356446493,50.0482853,8.6951054,wettbewerb_breit,baecker,La Mesa Eiscafé Bäckerei,,,
node/539544576,50.0834563,8.6434598,wettbewerb_breit,baecker,Bäckerei Sonnenschein,,,
node/5446380536,50.102079,8.5685605,wettbewerb_breit,baecker,Mein Bäcker,,,
node/554155976,50.1091902,8.6604747,wettbewerb_breit,baecker,Wiener Feinbäcker Heberer,Wiener Feinbäcker Heberer,,
node/5573271354,50.1076053,8.6700217,wettbewerb_breit,baecker,Has Gaziantep Baklavalari,,turkish,
node/5573271362,50.108217,8.6684603,wettbewerb_breit,baecker,KaiserZeit,,,only
node/5589793193,50.2066553,8.7454407,wettbewerb_breit,baecker,Hinnerbäcker,Hinnerbäcker,,
node/5693784779,50.1243738,8.5654854,wettbewerb_breit,baecker,Der Bäcker Eifler,,,
node/569733149,50.182411,8.5856148,wettbewerb_breit,baecker,Lüning,,,
node/5706788024,50.1242006,8.571766,wettbewerb_breit,baecker,Mein Bäcker,,,
node/5731961978,50.1053218,8.7752664,wettbewerb_breit,baecker,Der Bäcker Eifler,Der Bäcker Eifler,,
node/5859863102,50.1037415,8.7701751,wettbewerb_breit,baecker,Der Bäcker Eifler,Der Bäcker Eifler,,
node/588365141,50.0866293,8.6458863,wettbewerb_breit,baecker,Café Ernst,,,
node/588365143,50.0868667,8.6461526,wettbewerb_breit,baecker,Der Bäcker Eifler,Der Bäcker Eifler,,
node/5968359443,50.1063239,8.7659543,wettbewerb_breit,baecker,Cavus Bäckerei,,,
node/6048510829,50.1217514,8.6694144,wettbewerb_breit,baecker,Kröger's,,,
node/6126934412,50.0540138,8.695415,wettbewerb_breit,baecker,Bäckerei Bauder,,,
node/6187786956,50.0024967,8.5806656,wettbewerb_breit,baecker,Der Bäcker Eifler,Der Bäcker Eifler,,
node/6222474370,50.1484215,8.6788885,wettbewerb_breit,baecker,Wiener Feinbäcker Heberer,Wiener Feinbäcker Heberer,,
node/6236565843,50.1191956,8.4686983,wettbewerb_breit,baecker,Die Mühlenbäcker,,,
node/6277223111,50.1190011,8.526611,wettbewerb_breit,baecker,Wiener Feinbäcker Heberer,Wiener Feinbäcker Heberer,,
node/6277223114,50.1188682,8.5268906,wettbewerb_breit,baecker,der Bäckerladen,,,
node/6278715870,50.1188936,8.5275605,wettbewerb_breit,baecker,Cookie Couture,,,
node/629224763,50.1136671,8.6835811,wettbewerb_breit,baecker,Der Bäcker Eifler,Der Bäcker Eifler,,
node/631910921,50.1159547,8.6706493,wettbewerb_breit,baecker,brot&butter,,,
node/632950929,50.1161716,8.6585078,wettbewerb_breit,baecker,Liebesbrot,,,
node/6331246355,50.1232063,8.6861602,wettbewerb_breit,baecker,Der Bäcker Eifler,Der Bäcker Eifler,,
node/6331246360,50.1228417,8.6861327,wettbewerb_breit,baecker,Huck,,,
node/6348293050,50.1273116,8.6922817,wettbewerb_breit,baecker,Schaan,,,
node/6349800813,50.1235394,8.6914676,wettbewerb_breit,baecker,Vogelsbergbäcker,,,
node/6420534549,50.1684143,8.6387032,wettbewerb_breit,baecker,Hinnerbäcker,Hinnerbäcker,,
node/6434224986,50.1198824,8.679924,wettbewerb_breit,baecker,Biokaiser,,,
node/6434240085,50.1210697,8.6799507,wettbewerb_breit,baecker,Bäckerei K&B,,,
node/6448191276,50.1197194,8.6463141,wettbewerb_breit,baecker,Bäckerei Burla,,,
node/6501202207,50.1465356,8.6588034,wettbewerb_breit,baecker,Huck,,,
node/6511916378,50.176563,8.6303632,wettbewerb_breit,baecker,Schäfer Dein Bäcker,Schäfer Dein Bäcker,,
node/660604386,50.2055205,8.7460619,wettbewerb_breit,baecker,Bäckerei Rumpf,,,
node/662872283,50.1685504,8.5736242,wettbewerb_breit,baecker,Der Bäcker Eifler,Der Bäcker Eifler,,
node/6658856944,50.1018929,8.5482226,wettbewerb_breit,baecker,Backwerk,BackWerk,,
node/6960246025,50.1468145,8.6103979,wettbewerb_breit,baecker,Backhaus Schröer,,,
node/7004654903,50.1039672,8.7625641,wettbewerb_breit,baecker,beyzade,,,
node/700728171,50.1004193,8.6815897,wettbewerb_breit,baecker,Der Bäcker Eifler,Der Bäcker Eifler,,
node/7040337420,50.1933323,8.7292949,wettbewerb_breit,baecker,Der Bäcker Eifler,Der Bäcker Eifler,,
node/7125754222,50.1042129,8.7674904,wettbewerb_breit,baecker,Balkan Bäckerei,,,
node/7128341322,50.1433034,8.5639323,wettbewerb_breit,baecker,Backshop Brotzeit,,,
node/7140589555,50.1344027,8.5724229,wettbewerb_breit,baecker,Wiener Feinbäcker Heberer,Wiener Feinbäcker Heberer,,
node/7194916648,50.1050205,8.7590785,wettbewerb_breit,baecker,Der Bäcker Eifler,Der Bäcker Eifler,,
node/7254688476,50.1265769,8.716144,wettbewerb_breit,baecker,Firat's Backstube,,,
node/7276454272,50.1125224,8.7549173,wettbewerb_breit,baecker,Wiener Feinbäcker Heberer,Wiener Feinbäcker Heberer,,
node/7346015223,50.1334806,8.7123781,wettbewerb_breit,baecker,Sonnenblumen Bäckerei,,,
node/7348469058,50.1191787,8.6686371,wettbewerb_breit,baecker,Staufen Bäckerei,,,
node/7395437458,50.1268515,8.6136309,wettbewerb_breit,baecker,Huck,,,
node/7403410858,50.144302,8.6079423,wettbewerb_breit,baecker,Graf's Bäckerlädchen & Café,,,
node/7487060185,50.1312771,8.6724856,wettbewerb_breit,baecker,Hinnerbäcker,Hinnerbäcker,,
node/7490233890,50.0965749,8.4891619,wettbewerb_breit,baecker,Laib,,,
node/766778614,50.1600776,8.6474256,wettbewerb_breit,baecker,Bäckerei Schaan,,,
node/7704259543,50.1521589,8.8029094,wettbewerb_breit,baecker,Bäckerei Schaan,,,
node/771351535,50.1851717,8.6653186,wettbewerb_breit,baecker,Seipler,,,
node/771599397,50.1850994,8.6656543,wettbewerb_breit,baecker,Taş Fırın,,,
node/7728494959,50.1052334,8.6961887,wettbewerb_breit,baecker,Café Ernst,,,
node/7734509454,50.1048243,8.7603134,wettbewerb_breit,baecker,Orkide Bäckerei,,,
node/7810293495,50.1578424,8.645321,wettbewerb_breit,baecker,Cafe Himmel,,,
node/7817558535,50.1004845,8.7213923,wettbewerb_breit,baecker,Der Bäcker Eifler,Der Bäcker Eifler,,
node/7862762044,50.1165111,8.7843402,wettbewerb_breit,baecker,Beck,,,
node/796495151,50.1562328,8.6568188,wettbewerb_breit,baecker,Rockenbäcker,,,
node/8032616625,50.1639568,8.5712906,wettbewerb_breit,baecker,Markt-Bäckerei,Markt-Bäckerei,,
node/8040808317,50.0932399,8.7521609,wettbewerb_breit,baecker,Backstube Weller,,,
node/8098404897,50.06173,8.5321373,wettbewerb_breit,baecker,Café Ernst,,,
node/8167361430,50.0817459,8.6338169,wettbewerb_breit,baecker,Scheck-In Center Bäckerei,,,
node/8215217112,50.1839083,8.5973238,wettbewerb_breit,baecker,Güls Brotzeit,,,
node/8279188185,50.1837684,8.7439569,wettbewerb_breit,baecker,Hinnerbäcker,Hinnerbäcker,,
node/8343103400,50.087421,8.5801288,wettbewerb_breit,baecker,Jourdan's Backstube,,,
node/8380444112,50.1302786,8.798377,wettbewerb_breit,baecker,Kress,,,
node/8614250084,50.1043616,8.7663571,wettbewerb_breit,baecker,Bäcker Beck,,,
node/8615918487,50.1058899,8.7444589,wettbewerb_breit,baecker,Markt-Bäckerei,Markt-Bäckerei,,
node/8656091854,50.0963954,8.7561513,wettbewerb_breit,baecker,Liva,,,
node/8690476993,50.137737,8.6672911,wettbewerb_breit,baecker,Schäfer,,,
node/8736010860,50.1089763,8.7574778,wettbewerb_breit,baecker,Sweet Paradise,,,
node/8868180445,50.1034486,8.6280602,wettbewerb_breit,baecker,Bäckerei Kruste & Torte,,,
node/8874317737,50.1061162,8.7548658,wettbewerb_breit,baecker,Backstube Weller,,,
node/8913169619,50.1045824,8.7651816,wettbewerb_breit,baecker,Damascus Konditorei,,syrian,
node/8916268909,50.1049121,8.7630529,wettbewerb_breit,baecker,Ditsch,Ditsch,,
node/8939486831,50.1033898,8.5419582,wettbewerb_breit,baecker,Bäckerei Huck,,,
node/903891844,50.1023154,8.5968423,wettbewerb_breit,baecker,Gabi's Backstube,,,
node/903960456,50.1000613,8.6031473,wettbewerb_breit,baecker,Wiener Feinbäcker Heberer,Wiener Feinbäcker Heberer,,
node/903972277,50.0948362,8.6069788,wettbewerb_breit,baecker,Der Bäcker Eifler,Der Bäcker Eifler,,
node/9083885767,50.1039074,8.7591964,wettbewerb_breit,baecker,Backmeister,,,
node/9136094917,50.1091579,8.670775,wettbewerb_breit,baecker,Zeit für Brot,Zeit für Brot,,
node/924257716,50.1119935,8.6816078,wettbewerb_breit,baecker,Der Bäcker Eifler,Der Bäcker Eifler,,
node/929816097,50.1146163,8.6791846,wettbewerb_breit,baecker,Der Bäcker Eifler,Der Bäcker Eifler,,
node/9317082280,50.0696952,8.4879779,wettbewerb_breit,baecker,Der Bäcker Eifler,,,
node/9319126617,50.1029579,8.552092,wettbewerb_breit,baecker,Simit Dünyasi,,,
node/9404452727,50.1048936,8.7648068,wettbewerb_breit,baecker,BackMeister,,,
node/9483901717,50.1143937,8.6745534,wettbewerb_breit,baecker,L'Art Sucre,,,
node/959087556,50.1411514,8.5731457,wettbewerb_breit,baecker,Glocken Bäckerei,Glocken Bäckerei,,
node/9653276597,50.1552394,8.751345,wettbewerb_breit,baecker,Der Bäcker Eifler,Der Bäcker Eifler,,
node/9653276598,50.15525,8.7520175,wettbewerb_breit,baecker,Bäckerei Schaan,,,
node/9689181327,50.1667565,8.680058,wettbewerb_breit,baecker,Schäfer Dein Bäcker,Schäfer Dein Bäcker,,
node/9704843718,50.1146886,8.6781921,wettbewerb_breit,baecker,BioKaiser,,,only
node/9705037813,50.1143978,8.6786315,wettbewerb_breit,baecker,Wiener Feinbäcker Heberer,Wiener Feinbäcker Heberer,,
node/9935868122,50.1035972,8.764825,wettbewerb_breit,baecker,Happy Baker,,,
node/9988206609,50.1275085,8.6930305,wettbewerb_breit,baecker,Ouwe,,,only
way/104033444,50.1019828,8.5494136,wettbewerb_breit,baecker,L'oriental,,,
way/1061083867,50.1770302,8.6291827,wettbewerb_breit,baecker,Wiener Feinbäcker Heberer,Wiener Feinbäcker Heberer,,
way/1521914649,50.1282411,8.6957359,wettbewerb_breit,baecker,Ihre kleine Bäckerei,,,
way/267769673,50.12124,8.6479,wettbewerb_breit,baecker,yesternday,,,
way/293705699,50.1070062,8.6630518,wettbewerb_breit,baecker,Ditsch,Ditsch,,
way/293705702,50.1068331,8.6632099,wettbewerb_breit,baecker,Le Crobag,Le Crobag,sandwich,
way/356054290,50.0532178,8.5709487,wettbewerb_breit,baecker,Cuccis,,,
way/356054291,50.0527593,8.5685029,wettbewerb_breit,baecker,Scoom,,,
way/356054292,50.0530381,8.5710298,wettbewerb_breit,baecker,Scoom,,,
way/392215499,50.0992959,8.6865413,wettbewerb_breit,baecker,Wiener Feinbäcker Heberer,Wiener Feinbäcker Heberer,,
way/397916185,50.1149802,8.6876124,wettbewerb_breit,baecker,Yildirim Brot,,,
way/397916197,50.114588,8.6879701,wettbewerb_breit,baecker,Der Bäcker Eifler,Der Bäcker Eifler,,
way/432171022,50.1193126,8.6397292,wettbewerb_breit,baecker,Brezelpoint,,,
way/435056301,50.0511298,8.5712985,wettbewerb_breit,baecker,Heberer's Traditional Bakery,,,
way/440183557,50.0995477,8.6856815,wettbewerb_breit,baecker,Backwerk,BackWerk,,
way/440792195,50.1135326,8.6792618,wettbewerb_breit,baecker,Backwerk,BackWerk,,
way/440792219,50.1138134,8.679537,wettbewerb_breit,baecker,Wiener Feinbäcker Heberer,Wiener Feinbäcker Heberer,,
way/47930611,50.1159111,8.7626788,wettbewerb_breit,baecker,Der Bäcker Eifler,Der Bäcker Eifler,,
way/525862306,50.0526402,8.5689771,wettbewerb_breit,baecker,Heberer's Traditional Bakery,,,
way/526110089,50.0512368,8.5707198,wettbewerb_breit,baecker,,Le Crobag,,
way/58555244,50.0976514,8.7630472,wettbewerb_breit,baecker,ali sen,,,
node/11641124858,50.1763439,8.6976301,frequenz,bahnhof,Frankfurt-Berkersheim,,,
node/11641124861,50.1575014,8.6546528,frequenz,bahnhof,Frankfurt-Eschersheim,,,
node/13754406431,50.0515035,8.5722696,frequenz,bahnhof,Terminal 1,,,
node/13754406438,50.0282687,8.5825726,frequenz,bahnhof,Terminal 3,,,
node/1506876412,50.1022138,8.6928445,frequenz,bahnhof,Lokalbahnhof,,,
node/1506876414,50.1125091,8.6970061,frequenz,bahnhof,Ostendstraße,,,
node/1704683949,50.1027438,8.5420871,frequenz,bahnhof,Frankfurt-Höchst,,,
node/205364328,50.1066539,8.6625808,frequenz,bahnhof,Frankfurt (Main) Hauptbahnhof,,,
node/222286144,50.0530322,8.6654491,frequenz,bahnhof,Neu Isenburg,,,
node/2408291235,50.0992632,8.7614581,frequenz,bahnhof,Offenbach (Main) Hauptbahnhof,,,
node/2553727757,50.099356,8.6863016,frequenz,bahnhof,Frankfurt (Main) Süd,,,
node/25601842,50.1043873,8.6444435,frequenz,bahnhof,Frankfurt (Main) Galluswarte,,,
node/2661523870,50.1124491,8.7082728,frequenz,bahnhof,Frankfurt (Main) Ost,,,
node/2968130090,50.1186386,8.4863302,frequenz,bahnhof,Liederbach,,,
node/2970248393,50.1079758,8.5279993,frequenz,bahnhof,Unterliederbach,,,
node/2970570365,50.1154731,8.5012874,frequenz,bahnhof,Liederbach Süd,,,
node/29803394,50.1023216,8.5714188,frequenz,bahnhof,Nied,,,
node/29803407,50.094362,8.6056814,frequenz,bahnhof,Griesheim,,,
node/30221936,50.0529322,8.5699146,frequenz,bahnhof,Frankfurt am Main Flughafen Fernbahnhof,,,
node/30353879,50.118164,8.6625889,frequenz,bahnhof,Westend,,,
node/30622742,50.113636,8.6689503,frequenz,bahnhof,Taunusanlage,,,
node/30839093,50.1434561,8.6083618,frequenz,bahnhof,Heerstraße,,,
node/30840279,50.1377612,8.6245399,frequenz,bahnhof,Hausen,,,
node/30883069,50.1330284,8.6283519,frequenz,bahnhof,Große Nelkenstraße,,,
node/30883076,50.1293756,8.6251947,frequenz,bahnhof,Fischstein,,,
node/30883080,50.131425,8.6198226,frequenz,bahnhof,Hausener Weg,,,
node/30883085,50.1388388,8.6126856,frequenz,bahnhof,Friedhof Westhausen,,,
node/30923017,50.0368029,8.6053613,frequenz,bahnhof,Zeppelinheim,,,
node/30947646,50.143725,8.5607374,frequenz,bahnhof,Eschborn,,,
node/30947992,50.1149359,8.5536044,frequenz,bahnhof,Sossenheim,,,
node/30948008,50.1299252,8.5280429,frequenz,bahnhof,Sulzbach,,,
node/30998484,50.136283,8.6149963,frequenz,bahnhof,Stephan-Heise-Straße,,,
node/31079822,50.1379284,8.7444682,frequenz,bahnhof,Kruppstraße,,,
node/31079826,50.140506,8.7490937,frequenz,bahnhof,Hessen-Center,,,
node/31079828,50.1425306,8.7537714,frequenz,bahnhof,Enkheim,,,
node/3130992999,50.1701528,8.6770793,frequenz,bahnhof,Frankfurt Frankfurter Berg,,,
node/3131693290,50.2075238,8.7511646,frequenz,bahnhof,Dortelweil,,,
node/34917586,50.1026882,8.7843612,frequenz,bahnhof,Offenbach (Main) Ost,,,
node/36311002,50.1915786,8.7832667,frequenz,bahnhof,Bad Vilbel-Gronau,,,
node/364663650,50.0532493,8.6657209,frequenz,bahnhof,Neu Isenburg,,,
node/3845622671,50.1077364,8.7040881,frequenz,bahnhof,Ruhrorter Werft,,,
node/3919550091,50.050022,8.5729318,frequenz,bahnhof,"Terminal 1 — Flugsteige B, C",,,
node/3919550092,50.0521311,8.586847,frequenz,bahnhof,"Terminal 2 — Flugsteige D, E",,,
node/3933430468,50.0875382,8.5123032,frequenz,bahnhof,Frankfurt am Main Sindlingen,,,
node/4203777149,50.0902826,8.5066433,frequenz,bahnhof,Frankfurt-Zeilsheim,,,
node/4208627102,50.1736695,8.5870063,frequenz,bahnhof,Weißkirchen/Steinbach,,,
node/4339574495,50.08222,8.4752016,frequenz,bahnhof,Kriftel,,,
node/4373239248,50.1247899,8.6070103,frequenz,bahnhof,Frankfurt-Rödelheim,,,
node/4444727003,50.133625,8.5783053,frequenz,bahnhof,Eschborn Süd,,,
node/455278633,50.1194076,8.638936,frequenz,bahnhof,Frankfurt (Main) West,,,
node/4929089583,50.0508219,8.5788524,frequenz,bahnhof,Terminal 1 C,,,
node/505978225,50.0942383,8.6709594,frequenz,bahnhof,Stresemannallee,,,
node/5405317241,50.047751,8.5682416,frequenz,bahnhof,"Terminal 1 — Flugsteige A, Z",,,
node/5902639721,50.1439425,8.6420609,frequenz,bahnhof,Ginnheim/Niddapark,,,
node/5902639723,50.1579488,8.6346656,frequenz,bahnhof,Nordwestzentrum,,,
node/5912274449,50.1149772,8.6876403,frequenz,bahnhof,Konstablerwache,,,
node/5912341586,50.1337504,8.7117066,frequenz,bahnhof,Seckbacher Landstraße,,,
node/604008399,50.1059644,8.7631394,frequenz,bahnhof,Marktplatz,,,
node/616282318,50.1018292,8.700846,frequenz,bahnhof,Mühlberg,,,
node/637798683,50.0838234,8.6703942,frequenz,bahnhof,Frankfurt-Louisa,,,
node/653330036,50.0807744,8.6372448,frequenz,bahnhof,Frankfurt-Niederrad,,,
node/656535241,50.0682137,8.6330468,frequenz,bahnhof,Frankfurt am Main Stadion,,,
node/660384692,50.1089882,8.6821028,frequenz,bahnhof,Eiserner Steg,,,
node/660452751,50.1345505,8.767312,frequenz,bahnhof,Frankfurt-Mainkur,,,
node/668982247,50.051299,8.5717548,frequenz,bahnhof,Frankfurt am Main Flughafen Regionalbahnhof,,,
node/670397051,50.098506,8.5284327,frequenz,bahnhof,Frankfurt-Höchst Farbwerke,,,
node/670444678,50.0680551,8.4895321,frequenz,bahnhof,Hattersheim (Main),,,
node/6712296345,50.1852121,8.5847694,frequenz,bahnhof,Stierstadt,,,
node/676625175,50.0623795,8.5296121,frequenz,bahnhof,Kelsterbach,,,
node/677374148,50.1071727,8.6623337,frequenz,bahnhof,Hauptbahnhof (tief),,,
node/677374158,50.1059534,8.7504746,frequenz,bahnhof,Ledermuseum,,,
node/6919719639,50.0566101,8.5947498,frequenz,bahnhof,Frankfurt-Gateway Gardens,,,
node/759424346,50.1140262,8.6783652,frequenz,bahnhof,Hauptwache,,,
node/760309122,50.1363189,8.6843154,frequenz,bahnhof,Hauptfriedhof,,,
node/768717687,50.1052091,8.7382692,frequenz,bahnhof,Kaiserlei,,,
node/778708666,50.1146301,8.6868253,frequenz,bahnhof,Konstablerwache,,,
node/8091442472,50.1852482,8.6645195,frequenz,bahnhof,Bonames Mitte,,,
node/8091442474,50.1643497,8.6430873,frequenz,bahnhof,Zeilweg,,,
node/8100883745,50.1830878,8.6580612,frequenz,bahnhof,Kalbach,,,
node/8110961212,50.1709733,8.643149,frequenz,bahnhof,Riedwiese/Mertonviertel,,,
node/8132045737,50.1119428,8.6434702,frequenz,bahnhof,Frankfurt am Main Messe,,,
node/8443367573,50.2191171,8.6401509,frequenz,bahnhof,Gonzenheim,,,
node/9949618117,50.1431449,8.6431785,frequenz,bahnhof,Frankfurt-Ginnheim,,,
node/10100697317,50.1089814,8.6716911,affinitaet,bar,amp,,,
node/10143434069,50.0935711,8.6072664,affinitaet,bar,Sportsbar Zum Falter,,,
node/10166350497,50.1064628,8.7589182,affinitaet,bar,Lule Bar,,,
node/10173951485,50.1654132,8.6216268,affinitaet,bar,Felsenstüble,,,
node/10173980708,50.1660977,8.6218328,affinitaet,bar,fondi lounge,,,
node/10220807300,50.110275,8.6536731,affinitaet,bar,NFT Skybar,,,
node/10226685240,50.1101163,8.665846,affinitaet,bar,Cataleya,,,
node/10274033511,50.1136442,8.6816228,affinitaet,bar,Egg Coffee,,,
node/1029676370,50.1121559,8.6958819,affinitaet,bar,Trinkhalle,,,
node/1033044705,50.1726023,8.7321148,affinitaet,bar,Bar am Heartbreak Hill,,,
node/10579698055,50.1049395,8.6874335,affinitaet,bar,Main Story,,,
node/10582349376,50.1010983,8.6255805,affinitaet,bar,Bistro my time,,,
node/10706447987,50.1101445,8.678503,affinitaet,bar,Zino's Spritz,,,
node/10718780837,50.084994,8.6427517,affinitaet,bar,Black Night Sena Bar,,,
node/10725443257,50.0850081,8.6433015,affinitaet,bar,Stehimbiss,,,
node/10727891181,50.1067412,8.7618667,affinitaet,bar,Soma,,,
node/10733692025,50.0975108,8.725562,affinitaet,bar,Cave de Neufville,,,
node/10743129958,50.1044778,8.7659529,affinitaet,bar,Athëna spitzeria,,,
node/10780407280,50.0918533,8.605303,affinitaet,bar,Delux Cafe,,,
node/10960237126,50.1015533,8.6389232,affinitaet,bar,Café Gallus,,,
node/11020622673,50.1066657,8.7519735,affinitaet,bar,Tag & Nacht,,,
node/11034632886,50.1008006,8.6877883,affinitaet,bar,Stolpereck,,,
node/1109640487,50.1066247,8.6656217,affinitaet,bar,o'reilly's irish pub,,,
node/11103186249,50.1119859,8.6862492,affinitaet,bar,Mona Lisa,,,
node/1111310314,50.0991832,8.7641431,affinitaet,bar,Zum Wohl,,,
node/11151309848,50.1126201,8.6773733,affinitaet,bar,The Horizon,,,
node/11163083715,50.1314378,8.7082154,affinitaet,bar,E Tank & Co,,,
node/11229691248,50.1236682,8.7047367,affinitaet,bar,Bistro 20,,,
node/11242191737,50.0508422,8.5729843,affinitaet,bar,LuxxLounge,,,
node/11247410554,50.1398043,8.5638155,affinitaet,bar,Mainhattan Lounge,,,
node/11255767430,50.1017359,8.6279579,affinitaet,bar,Time Out,,,
node/11279193485,50.1131886,8.630664,affinitaet,bar,Kuhwaldklause,,,
node/11288230982,50.0847415,8.6462678,affinitaet,bar,Star Lounge,,,
node/1130954517,50.124107,8.709363,affinitaet,bar,Bernemer Fass,,german,
node/1130955179,50.1245155,8.7107074,affinitaet,bar,Mosaik Jazz & Chanson,,,
node/1130968249,50.1278024,8.7101383,affinitaet,bar,Zum alten Schlagbaum,,,
node/1130976002,50.1215583,8.7041117,affinitaet,bar,Ha.!-Ka.?,,,
node/11331607099,50.1134298,8.6900018,affinitaet,bar,Stoltze Bar,,,
node/11375458221,50.1132084,8.7177157,affinitaet,bar,moxy,,,
node/11443417575,50.1328281,8.537875,affinitaet,bar,Gärtnerklause,,,
node/1147542592,50.1152813,8.6729496,affinitaet,bar,Zum Bitburger,,,
node/1147547224,50.1158057,8.6772652,affinitaet,bar,Waxy's Irish Pub,,,
node/11584267235,50.1041777,8.7754533,affinitaet,bar,MainCafé,,,
node/11592806150,50.1161383,8.6849217,affinitaet,bar,Butze Spritz,,,
node/11659982069,50.1288337,8.74165,affinitaet,bar,Mana,,,
node/11727732011,50.1231712,8.6911672,affinitaet,bar,Weinbar Butte,,,
node/11728330444,50.1192577,8.6836314,affinitaet,bar,Yeled,,,
node/11737056887,50.1065906,8.7549697,affinitaet,bar,Dreamers,,,
node/11799227367,50.1055222,8.6907622,affinitaet,bar,Dough House,,,
node/11813896578,50.1289011,8.7351635,affinitaet,bar,Riederwälder Eck,,,
node/11952645662,50.107433,8.6677782,affinitaet,bar,Terminus Klause,,,
node/11958899267,50.1075641,8.6682924,affinitaet,bar,Nekos,,,
node/12031251985,50.1195922,8.6781749,affinitaet,bar,Slacks,,,
node/12046497690,50.1094947,8.668465,affinitaet,bar,High 5,,,
node/12112266297,50.0818649,8.6541467,affinitaet,bar,Bolzplatz-Biergarten Niederrad,,,
node/12112704431,50.084408,8.6385537,affinitaet,bar,Café Roma,,,
node/12184079297,50.0526028,8.665782,affinitaet,bar,IsenLounge,,,
node/12187178401,50.1613684,8.648089,affinitaet,bar,Solber Eck,,,
node/12207830392,50.1111437,8.6859862,affinitaet,bar,Dortmunder Pilstreff,,,
node/12219153504,50.1096445,8.68672,affinitaet,bar,The Tiny Cup,,,
node/12230061325,50.1062651,8.6641717,affinitaet,bar,Paulaner Bierhaus,,,
node/12248159301,50.1034764,8.6898545,affinitaet,bar,Balalaika,,,
node/12304933201,50.1112477,8.6827841,affinitaet,bar,EspressoEspresso,,,
node/12460978385,50.1174684,8.4704245,affinitaet,bar,Holzapfel,,,
node/12496452201,50.1054034,8.6901201,affinitaet,bar,Old Fashioned,,,
node/12514104451,50.102833,8.7648315,affinitaet,bar,Le District,,,
node/12531916293,50.1115084,8.711007,affinitaet,bar,Hotspot Bar,,,
node/12532272523,50.1985269,8.6699543,affinitaet,bar,Niedereschbacher Café,,,
node/12700886124,50.0868163,8.5818746,affinitaet,bar,Schwanheimer Bierstubb,,,
node/12708680201,50.1149817,8.6912772,affinitaet,bar,RuhBar,,,
node/12762623283,50.0918097,8.6039224,affinitaet,bar,Café & Bistro 38,,,
node/12762693042,50.0908729,8.6068091,affinitaet,bar,Nightlife,,,
node/12790367401,50.0987057,8.546273,affinitaet,bar,Bar O'velen,,,
node/12809394434,50.103354,8.7623964,affinitaet,bar,Coffee Room,,,
node/12848638901,50.1206158,8.6777559,affinitaet,bar,Massifnaïv,,,
node/12896220071,50.1225111,8.7001145,affinitaet,bar,Sportsbar,,,
node/12917091640,50.1275659,8.6933706,affinitaet,bar,Le Kaschemm,,,
node/12925686417,50.1071014,8.6477983,affinitaet,bar,Jossy Bar 19,,,
node/13048266914,50.1054418,8.6297307,affinitaet,bar,Sixth Sense,,,
node/13086433209,50.126852,8.688605,affinitaet,bar,Torero Sportsbar,,,
node/13094970770,50.0616546,8.5308489,affinitaet,bar,Café 62,,,
node/13098322864,50.1165795,8.6513876,affinitaet,bar,Leib & Seele,,,
node/13123466307,50.1114004,8.6661788,affinitaet,bar,Gibson Beach Club,,,
node/13304929955,50.0998998,8.7683377,affinitaet,bar,Grigorys,,,
node/13366711277,50.0974148,8.7629912,affinitaet,bar,Zilly,,,
node/13366720604,50.0963081,8.7625115,affinitaet,bar,Sportsbar,,,
node/13366894594,50.0964491,8.7656244,affinitaet,bar,Blue Lounge,,,
node/13448551487,50.1052347,8.6897354,affinitaet,bar,Erdnüsschen,,,
node/13456172083,50.1022002,8.7625709,affinitaet,bar,Loco Lounge Bar,,,
node/1347678361,50.1070314,8.6840648,affinitaet,bar,Dreikönigskeller,,,
node/13513883602,50.125241,8.707643,affinitaet,bar,Bernemer Marktstube,,,
node/13546889133,50.1240248,8.6878053,affinitaet,bar,Pils-Stube Royal,,,
node/13574237843,50.1135154,8.6913644,affinitaet,bar,Luxury Lounge,,,
node/13574237847,50.1130067,8.6927786,affinitaet,bar,Babylon Bar,,,
node/13627643401,50.1173244,8.6801098,affinitaet,bar,Flemmings Rooftop Bar,,,
node/13665662176,50.0856616,8.5814789,affinitaet,bar,Alt Schwanheim 16,,,
node/13665662177,50.0858054,8.5817543,affinitaet,bar,Bar Kleo,,,
node/13740230402,50.1078168,8.7649517,affinitaet,bar,Kapelle,,,
node/1374489556,50.1116296,8.6789489,affinitaet,bar,The Place To Be,,,
node/1374662566,50.1246661,8.7087384,affinitaet,bar,Lebensfreude Pur,,,
node/13820316901,50.1072864,8.671303,affinitaet,bar,CHROMA,,,
node/13827032522,50.0915953,8.6796868,affinitaet,bar,The Blasky Rooftop Bar,,,
node/1386658507,50.1683388,8.5731179,affinitaet,bar,Bistro Holzwurm,,,
node/1386658683,50.1652529,8.5705359,affinitaet,bar,Futterstübchen,,,
node/13867366318,50.0915079,8.6909621,affinitaet,bar,Leo''s Sportsbar,,,
node/13872635679,50.0912952,8.6905571,affinitaet,bar,Leo Bar & Lounge,,,
node/13897199586,50.1293291,8.694002,affinitaet,bar,Sola,,,
node/13901629345,50.1156269,8.6957595,affinitaet,bar,Uhrtürmchen,,,
node/13931100443,50.1027033,8.5476129,affinitaet,bar,On Bar,,,
node/13932103601,50.1078,8.6689002,affinitaet,bar,bpm,,,
node/13935145754,50.1098502,8.6778597,affinitaet,bar,SenSaSion,,,
node/13945479296,50.1019039,8.5455394,affinitaet,bar,Time Out,,,
node/13955774316,50.0982012,8.5414889,affinitaet,bar,Toni's,,,
node/1400891399,50.0978377,8.6485302,affinitaet,bar,Orange Beach,,,
node/1419906447,50.1262004,8.6950764,affinitaet,bar,Wir Komplizen,,regional,
node/1426828318,50.1096129,8.686193,affinitaet,bar,Déjà Vu - Shisha Lounge,,,
node/1432001286,50.101182,8.62251,affinitaet,bar,Diamond Lounge,,,
node/1439028570,50.1023785,8.6612995,affinitaet,bar,Zur Biertonne,,,
node/1445858156,50.1058859,8.6920909,affinitaet,bar,Rotaria Shisha Lounge,,,
node/1455056251,50.1900095,8.6412755,affinitaet,bar,Alte Turnhalle,,,
node/1472938122,50.1418296,8.7475334,affinitaet,bar,Hotelbar Amadeus,,,
node/1493460754,50.2037891,8.7084538,affinitaet,bar,Zur Erholung,,,
node/1497298352,50.0706031,8.485031,affinitaet,bar,La Sila,,italian,
node/1504013185,50.1213274,8.6787497,affinitaet,bar,Logenhaus,,,
node/1519453416,50.1112694,8.6947254,affinitaet,bar,feelgood,,,
node/1544209809,50.2030549,8.7199294,affinitaet,bar,Obsthof am Steinberg,,,
node/1580420545,50.1127434,8.7058521,affinitaet,bar,Jel me netko trazio?,,,
node/1581300018,50.1202068,8.6803005,affinitaet,bar,Die Weinbar,,,
node/1598422041,50.1150426,8.6783778,affinitaet,bar,Bull and Bear,,,
node/1601473440,50.2266384,8.6820747,affinitaet,bar,Weinstübchen Ober-Erlenbach,,,
node/1610927936,50.0532361,8.6782703,affinitaet,bar,Pilsstube Zum Küchenlämpchen,,,
node/1619496066,50.1286356,8.7969301,affinitaet,bar,Bürgerhaus Rumpenheim,,,
node/1647258145,50.1259348,8.6988547,affinitaet,bar,BornEnd,,,
node/1649025756,50.1279523,8.7099442,affinitaet,bar,Sugar,,,
node/1681301243,50.1253174,8.6400618,affinitaet,bar,Schampus,,,
node/1681301253,50.1454972,8.7281597,affinitaet,bar,Zum Rad,,,
node/1681301255,50.1456132,8.7277936,affinitaet,bar,Zur Krone,,,
node/1686053477,50.1118555,8.6775785,affinitaet,bar,Cookys Club,,,
node/1686121478,50.0993763,8.5476717,affinitaet,bar,Ciao Ciao,,,
node/1696767207,50.1094484,8.6670994,affinitaet,bar,Ritz Bar,,,
node/1704621150,50.0938472,8.6057949,affinitaet,bar,Die kleine Kneipe,,,
node/1740259235,50.1336974,8.62466,affinitaet,bar,Ellerfeldschänke,,,
node/1850361173,50.1197388,8.7783337,affinitaet,bar,Bootshaus Bürgel,,,
node/1865769595,50.1077104,8.6686227,affinitaet,bar,Plank,,,
node/1873990451,50.0864747,8.5821658,affinitaet,bar,Da Oliviero,,,
node/1873990584,50.0854459,8.5818868,affinitaet,bar,Kemtong,,,
node/1878907006,50.1029387,8.6625034,affinitaet,bar,Salem,,,
node/1910716481,50.1200083,8.6989756,affinitaet,bar,Mampf-Jazz,,german;local,
node/1917407224,50.1163084,8.6957299,affinitaet,bar,Sandbar,,,
node/1937334524,50.110887,8.6966879,affinitaet,bar,Quantum,,,
node/1939645712,50.1124157,8.7216624,affinitaet,bar,Schwedlersee,,,
node/1944544423,50.106167,8.6918739,affinitaet,bar,Speak Easy,,,
node/1945092025,50.1000663,8.5689494,affinitaet,bar,Johannas Bierstube,,,
node/1964434621,50.0868883,8.5841095,affinitaet,bar,Mainlust: Desche Otto,,,
node/1978535703,50.1096069,8.6675045,affinitaet,bar,My Way,,,
node/1985040982,50.1824941,8.742829,affinitaet,bar,Barrio,,,
node/2008351850,50.0833632,8.6443454,affinitaet,bar,Wetzlarer Eck,,,
node/2009456378,50.0883252,8.6489342,affinitaet,bar,Why not ?,,,
node/2056538581,50.1214792,8.5669745,affinitaet,bar,Schützenhof,,,
node/2064633069,50.062814,8.5291139,affinitaet,bar,Bahnhof Café,,,
node/2073182024,50.118106,8.5640757,affinitaet,bar,Zum Löwen,,,
node/2075784077,50.0839625,8.649857,affinitaet,bar,C'est la vie,,,
node/2107773822,50.1052348,8.5533684,affinitaet,bar,Café Montenegro,,,
node/2112571938,50.0699016,8.4856771,affinitaet,bar,Switch – Die bewegte Bar,,,
node/2120524015,50.1038014,8.7629785,affinitaet,bar,Sandbar,,,
node/2131102690,50.1062943,8.5456361,affinitaet,bar,Sportsbar Cabana,,,
node/2229270039,50.085936,8.6488906,affinitaet,bar,Zur Traube,,,
node/2255604489,50.1272542,8.6945933,affinitaet,bar,The Cosy Bar,,,
node/2284069544,50.1279264,8.6959996,affinitaet,bar,Aura,,,
node/2319749094,50.1030397,8.7617324,affinitaet,bar,Ghetto,,,
node/2323118563,50.1264516,8.6704009,affinitaet,bar,Des Campus' Trinkhalle,,,
node/2336652486,50.0676704,8.4890422,affinitaet,bar,Bahnsinn,,,
node/2340425360,50.0890677,8.671226,affinitaet,bar,Karolas Pilsstübchen,,,
node/2389924423,50.1313774,8.6258094,affinitaet,bar,miteinander,,,
node/2430170511,50.1667779,8.6736088,affinitaet,bar,Bierstübl,,,
node/2434795392,50.1249262,8.6864438,affinitaet,bar,Weinstube Nordend,,,
node/2469392125,50.1289872,8.7123902,affinitaet,bar,Weinkellerei Dünker,,,
node/2469402067,50.128488,8.7108711,affinitaet,bar,Pohl's Rock Kneipe,,,
node/2489651717,50.1180929,8.6859948,affinitaet,bar,Switchboard,,,
node/2505606769,50.1175145,8.6853953,affinitaet,bar,Come back,,,
node/2505606777,50.1176355,8.6863631,affinitaet,bar,Tangerine,,,
node/2505607998,50.1161576,8.6904906,affinitaet,bar,Na und?,,,
node/2505611383,50.1176395,8.6859636,affinitaet,bar,Halo,,,
node/2526639319,50.1204372,8.6502583,affinitaet,bar,Doctor Flotte,,,
node/2531071495,50.128024,8.6919569,affinitaet,bar,Feinstaub,,,
node/2547525779,50.1063823,8.6904898,affinitaet,bar,1001 Nacht,,,
node/2547531708,50.1061473,8.6905526,affinitaet,bar,Hoppla,,,
node/2547531709,50.1065137,8.6901951,affinitaet,bar,Frankfurter Kneipe 108,,,
node/2591446469,50.1065699,8.689901,affinitaet,bar,Moments,,,
node/2626223865,50.1117245,8.6995243,affinitaet,bar,Zur Kutscherklause,,regional,
node/265561607,50.1173865,8.6863497,affinitaet,bar,12 Apostel,,,
node/2667869264,50.121957,8.6803424,affinitaet,bar,the station,,,
node/2671189073,50.1020031,8.6817108,affinitaet,bar,Mogk's Bierstub,,,
node/2671708570,50.122978,8.6937409,affinitaet,bar,Weinbar Piccolo,,,
node/2671714192,50.1230834,8.693103,affinitaet,bar,ZR Zwischenraum,,,
node/2672718830,50.098688,8.680168,affinitaet,bar,Weinstube Weinpfalz,,,
node/2676885611,50.1027664,8.6898397,affinitaet,bar,Gaststätte zum Schorsch,,,
node/268124680,50.1398015,8.6471601,affinitaet,bar,Endstation 148,,,
node/2683239368,50.105877,8.684656,affinitaet,bar,Bar Oppenheimer,,,
node/2683278259,50.1068389,8.6856258,affinitaet,bar,Zur Glocke,,,
node/2683332104,50.1050977,8.6906523,affinitaet,bar,Irish Pub,,,
node/2683677754,50.1055881,8.6919674,affinitaet,bar,Urban & Anders,,Antipasti,
node/2683677764,50.1051686,8.6918876,affinitaet,bar,Daheim bei den drei Steubern,,regional,
node/269595656,50.1075606,8.6890021,affinitaet,bar,Bootshaus YACHTKLUB,,,
node/2696332765,50.2144556,8.6486434,affinitaet,bar,Pinte 2.0,,italian,
node/2697649970,50.1070534,8.7489585,affinitaet,bar,Lili Eck,,,
node/270127795,50.1072266,8.6822606,affinitaet,bar,main Terrasse,,,
node/2706991262,50.0942762,8.6798508,affinitaet,bar,Bummelbahn,,german,
node/2717946015,50.1019825,8.6911927,affinitaet,bar,Alte Liebe,,,
node/2724277149,50.1283455,8.7105758,affinitaet,bar,Chaplin Bar & Lounge,,,
node/2724277155,50.127483,8.7086642,affinitaet,bar,Zur Straßenbahn,,,
node/2737214700,50.1196991,8.6486924,affinitaet,bar,Club Fitfit,,,
node/2752164553,50.1082756,8.6621417,affinitaet,bar,Gleis 25,,,
node/2752188529,50.1080115,8.6676494,affinitaet,bar,Kakadus,,,
node/279860478,50.1304055,8.705015,affinitaet,bar,Cafe im Günthersburgpark,,,
node/2826635940,50.1050114,8.5864798,affinitaet,bar,Gleis 9 3/4,,,
node/2830219974,50.1213036,8.6981549,affinitaet,bar,tortuga,,,
node/283383076,50.1021891,8.5681277,affinitaet,bar,Zur Waldlust,,regional,
node/2836385362,50.1314177,8.7145477,affinitaet,bar,Bernemer Schnäppchen,,,
node/2848876383,50.1102767,8.6874306,affinitaet,bar,Naïv,,,
node/286653646,50.1027924,8.5915042,affinitaet,bar,Wirtshaus Reh Zwanzig,,,
node/2872132966,50.1076347,8.7699254,affinitaet,bar,Bembel-Boot,,,
node/2878007401,50.0877985,8.6378616,affinitaet,bar,Zum Eck,,,
node/2891403414,50.0995884,8.7176506,affinitaet,bar,Frankfurter Bierhaus,,,
node/2891403504,50.0997595,8.7166547,affinitaet,bar,Zur Wilden Hilde,,,
node/2909888981,50.0693917,8.5302459,affinitaet,bar,In's Häuschen,,,
node/2917379111,50.0981688,8.7314779,affinitaet,bar,Viva Sportsbar,,,
node/292380380,50.1140857,8.6875918,affinitaet,bar,Nachtleben (Cafe),,,
node/292406542,50.1375854,8.6844403,affinitaet,bar,Sporteck,,,
node/292406545,50.1362486,8.6840047,affinitaet,bar,Whoka Lounge,,,
node/2946055477,50.0122306,8.585155,affinitaet,bar,Motion,,,
node/2978095166,50.0686451,8.6366949,affinitaet,bar,Hexenhaus,,,
node/3008327923,50.1413682,8.6695124,affinitaet,bar,Shikorina,,,
node/303816510,50.1221718,8.6993829,affinitaet,bar,#Wallstreet Frankfurt,,,
node/3038923433,50.0967129,8.7551805,affinitaet,bar,BB Bar,,,
node/3039152634,50.0941526,8.7532802,affinitaet,bar,Streichholzkarlche,,,
node/3039152635,50.0947154,8.7532723,affinitaet,bar,Café Traum,,,
node/304118753,50.1213594,8.6977035,affinitaet,bar,Bonne Chance,,,
node/3076676835,50.1055423,8.7495426,affinitaet,bar,Dampfbar,,,
node/3125516629,50.1062708,8.7516572,affinitaet,bar,Rich Lounge,,,
node/3125564729,50.1081211,8.7511169,affinitaet,bar,Billard Cafe Bar Profil,,,
node/3125587729,50.1105218,8.7491555,affinitaet,bar,Enigma,,,
node/315864572,50.1071398,8.6675903,affinitaet,bar,Gaststätte Moseleck,,,
node/3160972562,50.1004312,8.7652459,affinitaet,bar,Offenbacher Pilsstube,,,
node/3160972868,50.1013672,8.7655896,affinitaet,bar,Wald - Café,,,
node/316192414,50.1439107,8.6492703,affinitaet,bar,Zum Adler,,,
node/317003740,50.1434701,8.6689485,affinitaet,bar,New Rose,,,
node/3176598164,50.1038987,8.7565573,affinitaet,bar,De Cafe,,,
node/3176598266,50.1045507,8.7566946,affinitaet,bar,Mojo,,,
node/3176607362,50.1059615,8.7566378,affinitaet,bar,Kibar sisha Lounge,,,
node/3176607661,50.1060964,8.7574292,affinitaet,bar,Am Lokalbahnhof,,,
node/3223120861,50.1013745,8.7793185,affinitaet,bar,Bar Azzurro,,,
node/32599729,50.0522781,8.5181323,affinitaet,bar,Dickworz,,,
node/330911347,50.156675,8.6551973,affinitaet,bar,Zur Post,,,
node/3321108493,50.0504271,8.5718956,affinitaet,bar,Connection,,,
node/3321108548,50.0507356,8.5711767,affinitaet,bar,Momento,,,
node/3321108790,50.050327,8.5694651,affinitaet,bar,Tangenta Bar,,,
node/3352059493,50.115661,8.697465,affinitaet,bar,Voulez-Vous,,,
node/336265016,50.1033446,8.6906846,affinitaet,bar,Baile Bar,,,
node/3375608893,50.114325,8.682216,affinitaet,bar,Weidenhof,,,
node/3380838357,50.115188,8.6829767,affinitaet,bar,The Grace,,,
node/3388392597,50.1049032,8.7581465,affinitaet,bar,Luz Lounge,,,
node/3397331286,50.0550116,8.6953794,affinitaet,bar,Rue-Bar,,,
node/3397332799,50.0564855,8.6953553,affinitaet,bar,Mano Bar,,,
node/3508429514,50.0561924,8.689934,affinitaet,bar,Lighthouse Pub,,,
node/3578231893,50.1190206,8.7857019,affinitaet,bar,Hofgarten Bistro,,,
node/3610384352,50.1046095,8.6873952,affinitaet,bar,Wein35,,,
node/3649317743,50.194692,8.7197778,affinitaet,bar,FC Hessen Massenheim,,,
node/3649317745,50.1771447,8.7354565,affinitaet,bar,Il Sorriso Cocktail Lounge Bar,,italian;pizza,
node/3649317748,50.1785151,8.7366816,affinitaet,bar,Kreilings Sommergarten,,regional,
node/3657573758,50.102593,8.7654417,affinitaet,bar,Kickers Stube,,,
node/3666976828,50.147789,8.7987575,affinitaet,bar,Klaa Bischem,,,
node/3666978326,50.1474003,8.7978009,affinitaet,bar,Pilsstube,,,
node/3726120549,50.101781,8.679705,affinitaet,bar,Hopper's,,,
node/3733769966,50.101352,8.7601659,affinitaet,bar,Anita's Pilsstube,,,
node/3733769967,50.099565,8.7592777,affinitaet,bar,Durres Bar,,,
node/3770449161,50.1078169,8.6585477,affinitaet,bar,Bristol Bar,,,
node/3796813245,50.1030344,8.7672838,affinitaet,bar,Elephant Room,,,
node/3818757795,50.1069464,8.6658239,affinitaet,bar,Aventura Beer Pub,,,
node/382382617,50.1456981,8.6435484,affinitaet,bar,Ginnheimer Wirtshaus,,,
node/3915997344,50.1092788,8.5319352,affinitaet,bar,Zur alten Scheune,,,
node/4004775093,50.1166145,8.6805673,affinitaet,bar,Barhundert,,,
node/4037207271,50.0483041,8.6946516,affinitaet,bar,Babylon Shisha Lounge,,,
node/4037207276,50.0483158,8.6957297,affinitaet,bar,Jupiter Bistro,,,
node/4053375329,50.1067728,8.7568017,affinitaet,bar,Giardino,,,
node/4056576970,50.047027,8.6955745,affinitaet,bar,Binding Stubb,,,
node/4056576976,50.0532459,8.6798792,affinitaet,bar,Spiegelchen,,,
node/4094927520,50.1025195,8.7597248,affinitaet,bar,Cafe 46,,,
node/411040777,50.1184684,8.6483691,affinitaet,bar,Volkswirtschaft,,,
node/411717980,50.1179997,8.6443071,affinitaet,bar,Bockenheimer Weinkontor,,,
node/411717982,50.1188062,8.6462654,affinitaet,bar,Zum Tannenbaum,,,
node/411818742,50.1160529,8.6865608,affinitaet,bar,Lucky's Frankfurt,,,
node/411818748,50.1159678,8.6824052,affinitaet,bar,Stall,,,
node/4120877363,50.1161974,8.7833541,affinitaet,bar,die Kneipe,,,
node/4120902426,50.1173254,8.784426,affinitaet,bar,DS Bistro,,,
node/4172233311,50.1093072,8.7574025,affinitaet,bar,Anita's Pilsstube,,,
node/4172233314,50.1329758,8.7669517,affinitaet,bar,Leos,,,
node/418698073,50.1604364,8.6493989,affinitaet,bar,Bei Susanne,,,
node/4213348370,50.0091675,8.5752587,affinitaet,bar,Willis kleine Kneipe,,,
node/4215983159,50.1239993,8.6364795,affinitaet,bar,Dorschenanner,,,
node/4227289490,50.115057,8.6731856,affinitaet,bar,L'Avenue,,,
node/4229650875,50.1148624,8.6745457,affinitaet,bar,Mint Bar,,,
node/4229650879,50.1152159,8.6746878,affinitaet,bar,ZAR Vodka Bar,,,
node/4231827384,50.1142004,8.6745905,affinitaet,bar,Jazz Haus Bodega Barcelona,,,
node/4252133658,50.1024616,8.5580592,affinitaet,bar,Bistro Cafe Nela,,,
node/4252133659,50.102249,8.5588496,affinitaet,bar,Café-7,,,
node/4252133688,50.1026931,8.5481782,affinitaet,bar,Sato,,,
node/4252134989,50.1004963,8.6562463,affinitaet,bar,Tipico Sportsbar,,,
node/425855853,50.1618406,8.646333,affinitaet,bar,Zur Pilsstube,,,
node/430298633,50.1058578,8.691552,affinitaet,bar,Salon Jale,,,
node/431258114,50.1048556,8.6906611,affinitaet,bar,Plateau,,,
node/431261879,50.105274,8.6904722,affinitaet,bar,Alte Kneipe,,,
node/431266449,50.1056921,8.6904642,affinitaet,bar,Crazy Music Barr,,,
node/431266509,50.105922,8.6907336,affinitaet,bar,The Anglo Irish,,,
node/431266519,50.10598,8.6910638,affinitaet,bar,The Rock Times,,,
node/431289549,50.1051247,8.6886006,affinitaet,bar,The Drinksmith Neighbourhood Bar,,,
node/4328929489,50.1410296,8.5570238,affinitaet,bar,Zum Gärtchen,,,
node/4328929505,50.1409805,8.5733948,affinitaet,bar,Rathausstube,,,
node/4331402408,50.1137171,8.6845324,affinitaet,bar,Citybeach Frankfurt,,,
node/4365074876,50.1243871,8.6419056,affinitaet,bar,Hesseneck,,,
node/438522846,50.1822743,8.5962312,affinitaet,bar,Zum Rühl,,,
node/438522853,50.181067,8.595747,affinitaet,bar,Gasthaus zur Linde,,,
node/4417311696,50.0572603,8.5265044,affinitaet,bar,Zum Laternche,,,
node/4417343392,50.0549043,8.5253629,affinitaet,bar,Roof Garden,,,
node/4417407082,50.1181471,8.6971444,affinitaet,bar,Old Fritz,,,
node/443931978,50.1201893,8.6490938,affinitaet,bar,Memory Bar,,,
node/4492934870,50.0697949,8.4876928,affinitaet,bar,Zur Krone,,,
node/4559610016,50.1220796,8.6612925,affinitaet,bar,Vicis,,,
node/456838259,50.1769404,8.6289189,affinitaet,bar,Park Avenue,,,
node/4577247222,50.1295141,8.6905829,affinitaet,bar,Denkbar,,,
node/4605659898,50.087939,8.5793318,affinitaet,bar,Unfassbar,,,
node/4626287425,50.1576722,8.6348317,affinitaet,bar,Veltins Theke,,,
node/4692674230,50.1002183,8.6553956,affinitaet,bar,Zum Gemütlichen Eck,,,
node/4693973614,50.1183464,8.7021354,affinitaet,bar,millenium,,,
node/4727111589,50.1153025,8.6871237,affinitaet,bar,Peaky Smokers,,,
node/4731774502,50.0990831,8.5470973,affinitaet,bar,Cafe Bar Sol Y Sombra,,,
node/4731774505,50.0994185,8.5460638,affinitaet,bar,Marktschänke,,,
node/4731774834,50.1106349,8.5388093,affinitaet,bar,Alt Dortmund,,,
node/4731865636,50.1013591,8.5524493,affinitaet,bar,Babylon,,,
node/4776363017,50.1218342,8.7714534,affinitaet,bar,Eintracht Stübchen,,,
node/4778192069,50.1246772,8.7690455,affinitaet,bar,Main Bar,,,
node/4793255136,50.1307685,8.709169,affinitaet,bar,Bornheimer Treffpunkt,,,
node/4876287710,50.1021077,8.6367288,affinitaet,bar,Babba Rossas,,,
node/4876305447,50.1022967,8.6386959,affinitaet,bar,Garrison,,,
node/4894458400,50.0531354,8.6938805,affinitaet,bar,Côte d‘Azur,,,
node/491077246,50.1137075,8.6868891,affinitaet,bar,Shishantash,,,
node/4935897779,50.1030867,8.5516181,affinitaet,bar,,,,
node/4937901186,50.1092177,8.6665161,affinitaet,bar,C‘est La Vie,,,
node/4952268150,50.1017453,8.5544339,affinitaet,bar,SevenS Irish Pub,,,
node/495333507,50.1287359,8.7115153,affinitaet,bar,Irish Pub Bornheim,,irish;regional;fish_and_chips;burger,
node/498562238,50.0998598,8.6901957,affinitaet,bar,Schreiber Heyne,,regional,
node/5009958922,50.1293963,8.6912841,affinitaet,bar,Hilis Bar,,,
node/5026110101,50.0980946,8.7666888,affinitaet,bar,Prestige,,,
node/5026110102,50.0978913,8.7664106,affinitaet,bar,ONORE,,,
node/5042993556,50.1079377,8.624026,affinitaet,bar,VITO's,,,
node/5071289401,50.1038745,8.6655671,affinitaet,bar,Hunky Dory Bar,,,
node/5110150222,50.1159969,8.6758024,affinitaet,bar,The Parlour,,,
node/5201601974,50.0701207,8.4905887,affinitaet,bar,Hattersheimer Pilsstubb,,,
node/5201601981,50.0703803,8.4912042,affinitaet,bar,Hattersheimer Pub,,,
node/5208411222,50.0975141,8.7666212,affinitaet,bar,Zur Ranch,,,
node/5231046114,50.0863554,8.7592806,affinitaet,bar,Lunaa Bar,,,
node/5274947723,50.0715293,8.4963384,affinitaet,bar,Mainblick,,,
node/528799263,50.1205971,8.6674031,affinitaet,bar,Eppstein Eck,,,
node/529961415,50.1049209,8.6884319,affinitaet,bar,Binding'sche,,,
node/5392530981,50.1015314,8.7552211,affinitaet,bar,Amor,,,
node/540613359,50.1113225,8.6630903,affinitaet,bar,The Fox and Hound,,british,
node/5423043921,50.1043952,8.6413005,affinitaet,bar,Normalkneipe,,,
node/5432163929,50.0532352,8.6849584,affinitaet,bar,Klaa Stubb,,,
node/5432163952,50.0530652,8.6941631,affinitaet,bar,Café Bar Glashaus,,,
node/5471788623,50.1272901,8.6916297,affinitaet,bar,Zappbar,,,
node/5528467783,50.1081598,8.6605324,affinitaet,bar,Bar Mereb,,,
node/5554738817,50.1046698,8.5516307,affinitaet,bar,Pfefferdutt,,,
node/5613481870,50.1236926,8.6811081,affinitaet,bar,Sömmerring,,,
node/5615371422,50.1238243,8.6419936,affinitaet,bar,Aperiwine,,,
node/5723972622,50.1021959,8.7767242,affinitaet,bar,Mala Yuga,,,
node/5725274621,50.111129,8.6757441,affinitaet,bar,Sullivan,,,
node/5731109144,50.1009317,8.7679694,affinitaet,bar,Society Shisha Lounge & Cocktail Bar,,,
node/5731960131,50.104378,8.7688311,affinitaet,bar,Amara,,,
node/5732551703,50.1005064,8.7778368,affinitaet,bar,Susis Bar,,,
node/5744810364,50.1030042,8.7740281,affinitaet,bar,Bistro No. 4,,,
node/5744810373,50.1035603,8.7722543,affinitaet,bar,Moonlight bar,,,
node/5759793256,50.1005572,8.7810108,affinitaet,bar,SportCafe Ginni,,,
node/5760019982,50.1021074,8.7740031,affinitaet,bar,Trinkhalle Kiosk,,,
node/5871233132,50.1046445,8.6841425,affinitaet,bar,K17,,,
node/5893244288,50.0994383,8.7662092,affinitaet,bar,Bar Mallorca,,,
node/5966526574,50.10599,8.7653361,affinitaet,bar,Traffic Bar,,,
node/6005299599,50.1263574,8.7077151,affinitaet,bar,Saalburg Stube,,,
node/603128477,50.1230015,8.6777231,affinitaet,bar,Kaibo 75 Wein Bier Häppchen,,spanish;tapas,
node/6044975585,50.109802,8.6679592,affinitaet,bar,Miami,,,
node/6063806976,50.1131844,8.6969246,affinitaet,bar,Eger-Stübchen,,,
node/6110518185,50.1139417,8.6950203,affinitaet,bar,Pirosmani Cigar-Lounge & Bar,,barbecue,
node/6123661284,50.1232284,8.6881115,affinitaet,bar,baci baci weinbar,,,
node/618360087,50.1051192,8.5775712,affinitaet,bar,Oeserklause,,,
node/620045815,50.0990047,8.5728314,affinitaet,bar,Marketenderin,,,
node/620046685,50.0986008,8.5698347,affinitaet,bar,Dampflock Pilsstube,,,
node/6222474357,50.1548475,8.692131,affinitaet,bar,Moe's Bistro,,,
node/6268173591,50.1106895,8.6840632,affinitaet,bar,Balthasar Ress Weinbar,,,
node/6270059623,50.1101139,8.6777562,affinitaet,bar,One Bar,,,
node/631427639,50.1133988,8.6853258,affinitaet,bar,Ania's Treff,,,
node/631931158,50.1152741,8.6702344,affinitaet,bar,Chinaski Club,,,
node/632506941,50.0845771,8.6489362,affinitaet,bar,Storchenstübchen,,,
node/632526521,50.085522,8.6479214,affinitaet,bar,My Lounge,,,
node/6327724165,50.1125798,8.705713,affinitaet,bar,East Grape,,,
node/6331246340,50.1253502,8.6858484,affinitaet,bar,Zum Zwilling,,,
node/634222443,50.112772,8.6876681,affinitaet,bar,Birmingham Pub,,burger,
node/634784191,50.122427,8.695172,affinitaet,bar,Eckhaus,,,
node/634784192,50.1249429,8.6932158,affinitaet,bar,Rot & Vogel Feines Trinken,,,
node/6348293047,50.1276849,8.6923447,affinitaet,bar,Kanka Hookah Bar,,,
node/6348293048,50.1274231,8.6925083,affinitaet,bar,Zum Hexenstübchen,,,
node/6348828242,50.1053118,8.69091,affinitaet,bar,Studio Bar,,,
node/6383409795,50.114212,8.6890335,affinitaet,bar,Klinger's,,,
node/6385675137,50.1132579,8.7001155,affinitaet,bar,Pilsstübchen am Zoo,,,
node/6438795306,50.1151502,8.6886413,affinitaet,bar,Five,,,
node/6504183535,50.1138542,8.6825471,affinitaet,bar,HUQ-UP,,,
node/6517744084,50.1199134,8.6796022,affinitaet,bar,Kuku Vaia,,,
node/6536305208,50.0658735,8.5295393,affinitaet,bar,Braustübl Zum Anton,,,
node/6590398649,50.1475785,8.6923776,affinitaet,bar,3 Sterne,,,
node/660458847,50.1026991,8.6431958,affinitaet,bar,Aruba,,,
node/660830322,50.119008,8.6931458,affinitaet,bar,Antony´s,,,
node/692848320,50.083346,8.4679458,affinitaet,bar,Taunusstuben,,,
node/692873655,50.0842272,8.4692583,affinitaet,bar,Lindentreff,,,
node/697884457,50.0861965,8.4726396,affinitaet,bar,Bistro Strawberry Hill,,,
node/7005828681,50.1047613,8.7679632,affinitaet,bar,Metropol café & Bar,,,
node/7058398579,50.1021637,8.7761668,affinitaet,bar,Sport Bar,,german,
node/7076235364,50.1016105,8.7619879,affinitaet,bar,Gagauziya,,,
node/7076245415,50.1002827,8.7622702,affinitaet,bar,KARMA,,,
node/7083938150,50.163992,8.6192418,affinitaet,bar,Bistro-Cafe Adanus,,,
node/7203908679,50.1311821,8.7166576,affinitaet,bar,Billard Treff Bornheim,,,
node/7213661218,50.1059602,8.7592599,affinitaet,bar,Meli Bar,,,
node/7239313280,50.1296024,8.7137057,affinitaet,bar,Die Hütt',,,
node/7315796473,50.0976988,8.4986151,affinitaet,bar,Metropol,,,
node/7315796479,50.0990759,8.5036853,affinitaet,bar,Z Lounge,,,
node/7315796484,50.0974953,8.4988308,affinitaet,bar,Bierbrünnchen,,,
node/7340756785,50.1132895,8.6956306,affinitaet,bar,Trelos,,,
node/7342610483,50.1016029,8.541872,affinitaet,bar,City Trinkhalle,,,
node/741650429,50.1102285,8.6817062,affinitaet,bar,Alten Limpurg,,,
node/7471381150,50.0986016,8.4926675,affinitaet,bar,Café Fifty One,,,
node/7490179484,50.0965752,8.489959,affinitaet,bar,Vogue,,,
node/7501527482,50.1296855,8.6166535,affinitaet,bar,Vision,,,
node/7574869624,50.1193389,8.6937254,affinitaet,bar,Libre,,,
node/767452686,50.1075547,8.6483741,affinitaet,bar,Gute Stute,,,
node/7726308049,50.1119486,8.7129431,affinitaet,bar,oost bar,,,
node/7781807365,50.1253965,8.6126594,affinitaet,bar,Schusterstübchen,,,
node/7817558538,50.1003172,8.7207399,affinitaet,bar,Pilsstube 297,,,
node/7871653085,50.1002735,8.5426966,affinitaet,bar,Höchster Treff,,,
node/7909949471,50.12715,8.6972059,affinitaet,bar,daisy,,,
node/8041823598,50.1170003,8.7842703,affinitaet,bar,Medusa,,,
node/807697866,50.1041644,8.6643718,affinitaet,bar,Viva,,,
node/826817989,50.1265496,8.6211035,affinitaet,bar,Brentano Garten,,,
node/828586262,50.1070153,8.751953,affinitaet,bar,The Bogside,,,
node/8442976930,50.1302142,8.6152087,affinitaet,bar,Bella's Stübbche,,,
node/8568810232,50.1078613,8.7620034,affinitaet,bar,Sovi,,,
node/8612089707,50.1267204,8.7070594,affinitaet,bar,Marino,,,
node/8806788031,50.1027795,8.7655047,affinitaet,bar,Look coffee,,,
node/8988988515,50.1062168,8.7591959,affinitaet,bar,Cafe International,,,
node/8989017811,50.1062469,8.7595004,affinitaet,bar,,,,
node/9017427961,50.1155479,8.6575318,affinitaet,bar,TapHouse Frankfurt,,,
node/903892688,50.101763,8.5966942,affinitaet,bar,King,,,
node/903972279,50.0963061,8.6068737,affinitaet,bar,Kervan,,,
node/9085550518,50.0852561,8.6482264,affinitaet,bar,Sportbistro,,,
node/9098641317,50.1050287,8.689832,affinitaet,bar,Harmonie Bar Frankfurt,,,
node/914720901,50.1235351,8.7042441,affinitaet,bar,NachBar,,,
node/917930424,50.1150394,8.6927748,affinitaet,bar,4 Corners,,pub;indian,
node/9241032548,50.1100795,8.5389626,affinitaet,bar,Present,,,
node/9241069505,50.1041017,8.5461161,affinitaet,bar,Present bar,,,
node/9241108367,50.1044196,8.545276,affinitaet,bar,Remember,,,
node/924249530,50.114909,8.6736328,affinitaet,bar,Central Park Corner,,,
node/924263869,50.1273403,8.702936,affinitaet,bar,Pilstreff,,,
node/9267519503,50.1264644,8.7160841,affinitaet,bar,Der Graf von Monte Christo,,,
node/926834520,50.1501786,8.6842683,affinitaet,bar,"Alt Eckenheim ""Zum Büro""",,,
node/929816434,50.1167765,8.6775928,affinitaet,bar,Asian Bar,,,
node/9301311917,50.1013825,8.5432094,affinitaet,bar,Relax Lounge,,,
node/9338134718,50.1069906,8.6681921,affinitaet,bar,House of Rising Sun,,,
node/9338135117,50.1153294,8.6751151,affinitaet,bar,Long Island Summer Lounge,,,
node/9356656017,50.1155283,8.6743628,affinitaet,bar,Pearly Gates,,,
node/9365319852,50.1446581,8.6075973,affinitaet,bar,Endstation Julia,,,
node/9385742274,50.1112754,8.7037265,affinitaet,bar,Biggs,,,
node/9385766398,50.1107205,8.6945112,affinitaet,bar,Café Bar Ciao-Ciao,,,
node/940482474,50.1087492,8.6742874,affinitaet,bar,Panorama Bar,,,
node/950410552,50.1265448,8.6870792,affinitaet,bar,Apfelweinwirtschaft Frank,,,
node/9554100017,50.1088457,8.6673499,affinitaet,bar,Black Beat Cocktail Bar,,,
node/961685528,50.1174554,8.6415342,affinitaet,bar,Favorite,,,
node/9706585643,50.1662874,8.6793837,affinitaet,bar,Café Platane,,,
node/9862883556,50.0923313,8.6071853,affinitaet,bar,Sportbistro,,,
node/9862904914,50.090715,8.6066227,affinitaet,bar,Public M(e)ain Pub,,,
node/9881025267,50.1235048,8.6372643,affinitaet,bar,ChillOUT,,,
node/9891982812,50.1040263,8.7605646,affinitaet,bar,Difference,,,
node/9935868120,50.1036607,8.7648292,affinitaet,bar,DivaBar,,,
node/9935902830,50.1049929,8.7613339,affinitaet,bar,Platea,,,
node/9939116275,50.1215812,8.6574069,affinitaet,bar,Lindengarten,,,
node/9981856751,50.0484825,8.5675883,affinitaet,bar,ÜberQuell,,,
way/102591291,50.1212796,8.5679863,affinitaet,bar,,,,
way/104002559,50.1484503,8.6922498,affinitaet,bar,Kneipchen,,,
way/1155397991,50.1546939,8.6654658,affinitaet,bar,Zur Kleinen Theke,,,
way/1163681312,50.0909921,8.674243,affinitaet,bar,Mörfelder Landstraße,,,
way/1276634260,50.1266637,8.6661171,affinitaet,bar,Sommergarten,,german,
way/1363389666,50.0964496,8.5458699,affinitaet,bar,Schiffsmeldestelle,,,
way/1363878648,50.0529618,8.6907302,affinitaet,bar,Teffpunkt,,,
way/1564778526,50.0532814,8.5722791,affinitaet,bar,The Fifth,,,
way/161486300,50.0364397,8.6058069,affinitaet,bar,Terminal 4,,,
way/172569081,50.0993547,8.7638331,affinitaet,bar,Am Tunnel,,,
way/175084527,50.1153128,8.6945963,affinitaet,bar,Hausbar,,,
way/205338108,50.1075742,8.5744022,affinitaet,bar,Niddastrand,,,
way/239627208,50.1241134,8.6415,affinitaet,bar,Pilstube Lüsterweibchen,,,
way/240185692,50.1040926,8.7695149,affinitaet,bar,Spiel Boutique,,,
way/348739637,50.0142395,8.5760232,affinitaet,bar,Der Gundhof,,,
way/437795449,50.0668161,8.5287998,affinitaet,bar,Kelsterbar,,,
way/45639059,50.1305977,8.692175,affinitaet,bar,Café Kurzschlusz,,,
way/579349844,50.0519113,8.5722884,affinitaet,bar,Zitrone und Limetten,,,
way/65184002,50.1258813,8.6154317,affinitaet,bar,Gaststätte Parkterrassen,,,
way/66352559,50.1115924,8.708398,affinitaet,bar,Mc Roman & St. Martin,,,
way/740684998,50.1401912,8.6350688,affinitaet,bar,Niddapark Biergarten,,,
way/89467404,50.1163912,8.7100666,affinitaet,bar,Medi's,,,
node/1176798734,50.1732799,8.6047132,wettbewerb_direkt,bio_markt,Burghof- Hofladen,,,only
node/1489456847,50.1262251,8.6841898,wettbewerb_direkt,bio_markt,Reformhaus Andersch,,,only
node/2351460403,50.1018684,8.6342563,wettbewerb_direkt,bio_markt,Denns BioMarkt,Denns BioMarkt,,only
node/2671207682,50.1005321,8.6814974,wettbewerb_direkt,bio_markt,Alnatura Super Natur Markt,Alnatura,,only
node/2685651050,50.088918,8.7622405,wettbewerb_direkt,bio_markt,Denns BioMarkt,Denns BioMarkt,,only
node/269600751,50.12248,8.6759684,wettbewerb_direkt,bio_markt,Alnatura Super Natur Markt,Alnatura,,only
node/270462985,50.1213996,8.6805275,wettbewerb_direkt,bio_markt,Reformhaus Freya,,,only
node/2876845021,50.1334446,8.5627241,wettbewerb_direkt,bio_markt,denn's Biomarkt,denn's Biomarkt,,only
node/292406496,50.1475713,8.6813009,wettbewerb_direkt,bio_markt,Alnatura Super Natur Markt,Alnatura,,only
node/2970680814,50.1209712,8.6748525,wettbewerb_direkt,bio_markt,Grüneburger Bioladen,,,only
node/335999365,50.1570291,8.6571042,wettbewerb_direkt,bio_markt,Denns BioMarkt,Denns BioMarkt,,only
node/3481701627,50.1004473,8.6869437,wettbewerb_direkt,bio_markt,Alnatura Super Natur Markt,Alnatura,,only
node/3885857481,50.1176765,8.7848886,wettbewerb_direkt,bio_markt,BioEck LebensMittelPunkt,,,only
node/4223352652,50.1240208,8.6914353,wettbewerb_direkt,bio_markt,Denns BioMarkt,Denns BioMarkt,,only
node/534775806,50.1151869,8.6740057,wettbewerb_direkt,bio_markt,Distel,,,only
node/534779765,50.1215953,8.6479692,wettbewerb_direkt,bio_markt,Reformhaus Freya,,,only
node/5726531007,50.1156303,8.6690786,wettbewerb_direkt,bio_markt,Alnatura Super Natur Markt,Alnatura,,only
node/5771082037,50.0848285,8.6318005,wettbewerb_direkt,bio_markt,Denns BioMarkt,Denns BioMarkt,,only
node/6317135726,50.1449104,8.7488525,wettbewerb_direkt,bio_markt,Denns BioMarkt,Denns BioMarkt,,only
node/665173661,50.1264441,8.6098444,wettbewerb_direkt,bio_markt,Biomarkt Picard,,,only
node/6917753340,50.1112247,8.7092101,wettbewerb_direkt,bio_markt,Alnatura Super Natur Markt,Alnatura,,only
node/8349870562,50.1264061,8.7019511,wettbewerb_direkt,bio_markt,Alnatura Super Natur Markt,Alnatura,,only
node/8984095034,50.1247146,8.7047862,wettbewerb_direkt,bio_markt,Denns BioMarkt,Denns BioMarkt,,only
node/9210915184,50.142081,8.5811822,wettbewerb_direkt,bio_markt,Alnatura Super Natur Markt,Alnatura,,only
node/9885115606,50.1555628,8.6584533,wettbewerb_direkt,bio_markt,Alnatura Super Natur Markt,Alnatura,,only
way/761345550,50.1210514,8.6479656,wettbewerb_direkt,bio_markt,Alnatura Super Natur Markt,Alnatura,,only
node/10080205905,50.2072993,8.7520534,affinitaet,blumen,Blühen & Sein,,,
node/10118870532,50.0504856,8.5414617,affinitaet,blumen,Fantasia Blumen Im- und Export GmbH,,,
node/10172267166,50.1111396,8.6832288,affinitaet,blumen,Blumen am Dom,,,
node/10212445393,50.1540438,8.6370848,affinitaet,blumen,Die Blume,,,
node/10221719894,50.1218335,8.6789109,affinitaet,blumen,Rosen Haschke,,,
node/10223275449,50.1013765,8.545773,affinitaet,blumen,Blumenhaus Wesemeyer,,,
node/10661788287,50.0878976,8.6511856,affinitaet,blumen,Blumen Tugba,,,
node/10726852333,50.1822665,8.7432876,affinitaet,blumen,Der Blumenstengel,,,
node/11233036048,50.1203755,8.667499,affinitaet,blumen,Florastyle,,,
node/11235773203,50.1223245,8.6997281,affinitaet,blumen,JO'MAIN,,,
node/11435188753,50.1569878,8.6344296,affinitaet,blumen,Blume 2000,Blume 2000,,
node/11476613240,50.1200799,8.6550222,affinitaet,blumen,Kleine Blütengalerie,,,
node/11685020806,50.1220203,8.6982929,affinitaet,blumen,Gartenlaube,,,
node/1205451859,50.1263435,8.6095046,affinitaet,blumen,Schön Botanik,,,
node/12209389904,50.1023752,8.6904417,affinitaet,blumen,Blumenlokal,,,
node/1257899774,50.0897857,8.6992242,affinitaet,blumen,Blumen Schmidt,,,
node/1257899854,50.0888443,8.6969582,affinitaet,blumen,Blumenhaus Görlich-Dorsch,,,
node/1258209179,50.0864383,8.6933688,affinitaet,blumen,Gärtnerei Giersch,,,
node/12603477131,50.1075396,8.5438288,affinitaet,blumen,Mr. Flowers,,,
node/12704352455,50.0831177,8.5813126,affinitaet,blumen,Durch die Blume,,,
node/1291415327,50.0916772,8.6069638,affinitaet,blumen,Heller,,,
node/13046010492,50.1539836,8.7474233,affinitaet,blumen,Blumenhaus Thomas,,,
node/13081501383,50.1269256,8.6869663,affinitaet,blumen,Blumen-Wunder,,,
node/13524979701,50.1840972,8.6552494,affinitaet,blumen,Blumen Diva,,,
node/13839197566,50.1220929,8.6445155,affinitaet,blumen,Kleeblatt,,,
node/13969309601,50.1052994,8.7633435,affinitaet,blumen,12quadratmeter,,,
node/1455056504,50.1894642,8.6378916,affinitaet,blumen,Schnitzer’s Blumenwerkstatt,,,
node/1554690948,50.1399493,8.6702249,affinitaet,blumen,Blumen Dornröschen am Dornbusch,,,
node/1625070367,50.1283513,8.6977585,affinitaet,blumen,Blumen,,,
node/1658996027,50.1355291,8.7029296,affinitaet,blumen,Blumen Woller,,,
node/1658996048,50.1359103,8.7021114,affinitaet,blumen,Gärtnerei Klumpen,,,
node/1681301164,50.1234685,8.6463926,affinitaet,blumen,Bettis Blumenladen,,,
node/1739529723,50.1036593,8.5704114,affinitaet,blumen,Blumen Kopp,,,
node/1806998104,50.0844718,8.4697852,affinitaet,blumen,Die Rosenfee,,,
node/2065642441,50.0636044,8.5301077,affinitaet,blumen,Blumenhaus Kaufmann,,,
node/2152308291,50.1104801,8.535615,affinitaet,blumen,Blumen Hecktor,,,
node/2170894357,50.0873489,8.6465581,affinitaet,blumen,Herz-Blumen,,,
node/2252623989,50.1213312,8.6982101,affinitaet,blumen,Rosenhandel Harald Schmidt,,,
node/2297017682,50.1333053,8.6072926,affinitaet,blumen,Blumen Ballenberger,,,
node/2385038139,50.0068832,8.5733915,affinitaet,blumen,Paulsen,,,
node/2457171194,50.1435546,8.6916908,affinitaet,blumen,Blumen Lang,,,
node/2550231266,50.1045638,8.7624347,affinitaet,blumen,Blume 2000,Blume 2000,,
node/2561958847,50.1127306,8.6056243,affinitaet,blumen,Blumen,,,
node/2626046119,50.0891277,8.670849,affinitaet,blumen,Blumenparadies,,,
node/2647428650,50.1026591,8.6803145,affinitaet,blumen,Blume 2000,Blume 2000,,
node/2661304553,50.1012556,8.6809483,affinitaet,blumen,Blumengalerie,,,
node/2665698018,50.1376437,8.6077842,affinitaet,blumen,Blumenhaus Bock,,,
node/2671143840,50.1036466,8.6800106,affinitaet,blumen,Stil + Blüte,,,
node/2683677751,50.1052553,8.693701,affinitaet,blumen,Blumen Atelier am Colosseo,,,
node/2690043098,50.131183,8.6184748,affinitaet,blumen,Blumen Origami,,,
node/292406549,50.1321765,8.6844047,affinitaet,blumen,Blumen Zwingel,,,
node/3003414517,50.1084105,8.6489304,affinitaet,blumen,Blumen Europa,,,
node/303781187,50.1214039,8.6977987,affinitaet,blumen,Blütentraum,,,
node/3038922934,50.0972517,8.7544604,affinitaet,blumen,Sabine Horn Blumen Accessories,,,
node/3076468305,50.1171136,8.633865,affinitaet,blumen,Blümchen - Blumen und mehr,,,
node/3090778302,50.0501354,8.6992746,affinitaet,blumen,Blume 2000,Blume 2000,,
node/3099241937,50.1226338,8.4801259,affinitaet,blumen,Blumen Thiele,,,
node/310664143,50.1012798,8.6028617,affinitaet,blumen,Heller's Blumenladen,,,
node/3149227127,50.1782757,8.7358763,affinitaet,blumen,Blumenhaus,,,
node/316971154,50.1366225,8.6454681,affinitaet,blumen,Rumler,,,
node/319240696,50.1545323,8.6733074,affinitaet,blumen,Gärtnerei Werner,,,
node/330486188,50.1491743,8.6576557,affinitaet,blumen,Blumen Kamann,,,
node/3321108505,50.0504725,8.5706576,affinitaet,blumen,Flower Terminal,,,
node/3332952353,50.1296417,8.7130755,affinitaet,blumen,Bernemer Blumenlädchen,,,
node/3508340317,50.1209534,8.7844228,affinitaet,blumen,Blumen Küchler,,,
node/3508429513,50.0518805,8.7006732,affinitaet,blumen,Blumen Malkemus,,,
node/3709135726,50.1507469,8.8017514,affinitaet,blumen,Blumen Bleckwehl,,,
node/3728307196,50.0480103,8.699044,affinitaet,blumen,Blumen Pfeiffer,,,
node/3761371190,50.1438948,8.562884,affinitaet,blumen,Blumenampel,,,
node/3902076161,50.1474633,8.7538366,affinitaet,blumen,Blumen-Hofmann,,,
node/4030016897,50.1213894,8.6702387,affinitaet,blumen,Florastyle,,,
node/4031361050,50.1097308,8.6999829,affinitaet,blumen,The Rosarium,,,
node/4120896234,50.1174374,8.7847206,affinitaet,blumen,der blumenladen,,,
node/427549291,50.104467,8.6376146,affinitaet,blumen,Flower&Art,,,
node/4946985923,50.1713929,8.7229756,affinitaet,blumen,Immer-Blüte,,,
node/5012882412,50.0859931,8.6490332,affinitaet,blumen,Blumen Tugba,,,
node/5201654079,50.0716526,8.4927531,affinitaet,blumen,Blumenaus Kimmel & Berndt,,,
node/5215163123,50.0921018,8.6915278,affinitaet,blumen,Blumenhaus Geißler,,,
node/5358835747,50.119696,8.6799871,affinitaet,blumen,Blumenhaus Italia,,,
node/5619048015,50.1246013,8.6919573,affinitaet,blumen,Phoenix Flowers,,,
node/624694376,50.0835383,8.6436264,affinitaet,blumen,WeLoveDeko Frankfurt,,,
node/6277157172,50.1173418,8.5291209,affinitaet,blumen,Blumen Schmidt,,,
node/6278507833,50.1190054,8.5260636,affinitaet,blumen,Blume 2000,Blume 2000,,
node/6284355974,50.1429036,8.5756302,affinitaet,blumen,Yvonnes Blumenladen,,,
node/6320686000,50.1408468,8.7528389,affinitaet,blumen,Blume 2000,Blume 2000,,
node/633225417,50.1139062,8.6834834,affinitaet,blumen,Blume 2000,Blume 2000,,
node/6467552139,50.0875491,8.7600868,affinitaet,blumen,,,,
node/6517772586,50.1208975,8.6798725,affinitaet,blumen,Die Blumenkönigin,,,
node/6517772599,50.1232922,8.6810566,affinitaet,blumen,Blumen Ursprung,,,
node/656344363,50.1368136,8.608371,affinitaet,blumen,Blumen Müller,,,
node/678721070,50.1231577,8.7020412,affinitaet,blumen,Blume 2000,Blume 2000,,
node/6792443055,50.1130377,8.6648953,affinitaet,blumen,Mohnschein,,,
node/685586127,50.141391,8.5724442,affinitaet,blumen,Blütenwerkstatt,,,
node/6960246031,50.1471097,8.6125235,affinitaet,blumen,Blumen Caliskan,,,
node/7213643032,50.1052965,8.7588791,affinitaet,blumen,Johannes Kitzinger,,,
node/7244723485,50.1056336,8.687297,affinitaet,blumen,mfg Daniela,,,
node/7371055486,50.1060302,8.6932532,affinitaet,blumen,Blumen Laube,,,
node/7817558545,50.1001868,8.7198253,affinitaet,blumen,Zauber Blumen,,,
node/7902859486,50.0955064,8.492063,affinitaet,blumen,Blumen Insel,,,
node/7906517085,50.1090562,8.6618624,affinitaet,blumen,Blumen Ora Ora,,,
node/8000924242,50.0870586,8.6478827,affinitaet,blumen,Blumentraum,,,
node/8195028505,50.1691804,8.5760483,affinitaet,blumen,Blumenladen Zehir,,,
node/8445881943,50.1517868,8.6211696,affinitaet,blumen,Gärtnerei Nagel,,,
node/848623246,50.0949944,8.7620202,affinitaet,blumen,Julia‘s Blumenwelt,,,
node/8520033275,50.1570306,8.6485934,affinitaet,blumen,Blumen Kamann,,,
node/8549886697,50.1005381,8.6819707,affinitaet,blumen,Flowers Atelier,,,
node/9403064534,50.1183307,8.7098703,affinitaet,blumen,Melrose,,,
node/950411074,50.1354414,8.6844043,affinitaet,blumen,Blumen am Hauptfriedhof,,,
node/9519131083,50.102249,8.6336512,affinitaet,blumen,Alice im Blumenland,,,
node/9774940350,50.1047717,8.7619765,affinitaet,blumen,Anja‘s Blumenträume,,,
node/9879131966,50.1148535,8.674091,affinitaet,blumen,Blumen Meister,,,
node/9880906159,50.1220816,8.646815,affinitaet,blumen,Blume 2000,Blume 2000,,
way/101243269,50.101922,8.5676331,affinitaet,blumen,Pusteblume,,,
way/1061083789,50.1771315,8.6297014,affinitaet,blumen,Blume²,,,
way/1106334897,50.0996038,8.6852156,affinitaet,blumen,Ezyal-Blumen,,,
way/1184308994,50.1590702,8.688421,affinitaet,blumen,Blumen Insel,,,
way/138712236,50.0482272,8.7030945,affinitaet,blumen,Blumen Doll,,,
way/184573514,50.0774016,8.6031873,affinitaet,blumen,Blumen & Pflanzen Roßkopf,,,
way/194801223,50.1239139,8.5654885,affinitaet,blumen,Blumen Weigand,,,
way/207931390,50.1136588,8.544391,affinitaet,blumen,,,,
way/293705701,50.1070491,8.6630098,affinitaet,blumen,Blumen Schmidt - Eventfloristik Lieferservice,,,
way/312617708,50.1406455,8.6471237,affinitaet,blumen,Aylin's Blumenecke,,,
way/397916192,50.1145447,8.6876067,affinitaet,blumen,Blumen Meister,,,
way/53178897,50.1074999,8.6177456,affinitaet,blumen,Dornröschen,,,
way/561224873,50.1413335,8.7204623,affinitaet,blumen,Blumiere,,,
way/58555281,50.0980795,8.7632427,affinitaet,blumen,Kraut und Kram,,,
way/92948523,50.1829649,8.5956782,affinitaet,blumen,Veilchen,,,
way/95555828,50.1994023,8.609541,affinitaet,blumen,Pflanzenland - Gärtnerei Pflanzenland Krammich,,,
node/10063007743,50.1147552,8.6768706,affinitaet,boutique,Closed,Closed,,
node/10063007744,50.1139657,8.6760763,affinitaet,boutique,LaLiKa,,,
node/10063013158,50.111992,8.6774028,affinitaet,boutique,Nile,,,
node/10063038659,50.1119478,8.6759681,affinitaet,boutique,van Laack,van Laack,,
node/10089891977,50.1011902,8.6802857,affinitaet,boutique,Female Fashion,,,
node/10089961546,50.1049475,8.7625385,affinitaet,boutique,KiK,KiK,,
node/10109324027,50.1055968,8.6863184,affinitaet,boutique,Leonid Matthias Store,,,
node/10130075477,50.1662031,8.6214778,affinitaet,boutique,NKD,NKD,,
node/10137415766,50.1150524,8.6817859,affinitaet,boutique,Salomon,Salomon,,
node/10157666601,50.1121853,8.6822214,affinitaet,boutique,Aschenputtel,,,
node/10157666603,50.1118074,8.6813624,affinitaet,boutique,Alpha Industies,,,
node/10166949657,50.1107934,8.6871238,affinitaet,boutique,Maria,,,
node/10203732834,50.105301,8.7631428,affinitaet,boutique,Ninone,,,
node/10222886112,50.1003713,8.55016,affinitaet,boutique,Boutique Alex,,,
node/10222920910,50.1014705,8.5490138,affinitaet,boutique,Ellegance,,,
node/10222921323,50.1020899,8.5479711,affinitaet,boutique,Paris Modehaus,,,
node/10222939241,50.100735,8.5498654,affinitaet,boutique,Meryem Maria Fashion,,,
node/10229265038,50.1372741,8.6706255,affinitaet,boutique,Nahapetian,,,
node/10274048310,50.113164,8.6819904,affinitaet,boutique,Universo,,,
node/10539242149,50.1168375,8.6433434,affinitaet,boutique,Skaters World,,,
node/10559114293,50.1101314,8.6745443,affinitaet,boutique,MBCY,,,
node/10570932064,50.1276828,8.7085228,affinitaet,boutique,sonnylemon,,,
node/10579650290,50.1048781,8.6871556,affinitaet,boutique,ichwareindirndl,,,
node/10579675239,50.1055354,8.6873207,affinitaet,boutique,Freud,,,
node/10579703478,50.1061504,8.685101,affinitaet,boutique,Korridor,,,
node/10579703839,50.1047587,8.6873889,affinitaet,boutique,ookoko,,,
node/10584746192,50.1145755,8.6814904,affinitaet,boutique,GANT,GANT,,
node/10584746195,50.1147581,8.6814669,affinitaet,boutique,Superdry,Superdry,,
node/10584746199,50.1148142,8.6817783,affinitaet,boutique,Odlo,Odlo,,
node/10584763415,50.1145695,8.6820146,affinitaet,boutique,Eintracht Frankfurt MyZeil,,,
node/10610681311,50.11653,8.6795654,affinitaet,boutique,Brauneis,,,
node/10610734139,50.1200881,8.6796969,affinitaet,boutique,Hutcouture,,,
node/10676948548,50.0531053,8.690284,affinitaet,boutique,DRK Kleiderladen,,,
node/10677258291,50.1196195,8.5259434,affinitaet,boutique,Guess,Guess,,
node/10677274822,50.1180999,8.5276341,affinitaet,boutique,Peacock,,,
node/10731370401,50.1799459,8.7387371,affinitaet,boutique,Fashion Point,,,
node/10761437287,50.1264237,8.7048634,affinitaet,boutique,Nina Wolle und mehr...,,,
node/10761474893,50.129033,8.7002145,affinitaet,boutique,Charlotte am Main,,,
node/10762005208,50.1125912,8.6807737,affinitaet,boutique,Kauf Dich Glücklich,,,
node/10769428472,50.1086991,8.6529364,affinitaet,boutique,Pull & Bear,Pull & Bear,,
node/10769428474,50.108866,8.6526104,affinitaet,boutique,Arutti,,,
node/10769428477,50.1090061,8.6524066,affinitaet,boutique,Mango,Mango,,
node/10769428481,50.1094895,8.6518903,affinitaet,boutique,Calzedonia,Calzedonia,,
node/10769428489,50.1097458,8.6525059,affinitaet,boutique,Sergent Major,Sergent Major,,
node/10769428499,50.1092169,8.6532327,affinitaet,boutique,Intimissimi,Intimissimi,,
node/10769428502,50.1088057,8.6534768,affinitaet,boutique,AC&Co.,,,
node/10916519046,50.0480186,8.5734769,affinitaet,boutique,Burberry,Burberry,,
node/10916519048,50.0480961,8.5738042,affinitaet,boutique,Max Mara,Max Mara,,
node/10916519051,50.0485289,8.5734042,affinitaet,boutique,Hermès,Hermès,,
node/10936599639,50.1144496,8.7230974,affinitaet,boutique,Dolzer,,,
node/10981044569,50.1225838,8.7079815,affinitaet,boutique,MelSel Abendmode,,,
node/10995574209,50.1090491,8.6607952,affinitaet,boutique,Shop 2000,,,
node/11019506694,50.0485727,8.5688438,affinitaet,boutique,Movesgood,,,
node/11019506695,50.0485714,8.5678547,affinitaet,boutique,GANT,GANT,,
node/11053668872,50.1068739,8.647228,affinitaet,boutique,Lilo Fashion,,,
node/11067559892,50.1157376,8.6793722,affinitaet,boutique,Ava Frankfurt,,,
node/11137001582,50.112653,8.6774185,affinitaet,boutique,Ulla Popken,Ulla Popken,,
node/11146660567,50.0587877,8.5220868,affinitaet,boutique,Takko Fashion,Takko Fashion,,
node/11172710037,50.1123756,8.6808217,affinitaet,boutique,Huthaus Flair,,,
node/11192489935,50.1194125,8.6462131,affinitaet,boutique,Anosch Mode Welt,,,
node/11197240116,50.1676749,8.5725616,affinitaet,boutique,Moden & Dessous,,,
node/11253661900,50.1101724,8.6521465,affinitaet,boutique,OFT,,,
node/11262517727,50.1144082,8.6737747,affinitaet,boutique,Lamérie,,,
node/11420377679,50.1576783,8.6331535,affinitaet,boutique,ONLY,ONLY,,
node/11435196818,50.1572409,8.6339899,affinitaet,boutique,Ulla Popken,Ulla Popken,,
node/11438772661,50.1575453,8.6323207,affinitaet,boutique,Hunkemöller,Hunkemöller,,
node/11443200457,50.1570452,8.633558,affinitaet,boutique,RADA Switzerland,,,
node/11443200466,50.1564575,8.633227,affinitaet,boutique,Pop up Sale,,,
node/11476418659,50.126109,8.705438,affinitaet,boutique,Wiesen Vintage,,,
node/11638823012,50.1007718,8.6801863,affinitaet,boutique,Inge Görde Mode,,,
node/11638824791,50.1014806,8.6803164,affinitaet,boutique,OSKA,,,
node/11669990556,50.1127517,8.6786708,affinitaet,boutique,More & More,,,
node/11684004230,50.1251826,8.7077653,affinitaet,boutique,@dress,,,
node/11685027827,50.1229553,8.6938616,affinitaet,boutique,Quartier Frau,,,
node/11761802362,50.1133983,8.6760894,affinitaet,boutique,Prada,Prada,,
node/11980865034,50.1052258,8.6881768,affinitaet,boutique,Peggy Sue Vintage,,,
node/12050706412,50.1072165,8.7616116,affinitaet,boutique,Halia Collection,,,
node/12185384228,50.0115602,8.5857581,affinitaet,boutique,Takko Fashion,Takko Fashion,,
node/12278713522,50.1187682,8.5280117,affinitaet,boutique,GILLY HICKS,,,
node/12307414282,50.1250882,8.6928573,affinitaet,boutique,Ola Ware Second Hand & Vintage Mode,,,
node/12463793153,50.1047845,8.6405753,affinitaet,boutique,Tsatsas,,,
node/12493935697,50.20794,8.7443066,affinitaet,boutique,NKD,NKD,,
node/12507776051,50.136791,8.6715992,affinitaet,boutique,Pelze am Dornbusch,,,
node/12568351906,50.1043301,8.7638764,affinitaet,boutique,Babulale Collection,,,
node/12568387230,50.1039138,8.7598056,affinitaet,boutique,Lavinya,,,
node/12805980072,50.1199997,8.526503,affinitaet,boutique,emilio adani,,,
node/12997238862,50.1241889,8.6415786,affinitaet,boutique,Al Jaouhara,,,
node/12999462546,50.122499,8.6464931,affinitaet,boutique,Vabene,,,
node/12999490927,50.1211993,8.6491277,affinitaet,boutique,Dezentrot,,,
node/12999778908,50.1233312,8.6477443,affinitaet,boutique,Le Cocole Kindermode,,,
node/13003916769,50.119794,8.5257256,affinitaet,boutique,ONLY & SONS,ONLY & SONS,,
node/1309737097,50.1013644,8.5486508,affinitaet,boutique,Tedi,,,
node/13133065506,50.1143575,8.6730564,affinitaet,boutique,Stone Island,,,
node/13206405856,50.0993648,8.5876584,affinitaet,boutique,NKD,,,
node/13246590621,50.1142892,8.6774002,affinitaet,boutique,Uniqlo,Uniqlo,,
node/13246590622,50.1142505,8.6778678,affinitaet,boutique,Arket,Arket,,
node/13288637771,50.126143,8.7088968,affinitaet,boutique,Bergerglück,,,
node/13514361554,50.105944,8.6884189,affinitaet,boutique,Kaufrauscher,,,
node/13514390543,50.1103305,8.6864293,affinitaet,boutique,Bucheri,,,
node/13514698706,50.1007008,8.6843864,affinitaet,boutique,,,,
node/13606128973,50.1120111,8.6781841,affinitaet,boutique,Final Draft,,,
node/13808587129,50.1104124,8.6744747,affinitaet,boutique,sessùn,,,
node/13839490465,50.1130943,8.6798539,affinitaet,boutique,Subdued,,,
node/13955312085,50.1429344,8.5791335,affinitaet,boutique,Takko Fashion,Takko Fashion,,
node/14048961024,50.1123286,8.6748178,affinitaet,boutique,Hackett London,Hackett London,,
node/14053877147,50.1021931,8.7598549,affinitaet,boutique,Pascha,,,
node/14095107274,50.1008969,8.5466495,affinitaet,boutique,H&G Couture,,,
node/14153050865,50.1276196,8.6937298,affinitaet,boutique,outflip,,,
node/1420813172,50.1136043,8.6758027,affinitaet,boutique,Belstaff,,,
node/1420813173,50.1137012,8.6753305,affinitaet,boutique,Saint Laurent,Saint Laurent,,
node/1420813819,50.1138919,8.6754201,affinitaet,boutique,Chanel,Chanel,,
node/1420828196,50.1138258,8.674409,affinitaet,boutique,Pfüller Store Damen,,,
node/1463177718,50.1133911,8.685086,affinitaet,boutique,sündige mode,,,
node/1463221984,50.1146395,8.6886548,affinitaet,boutique,Four Star,,,
node/1463222001,50.1146451,8.6890091,affinitaet,boutique,KiK,KiK,,
node/1477065979,50.1584724,8.6341764,affinitaet,boutique,C&A,C&A,,
node/1477066028,50.1566606,8.6342357,affinitaet,boutique,Peek & Cloppenburg,Peek & Cloppenburg,,
node/1477872834,50.2010923,8.6744022,affinitaet,boutique,NKD,NKD,,
node/1510446110,50.1160316,8.6601838,affinitaet,boutique,Linea Concept Store,,,
node/1614143931,50.1202191,8.5247987,affinitaet,boutique,Breuninger,Breuninger,,
node/1614143932,50.1173445,8.5281383,affinitaet,boutique,C&A,C&A,,
node/1683567188,50.1279862,8.6067525,affinitaet,boutique,NKD,NKD,,
node/1702575705,50.0934274,8.6072526,affinitaet,boutique,NKD,NKD,,
node/1887540644,50.1123579,8.6812111,affinitaet,boutique,Adenauer & Co Strandhaus,Adenauer & Co,,
node/1938160268,50.1572837,8.6328112,affinitaet,boutique,New Yorker,New Yorker,,
node/1938160276,50.1578596,8.6335937,affinitaet,boutique,H&M,H&M,,
node/1938160307,50.1573333,8.6324792,affinitaet,boutique,Primark,Primark,,
node/1938160390,50.156276,8.6343328,affinitaet,boutique,KiK,KiK,,
node/1985040910,50.1835205,8.7438776,affinitaet,boutique,Blüte mit Stil,,,
node/2032246409,50.1048991,8.7637366,affinitaet,boutique,Modehaus M. Schneider,,,
node/2058617017,50.11482,8.683757,affinitaet,boutique,Primark,Primark,,
node/2166658622,50.1140754,8.6861098,affinitaet,boutique,Blue Tomato,Blue Tomato,,
node/2198100210,50.0859513,8.6470192,affinitaet,boutique,KiK,KiK,,
node/2219042406,50.0869115,8.6484503,affinitaet,boutique,NKD,NKD,,
node/2255470237,50.1123448,8.6779278,affinitaet,boutique,Urban Outfitters,Urban Outfitters,,
node/2259912944,50.1707509,8.5828356,affinitaet,boutique,FO Fashion Outlet Depot UG,,,
node/2273709593,50.1118784,8.6817167,affinitaet,boutique,Carhartt WIP,,,
node/2383318611,50.1809497,8.7413639,affinitaet,boutique,Mazzu Mazzu,,,
node/2383404658,50.1807365,8.7407283,affinitaet,boutique,Mode Vogt,,,
node/2395294159,50.1019994,8.6358893,affinitaet,boutique,KiK,KiK,,
node/2550231268,50.1038157,8.7608401,affinitaet,boutique,H&M,H&M,,
node/2554189489,50.1092262,8.6520881,affinitaet,boutique,H&M,H&M,,
node/2554189490,50.108412,8.6535693,affinitaet,boutique,Peek & Cloppenburg,Peek & Cloppenburg,,
node/2647302114,50.1036462,8.6791035,affinitaet,boutique,Ernsting's family,Ernsting's family,,
node/2647363796,50.1044157,8.6783421,affinitaet,boutique,h. hardy,,,
node/2647428648,50.102733,8.680279,affinitaet,boutique,Bailly Diehl,,,
node/2671143839,50.103545,8.6804571,affinitaet,boutique,modita,,,
node/2671717712,50.1230392,8.6933706,affinitaet,boutique,Die kleine Fabrik,,,
node/2685605516,50.0877199,8.7615544,affinitaet,boutique,mister*lady,mister*lady,,
node/2685651048,50.0890987,8.7621882,affinitaet,boutique,KiK,KiK,,
node/2716337552,50.0491058,8.6978595,affinitaet,boutique,H&M,H&M,,
node/2716337595,50.0501472,8.6993002,affinitaet,boutique,New Yorker,New Yorker,,
node/2716337610,50.0500416,8.6976324,affinitaet,boutique,Peek & Cloppenburg,Peek & Cloppenburg,,
node/2734966641,50.1141876,8.6789152,affinitaet,boutique,Jack & Jones,Jack & Jones,,
node/2830219975,50.1208941,8.6973185,affinitaet,boutique,Tulu im Elitekaufhaus,,,
node/2830340729,50.1197327,8.6948541,affinitaet,boutique,Romy,,,
node/2970680818,50.1207753,8.6746201,affinitaet,boutique,Burresi Occasionni,,,
node/2974208720,50.1140557,8.6818014,affinitaet,boutique,New Yorker,New Yorker,,
node/3024150070,50.113948,8.675082,affinitaet,boutique,Pfüller Store Kinder,,,
node/3088567495,50.114071,8.6743677,affinitaet,boutique,Versace,Versace,,
node/3088567497,50.1139644,8.6737307,affinitaet,boutique,Hermès,Hermès,,
node/3090778303,50.0489987,8.6970497,affinitaet,boutique,C&A,C&A,,
node/3105074929,50.1141492,8.6740142,affinitaet,boutique,Burberry,Burberry,,
node/3136353406,50.1087862,8.6537832,affinitaet,boutique,Zara,Zara,,
node/3160972762,50.1015367,8.7655315,affinitaet,boutique,KiK,KiK,,
node/3160972963,50.1035733,8.764355,affinitaet,boutique,GiGi MODE,,,
node/3161249286,50.1080441,8.658392,affinitaet,boutique,Niorra,,,
node/3168923490,50.1528084,8.6301779,affinitaet,boutique,,,,
node/3176438761,50.1046958,8.7527382,affinitaet,boutique,Fame,,,
node/3233410505,50.1026375,8.7658116,affinitaet,boutique,Vintage Park,,,
node/3280386569,50.118511,8.685752,affinitaet,boutique,Revier,,,
node/3280386570,50.1163346,8.6841264,affinitaet,boutique,The Listener,,,
node/3321108472,50.050523,8.5721706,affinitaet,boutique,Accessorize,Accessorize,,
node/3321108474,50.0503823,8.5726818,affinitaet,boutique,Bailly Diehl,,,
node/3321108477,50.0499278,8.569708,affinitaet,boutique,BOGGI Milano,BOGGI Milano,,
node/3321108478,50.0502574,8.5711576,affinitaet,boutique,Hugo Boss,Hugo Boss,,
node/3321108481,50.0500012,8.5717427,affinitaet,boutique,Buressi,,,
node/3321108504,50.0500377,8.5701912,affinitaet,boutique,FALKE,FALKE,,
node/3321108542,50.0501116,8.5714438,affinitaet,boutique,Marc O'Polo,Marc O'Polo,,
node/3321108551,50.0506016,8.5725275,affinitaet,boutique,More & More,,,
node/3321108765,50.0501353,8.569747,affinitaet,boutique,van Laack,van Laack,,
node/3354179214,50.0667828,8.4896763,affinitaet,boutique,KiK,KiK,,
node/3354179216,50.0665969,8.4892391,affinitaet,boutique,AWG-Modecenter,AWG-Modecenter,,
node/3395030237,50.0488108,8.6964498,affinitaet,boutique,Jack & Jones,Jack & Jones,,
node/3397331268,50.0574077,8.6953286,affinitaet,boutique,Gaubatz Moden,,,
node/3413385939,50.0513199,8.5715452,affinitaet,boutique,Fashion Store,,,
node/3454256876,50.0494786,8.6979221,affinitaet,boutique,Camp David,Camp David,,
node/3454256877,50.0491417,8.6967532,affinitaet,boutique,UomoMonsieur,,,
node/3680478945,50.1428559,8.575725,affinitaet,boutique,Alizada Änderungsschneiderei,,,
node/3699733720,50.0500942,8.6985568,affinitaet,boutique,Bailly Diehl,,,
node/3699733724,50.0498332,8.6975136,affinitaet,boutique,BRAX,BRAX,,
node/3699734132,50.0493774,8.6976089,affinitaet,boutique,O'Can Fashion,,,
node/3699734146,50.0497469,8.6978979,affinitaet,boutique,Beautique Second Hand,,,
node/3699734154,50.0498641,8.6986048,affinitaet,boutique,Liberty,,,
node/3699734398,50.0498543,8.6982955,affinitaet,boutique,Triumph,Triumph,,
node/3699734403,50.0500701,8.6981316,affinitaet,boutique,Walbusch,Walbusch,,
node/3732818606,50.111497,8.6767281,affinitaet,boutique,hessnatur,,,
node/3744007401,50.1262349,8.6842244,affinitaet,boutique,wollke 7,,,
node/3902653187,50.1222667,8.700174,affinitaet,boutique,Number Seven,,,
node/4039122147,50.0531232,8.6920473,affinitaet,boutique,Königskinder,,,
node/4056576968,50.0556199,8.6966993,affinitaet,boutique,AIDA First and Secondhand Boutique,,,
node/4120916070,50.1191033,8.7854665,affinitaet,boutique,ART of Fashion,,,
node/4217401402,50.1201762,8.6486218,affinitaet,boutique,Magnetic,,,
node/4227287590,50.1141097,8.68016,affinitaet,boutique,Calzedonia,Calzedonia,,
node/4227393990,50.1141242,8.6730981,affinitaet,boutique,Brunello Cucinelli,Brunello Cucinelli,,
node/4227828390,50.1147163,8.6732386,affinitaet,boutique,Zegna,Zegna,,
node/4227828394,50.1143946,8.6734237,affinitaet,boutique,Michael Kors,Michael Kors,,
node/4229091715,50.1139021,8.6740691,affinitaet,boutique,Bogner,Bogner,,
node/4229097066,50.1146612,8.6828048,affinitaet,boutique,Appelrath Cüpper,,,
node/4229099005,50.11344,8.6750396,affinitaet,boutique,Agaci,,,
node/4229650874,50.1148246,8.6745296,affinitaet,boutique,Marc Cain,Marc Cain,,
node/4229650880,50.1152752,8.6747079,affinitaet,boutique,Jacadi,Jacadi,,
node/4229650884,50.1150353,8.6748246,affinitaet,boutique,Ewa Lagan,,,
node/4229650888,50.1145726,8.6755877,affinitaet,boutique,Max Mara,Max Mara,,
node/4229656292,50.1144599,8.6761939,affinitaet,boutique,Tommy Hilfiger,Tommy Hilfiger,,
node/4231827491,50.1141419,8.6752892,affinitaet,boutique,Akris,,,
node/4231828064,50.1140542,8.6757841,affinitaet,boutique,Abro,,,
node/4233639282,50.116003,8.6789161,affinitaet,boutique,Bonne Chance,,,
node/4233656981,50.1134962,8.6780497,affinitaet,boutique,Max Mara,Max Mara,,
node/4233656983,50.1135679,8.6776891,affinitaet,boutique,Bailly Diehl,,,
node/4233656985,50.113635,8.6773539,affinitaet,boutique,American Vintage,American Vintage,,
node/4233656987,50.1134411,8.6770694,affinitaet,boutique,COS,COS,,
node/4233656989,50.1134136,8.6774811,affinitaet,boutique,Boggi,,,
node/4233666997,50.1128882,8.6819212,affinitaet,boutique,Türpitz,,,
node/4457597989,50.108655,8.7320046,affinitaet,boutique,POLAS,,,
node/4459119401,50.1248889,8.7691327,affinitaet,boutique,Secondhand Boutique,,,
node/4459119403,50.1238549,8.769753,affinitaet,boutique,KiK,KiK,,
node/4544606548,50.1569254,8.6341401,affinitaet,boutique,LEOS,LEOS,,
node/4544606563,50.1577637,8.634333,affinitaet,boutique,Sergent Major,Sergent Major,,
node/4674704838,50.1130818,8.6825969,affinitaet,boutique,Body & Beach Schön,,,
node/4731774821,50.1022735,8.547722,affinitaet,boutique,Ernsting's family,Ernsting's family,,
node/4845835572,50.1109699,8.6755594,affinitaet,boutique,American Vintage,American Vintage,,
node/4845835575,50.1108846,8.675975,affinitaet,boutique,mey,,,
node/5094240706,50.0698069,8.4871697,affinitaet,boutique,Heimtextilien Annegret Hillebrand,,,
node/5101193096,50.1143401,8.6771163,affinitaet,boutique,Zara,Zara,,
node/5251701846,50.1172897,8.6860188,affinitaet,boutique,Perlenmarkt,,,
node/5265063704,50.1026396,8.7593449,affinitaet,boutique,Resales Secondhand,,,
node/5303263415,50.1043159,8.7568608,affinitaet,boutique,Mannequin Fashion,,,
node/5313355974,50.1047652,8.7613475,affinitaet,boutique,NISA,,,
node/5356272556,50.0487137,8.6950973,affinitaet,boutique,KiK,KiK,,
node/5607886222,50.1265734,8.6127277,affinitaet,boutique,roomfashion,,,
node/5720532821,50.1113489,8.6765297,affinitaet,boutique,Gudrun Sjödén,Gudrun Sjödén,,
node/5731157892,50.1027789,8.7648486,affinitaet,boutique,Zarif Mode,,,
node/573418627,50.0837623,8.616321,affinitaet,boutique,Dinah Moda,,,
node/5775522055,50.1138707,8.6809782,affinitaet,boutique,Zalando Outlet,,,
node/5775522057,50.1139743,8.6814102,affinitaet,boutique,G-Star Raw,G-Star Raw,,
node/5859871994,50.1048229,8.7688662,affinitaet,boutique,Sanitätshaus Kasper,,,
node/5890300974,50.1153027,8.670555,affinitaet,boutique,Hahner an der Oper,,,
node/5964666887,50.1140947,8.6833889,affinitaet,boutique,Hirmer Große Größen,,,
node/6005299600,50.1261489,8.7075703,affinitaet,boutique,Urban Diva Mode,,,
node/6049568592,50.1086558,8.6688128,affinitaet,boutique,Blue Velvet,,,
node/6050977004,50.1077172,8.6666346,affinitaet,boutique,Richy,,,
node/6073608284,50.1140748,8.672561,affinitaet,boutique,Suitsupply,Suitsupply,,
node/6171151305,50.114239,8.6808796,affinitaet,boutique,Reserved,Reserved,,
node/6268173860,50.1106624,8.6832117,affinitaet,boutique,Hutkunst Coy,,,
node/6268174039,50.1107248,8.683559,affinitaet,boutique,TRENDgeschick,,,
node/6270059605,50.1110105,8.6843387,affinitaet,boutique,L'Anisé,,,
node/6270059611,50.1111838,8.6833533,affinitaet,boutique,Viviry,,,
node/6277157155,50.1179379,8.5277976,affinitaet,boutique,Tom Tailor,Tom Tailor,,
node/6277157160,50.1176212,8.5276785,affinitaet,boutique,zero,zero,,
node/6277157164,50.1176459,8.528105,affinitaet,boutique,dressport,,,
node/6277223122,50.1185462,8.5271166,affinitaet,boutique,Zara,Zara,,
node/6277223124,50.1184001,8.5272864,affinitaet,boutique,Calzedonia,Calzedonia,,
node/6277223127,50.1192134,8.5259908,affinitaet,boutique,s.Oliver,s.Oliver,,
node/6277223133,50.118208,8.5270322,affinitaet,boutique,Intimissimi,Intimissimi,,
node/6278291636,50.1218958,8.7015192,affinitaet,boutique,CLOPEN SUPERSTORE,,,
node/6278507816,50.1194559,8.5261117,affinitaet,boutique,Betty Barclay,Betty Barclay,,
node/6278507821,50.1196051,8.5255677,affinitaet,boutique,Ansons's,,,
node/6278715845,50.1182994,8.5285704,affinitaet,boutique,New Yorker,New Yorker,,
node/6278715853,50.1189322,8.5278477,affinitaet,boutique,Jack & Jones,Jack & Jones,,
node/6278715856,50.1190991,8.5276571,affinitaet,boutique,O Bag,,,
node/6278715862,50.1184075,8.528093,affinitaet,boutique,Hunkemöller,Hunkemöller,,
node/6278715869,50.1183841,8.5268286,affinitaet,boutique,ONLY,ONLY,,
node/6278716797,50.1194343,8.5269614,affinitaet,boutique,Lacoste,Lacoste,,
node/6278716799,50.1195992,8.5267605,affinitaet,boutique,GANT,GANT,,
node/6278716810,50.1194577,8.5272413,affinitaet,boutique,G-Star Raw,G-Star Raw,,
node/6302862558,50.1040075,8.6792321,affinitaet,boutique,Vérité,,,
node/6320685970,50.1404874,8.752402,affinitaet,boutique,Peek & Cloppenburg,Peek & Cloppenburg,,
node/6320685971,50.1407374,8.7532617,affinitaet,boutique,C&A,C&A,,
node/6320685972,50.1409979,8.7530341,affinitaet,boutique,H&M,H&M,,
node/6320685976,50.1407921,8.7522947,affinitaet,boutique,New Yorker,New Yorker,,
node/6320685984,50.1405103,8.7513972,affinitaet,boutique,ONLY,ONLY,,
node/6320685985,50.1406614,8.7517392,affinitaet,boutique,Ernsting's family,Ernsting's family,,
node/6320685986,50.1401563,8.7517006,affinitaet,boutique,Takko Fashion,Takko Fashion,,
node/6320685992,50.1401224,8.7513184,affinitaet,boutique,Gerry Weber,Gerry Weber,,
node/6331399293,50.1048287,8.7598199,affinitaet,boutique,Sportsline,,,
node/633242526,50.1125095,8.6855506,affinitaet,boutique,Haus der Braut,,,
node/6348293076,50.1252404,8.6920664,affinitaet,boutique,Frau Nellson und ihre Schönigkeiten,,,
node/6355944182,50.1150092,8.6926311,affinitaet,boutique,epiphany,,,
node/6387902535,50.116478,8.6858857,affinitaet,boutique,FALKE,FALKE,,
node/6398054001,50.1088224,8.6708115,affinitaet,boutique,Eberhart Mode,,,
node/6434230686,50.1188143,8.6795599,affinitaet,boutique,mo arjabi,,,
node/6434239985,50.1205037,8.6797308,affinitaet,boutique,Contélac,,,
node/6467552140,50.0875718,8.7602779,affinitaet,boutique,Ernsting's family,Ernsting's family,,
node/6467552144,50.0871893,8.7604984,affinitaet,boutique,Takko Fashion,Takko Fashion,,
node/6517744072,50.1217844,8.6807187,affinitaet,boutique,Space At Square,,,
node/6517744082,50.1188299,8.6798826,affinitaet,boutique,Pelzmoden,,,
node/6586931019,50.1892811,8.6380558,affinitaet,boutique,Copy Cobic,,,
node/6661639190,50.1224556,8.6458307,affinitaet,boutique,Ernsting's family,Ernsting's family,,
node/6665421385,50.1119134,8.6793039,affinitaet,boutique,Bailly Diehl,,,
node/679162050,50.1223161,8.6893127,affinitaet,boutique,sportissimi,,,
node/6898997056,50.1036886,8.7605346,affinitaet,boutique,New Yorker,New Yorker,,
node/6898997059,50.1035024,8.761218,affinitaet,boutique,Vero Moda,Vero Moda,,
node/6898997062,50.1038692,8.7612935,affinitaet,boutique,ONLY,ONLY,,
node/692873659,50.0840277,8.4690911,affinitaet,boutique,Marken Outlet Kriftel,,,
node/6939550888,50.112021,8.6823643,affinitaet,boutique,Blutsgeschwister - Zeiltänzerin,,,
node/6939551301,50.1217123,8.6802196,affinitaet,boutique,Glore,,,
node/6959875749,50.1761749,8.7355953,affinitaet,boutique,DRK Kleiderladen,,,
node/6983710481,50.156601,8.6339547,affinitaet,boutique,Ernsting's family,Ernsting's family,,
node/7007361671,50.1113675,8.6759479,affinitaet,boutique,Kauf Dich Glücklich,,,
node/7126406329,50.1583004,8.6332357,affinitaet,boutique,Zara,Zara,,
node/7153367877,50.1167126,8.6707336,affinitaet,boutique,Xuits,,,
node/7177366678,50.1045404,8.7613399,affinitaet,boutique,M. Schneider City-Outlet,,,
node/7177434642,50.1040234,8.7607119,affinitaet,boutique,Il Duomo,,,
node/7177447915,50.103245,8.7625515,affinitaet,boutique,Ecem Braut & Abendmode,,,
node/7197888308,50.115828,8.6781647,affinitaet,boutique,Melrose Stickerei & Textildruck,,,
node/7208051449,50.1144695,8.674321,affinitaet,boutique,Claudie Pierlot,Claudie Pierlot,,
node/7223416286,50.157316,8.6346043,affinitaet,boutique,Olymp & Hades,Olymp & Hades,,
node/7314058359,50.0946727,8.5043303,affinitaet,boutique,KiK,KiK,,
node/7572137370,50.1020795,8.7653451,affinitaet,boutique,Atiq Couture,,,
node/7674109281,50.1051889,8.687507,affinitaet,boutique,Vintage Revival Store,,,
node/7674176717,50.1050715,8.6872024,affinitaet,boutique,juNi Fashion,,,
node/7734495051,50.1048248,8.7602511,affinitaet,boutique,Prestige,,,
node/7817558536,50.100438,8.7212355,affinitaet,boutique,NKD,NKD,,
node/7817558548,50.0996769,8.7178505,affinitaet,boutique,ModeTrends Saris,,,
node/7899375057,50.1277538,8.7094808,affinitaet,boutique,Bunt,,,
node/8365236514,50.0991137,8.5661059,affinitaet,boutique,Secundo,,,
node/8432456326,50.1021881,8.6419525,affinitaet,boutique,Eritreashop,,,
node/8549886702,50.1007902,8.6818131,affinitaet,boutique,Hype,,,
node/8549911190,50.0997993,8.6826219,affinitaet,boutique,AnimaR,,,
node/8808581005,50.1041716,8.7627273,affinitaet,boutique,Baron,,,
node/8826635949,50.1040633,8.7624877,affinitaet,boutique,Strumpfhaus M.Schneider,,,
node/8946998684,50.1121692,8.6815571,affinitaet,boutique,Aschenputtel,,,
node/8987767147,50.1146957,8.6792014,affinitaet,boutique,Amora,,,
node/8987813893,50.1133763,8.6829138,affinitaet,boutique,Kaleidoskop,,,
node/903953587,50.0994744,8.5911231,affinitaet,boutique,Adler,Adler,,
node/9083769806,50.1050933,8.7501555,affinitaet,boutique,Mesto Lagerverkauf,,,
node/914405543,50.1270933,8.703928,affinitaet,boutique,Monsters,,,
node/919739891,50.1152276,8.6814774,affinitaet,boutique,Ed Hardy,,,
node/919739896,50.1152542,8.6810133,affinitaet,boutique,Kult,Kult,,
node/919907034,50.1146093,8.682438,affinitaet,boutique,Mango,Mango,,
node/920154072,50.114104,8.6824879,affinitaet,boutique,H&M,H&M,,
node/920154073,50.1148522,8.6868859,affinitaet,boutique,H&M,H&M,,
node/921125721,50.1240575,8.7033784,affinitaet,boutique,Weltladen Fair Fashion,,,
node/9487734749,50.0927843,8.6072094,affinitaet,boutique,Cora,,,
node/9519145430,50.1018816,8.6365549,affinitaet,boutique,Anissa,,,
node/9572580392,50.1199982,8.6948233,affinitaet,boutique,Miss Ella,,,
node/9572653513,50.1210828,8.697123,affinitaet,boutique,Aries,,,
node/9631641499,50.1122064,8.6776409,affinitaet,boutique,Shaping New Tomorrow,,,
node/9633442393,50.1083234,8.7512277,affinitaet,boutique,Melek Luxury,,,
node/9704943453,50.1143385,8.6747242,affinitaet,boutique,Maje,Maje,,
node/9861444633,50.1017135,8.7769102,affinitaet,boutique,Raction,,,
node/9862883555,50.0924801,8.6069392,affinitaet,boutique,Kreuz & Quer,,,
node/9876773364,50.1006901,8.6813847,affinitaet,boutique,Wäsche Köhler,,,
node/9879131968,50.1151012,8.6730838,affinitaet,boutique,windsor,,,
node/9879180453,50.1116068,8.6762445,affinitaet,boutique,Calida,Calida,,
node/9935879998,50.1042488,8.7634704,affinitaet,boutique,Taza,,,
node/9981856748,50.0486151,8.5674698,affinitaet,boutique,Hugo Boss,Hugo Boss,,
way/1061083791,50.177199,8.6293428,affinitaet,boutique,Leonell,,,
way/1061083793,50.1773977,8.6292905,affinitaet,boutique,Ernstings Family,,,
way/1410912724,50.1115518,8.5379648,affinitaet,boutique,Kleider am Alleehaus,,,
way/1557199912,50.0300514,8.5803753,affinitaet,boutique,Victoria's Secret,Victoria's Secret,,
way/192473804,50.1242896,8.5858294,affinitaet,boutique,Takko Fashion,Takko Fashion,,
way/247867553,50.1142694,8.6847423,affinitaet,boutique,Peek & Cloppenburg,Peek & Cloppenburg,,
way/37114857,50.1152508,8.6882028,affinitaet,boutique,C&A,C&A,,
way/41726624,50.1057634,8.7624807,affinitaet,boutique,C&A,C&A,,
way/435056376,50.0509196,8.5703821,affinitaet,boutique,United Colors of Benetton,United Colors of Benetton,,
node/10108980787,50.0021607,8.576091,affinitaet,buchhandlung,Giebel,,,
node/10292644009,50.1336223,8.6713921,affinitaet,buchhandlung,Buchtruhe,,,
node/10759456130,50.1247301,8.7052706,affinitaet,buchhandlung,B&A,,,
node/11415788725,50.112299,8.6838852,affinitaet,buchhandlung,comic,,,
node/11806603446,50.1162772,8.6795643,affinitaet,buchhandlung,Terminal Entertainment (T3) Comics,,,
node/12983111806,50.100741,8.6771638,affinitaet,buchhandlung,Buchplatz,,,
node/13537098366,50.1115777,8.6777257,affinitaet,buchhandlung,Vielseitig,,,
node/1619915716,50.1225702,8.7008563,affinitaet,buchhandlung,Buch & Wein Erlesenes,,,
node/1720522508,50.1127139,8.6838944,affinitaet,buchhandlung,Buchhandlung Walther König,Buchhandlung Walther König,,
node/1796130368,50.1500307,8.6807459,affinitaet,buchhandlung,Camp,,,
node/1806623715,50.0831958,8.4724683,affinitaet,buchhandlung,Das Buch,,,
node/1863040830,50.1042182,8.7667776,affinitaet,buchhandlung,Buchladen am Markt,,,
node/1901118632,50.1205451,8.6801553,affinitaet,buchhandlung,Buchhandlung Weltenleser,,,
node/1976912950,50.1079928,8.6710004,affinitaet,buchhandlung,Türk Kitabevi,,,
node/1984716067,50.111373,8.679233,affinitaet,buchhandlung,Buchhandlung an der Paulskirche,,,
node/1985040908,50.1825067,8.7430578,affinitaet,buchhandlung,Akzente,,,
node/2198091568,50.0857248,8.6467584,affinitaet,buchhandlung,Erhardt & Kotitschke,,,
node/2245225370,50.1271542,8.6890482,affinitaet,buchhandlung,Buchhandlung HAPPY,,,
node/2408180420,50.1556261,8.752512,affinitaet,buchhandlung,Bergen erlesen,,,
node/2550231267,50.1034337,8.7610606,affinitaet,buchhandlung,Thalia,Thalia,,
node/2559986945,50.1138238,8.6773583,affinitaet,buchhandlung,Schweitzer Fachinformationen,,,
node/2833747441,50.1250239,8.7064792,affinitaet,buchhandlung,Buchhandlung Schutt am Uhrtürmchen,,,
node/2960963120,50.1129796,8.682197,affinitaet,buchhandlung,Oxfam,Oxfam,,
node/3207027427,50.1035839,8.6909861,affinitaet,buchhandlung,Antiquariat Rüger,,,
node/3207027429,50.1031579,8.6914039,affinitaet,buchhandlung,Sachsenhausen erlesen,,,
node/3321108810,50.0502208,8.5709966,affinitaet,buchhandlung,Virgin Press & Books,,,
node/3397331280,50.0535577,8.6954172,affinitaet,buchhandlung,Buch78,,,
node/3699734406,50.0499031,8.6991435,affinitaet,buchhandlung,Hugendubel,Hugendubel,,
node/4038873494,50.1220119,8.6693442,affinitaet,buchhandlung,Autorenbuchhandlung Marx & Co,,,
node/4065739422,50.1234472,8.6420519,affinitaet,buchhandlung,Libretto,,,
node/4137084331,50.1202538,8.5254439,affinitaet,buchhandlung,Thalia,Thalia,,
node/4217401418,50.1207452,8.644525,affinitaet,buchhandlung,TFM - Centro do Livro e do Disco de Lingua Portugesa,,,
node/4217401431,50.1229817,8.647228,affinitaet,buchhandlung,Eselsohr,,,
node/4508530316,50.1259366,8.6838306,affinitaet,buchhandlung,Buchhandlung – Werner Flach,,,
node/5073175199,50.1557535,8.6986717,affinitaet,buchhandlung,Bücher im Bogen,,,
node/5313368874,50.1050007,8.7605987,affinitaet,buchhandlung,Steinmetz'sche Buchhandlung,,,
node/5997788086,50.1219597,8.6863631,affinitaet,buchhandlung,Antiquariat Orban & Streu,,,
node/623539243,50.1193552,8.6497997,affinitaet,buchhandlung,Wissenschaftliche Buchhandlung Th. Hector,,,
node/6316723385,50.2081349,8.7438149,affinitaet,buchhandlung,Lese Zeit,,,
node/6320685979,50.1400313,8.7514216,affinitaet,buchhandlung,Hugendubel,Hugendubel,,
node/6348293043,50.1278992,8.6923601,affinitaet,buchhandlung,La Pause Francaise,,,
node/6355945488,50.1149666,8.691595,affinitaet,buchhandlung,Zeil Antiquariat,,,
node/638915850,50.1184553,8.648605,affinitaet,buchhandlung,Karl-Marx-Buchhandlung,,,
node/660832723,50.1192101,8.6934428,affinitaet,buchhandlung,Ypsilon Buchladen,,,
node/6644593992,50.1246968,8.6100599,affinitaet,buchhandlung,Stadtbibliothek,,,
node/676759731,50.1220514,8.6896497,affinitaet,buchhandlung,Land in Sicht,,,
node/6828039678,50.1597791,8.6486321,affinitaet,buchhandlung,Chimaira,,,
node/685586040,50.1410386,8.5715038,affinitaet,buchhandlung,Buchhandlung am Rathaus,,,
node/766706209,50.1583228,8.6335884,affinitaet,buchhandlung,Thalia,Thalia,,
node/7674176549,50.1053118,8.6877523,affinitaet,buchhandlung,Comic und Romanladen Sachsenhausen,,,
node/772739557,50.0704804,8.4853304,affinitaet,buchhandlung,Tolksdorf,,,
node/8198979550,50.1220102,8.7706426,affinitaet,buchhandlung,Bücher vorOrt,,,
node/8520679366,50.1017571,8.6820716,affinitaet,buchhandlung,Buchhandlung Lesecafé,,,
node/9251450991,50.102158,8.5424259,affinitaet,buchhandlung,Schmitt & Hahn,,,
way/104819843,50.1016529,8.5457735,affinitaet,buchhandlung,Buchhandlung Bärsch,,,
way/1213082235,50.192051,8.6581523,affinitaet,buchhandlung,Ahmadiyya Buchladen,,,
way/133396137,50.2018495,8.6716621,affinitaet,buchhandlung,Buchhandlung Schaan,,,
way/293705698,50.106643,8.6638566,affinitaet,buchhandlung,Schmitt & Hahn,,,
node/10002835732,50.10962,8.6541577,frequenz,buero,GAHRENS + BATTERMANN,,,
node/10028394122,50.1096036,8.6761363,frequenz,buero,Generalkonsulat von Nigeria,,,
node/10057120548,50.1156219,8.6826435,frequenz,buero,WGV Versicherungen,,,
node/10057246117,50.1165556,8.6789005,frequenz,buero,Von Poll Immobilien,Von Poll Immobilien,,
node/10061798782,50.1597488,8.6481517,frequenz,buero,HK Team OHG,,,
node/10084417787,50.1701377,8.6224643,frequenz,buero,Hong Kong Trade Development Council,,,
node/10117581969,50.0506937,8.5431338,frequenz,buero,Shaoke Logistics GmbH,,,
node/10117581970,50.0508038,8.5418264,frequenz,buero,Mw-transport GmbH & Co KG,,,
node/10117581971,50.0507098,8.5422114,frequenz,buero,Ziegler GmbH (Internationale Spedition),,,
node/10117581972,50.0499661,8.5425471,frequenz,buero,MOS24/7 AOG Team,,,
node/10117581975,50.0495171,8.5427444,frequenz,buero,SMS World Food,,,
node/10117581976,50.0489248,8.5454419,frequenz,buero,gts trade and services gmbh,,,
node/10117581977,50.0483395,8.5443494,frequenz,buero,byte innovations GmbH Office Airport FRA,,,
node/10117581979,50.0481127,8.5443023,frequenz,buero,MOLLYCARS - Chauffeurservice,,,
node/10117581980,50.048203,8.5436432,frequenz,buero,Omni Cars GmbH,,,
node/10117581981,50.0486516,8.5423758,frequenz,buero,Expresscontainer GmbH,,,
node/10117581984,50.0486438,8.5416826,frequenz,buero,GIPIN Intercontinental Business & Travel Germany GmbH,,,
node/10117581985,50.0485457,8.5410326,frequenz,buero,Critical Logistics GmbH,,,
node/10117581990,50.0485181,8.5404982,frequenz,buero,Randstad,Randstad,,
node/10117581992,50.0485082,8.5399766,frequenz,buero,Frako,,,
node/10117581995,50.0487609,8.5399553,frequenz,buero,Dengel Telekommunikation,,,
node/10118834316,50.0494053,8.542077,frequenz,buero,CB Customs Broker GmbH,,,
node/10118870517,50.0493706,8.5410411,frequenz,buero,ak handels Lagerverkauf,,,
node/10118870518,50.0491715,8.5410789,frequenz,buero,Yes Transport und Dienstleistungen,,,
node/10118870520,50.0493655,8.5404609,frequenz,buero,3VCargo GmbH,,,
node/10118870522,50.0491561,8.5403851,frequenz,buero,Eusu Logistics B.v. Germany,,,
node/10118870523,50.0493616,8.5401,frequenz,buero,Rolf Kaben,,,
node/10118870524,50.0506751,8.5398459,frequenz,buero,A-Z Transport e.K,,,
node/10118870525,50.0498974,8.5410401,frequenz,buero,FRECOUR | Ihr Spezialist für maßgeschneiderte Logistiklösungen,,,
node/10118870527,50.0503518,8.5408158,frequenz,buero,IB Fresh Food GmbH,,,
node/10118870528,50.0505751,8.5405069,frequenz,buero,HOFMANNs - Niederlassung Kelsterbach,,,
node/10118870531,50.0507365,8.5408287,frequenz,buero,EUKO Logistics Germany GmbH,,,
node/10118870533,50.0501387,8.5413022,frequenz,buero,SISDEV e.K.,,,
node/10118870555,50.0512569,8.5415207,frequenz,buero,DHL FoodLogistics GmbH,,,
node/10118870563,50.0512407,8.5421419,frequenz,buero,CARGO7 GmbH,,,
node/10118870574,50.0512528,8.5434214,frequenz,buero,SATS Group GmbH - Frankfurt,,,
node/10118870576,50.051382,8.5446016,frequenz,buero,Raga Cars,,,
node/10118870653,50.0507519,8.5451033,frequenz,buero,GT - Global Transport Services GmbH,,,
node/10118870655,50.0505825,8.5452271,frequenz,buero,DWF Air Service Internationale Speditionsgesellschaft mbH,,,
node/10118870685,50.0495028,8.5458414,frequenz,buero,T World Service GmbH,,,
node/10118870688,50.0494815,8.5454869,frequenz,buero,Inta Transporte GmbH,,,
node/10119470877,50.0489567,8.5426292,frequenz,buero,ACS Air Cargo Services GmbH,,,
node/10119489239,50.0505399,8.5407921,frequenz,buero,Spedition F.R.E.I.T.A.N. Guntram Buchhold e.K.,,,
node/10123897760,50.1149983,8.5002491,frequenz,buero,Deutsches Rotes Kreuz Ortsvereinigung Liederbach,,,
node/10129661429,50.1188446,8.6887212,frequenz,buero,Generalkonsulat der Republik Usbekistan,,,
node/10131001891,50.1199333,8.681727,frequenz,buero,Gemeinnütziges Siedlungswerk,,,
node/10132925677,50.0908325,8.4598354,frequenz,buero,Finanzamt Hofheim am Taunus,,,
node/10166286923,50.0503525,8.5400075,frequenz,buero,Air Master Shipping GmbH,,,
node/10166286925,50.0498919,8.5401501,frequenz,buero,ServPack GmbH,,,
node/10166689952,50.055102,8.5906583,frequenz,buero,Cassini Consulting AG,,,
node/10166689954,50.0549062,8.5906749,frequenz,buero,TSL GmbH,,,
node/10166689955,50.0550702,8.5913255,frequenz,buero,Flugsimulator Frankfurt AIRlebnis-Flug GmbH,,,
node/10169989655,50.1050478,8.664549,frequenz,buero,Leibniz-Institut Hessische Stiftung Friedens- und Konfliktforschung,,,
node/10171881615,50.1590091,8.7657927,frequenz,buero,PALLANDT GmbH Steuerberatungsgesellschaft,,,
node/10172067978,50.1078979,8.5362295,frequenz,buero,Gemeindebüro der evangelischen Kirchengemeinde Unterliederbach,,,
node/10198632413,50.1161417,8.6910294,frequenz,buero,DRK Bezirksverband Frankfurt am Main,,,
node/10200102532,50.1114642,8.6646241,frequenz,buero,Deutsche Bundesbank Eurosystem Zentrale,,,
node/10200454044,50.1077642,8.6382794,frequenz,buero,Deloitte,Deloitte,,
node/10209448173,50.0812869,8.6546114,frequenz,buero,Deutscher Fußball-Bund e.V.,,,
node/10216984515,50.1005806,8.52809,frequenz,buero,Zollamt Frankfurt am Main-Höchst,,,
node/10222907757,50.1008781,8.5493327,frequenz,buero,Vodafone,,,
node/10222924263,50.1007165,8.5495558,frequenz,buero,O2,,,
node/10229197765,50.1403049,8.6700596,frequenz,buero,Lang Immobilien,,,
node/10229265059,50.1262169,8.6739112,frequenz,buero,AXA Generalvertretung,AXA,,
node/10230651517,50.2026618,8.7431667,frequenz,buero,FrontWell Solutions GmbH,,,
node/10250961813,50.1266716,8.7166157,frequenz,buero,Lohnsteuerhilfeverein e.V.,,,
node/10251011053,50.1604795,8.6476579,frequenz,buero,fineco travel,,,
node/10267900695,50.1249758,8.7058113,frequenz,buero,DIGITALE MEDIENWELT,,,
node/10271302687,50.1102482,8.6634045,frequenz,buero,Verband der Chemischen Industrie,,,
node/10272966432,50.104948,8.7040215,frequenz,buero,Kombiverkehr Deutsche Gesellschaft für kombinierten Güterverkehr mbH & Co. KG,,,
node/10285643774,50.117572,8.6813837,frequenz,buero,Amtsanwaltschaft Frankfurt am Main,,,
node/10291873296,50.2078137,8.7450408,frequenz,buero,STADA,,,
node/10544327035,50.1653247,8.6482731,frequenz,buero,MikroPlan GmbH,,,
node/10548305646,50.0670388,8.6441137,frequenz,buero,Deutscher Olympischer Sportbund,,,
node/10548401711,50.0676524,8.6426327,frequenz,buero,Stiftung Deutsche Sporthilfe,,,
node/10548403749,50.066993,8.6415517,frequenz,buero,Deutscher Volleyball-Verband,,,
node/10548411048,50.1194748,8.659271,frequenz,buero,Deutsche Herzstiftung,,,
node/10556721870,50.1396536,8.7432317,frequenz,buero,AWO Hessen-Süd,,,
node/10561467182,50.1149792,8.709094,frequenz,buero,AWO Frankfurt,,,
node/10566745047,50.1325214,8.5621268,frequenz,buero,Bundesnetzagentur Außenstelle Eschborn - Standort Eschborn,,,
node/10593516305,50.1225762,8.6452502,frequenz,buero,"KERN AG, Sprachendienste",,,
node/10657038452,50.0930446,8.6471653,frequenz,buero,"Wasserstraßen- und Schifffahrtsamt Main, Außenbezirk Frankfurt",,,
node/10675765324,50.1285512,8.7110027,frequenz,buero,Interkulturelle Bühne,,,
node/10682646735,50.0846064,8.6419299,frequenz,buero,Hollin+Radoske,,,
node/10697426353,50.0858846,8.6448439,frequenz,buero,Pfarrbüro St. Jakobus,,,
node/10712428096,50.0852823,8.6457548,frequenz,buero,Ökumenisches Hilfenetz Niederrad,,,
node/10724917292,50.1327976,8.5710886,frequenz,buero,Häuser der Mode,,,
node/10725645910,50.0850359,8.6469178,frequenz,buero,Allianz Mehmet Akif,Allianz,,
node/10725645911,50.0863864,8.6422415,frequenz,buero,Allianz Michael Walter und Jörg Walter,Allianz,,
node/10725645918,50.0878277,8.6414687,frequenz,buero,Rüdiger Raumausstattung,,,
node/10725788383,50.0892973,8.5089341,frequenz,buero,Bauverein für Höchst am Main und Umgebung,,,
node/10725821063,50.0866638,8.6465184,frequenz,buero,Gabriele Schneider,,,
node/10731370398,50.1793775,8.7375686,frequenz,buero,Strack und Jost,,,
node/10731373017,50.1802453,8.7396297,frequenz,buero,Soleo,,,
node/10731373059,50.1801633,8.7401208,frequenz,buero,Reuter,,,
node/10731373127,50.1838438,8.7454785,frequenz,buero,Kopp,,,
node/10731373190,50.1780958,8.7357884,frequenz,buero,Andrea Ditzel Immobilien,,,
node/10755588041,50.1144566,8.6786174,frequenz,buero,ANKORDATA GmbH & Co. KG,,,
node/10761359470,50.1225076,8.7459916,frequenz,buero,Still,,,
node/10763273179,50.1204508,8.4826657,frequenz,buero,Vario Büroeinrichtungen,,,
node/10773239413,50.1060799,8.6704087,frequenz,buero,Deutsche Vermögensberatung,,,
node/10779591949,50.1050261,8.7596802,frequenz,buero,Vodafone,,,
node/10830055173,50.0026601,8.5808542,frequenz,buero,Kommunales Jobcenter (Servicebüro),,,
node/10869552497,50.1178452,8.6874346,frequenz,buero,Steuerberaterkammer Hessen,,,
node/10873851839,50.1150631,8.7114129,frequenz,buero,Hotrod Tour Frankfurt,,,
node/10876458395,50.130107,8.7137891,frequenz,buero,Abá e.V.,,,
node/10880275012,50.106706,8.7333626,frequenz,buero,Creditplus Bank AG Zentrale Offenbach,,,
node/10880370640,50.0840283,8.5809948,frequenz,buero,W&P Brandschutztechnik,,,
node/10913615069,50.1080126,8.6397867,frequenz,buero,detim IT Solutions GmbH,,,
node/10919519592,50.1116505,8.6578097,frequenz,buero,Generalkonsulat der Republik Bulgarien,,,
node/10924088337,50.096498,8.671355,frequenz,buero,CDH Mitte,,,
node/10941825184,50.0513742,8.6950712,frequenz,buero,Allianz,Allianz,,
node/10949032751,50.1159665,8.5017521,frequenz,buero,Office Events P & B GmbH,,,
node/10951777755,50.1156382,8.6803471,frequenz,buero,HDC LAW HESSLER und DEL CUERPO PartGmbB Rechtsanwalt Abogada,,,
node/10959265899,50.1367157,8.667969,frequenz,buero,Freie Arzt-und Medizinkasse,,,
node/10960221291,50.1018023,8.6408758,frequenz,buero,DEVK,DEVK,,
node/10960236150,50.1014746,8.6376625,frequenz,buero,Bosch Sicherheitssysteme Montage und Service,,,
node/10977105267,50.1130942,8.6738234,frequenz,buero,ESG Book GmbH,,,
node/11008681690,50.1320888,8.752048,frequenz,buero,Adapteo GmbH,,,
node/11018641543,50.1138723,8.7300137,frequenz,buero,MDW,,,
node/11018641545,50.1115623,8.7306869,frequenz,buero,Kontrast,,,
node/11018641546,50.1091816,8.7233967,frequenz,buero,Schuster Entsorgung GmbH,,,
node/11033698446,50.1590595,8.6403904,frequenz,buero,Catch Up! Schule für Englisch,,,
node/11034572705,50.1059095,8.7732217,frequenz,buero,Pyur Shop Offenbach,,,
node/11039793289,50.1218593,8.6616212,frequenz,buero,BOEHMERT & BOEHMERT Anwaltspartnerschaft mbB – Patentanwälte Rechtsanwälte,,,
node/11064457367,50.1118271,8.6592978,frequenz,buero,Funke Scheid,,,
node/11067630019,50.1183329,8.6615114,frequenz,buero,China Construction Bank,,,
node/11067630020,50.1185057,8.6609253,frequenz,buero,China Telecom,,,
node/11070566460,50.1276952,8.6301399,frequenz,buero,NTT DATA Deutschland,,,
node/11090946628,50.1293841,8.7127699,frequenz,buero,das baubüro,,,
node/11092852798,50.1026804,8.6566738,frequenz,buero,DB Regio Mitte,,,
node/11092852799,50.1025079,8.6561988,frequenz,buero,DB Fernverkehr Mitte,,,
node/11159313195,50.1110494,8.6884161,frequenz,buero,Verkehrsgesellschaft Frankfurt am Main,,,
node/11174942244,50.1236841,8.6482447,frequenz,buero,Embajada de España,,,
node/11176372473,50.0279149,8.5608963,frequenz,buero,QARAT,,,
node/11176374673,50.0235139,8.5767404,frequenz,buero,CHI Expeditors,,,
node/11209560878,50.1226169,8.6034097,frequenz,buero,GWH,,,
node/11227168201,50.0552883,8.5959561,frequenz,buero,Lufthansa Group Digital Hangar GmbH,,,
node/1126644665,50.1210435,8.6204648,frequenz,buero,DRK City-West,Deutsches Rotes Kreuz,,
node/11267298740,50.1104106,8.6539234,frequenz,buero,IBM,,,
node/11267318320,50.1076575,8.6464173,frequenz,buero,Gundula Bauer Allianz Hauptvertretung,Allianz,,
node/11375253361,50.1199215,8.6946535,frequenz,buero,The Future,,,
node/11390614895,50.1226537,8.6516939,frequenz,buero,Evangelischer Verein für Innere Mission Frankfurt am Main,,,
node/11396350764,50.1591207,8.6329181,frequenz,buero,AOK,AOK Hessen,,
node/11414311864,50.0555193,8.5973134,frequenz,buero,Siemens AG,,,
node/11422422137,50.1286967,8.6214235,frequenz,buero,DLRG,DLRG,,
node/11427176264,50.1158028,8.6606085,frequenz,buero,CTcon,,,
node/11470271425,50.0240747,8.5859581,frequenz,buero,DHL,,,
node/11533683902,50.1193863,8.6376411,frequenz,buero,bridgingIT,,,
node/11537248350,50.1126491,8.7459575,frequenz,buero,TOPEOPLE,,,
node/11553244855,50.116466,8.7258905,frequenz,buero,SOL GmbH,,,
node/11597701390,50.1355509,8.573813,frequenz,buero,Siemens Healthineers AG,,,
node/1163663009,50.1315579,8.6760645,frequenz,buero,Konsulat der Republik Kosovo,,,
node/11637436890,50.1068318,8.6634305,frequenz,buero,DB Job-Welt,,,
node/11640424804,50.1799666,8.739439,frequenz,buero,Momobau,,,
node/11640441177,50.1130935,8.6933896,frequenz,buero,Die Linke Frankfurt,Die Linke,,
node/11640479665,50.1073463,8.7503509,frequenz,buero,Die Linke Offenbach,Die Linke,,
node/11647020595,50.1409156,8.5733197,frequenz,buero,Fraktionszimmer FWE,,,
node/11648644560,50.2271078,8.6869421,frequenz,buero,Privatpraxis Florian Eschrich - Physiotherapie und Chiropraktik,,,
node/11655905701,50.0562981,8.58917,frequenz,buero,MHP Management- und IT-Beratung GmbH,,,
node/11681144330,50.1687768,8.641037,frequenz,buero,Barmenia Versicherung - Dominik Schneider,Barmenia,,
node/11687316169,50.0848228,8.633147,frequenz,buero,PORR Frankfurt - Ingenieurbau,,,
node/11690236645,50.1013443,8.5935394,frequenz,buero,Barmenia Versicherung - Aysu Külah,Barmenia,,
node/11690754530,50.0912839,8.7566748,frequenz,buero,Barmenia Versicherung,,,
node/11691044271,50.0061806,8.5769104,frequenz,buero,Barmenia Versicherung - Fahad Ahmed,Barmenia,,
node/11724497671,50.1085427,8.6631877,frequenz,buero,Barmenia Versicherung,Barmenia,,
node/11725958989,50.114448,8.6683333,frequenz,buero,Exxeta AG,,,
node/11731198620,50.1065651,8.7440311,frequenz,buero,Barmenia Versicherung,Barmenia,,
node/11738730890,50.1063819,8.7529571,frequenz,buero,LJ Logistik,,,
node/11753473447,50.1030391,8.7595894,frequenz,buero,glueckkanja AG,,,
node/11766612201,50.131542,8.626362,frequenz,buero,ADFC Frankfurt am Main,ADFC,,
node/11780540594,50.1577645,8.6322296,frequenz,buero,Hessisches Amt für Versorgung und Soziales,,,
node/11787418478,50.1213658,8.7079924,frequenz,buero,Zürich,Zurich,,
node/11800312613,50.1029897,8.6415019,frequenz,buero,MGN Dienstleistungen GmbH,,,
node/11800333630,50.1016759,8.627405,frequenz,buero,SVB Khan,,,
node/11810247513,50.1142422,8.7465585,frequenz,buero,die werkplaner,,,
node/11811161967,50.130499,8.5216157,frequenz,buero,Basten GmbH,,,
node/11822677984,50.1577789,8.6328972,frequenz,buero,TempWorkers,,,
node/11822733166,50.1545805,8.6350299,frequenz,buero,Zentrales Pfarrbüro St. Katharina von Siena,,,
node/11824453278,50.1162257,8.6333156,frequenz,buero,BCS BUS,,,
node/11844294376,50.117925,8.7330481,frequenz,buero,Samson AG Mess- und Regeltechnik,,,
node/11846511270,50.1058205,8.7630234,frequenz,buero,Dunlop Tyre Europe,Falken Tyre Europe GmbH,,
node/11883963836,50.1317537,8.5715635,frequenz,buero,GFT Technologies,,,
node/11883965422,50.1259591,8.6825558,frequenz,buero,RE/MAX,,,
node/11901435702,50.1092345,8.6974502,frequenz,buero,Fincon Reply GmbH,,,
node/11908137269,50.1165126,8.6316609,frequenz,buero,BAHN-BKK Regionalgeschäftsstelle Mitte-West,Bahn-BKK,,
node/11923055465,50.1064628,8.652422,frequenz,buero,KFZ Sachverständigenbüro Dipl. Ing. J.W. Knöbl und C. Göcer,,,
node/11944809274,50.1295471,8.6742997,frequenz,buero,Dr Franz Terwey,,,
node/11946787454,50.1091801,8.7383071,frequenz,buero,ITSG,,,
node/11947405922,50.1017494,8.6328407,frequenz,buero,CHP Frankfurt,,,
node/11947432585,50.103635,8.6338048,frequenz,buero,NOA,,,
node/11954523725,50.0604937,8.7110112,frequenz,buero,AlexPan,,,
node/11956120669,50.1129047,8.6890399,frequenz,buero,,,,
node/11958185903,50.1334481,8.6971375,frequenz,buero,Frauen-Softwarehaus e.V.,,,
node/11960980084,50.1224115,8.6760001,frequenz,buero,westendLaw Rechtsanwälte Karthal Päsel Reiff Wössner Hufnagel PartmbB,,,
node/11980478952,50.1135311,8.6778575,frequenz,buero,Lust auf besser leben gGmbH,,,
node/11988052761,50.1112862,8.6758123,frequenz,buero,LEDA Law Consultants,,,
node/12012069811,50.1169426,8.6514426,frequenz,buero,Physikalischer Verein,,,
node/12015674543,50.1373768,8.7385661,frequenz,buero,Knärzje GmbH,,,
node/12057035869,50.1213399,8.6726068,frequenz,buero,Generalkonsulat der Republik der Philippinen,,,
node/12066986670,50.1140727,8.6725959,frequenz,buero,Bain & Company,,,
node/12073163531,50.1069976,8.6655717,frequenz,buero,Rhein-Main-Verkehrsverbund Servicegesellschaft,,,
node/12076696028,50.1803936,8.6425758,frequenz,buero,Digitalisierungsagentur 4locals,,,
node/12101887751,50.1281134,8.6328238,frequenz,buero,Lebenshilfe Frankfurt,,,
node/12104551110,50.1156428,8.6437509,frequenz,buero,tecRacer Consulting GmbH - Frankfurt,,,
node/12110364170,50.1207474,8.6763829,frequenz,buero,Meroth IT-Service,,,
node/12110529562,50.1162603,8.6645897,frequenz,buero,Generalkonsulat Kolumbien,,,
node/12116600407,50.1824903,8.663002,frequenz,buero,Vogeler Elektroanlagen,,,
node/12123442680,50.1158255,8.6729361,frequenz,buero,Detektei Factum,,,
node/12125536087,50.1017557,8.6992666,frequenz,buero,Dinka Jurin,,,
node/12125536089,50.10157,8.6999772,frequenz,buero,VSU,,,
node/12133043684,50.1032126,8.6877175,frequenz,buero,,,,
node/12151642334,50.1185069,8.6250334,frequenz,buero,ISD Internationale Sicherheit & Detektei Gmbh,,,
node/12151656608,50.1078566,8.6362908,frequenz,buero,Sun Immobilien,,,
node/12179203313,50.1046961,8.670242,frequenz,buero,iC Consult GmbH,,,
node/12191547349,50.0444903,8.6776014,frequenz,buero,Racyics GmbH,,,
node/12205420611,50.1115458,8.6732474,frequenz,buero,flatexDEGIRO,,,
node/12205420612,50.1116652,8.6730015,frequenz,buero,Morgan Stanley,Morgan Stanley,,
node/12205420613,50.1114749,8.6729372,frequenz,buero,Hogan Lovells,,,
node/12205420614,50.1121294,8.6727187,frequenz,buero,Oracle Deutschland,,,
node/12222477410,50.1800512,8.6923479,frequenz,buero,El Ahmad - Allianz Vertretung,,,
node/12240433312,50.1243778,8.6978996,frequenz,buero,Tourism Malaysia Frankfurt c/o fame creative lab,,,
node/12242240093,50.1122871,8.687389,frequenz,buero,Evangelischer Regionalverband Frankfurt und Offenbach,,,
node/12242240094,50.1121295,8.6875771,frequenz,buero,Evangelisches Stadtdekanat Frankfurt und Offenbach,,,
node/12252856134,50.1008979,8.6422778,frequenz,buero,Eisenbahn- und Verkehrsgewerkschaft,EVG,,
node/1226477290,50.0995062,8.6328145,frequenz,buero,Ausländerbehörde,,,
node/12273513415,50.1068732,8.6724977,frequenz,buero,HABL Immobilien,,,
node/12279530884,50.1130244,8.7184246,frequenz,buero,amaxo GmbH,,,
node/12297186777,50.0974292,8.6635015,frequenz,buero,Finance in Motion GmbH,,,
node/12298329888,50.1146084,8.6423856,frequenz,buero,Universal Investment,,,
node/12305205834,50.0883535,8.6465995,frequenz,buero,Frauenprojekt Niederrad,,,
node/12309501943,50.1292226,8.5959166,frequenz,buero,Valicare,,,
node/12320312462,50.1159371,8.6702219,frequenz,buero,Generalkonsulat von Irland,,,
node/12320452296,50.1207262,8.6378014,frequenz,buero,organic Marken-Kommunikation,,,
node/12333346596,50.0510821,8.5691369,frequenz,buero,AOK Die Gesundheitskasse,,,
node/12333389953,50.0509135,8.568866,frequenz,buero,Bundesagentur für Arbeit,,,
node/12361029523,50.153233,8.6774654,frequenz,buero,Acamnetwork,,,
node/12401906368,50.1317621,8.5652912,frequenz,buero,Samsung Electronics GmbH,,,
node/12412168203,50.1046166,8.6652784,frequenz,buero,Nestlé,,,
node/12463875878,50.1025171,8.6365317,frequenz,buero,NetTV Plus,,,
node/12536541670,50.0857428,8.7533172,frequenz,buero,Barmenia Versicherung,Barmenia,,
node/12536547923,50.0525952,8.6968173,frequenz,buero,Barmenia Versicherung,Barmenia,,
node/12536574982,50.1239377,8.7664611,frequenz,buero,Barmenia Versicherung - Szymon Pabich,Barmenia,,
node/12570726412,50.117347,8.726561,frequenz,buero,MSC Frankfurt,Mediterranean Shipping Company,,
node/12581951208,50.1146764,8.7106127,frequenz,buero,leokawa,,,
node/12595517641,50.1120027,8.6884429,frequenz,buero,Stadtplanungsamt,,,
node/12601722901,50.1283735,8.7374925,frequenz,buero,Brauburger & Buczek GbR,,,
node/12608329808,50.1231896,8.6340845,frequenz,buero,Econect,,,
node/12647198504,50.05307,8.6810251,frequenz,buero,Main Estate,,,
node/12650311401,50.0847892,8.4731184,frequenz,buero,Barmenia Versicherung,Barmenia,,
node/12662065501,50.0549832,8.7021576,frequenz,buero,MountAI,,,
node/12691330266,50.0841457,8.580268,frequenz,buero,Sparkassen Versicherung,,,
node/12691330269,50.0844357,8.579422,frequenz,buero,Schmitt Immobilien,,,
node/12692601757,50.0839504,8.5822329,frequenz,buero,Andreas Wirz,,,
node/12709909001,50.0820164,8.6501058,frequenz,buero,Nemeth/Star Productions,,,
node/12714493836,50.1039681,8.665226,frequenz,buero,MaibornWolff,,,
node/12725217809,50.1607611,8.6629842,frequenz,buero,Barmenia Versicherung,Barmenia,,
node/12733340386,50.1395896,8.5771461,frequenz,buero,Kueche Gemacht,,,
node/12739531311,50.1735562,8.6407203,frequenz,buero,Air Liquide Global E&C Solutions Germany GmbH,,,
node/12757066856,50.1109034,8.7476994,frequenz,buero,Krekeny,,,
node/12761898347,50.0485146,8.6951027,frequenz,buero,VERYGOOD.GMBH,,,
node/1276532877,50.1527073,8.6904601,frequenz,buero,Hausarztpraxis Kujath,,,
node/12797179258,50.0409698,8.5360457,frequenz,buero,Fraport Ground Services GmbH,,,
node/12797502373,50.113567,8.7143761,frequenz,buero,Enviria,,,
node/12836704992,50.1902285,8.63659,frequenz,buero,Pfarrbüro St. Laurentius,,,
node/12836730210,50.1636435,8.6203646,frequenz,buero,Pfarrbüro St. Matthias,,,
node/12836759262,50.1573218,8.6489635,frequenz,buero,Pfarrbüro St. Peter und Paul,,,
node/12836766265,50.1829463,8.6627196,frequenz,buero,Pfarrbüro St. Bonifatius,,,
node/12836773105,50.1888455,8.6609698,frequenz,buero,Pfarrbüro St. Lioba,,,
node/12849240895,50.2250643,8.6802091,frequenz,buero,Physiotherapie Larrisa Barth,,,
node/12852400741,50.1059578,8.7357856,frequenz,buero,Hyundai Motor Europe GmbH,,,
node/12852409428,50.1066466,8.735708,frequenz,buero,Hyundai Motor Deutschland GmbH,Hyundai,,
node/12892303914,50.0843814,8.6198314,frequenz,buero,Umweltamt Frankfurt - Abwasserüberwachung,,,
node/12897337165,50.1162888,8.6842351,frequenz,buero,doctors first,,,
node/12903137269,50.1109415,8.7481869,frequenz,buero,PixelPEC,,,
node/12919856805,50.1048405,8.6651565,frequenz,buero,Place to be,,,
node/12919926744,50.1003997,8.7270981,frequenz,buero,Germantax,,,
node/12926372608,50.106641,8.6513598,frequenz,buero,S.T.EUR Lohnsteuerhilfsverein e.V.,,,
node/1295171973,50.1022854,8.6604023,frequenz,buero,LHIB -Landesbetrieb Bau und Immobilien Hessen Niederlassung Rhein-Main,,,
node/12967925425,50.1032695,8.7483402,frequenz,buero,Wetterdienstzentrale,,,
node/12968437471,50.1018389,8.7473132,frequenz,buero,Cardiac Dimensions Europe GmbH,,,
node/12990174176,50.1082148,8.6756501,frequenz,buero,LANA AP. MA International Legal Services,,,
node/12997198754,50.1196606,8.6489191,frequenz,buero,Financedoor,,,
node/13000136645,50.1069097,8.6668995,frequenz,buero,Stiftung Bahn-Sozialwerk,,,
node/13000148477,50.1225273,8.6347635,frequenz,buero,Unfallversicherung Bund und Bahn,,,
node/13000156059,50.1222512,8.6350306,frequenz,buero,Krankenversorgung der Bundesbahnbeamten,,,
node/13003045065,50.094465,8.7674886,frequenz,buero,AOK Hessen,AOK Hessen,,
node/13004313074,50.1213689,8.6254019,frequenz,buero,"Reprorapid  Repro-Services, Druckerei",,,
node/13006700160,50.1164756,8.6509778,frequenz,buero,BRP RENAUD,,,
node/13006870181,50.128004,8.7135354,frequenz,buero,"Interior Coach - Brigitte Peter, Innenarchitektur",,,
node/13014166407,50.1878607,8.731853,frequenz,buero,Ecura,,,
node/1302748498,50.1002972,8.5468329,frequenz,buero,Pfarrheim St. Josef,,,
node/13037001878,50.1075046,8.667914,frequenz,buero,SinoJobs,,,
node/13040677436,50.1168718,8.7250478,frequenz,buero,Cybrex GmbH,,,
node/13041003811,50.0945024,8.659645,frequenz,buero,Interdisziplinäre Biomaterial- und Datenbank Frankfurt,,,
node/13073349484,50.0947881,8.4608988,frequenz,buero,SPD Main-Taunus,,,
node/13073349485,50.094269,8.4613783,frequenz,buero,Kobold Messring,,,
node/13075723596,50.1090424,8.7500559,frequenz,buero,Alias Werbung,,,
node/13075723597,50.1087064,8.7484337,frequenz,buero,Decor Walther,,,
node/13075947795,50.1116457,8.6750525,frequenz,buero,Magic Projects,,,
node/13086413351,50.127461,8.6862457,frequenz,buero,Krawall Kramer\Erwall\Designbüro,,,
node/13088662401,50.1196679,8.6588672,frequenz,buero,KfW Capital,,,
node/13089077519,50.1485937,8.6572964,frequenz,buero,YOUREO,,,
node/13089874516,50.1195396,8.6640929,frequenz,buero,"CAHN, HÄUSER & PARTNER",,,
node/13093255431,50.1219161,8.6901443,frequenz,buero,mo+,,,
node/13096220880,50.1037412,8.6392113,frequenz,buero,Bluesky,,,
node/13101418454,50.1157261,8.6472485,frequenz,buero,Generalkonsulat Frankreich,,,
node/13111796940,50.0561297,8.5970919,frequenz,buero,Keyence,,,
node/13119065733,50.1028281,8.7557166,frequenz,buero,Barmenia Versicherung,,,
node/13119714204,50.1186478,8.4698985,frequenz,buero,Nexen Tire Reifenhandel - Niederlassung Deutschland,,,
node/13125129794,50.106805,8.7618404,frequenz,buero,Engel & Völkers,,,
node/13149097872,50.1063587,8.5467054,frequenz,buero,Hotze Rechtsanwälte,,,
node/13161979647,50.105246,8.6491524,frequenz,buero,Capgemini,,,
node/13168144183,50.2036835,8.7437307,frequenz,buero,Tractebel GmbH,,,
node/13183417631,50.1206464,8.6381324,frequenz,buero,ASB Bildung,Arbeiter-Samariter-Bund,,
node/13188634282,50.0514433,8.5414783,frequenz,buero,Feuerwehrschulungen,,,
node/13236578106,50.1317717,8.715155,frequenz,buero,CHAMELAION GmbH,,,
node/13236900301,50.1234446,8.6872632,frequenz,buero,Alle Räume Architektur,,,
node/13240386265,50.1250416,8.7137604,frequenz,buero,tobe.STADT,,,
node/13271994101,50.118172,8.666774,frequenz,buero,Annerton,,,
node/13280484690,50.0038047,8.5761727,frequenz,buero,Pfarrbüro Christkönig,,,
node/13308208487,50.1160536,8.6600121,frequenz,buero,Peters & Peters,,,
node/13334007437,50.1302633,8.5186653,frequenz,buero,Becker/ Sennhenn / Schuster,,,
node/1333572553,50.1138353,8.7084029,frequenz,buero,Generalkonsulat von Italien,,,
node/13342157074,50.1187581,8.6939231,frequenz,buero,AfD Frankfurt,,,
node/13374304901,50.1564643,8.6917665,frequenz,buero,MV Ausbau GmbH,,,
node/13374646386,50.111588,8.7408968,frequenz,buero,Lorenz Snacks,,,
node/13393805704,50.1008703,8.6931256,frequenz,buero,Praxis für Mediation,,,
node/13429029501,50.1214878,8.7507358,frequenz,buero,Goebel und Mattes GmbH,,,
node/13466588021,50.1265128,8.7074709,frequenz,buero,Schulz & Partner,,,
node/13476485433,50.1069937,8.6538389,frequenz,buero,Tim Goger I Eventfotograf Frankfurt,,,
node/13476611784,50.1216516,8.6614526,frequenz,buero,von Poll,,,
node/13476648113,50.1187374,8.6616458,frequenz,buero,Remax,,,
node/13478345954,50.1171866,8.6926357,frequenz,buero,Frankfurter Arbeitslosenzentrum (FALZ) e.V.,,,
node/13482443612,50.0531162,8.6934302,frequenz,buero,Main Estate,,,
node/13514243273,50.1234207,8.6419786,frequenz,buero,"form fellows, Büro für Kommunikations-Design",,,
node/13514247775,50.1193822,8.6574839,frequenz,buero,Generalkonsulat von Georgien,,,
node/13514383227,50.1104106,8.6866072,frequenz,buero,Netter Architekten,,,
node/13514692327,50.1008038,8.6846754,frequenz,buero,Duo Plan Innenarchitektur,,,
node/13514741815,50.1021867,8.6811617,frequenz,buero,von Poll,Von Poll Immobilien,,
node/13571909819,50.1362823,8.5707268,frequenz,buero,RÖDL,,,
node/13574584249,50.1040928,8.619927,frequenz,buero,servinga GmbH,,,
node/13587403659,50.1283759,8.7461092,frequenz,buero,Zoeller Transport GmbH - Spezialtransporte,,,
node/13598080358,50.1131355,8.6600883,frequenz,buero,SBS Ecoclean Group,,,
node/13623541840,50.1630049,8.640482,frequenz,buero,Steuernagel Ingenieure,,,
node/13647454195,50.1161536,8.6701506,frequenz,buero,Marc Härter Immobilien,,,
node/13654185101,50.1305826,8.5712078,frequenz,buero,RKW Kompetenzzentrum - RKW Rationalisierungs- und Innovationszentrum der Deutschen Wirtschaft e. V.,,,
node/13663207397,50.0828337,8.5812816,frequenz,buero,Hartmann Immobilien,,,
node/13665254031,50.1231832,8.7110237,frequenz,buero,Roßbach & Humpert Rechtsanwälte,,,
node/13671938301,50.1363696,8.7345435,frequenz,buero,WPS Westend Projekt- und Steuerungsmanagement GmbH,,,
node/13672036502,50.1370229,8.7338126,frequenz,buero,Behlert Logistik GmbH,,,
node/13672618801,50.162731,8.6887469,frequenz,buero,GONDER Facility Services GmbH,,,
node/13672737701,50.1634483,8.6871614,frequenz,buero,Deutsche Gesellschaft für Qualität e.V. (DGQ),,,
node/13672987301,50.1105694,8.7458837,frequenz,buero,Energieversorgung Offenbach (EVO),,,
node/13673083101,50.1120554,8.718115,frequenz,buero,Drillisch Online GmbH / 1&1 AG,,,
node/13673937869,50.2192188,8.6493791,frequenz,buero,Praxis für Physiotherapie Matuschewski,,,
node/13682421581,50.108484,8.6556331,frequenz,buero,DEVK Versicherungen,DEVK,,
node/13683531827,50.0563306,8.5888898,frequenz,buero,Condor Flugdienst GmbH,,,
node/13685176465,50.1070455,8.6569409,frequenz,buero,FDP Frankfurt,FDP,,
node/13687908461,50.1201607,8.4928645,frequenz,buero,Franz Strobel,,,
node/13692329960,50.1057979,8.652093,frequenz,buero,Lieferando Hub,,,
node/1370939161,50.1419033,8.570962,frequenz,buero,Samitz Immobilien,,,
node/13717933628,50.1256354,8.6845161,frequenz,buero,Kanzlei Schmidt-Ehemann,,,
node/13718891503,50.1081727,8.7392651,frequenz,buero,BYD Deutschland,,,
node/13725310261,50.132094,8.6677583,frequenz,buero,W & E Sonnenschutz + Technik,,,
node/13727783732,50.1645531,8.6381887,frequenz,buero,Amt für Straßenbau und Erschließung - Baubezirk Nord/Ost,,,
node/13746588801,50.1215457,8.6662992,frequenz,buero,Generalkonsulat der Republik Paraguay,,,
node/13749305218,50.1186122,8.677129,frequenz,buero,Jens Schneider Fachanwalt für Versicherungsrecht,,,
node/13752142863,50.0578704,8.6822684,frequenz,buero,Reinhardt Immobilien Consulting,,,
node/13758821534,50.1071821,8.6596994,frequenz,buero,schneider+Schumacher - DB Analytics,,,
node/13758834059,50.1079233,8.667573,frequenz,buero,Sinn Von Graeve,,,
node/13758835008,50.1051253,8.6504287,frequenz,buero,Markgraph,,,
node/13758899347,50.1128404,8.6775894,frequenz,buero,Booking.com,,,
node/13758973739,50.1320295,8.7130518,frequenz,buero,Jugend- und Sozialamt Sozialrathaus Ost - Dienstort Bornheim,,,
node/13759058802,50.10756,8.6562836,frequenz,buero,Trabold Steuerberatung,,,
node/13760740599,50.1035683,8.6464277,frequenz,buero,dfv Mediengruppe,,,
node/13760761955,50.1038989,8.6490187,frequenz,buero,DB Vertrieb,,,
node/13760761958,50.104077,8.6488698,frequenz,buero,Comcave.College cpi,,,
node/13764945244,50.1182475,8.642313,frequenz,buero,Die Affirmative Improschule,,,
node/13766411646,50.1050288,8.6510356,frequenz,buero,ias Aktiengesellschaft,,,
node/13766411649,50.1048391,8.6511487,frequenz,buero,Metatop,,,
node/13766470657,50.1038241,8.6437056,frequenz,buero,Ingenieurbüro Stapf GmbH,,,
node/13808206221,50.117384,8.7474944,frequenz,buero,Karl Schmidt Spedition,,,
node/13808376400,50.1054129,8.6519333,frequenz,buero,e-domizil,,,
node/13808547309,50.1056,8.651718,frequenz,buero,Heussen,,,
node/13809455629,50.1075132,8.6549654,frequenz,buero,American Express Europe,,,
node/13811609002,50.1086543,8.6368797,frequenz,buero,Universal Investment,,,
node/13811670896,50.1023709,8.63405,frequenz,buero,LEITax GmbH,,,
node/13811941419,50.1051657,8.6488965,frequenz,buero,Aveva,,,
node/13811941421,50.1054784,8.6497497,frequenz,buero,RS Components,,,
node/13811941422,50.1055834,8.6490413,frequenz,buero,Brockmann & Büchner,,,
node/13814208604,50.1144465,8.7101484,frequenz,buero,Frankfurter Brauunion,,,
node/13814208605,50.1145881,8.7095498,frequenz,buero,JOBLINGE Basecamp Frankfurt,,,
node/13814390687,50.1228194,8.6490206,frequenz,buero,Marlen Schuster,R+V Versicherung,,
node/13814540762,50.1211178,8.6439308,frequenz,buero,Britta Rafoth,,,
node/13815070971,50.1237171,8.7115975,frequenz,buero,ebert zobel industrial design GBR,,,
node/13819062467,50.0876319,8.6501043,frequenz,buero,Wagenbach,,,
node/13821898713,50.0932842,8.636964,frequenz,buero,Lotter Betonstahl,,,
node/13821898714,50.0920651,8.6346157,frequenz,buero,FLB Lieferbeton,,,
node/13821898715,50.0917069,8.6335313,frequenz,buero,Rhein Main Rohstoffe,,,
node/13821898717,50.0941487,8.6386937,frequenz,buero,SEHRING Beton,,,
node/13821898718,50.094276,8.6390062,frequenz,buero,SEHRING Sand & Kies,,,
node/13834759060,50.1122728,8.7330641,frequenz,buero,Monkeydrive Printing Factory,,,
node/13836594629,50.0821298,8.63309,frequenz,buero,Vössing Ingenieurgesellschaft,,,
node/13836594632,50.0818319,8.6331436,frequenz,buero,"Dr. Spang Ingenieurgesellschaft für Bauwesen, Geologie und Umwelttechnik",,,
node/13839094260,50.0834729,8.6335916,frequenz,buero,Xantaro Frankfurt,,,
node/13839094262,50.0831798,8.6337276,frequenz,buero,ALTEN,,,
node/13839147393,50.0824104,8.633097,frequenz,buero,Mailänder Consult,,,
node/13839147397,50.0851396,8.6329767,frequenz,buero,HPP Strategie- und Marketingberatung,,,
node/13839357237,50.108774,8.6712367,frequenz,buero,cds Wohnungsbau,,,
node/13839490466,50.1131127,8.6799629,frequenz,buero,Hill International Frankfurt,,,
node/13851693745,50.1066646,8.6731593,frequenz,buero,Patrizia SE,,,
node/13860583045,50.1086508,8.6684628,frequenz,buero,Securitas,,,
node/13860621407,50.1091635,8.6704254,frequenz,buero,Main Mobility,,,
node/13871658410,50.1100664,8.6630089,frequenz,buero,True Sale International,,,
node/13871658411,50.1099612,8.6627041,frequenz,buero,Kairion,,,
node/13871658413,50.1102641,8.6646081,frequenz,buero,DVFA,,,
node/13871658417,50.1107049,8.6644357,frequenz,buero,Callidus Energie,,,
node/13871680524,50.1107456,8.6647093,frequenz,buero,Quest Development,,,
node/13871680528,50.1105972,8.6648851,frequenz,buero,Labour Digital,,,
node/13895911777,50.1124795,8.6667366,frequenz,buero,Franklin Templeton,,,
node/13898380650,50.0827484,8.6248383,frequenz,buero,C.B.C. Computer Business Center,,,
node/13898380651,50.0826386,8.6251188,frequenz,buero,grenke Frankfurt,,,
node/13902093817,50.0785095,8.6274034,frequenz,buero,HOCHTIEF Infrastructure Frankfurt,,,
node/13902093819,50.0790868,8.6269717,frequenz,buero,SPIE Efficient Facilities,,,
node/13904752535,50.1015894,8.7786097,frequenz,buero,Seker,,,
node/13905197594,50.0803102,8.6316919,frequenz,buero,TÜV Rheinland Akademie,,,
node/13907729356,50.0801763,8.634568,frequenz,buero,adesso Frankfurt,,,
node/13908021398,50.1215014,8.6505524,frequenz,buero,SPEED Courier-Service GmbH,,,
node/13912627656,50.1142785,8.6781673,frequenz,buero,LIESER Rechtsanwälte,,,
node/13914779053,50.1687015,8.6346601,frequenz,buero,DERTOUR Deutschland,,,
node/13923599757,50.130623,8.5670946,frequenz,buero,Trendtours Touristik GmbH,,,
node/13923599779,50.1322597,8.5677983,frequenz,buero,Kajo Neukirchen GmbH,,,
node/13923622044,50.1321865,8.5687522,frequenz,buero,Beko Germany GmbH,,,
node/13930914179,50.1013642,8.5426168,frequenz,buero,Spies Rechtsanwälte,,,
node/13930974649,50.1349347,8.573077,frequenz,buero,Randstad Stiftung,,,
node/13935145753,50.1094428,8.6771143,frequenz,buero,Crespo Foundation,,,
node/13935697159,50.0963314,8.6439708,frequenz,buero,Wilhelm Marx GmbH & Co. KG,,,
node/13935697160,50.0954212,8.6445178,frequenz,buero,Heinrich Schmid GmbH & Co. KG,,,
node/13937934238,50.1007275,8.6579563,frequenz,buero,Bildungs- und Wissenschaftszentrum der Bundesfinanzverwaltung DS Frankfurt,,,
node/13939148949,50.1129385,8.7206497,frequenz,buero,HFM Frankfurt,,,
node/13942155918,50.095486,8.5988657,frequenz,buero,Beck Kunststoffverformungs GmbH,,,
node/13946010034,50.0845769,8.6216608,frequenz,buero,Stadtentwässerung Frankfurt,,,
node/13958356678,50.1291035,8.5614051,frequenz,buero,abresa GmbH,,,
node/13967809358,50.1303975,8.5594987,frequenz,buero,Samsung EDO LED Showroom,,,
node/13968913265,50.1188127,8.6334458,frequenz,buero,Mainova AG,,,
node/13970087159,50.1895232,8.5909062,frequenz,buero,Puettmann,,,
node/13972859925,50.1049789,8.6777829,frequenz,buero,DFF – Deutsches Filminstitut & Filmmuseum,,,
node/13973903901,50.0551633,8.5240587,frequenz,buero,Dolfi1920 GmbH,,,
node/13987557706,50.104155,8.6189856,frequenz,buero,reproplan Frankfurt,,,
node/13988756925,50.0983859,8.6816524,frequenz,buero,AS+P Albert Speer + Partner,,,
node/13989546086,50.1269491,8.6299699,frequenz,buero,Chemetall GmbH,,,
node/13989573784,50.1273118,8.6305748,frequenz,buero,SVG Hessen,,,
node/13998042646,50.1408021,8.580283,frequenz,buero,Nissin Foods GmbH,,,
node/14022561474,50.1200612,8.6955847,frequenz,buero,Petra Lisa Müller,,,
node/14032157858,50.0989078,8.7550175,frequenz,buero,Eckert,,,
node/14039760335,50.1143006,8.7196703,frequenz,buero,Schüßler-Plan Ingenieurgesellschaft mbH,,,
node/14045736177,50.1108113,8.6660462,frequenz,buero,6PM GmbH,,,
node/14051566771,50.131254,8.5161898,frequenz,buero,Adler Energieberatung,,,
node/14053846990,50.1017893,8.7600165,frequenz,buero,Allianz,Allianz,,
node/14054942501,50.1184254,8.6876867,frequenz,buero,Rechtsanwälte FRITZEL + KOLLEGEN,,,
node/14056376469,50.102295,8.5467182,frequenz,buero,A. Zimmermann,,,
node/14057060344,50.1127678,8.7462146,frequenz,buero,Honorarkonsul der Republik Malawi,,,
node/14058849889,50.1005753,8.5470666,frequenz,buero,HUK-Coburg,HUK-Coburg,,
node/14058862803,50.0998483,8.545493,frequenz,buero,Wüstenrot,Wüstenrot,,
node/14061833780,50.1019182,8.6813492,frequenz,buero,Engel & Völkers,Engel & Völkers,,
node/14064039576,50.1179686,8.6860615,frequenz,buero,Dr. White - Kieferorthopädie,,,
node/14064329227,50.1158768,8.6669424,frequenz,buero,Barmer Versicherung,Barmer,,
node/14068530312,50.1072255,8.6570591,frequenz,buero,Grützmacher,,,
node/14074863718,50.1274921,8.7113945,frequenz,buero,HECK Elektro GbR,,,
node/14075162168,50.11839,8.6292996,frequenz,buero,1&1 Versatel,,,
node/14075162169,50.1183881,8.6299215,frequenz,buero,FALK,,,
node/14075162171,50.1181802,8.6299318,frequenz,buero,byon,,,
node/14075162172,50.1184004,8.6286865,frequenz,buero,Schweitzer Fachinformationen,,,
node/14078625880,50.1061958,8.6450718,frequenz,buero,Lohnsteuerhilfeverein Südhessen e.V.,,,
node/14087099633,50.1163469,8.6836268,frequenz,buero,Medicke GmbH,,,
node/14100906901,50.0885715,8.6561055,frequenz,buero,Indonesisches Generalkonsulat,,,
node/14101240214,50.1132273,8.7145246,frequenz,buero,NEXT Facade and Design Studio by WICONA,,,
node/14114234638,50.0583563,8.5873041,frequenz,buero,Suntory Global Spirits,,,
node/14128680444,50.1032109,8.6261418,frequenz,buero,Karcher Rechtsanwälte,,,
node/14131936750,50.1012453,8.6785757,frequenz,buero,Allianz,Allianz,,
node/14140117216,50.1174591,8.6718312,frequenz,buero,Crytek GmbH - Frankfurt Studio,,,
node/14152283502,50.1120628,8.6735885,frequenz,buero,Freshfields PartG mbB,,,
node/14159479711,50.1001945,8.6686155,frequenz,buero,Mäckler Architekten,,,
node/14172996844,50.1179335,8.696808,frequenz,buero,FELZ Kfz-Gutachten,,,
node/14174253943,50.1226421,8.6357101,frequenz,buero,Abdol Wali Tajik,,,
node/14175003702,50.1762053,8.7294341,frequenz,buero,Alpha Beta,,,
node/14175003753,50.1750428,8.7341741,frequenz,buero,L. Schütz,,,
node/14175003760,50.1744791,8.7350357,frequenz,buero,Diehl,,,
node/14175316770,50.1739872,8.7389637,frequenz,buero,Energietechnik Wagner,,,
node/14175316777,50.1788042,8.7396677,frequenz,buero,J4HR,,,
node/14175316794,50.1815837,8.7445879,frequenz,buero,Munsch,,,
node/14175327010,50.1806686,8.7483544,frequenz,buero,Hawal Hanna,,,
node/14184601820,50.1074941,8.6698572,frequenz,buero,Öko-Recherche GmbH,,,
node/14184794319,50.1145124,8.6738131,frequenz,buero,Marketing Concierge,,,
node/14191139232,50.1162277,8.6298746,frequenz,buero,Office Events P & B GmbH,,,
node/1455056253,50.1891323,8.6393104,frequenz,buero,Bürgeramt NW Außenstelle Kalbach,,,
node/1557181336,50.1032527,8.6322661,frequenz,buero,Werbeservice Wolf - Druck | Grafik | Werbetechnik,,,
node/1591000044,50.0999657,8.6320077,frequenz,buero,Sozialrathaus Gallus Jugend- und Sozialamt,,,
node/1601026995,50.2222281,8.6762094,frequenz,buero,Übersetzungsbüro für Polnisch Gadek,,,
node/1673172772,50.1209583,8.7011105,frequenz,buero,MTS Moenus Treuhand GmbH Steuerberatungsgesellschaft,,,
node/1690488096,50.1196266,8.6842804,frequenz,buero,Haus der Volksarbeit e. V.,,,
node/1707391555,50.1570896,8.6905519,frequenz,buero,TV Preungesheim e.V.,,,
node/1707453424,50.1562917,8.6908039,frequenz,buero,Rechtsanwalt Conring,,,
node/1707453427,50.1527477,8.6914621,frequenz,buero,Hensel Möbeltransporte,,,
node/1715047291,50.1224277,8.6427183,frequenz,buero,Velotaxi Frankfurt oHG - Betriebshof,,,
node/1783770163,50.1273585,8.7414009,frequenz,buero,Christus für alle Nationen e.V.,,,
node/1796130410,50.1495763,8.6809548,frequenz,buero,Hans Jörg Zölner,,,
node/1796130420,50.1503091,8.6852988,frequenz,buero,Ingenieurbüro Kotsikas,,,
node/1796130489,50.149025,8.6809363,frequenz,buero,Mastra Gebäudemanagement,,,
node/1802896982,50.1157446,8.5015418,frequenz,buero,Techem,,,
node/1830680671,50.1059383,8.6525042,frequenz,buero,Deutsche Bahn Connect,,,
node/1864617019,50.099387,8.6672969,frequenz,buero,DENIC eG,,,
node/1867091953,50.1061409,8.6685304,frequenz,buero,alfatraining Bildungszentrum Frankfurt am Main,,,
node/1901388908,50.1060823,8.6894869,frequenz,buero,Jugend- und Sozialamt Frankfurt Sachsenhausen,,,
node/1910808420,50.1147641,8.6786792,frequenz,buero,ADAC,ADAC,,
node/1940716881,50.1796837,8.738494,frequenz,buero,Meiss Immobilien,,,
node/1976912957,50.0974012,8.6548153,frequenz,buero,Miebach Consulting,,,
node/1985040917,50.1820886,8.7430015,frequenz,buero,Von Poll Immobilien,Von Poll Immobilien,,
node/1992994003,50.1057816,8.7505105,frequenz,buero,IG Metall Offenbach,IG Metall,,
node/2026328470,50.0961267,8.6696923,frequenz,buero,Kanzlei Sachse,,,
node/2036049420,50.0556176,8.591976,frequenz,buero,Verband der Elektro- und Digitalindustrie,,,
node/2064633028,50.062705,8.5289451,frequenz,buero,Dürr,,,
node/2077698354,50.062481,8.5309921,frequenz,buero,Esther C. Georgi Versicherungsbüro,,,
node/2077698363,50.0618133,8.531455,frequenz,buero,"Wüstenrot & Württembergische, DER Vorsorgespezialist",Wüstenrot,,
node/2082719220,50.1678054,8.6339743,frequenz,buero,Agentur für Arbeit / Jobcenter,,,
node/2082719221,50.1435427,8.7061834,frequenz,buero,Bau BG - Berufsgenossenschaft der Bauwirtschaft,,,
node/2138308410,50.1336228,8.677063,frequenz,buero,ARD MEDIA GmbH,,,
node/2156076665,50.0849376,8.7637827,frequenz,buero,T-KON GmbH,,,
node/2156213652,50.0848457,8.7634633,frequenz,buero,Hausverwaltung Ruth Schmidt,,,
node/2164748546,50.1019292,8.6297833,frequenz,buero,CDI Immobilien,,,
node/2274961926,50.1080522,8.6682394,frequenz,buero,Institut für Raumdarstellung,,,
node/2283129614,50.0809221,8.6492276,frequenz,buero,Polonijny Punkt,,,
node/2370297278,50.2113922,8.7469723,frequenz,buero,Acrys Consult GmbH & Co. KG,,,
node/2387340117,50.1217708,8.7401339,frequenz,buero,Bechtle EDV Schulungen,,,
node/2394718547,50.1046618,8.6674438,frequenz,buero,DeTe Medien,,,
node/2398357680,50.1035897,8.66698,frequenz,buero,DGB Region Frankfurt-Rhein-Main,DGB,,
node/2398357697,50.1032233,8.6661628,frequenz,buero,IG Metall Vorstand,IG Metall,,
node/2411918471,50.1065535,8.7537633,frequenz,buero,Agentur für Arbeit,Agentur für Arbeit,,
node/2411918472,50.1069194,8.7576886,frequenz,buero,Generalkonsulat von Peru,,,
node/2419612576,50.1357929,8.625243,frequenz,buero,Anwaltskanzlei Lipphardt Rechtsanwälte,,,
node/2473137403,50.1015154,8.7588985,frequenz,buero,Anwaltskanzlei Horst Thon - Kanzlei für Arbeitsrecht,,,
node/2473220291,50.1320111,8.5719791,frequenz,buero,GLS IT Services GmbH,,,
node/2477795768,50.1030857,8.7691934,frequenz,buero,"raum3, Dipl.Ing. Knut Krieger",,,
node/2492173155,50.1284656,8.6667862,frequenz,buero,Beratungszentrum Studierendenwerk Frankfurt am Main,,,
node/2512971577,50.1317958,8.7479858,frequenz,buero,Zollamt Frankfurt-Osthafen,,,
node/2522510543,50.1207388,8.6544144,frequenz,buero,KfW IPEX-Bank,,,
node/2543115606,50.1691755,8.6219573,frequenz,buero,Geschäftsstelle der Praunheimer Werkstätten,,,
node/2557550733,50.0810126,8.6268635,frequenz,buero,CONCUR Deutschland GmbH,,,
node/2599597100,50.0582508,8.5338839,frequenz,buero,Katholisches Gemeindezentrum St. Markus,,,
node/2634039864,50.1095307,8.668904,frequenz,buero,DB Systel GmbH,Deutsche Bahn AG,,
node/2635489413,50.1441455,8.7273386,frequenz,buero,Hermes PaketShop,,,
node/2650635869,50.2232953,8.6784373,frequenz,buero,Allianz Versicherung Frenzel Gunter,Allianz,,
node/267289032,50.1277346,8.7035125,frequenz,buero,Ortsvereinigung Bornheim-Nordend des Deutschen Roten Kreuzes,Deutsches Rotes Kreuz,,
node/2676905488,50.1036331,8.6889877,frequenz,buero,Frank,,,
node/2678988226,50.115126,8.639159,frequenz,buero,Finanz Informatik Solutions Plus GmbH,,,
node/2680335498,50.1154628,8.6338305,frequenz,buero,Commerzbank,,,
node/2683250767,50.1061662,8.6850943,frequenz,buero,Sebastian Schales,,,
node/2683351406,50.1066013,8.6890798,frequenz,buero,Bürgeramt Sachsenhausen,,,
node/2683398801,50.1047206,8.7033108,frequenz,buero,Oberfinanzdirektion Frankfurt,,,
node/2683677744,50.1063906,8.6851007,frequenz,buero,Mecklenburgische Versicherungsgruppe Norman Graf,Mecklenburgische,,
node/2698556588,50.1287873,8.7123141,frequenz,buero,SPD Bürger:innenbüro,SPD,,
node/2723870991,50.1192573,8.6417822,frequenz,buero,Bonus Hausverwaltungsgesellschaft mbH,,,
node/2764000575,50.2130151,8.6537838,frequenz,buero,ISN Group Creative Deutschland,,,
node/2796590271,50.1152583,8.691744,frequenz,buero,Setgraphic Webdesign Frankfurt,,,
node/2819332850,50.0522947,8.5672692,frequenz,buero,AlfaCars Airport Transfer,,,
node/282565898,50.2074707,8.7449455,frequenz,buero,Wüstenrot & Württembergische,,,
node/2828410803,50.1096734,8.6617154,frequenz,buero,Generalkonsulat Malaysia,,,
node/2833747446,50.1195896,8.6980753,frequenz,buero,Home Company,,,
node/2845730321,50.1192978,8.6710744,frequenz,buero,Honorarkonsulat der Republik Österreich,,,
node/2861754466,50.1067161,8.7624093,frequenz,buero,Stephan Gurowitz,,,
node/2861787448,50.1075398,8.7619589,frequenz,buero,Stefan Jansen - Steuerberater,,,
node/2861787472,50.1075162,8.7616801,frequenz,buero,Lohnsteuerhilfeverein e. V.,,,
node/2899217531,50.0452249,8.6782734,frequenz,buero,Sudler & Hennessey GmbH,,,
node/292406505,50.1494519,8.6798739,frequenz,buero,Jens Stilger,,,
node/2945366094,50.1117836,8.6568761,frequenz,buero,Generalkonsulat der Demokratischen Volksrepublik Algerien,,,
node/2945384869,50.0942731,8.6680245,frequenz,buero,Königliches Thailändisches Generalkonsulat,,,
node/2948879830,50.1213257,8.6720673,frequenz,buero,Konsulat von Mexiko,,,
node/2953698638,50.1029761,8.6404016,frequenz,buero,Honorarkonsulat Libanon,,,
node/2953707056,50.1220135,8.6676188,frequenz,buero,Taipeh Vertretung in der Bundesrepublik Deutschland,,,
node/2954392340,50.1003009,8.5523558,frequenz,buero,"Standesamt der Stadt Frankfurt am Main, Bezirk Höchst",,,
node/2955658180,50.1146471,8.722542,frequenz,buero,Iconstorm Agentur für Markentechnik GmbH & Co. KG,,,
node/2970680809,50.1211138,8.6729059,frequenz,buero,Max-Planck-Institut für empirische Ästhetik,,,
node/2970680825,50.1212491,8.6710236,frequenz,buero,Dietmar Jansen,,,
node/2970681133,50.1207869,8.6739039,frequenz,buero,Grüneburgweg Immobelienproject,,,
node/2985699754,50.1086848,8.6571169,frequenz,buero,Feed Dynamix GmbH,,,
node/2989265205,50.1224505,8.6530939,frequenz,buero,Generalkonsulat Indonesien,,,
node/3003659388,50.1394528,8.6726199,frequenz,buero,Generalkonsulat der Republik Moldau,,,
node/3011627748,50.1237537,8.6523834,frequenz,buero,Generalkonsulat Griechenland,,,
node/3012147516,50.1071887,8.6666867,frequenz,buero,attac Bundesbüro,,,
node/3028418419,50.0991283,8.5491694,frequenz,buero,Pfarrbüro St. Josef,,,
node/3029827333,50.1066008,8.7542133,frequenz,buero,Rechtsanwalt Bocionek,,,
node/3033113697,50.1153562,8.6862164,frequenz,buero,Verbraucherzentrale Hessen,,,
node/3033113698,50.1154474,8.686492,frequenz,buero,Mieter helfen Mietern,,,
node/3042036269,50.1082561,8.6569766,frequenz,buero,Islamischer Info Service,,,
node/3074524430,50.1412713,8.5730681,frequenz,buero,diwa Personalservice GmbH,,,
node/30763198,50.1397193,8.6705036,frequenz,buero,Bürgeramt Dornbusch,,,
node/3118662762,50.1190462,8.6824675,frequenz,buero,caspers mock Anwälte Frankfurt,,,
node/3122571561,50.1314624,8.6480282,frequenz,buero,Honorarkonsulat von Monaco,,,
node/313472503,50.1259961,8.6058051,frequenz,buero,Hessische Lehrkräfteakademie,,,
node/3139470937,50.1092084,8.6535433,frequenz,buero,Cita Immobilien,,,
node/3145603202,50.129554,8.5178922,frequenz,buero,vertical GmbH,,,
node/3157217761,50.1252452,8.6429943,frequenz,buero,Taxi Basalt 19,,,
node/3160972661,50.1003617,8.7652418,frequenz,buero,City Immobilien,,,
node/316234523,50.1445893,8.6532761,frequenz,buero,D.I.T.Z.,,,
node/3163267926,50.1042436,8.7652496,frequenz,buero,MainImmobilien,,,
node/3172242343,50.1090733,8.6751341,frequenz,buero,Silverton Group,,,
node/3177479828,50.1036009,8.6673085,frequenz,buero,IG Metall Frankfurt am Main,IG Metall,,
node/3186043405,50.1038666,8.6670414,frequenz,buero,verdi Landesbezirk Hessen,,,
node/3188674761,50.1397978,8.6696023,frequenz,buero,,,,
node/3199062301,50.1174604,8.6640578,frequenz,buero,Chinese Visa Application Service Center,,,
node/3211037004,50.1534107,8.6361672,frequenz,buero,ABG Service-Center Nord,,,
node/3249578480,50.1229574,8.6528855,frequenz,buero,ONE Business & Technology GmbH,,,
node/3296334593,50.1273622,8.6029473,frequenz,buero,BioSciTec GmbH,,,
node/3342537395,50.1041092,8.7677029,frequenz,buero,Knäckebrot Nachhilfe,,,
node/3372144998,50.0623915,8.5281063,frequenz,buero,Allianz Adam Kosmider,Allianz,,
node/3389557989,50.0532628,8.6930978,frequenz,buero,+finanzbonus Versicherungs- und Finanzmakler,,,
node/3397331264,50.054634,8.6948239,frequenz,buero,Butter und Brot,,,
node/3397331266,50.0530164,8.6884021,frequenz,buero,CompuTerra,,,
node/3399990508,50.0495733,8.6959368,frequenz,buero,Kulturbüro,,,
node/3450830922,50.118736,8.6592099,frequenz,buero,Schweizerisches Generalkonsulat,,,
node/3452062344,50.1213073,8.649214,frequenz,buero,auticon,,,
node/3454255735,50.0517256,8.6954179,frequenz,buero,Adler Immobilien,,,
node/3467276427,50.1089688,8.7030997,frequenz,buero,Europäische Zentralbank,,,
node/3474029648,50.1009916,8.6395163,frequenz,buero,DB Systel GmbH,,,
node/3562056284,50.0584501,8.7013556,frequenz,buero,Standesamt Bansamühle,,,
node/3562056285,50.0550004,8.6881882,frequenz,buero,Standesamt,,,
node/3612154896,50.1034107,8.6488924,frequenz,buero,Amt für Straßenbau und Erschließung,,,
node/3612154897,50.1028783,8.647557,frequenz,buero,Grünflächenamt,,,
node/3644921341,50.1045936,8.7684841,frequenz,buero,Hartnackschule,,,
node/3658131468,50.0520717,8.6890233,frequenz,buero,Jugendbüro Neu-Isenburg,,,
node/366639102,50.1589325,8.632259,frequenz,buero,Bürgeramt Nordwest,,,
node/3685262018,50.1234869,8.6384248,frequenz,buero,CROSS Solution,,,
node/369314000,50.1301023,8.6760248,frequenz,buero,Generalkonsulat von Ägypten,,,
node/369314020,50.1314367,8.6731729,frequenz,buero,Amt für Wohnungswesen,,,
node/3695356411,50.1048982,8.7659433,frequenz,buero,RMV-MobilitätsZentrale,,,
node/3718756343,50.1066205,8.7546982,frequenz,buero,Bildungszentrum Bauer,,,
node/3742849966,50.1181394,8.6645978,frequenz,buero,Allianz Global Investors,,,
node/3796242449,50.138929,8.5856522,frequenz,buero,Clinipace GmbH,,,
node/3797842109,50.0559046,8.5216888,frequenz,buero,Tri Star Europe LCD Repair Center,,,
node/3797843251,50.0578745,8.5236592,frequenz,buero,FedEx Distributor,,,
node/3812397444,50.0169709,8.5900334,frequenz,buero,KESSEL medintim GmbH,,,
node/3819819201,50.1082926,8.6592927,frequenz,buero,bb22 architekten + stadtplaner,,,
node/3822865925,50.1067692,8.6684893,frequenz,buero,Fröhlich Filmmanagement,,,
node/3840436739,50.1480521,8.7993845,frequenz,buero,Zurich Geschäftsstelle Alexander Judkins,Zurich,,
node/3858264435,50.1146429,8.6923909,frequenz,buero,Generalkonsulat von Montenegro,,,
node/3881596057,50.1059966,8.753719,frequenz,buero,Mainarbeit,,,
node/3885064028,50.1441135,8.5613999,frequenz,buero,Intera GmbH,,,
node/3890505823,50.1171367,8.6724835,frequenz,buero,Generalkonsulat des Staates Kuwait,,,
node/3921837956,50.1045102,8.6489537,frequenz,buero,Pressedienst Frankfurt GmbH,,,
node/3921839748,50.1001968,8.686557,frequenz,buero,Frankfurter Rundschau,,,
node/3968367145,50.1114466,8.6918663,frequenz,buero,Evangelischer Verein für Jugendsozialarbeit in Frankfurt am Main,,,
node/3973071313,50.1004099,8.5264251,frequenz,buero,BKL Baukran Logistik GmbH,,,
node/3973071314,50.0995422,8.5246872,frequenz,buero,Immo Herbst GmbH,,,
node/3973071326,50.0996944,8.5250331,frequenz,buero,faber & rühl gmbh,,,
node/3994250162,50.1202661,8.6772679,frequenz,buero,,,,
node/3998601604,50.1193025,8.6778164,frequenz,buero,Generalkonsulat und Förderzentrum von Argentinien,,,
node/4004733298,50.1153881,8.6781645,frequenz,buero,Industrie- und Handelskammer (IHK),,,
node/4004751193,50.1210492,8.6753013,frequenz,buero,Techniker Krankenkasse,Techniker Krankenkasse,,
node/4004751194,50.1216348,8.6759928,frequenz,buero,Handelsblatt,,,
node/4004775095,50.1143839,8.6855727,frequenz,buero,Mainova ServiceCenter,,,
node/4012485090,50.1002825,8.6582261,frequenz,buero,Straßenverkehrsamt,,,
node/4019998660,50.1236209,8.5908301,frequenz,buero,Informationstechnikzentrum Bund (ITZBund),,,
node/4019998661,50.1261254,8.5856592,frequenz,buero,Informationstechnikzentrum Bund (ITZBund),,,
node/4029951489,50.1069865,8.7523873,frequenz,buero,Bündnis 90 / Die Grünen Offenbach Stadt,Bündnis 90/Die Grünen,,
node/4037207269,50.0529953,8.6829173,frequenz,buero,Mecklenburgische,Mecklenburgische,,
node/4037207281,50.0478907,8.6934786,frequenz,buero,Gesem Group,,,
node/4039122145,50.0559934,8.6927639,frequenz,buero,Pfarrbüro,,,
node/4065776017,50.1238752,8.6427743,frequenz,buero,JÜSCHKE INNEN | ARCHITEKTUR,,,
node/4078738510,50.0944717,8.7569524,frequenz,buero,,,,
node/4086597632,50.0553814,8.6963278,frequenz,buero,Kanzlei Böhmer & Kniepe,,,
node/4086597635,50.0549406,8.6950622,frequenz,buero,Stadtarchiv Neu-Isenburg,,,
node/4086613826,50.0563853,8.696026,frequenz,buero,12 Löwen GmbH,,,
node/4086950124,50.1075193,8.5517999,frequenz,buero,H.-J. Ehrlich KG,,,
node/4087631674,50.123834,8.5891908,frequenz,buero,Wahl Umzüge,,,
node/4087635897,50.1289135,8.5983505,frequenz,buero,Walter Deutschland GmbH,,,
node/4087635900,50.1237014,8.5962061,frequenz,buero,mediacraft AG,,,
node/4090299825,50.1212443,8.7491138,frequenz,buero,Gastro-Tek,,,
node/4094927518,50.0898259,8.7492524,frequenz,buero,RSG Electronic Components GmbH,,,
node/4100382624,50.1410758,8.6813513,frequenz,buero,Rechtsanwälte Haaß & Kluss,,,
node/415929071,50.1149312,8.6935312,frequenz,buero,Zentrales Bürgeramt,,,
node/4172507700,50.1153901,8.724513,frequenz,buero,Thomas von Olnhausen,,,
node/4193105296,50.0679898,8.4893578,frequenz,buero,Stadtpunkt,,,
node/4211294513,50.1184901,8.6510467,frequenz,buero,AStA Uni-Frankfurt,,,
node/4213348369,50.0127049,8.5820136,frequenz,buero,Sandvik Materials Technology Deutschland GmbH,,,
node/4231586442,50.1197063,8.6622907,frequenz,buero,Sigmund-Freud-Institut,,,
node/4273470983,50.1355401,8.5729404,frequenz,buero,TÜV SÜD ImmoWert GmbH,,,
node/4287301104,50.1070526,8.6585828,frequenz,buero,RVI,,,
node/4300296780,50.1347758,8.5728531,frequenz,buero,Monster Worldwide Deutschland GmbH,,,
node/4312612185,50.1150286,8.6493662,frequenz,buero,SMA (Deutschland) GmbH,,,
node/4335253500,50.0842986,8.6335458,frequenz,buero,Staatsanwaltschaft Frankfurt am Main,,,
node/4417284091,50.0616522,8.5296655,frequenz,buero,AGIL Arbeitnehmergewergschaft im Luftverkehr e.V.,,,
node/4417291299,50.0548585,8.525463,frequenz,buero,Steuerkanzlei Beierer,,,
node/4417311697,50.0555136,8.5261443,frequenz,buero,DB Schenker,,,
node/4417343391,50.0550238,8.5253259,frequenz,buero,Kras Ligistics,,,
node/443399382,50.1697113,8.6431565,frequenz,buero,Haus der Baugewerkschaft,,,
node/4461654989,50.119302,8.6564066,frequenz,buero,Deutsche Zentrale für Tourismus e.V.,,,
node/4487789549,50.1096146,8.6746346,frequenz,buero,Gesamtverband Kommunikationsagenturen GWA e.V.,,,
node/4598314883,50.1013293,8.6644511,frequenz,buero,Europäische Aufsichtsbehörde für das Versicherungswesen und die betriebliche Altersversorgung,,,
node/4603894345,50.1193869,8.6945636,frequenz,buero,Interessenverband Mieterschutz e.V.,,,
node/4610203209,50.054316,8.6883815,frequenz,buero,Stadtkasse Neu-Isenburg,,,
node/4644883780,50.1188843,8.7108152,frequenz,buero,,,,
node/4670867523,50.108632,8.6628205,frequenz,buero,Air China,,,
node/4676702427,50.0826964,8.6264074,frequenz,buero,Verband Deutscher Maschinen- und Anlagenbau e. V.,,,
node/4703908097,50.1226278,8.6494179,frequenz,buero,Allianz Versicherung Darius Schulz Generalvertretung,Allianz,,
node/4731774506,50.0993644,8.5459855,frequenz,buero,ffj Design,,,
node/4757953059,50.1065981,8.6250039,frequenz,buero,ABG - Service-Center West,,,
node/4784014196,50.1162117,8.6481706,frequenz,buero,Gesellschaft Deutscher Chemiker e.V. (GDCh),,,
node/4786531211,50.111609,8.517803,frequenz,buero,Lisa's Hundeparadies,,,
node/4817520947,50.0480606,8.5683608,frequenz,buero,Lufthansa Service Center,,,
node/4817525931,50.0461351,8.566903,frequenz,buero,Lufthansa Service Center,,,
node/4817937125,50.1303564,8.5706517,frequenz,buero,Zühlke Engineering GmbH,,,
node/4835954321,50.093341,8.769375,frequenz,buero,Theaterclub ELMAR e.V.,,,
node/4876287711,50.1023921,8.6350655,frequenz,buero,Allianz,Allianz,,
node/4894458413,50.0503104,8.6950759,frequenz,buero,GEWOBAU Neu-Isenburg,,,
node/4895702950,50.1115448,8.6543088,frequenz,buero,Mercer Deutschland GmbH,,,
node/4938589232,50.1334952,8.575725,frequenz,buero,Proservia,,,
node/4946985579,50.1686591,8.7282508,frequenz,buero,Haifl & Wiegand,AXA Versicherung,,
node/4950815919,50.1085838,8.6357702,frequenz,buero,Frankfurter Allgemeine Zeitung,,,
node/4971968521,50.1189872,8.702178,frequenz,buero,Architekt Christof Lehrke,,,
node/4985716786,50.0467498,8.675274,frequenz,buero,Rigaku Europe SE,,,
node/4986756666,50.1170507,8.68604,frequenz,buero,Entwicklungspolitisches Netzwerk Hessen e.V.,,,
node/5009696367,50.1696755,8.6422048,frequenz,buero,QSC AG,,,
node/5032951344,50.1182607,8.6358601,frequenz,buero,Knappschaft,Knappschaft,,
node/5061687523,50.1783821,8.6283016,frequenz,buero,Sun Immobilien,,,
node/5117447021,50.1127732,8.7134403,frequenz,buero,créémedia,,,
node/5121717735,50.1221678,8.6778295,frequenz,buero,English in Britain,,,
node/5160834788,50.122212,8.6510349,frequenz,buero,KFW,,,
node/5161382856,50.1028663,8.6651203,frequenz,buero,Transnormal,,,
node/5174792877,50.1084378,8.7316523,frequenz,buero,GHM Grüner Halbmond,,,
node/5247570728,50.0429126,8.5645294,frequenz,buero,,,,
node/5274922690,50.0699932,8.4936505,frequenz,buero,Hattersheimer Wohnungsbau GmbH,,,
node/5274947722,50.0716264,8.4956687,frequenz,buero,Stadtteilbüro,,,
node/5298367463,50.1078239,8.6760062,frequenz,buero,Netcentric Deutschland GmbH,,,
node/5298989631,50.1246727,8.6104542,frequenz,buero,Global Immobilia,,,
node/5306648554,50.0518138,8.6920294,frequenz,buero,cavort,,,
node/5323240169,50.1108056,8.6445028,frequenz,buero,Operation Security Center Messe Frankfurt,,,
node/534686348,50.1191459,8.6795492,frequenz,buero,Generalkonsulat der Republik Jemen,,,
node/5348544322,50.1010834,8.6428528,frequenz,buero,DB Fahrzeuginstandhaltung GmbH - Zentrale,,,
node/5349228629,50.1206244,8.6875383,frequenz,buero,Arnold GmbH,,,
node/5354149278,50.1288599,8.6917208,frequenz,buero,Zentrale Studienberatung (Frankfurt UAS),,,
node/5360285968,50.116248,8.6824391,frequenz,buero,Kassen- und Steueramt,,,
node/5379952294,50.1151572,8.6749624,frequenz,buero,SpeakEASY Sprachschule,,,
node/538034281,50.0450138,8.6787068,frequenz,buero,Lexmark Deutschland GmbH,,,
node/5414921221,50.1078266,8.7617824,frequenz,buero,BOK Galerie - Bund Offenbacher Künstler,,,
node/5432163942,50.0539293,8.7037124,frequenz,buero,Axa Center Frank Reinhart,AXA,,
node/5432163943,50.0539945,8.6950538,frequenz,buero,"Vereinigung der Haus-, Wohnungs- und Grundeigentümer Neu-Isenburg e. V.",,,
node/5467183815,50.1929015,8.6612194,frequenz,buero,Main Taxi Frankfurt,,,
node/5471788622,50.1271,8.6918166,frequenz,buero,Perlenfischer Store Frankfurt (closed),,,
node/5480011254,50.1197601,8.6772513,frequenz,buero,Honorarkonsulat der Tschechischen Republik,,,
node/5485384070,50.1039638,8.6632703,frequenz,buero,pressel & müller architekten,,,
node/5493740446,50.1065947,8.6941891,frequenz,buero,Michele Vinciguerra - Softwareentwickler und IT-Berater,,,
node/5498943364,50.0272206,8.5631083,frequenz,buero,Zollamt - Abfertigungsstelle CargoCity Süd,,,
node/5498943365,50.0399586,8.5361377,frequenz,buero,Zollamt - Abfertigungsstelle Lufthansa Cargo Center,,,
node/5498943366,50.0396287,8.5383419,frequenz,buero,Zollamt - Abfertigungsstelle Lufthansa Cargo Center,,,
node/5498943367,50.079102,8.6333659,frequenz,buero,Hauptzollamt Frankfurt am Main,,,
node/5523436824,50.1128695,8.7169057,frequenz,buero,Landesärztekammer Hessen,,,
node/5542297377,50.1127792,8.7153983,frequenz,buero,Parkett Hinterseer,,,
node/5544448573,50.1219232,8.7481521,frequenz,buero,Brenntag,,,
node/5544448574,50.1221535,8.7471719,frequenz,buero,Roth Energie,,,
node/5544448579,50.1155095,8.724999,frequenz,buero,K-1 BusinessClub GmbH,,,
node/5544448582,50.1150103,8.723294,frequenz,buero,Claranet GmbH,,,
node/5544448583,50.1129039,8.7173287,frequenz,buero,Steuer-Fachschule Dr. Endriss,,,
node/5573301950,50.1064586,8.6854105,frequenz,buero,B90/Die Grünen Kreisverband Frankfurt,,,
node/5604548509,50.122216,8.6724866,frequenz,buero,Deck13 Interactive GmbH,,,
node/5609384466,50.0986384,8.6816628,frequenz,buero,Namics (Deutschland) GmbH,,,
node/5639606628,50.1290107,8.5617245,frequenz,buero,HOPF Vertriebsgesellschaft mbH,,,
node/5645395408,50.11108,8.661074,frequenz,buero,Plus.line AG,,,
node/5697180621,50.1307887,8.5713604,frequenz,buero,innovo Cloud GmbH,,,
node/5710273375,50.0031328,8.572517,frequenz,buero,Holger Knauf Allianz,,,
node/5715164729,50.1656335,8.5704083,frequenz,buero,Ingenieur Büro Amend & Matern GbR,,,
node/573367066,50.1258048,8.6727632,frequenz,buero,Generalkonsulat von Brasilien,,,
node/5739547683,50.0918718,8.7687151,frequenz,buero,Firdevs mescid,,,
node/5751783550,50.1067153,8.7472136,frequenz,buero,startHAUS GmbH,,,
node/5796230351,50.1104009,8.6739476,frequenz,buero,Schulte Rechtsanwälte. Rechtsanwaltsgesellschaft mbH,,,
node/5816784153,50.1139164,8.6875937,frequenz,buero,Städtische Verkehrspolizei,,,
node/5833111998,50.1163598,8.6296682,frequenz,buero,SYSWE GmbH,,,
node/5837721525,50.132945,8.7293565,frequenz,buero,Eintracht Frankfurt Triathlon-Abteilung,,,
node/5867322864,50.1133784,8.6987831,frequenz,buero,,,,
node/5892688603,50.1036833,8.7708985,frequenz,buero,Migrationsberatung für erwachsene Zuwanderer,,,
node/5898444588,50.1040196,8.5429742,frequenz,buero,Klimaservice Frankfurt,,,
node/5898538890,50.1325631,8.5648244,frequenz,buero,SAP Deutschland SE & Co. KG,,,
node/5898538891,50.1327969,8.5669273,frequenz,buero,Ernst & Young GmbH Wirtschaftsprüfungsgesellschaft,,,
node/5901674593,50.1345361,8.571136,frequenz,buero,Bundesamt für Wirtschaft und Ausfuhrkontrolle,,,
node/5903199565,50.132018,8.5682027,frequenz,buero,The Swatch Group (Deutschland) GmbH,,,
node/5903420428,50.1309924,8.5694057,frequenz,buero,Management Circle AG,,,
node/5903420437,50.1359276,8.5696832,frequenz,buero,Deutsche Börse AG,,,
node/5906501885,50.1145746,8.6502584,frequenz,buero,Tata Communications,,,
node/5948716684,50.1708248,8.6370531,frequenz,buero,Bundesanstalt für Finanzdienstleistungsaufsicht,,,
node/5948736371,50.1732845,8.640332,frequenz,buero,Finanzagentur der Bundesrepublik Deutschland,,,
node/5968365117,50.1059787,8.7641676,frequenz,buero,VHS Offenbach,,,
node/5968559773,50.0946277,8.6699114,frequenz,buero,Dipl.Kfm. Helmut Senft,,,
node/5968561104,50.0945244,8.6696232,frequenz,buero,Rectsanwaltskanzlei Schiller - Sprickmann Kerkerinck,,,
node/5971543120,50.1064718,8.7597795,frequenz,buero,"Doric , Quadoro , Fairvesta, Hessenmetall",,,
node/6034221687,50.1050314,8.630369,frequenz,buero,Mehrgenerationenhaus Frankfurt,,,
node/604860277,50.1183944,8.6331745,frequenz,buero,Stadtschulamt,,,
node/6176613670,50.1170775,8.6649865,frequenz,buero,Boston Consulting Group,Boston Consulting Group,,
node/6178281356,50.1185255,8.7585873,frequenz,buero,Liebchen+Liebchen Kommunikation GmbH,,,
node/619213848,50.1132297,8.6445972,frequenz,buero,DECHEMA e.V.,,,
node/619213993,50.1218434,8.6357145,frequenz,buero,Agentur für Arbeit Jobcenter Rhein-Main,,,
node/6225800329,50.1183822,8.6967984,frequenz,buero,HUK-COBURG Kundendienstbüro Regine Staudenmaier,HUK-Coburg,,
node/6233770386,50.135842,8.7357078,frequenz,buero,Sika Automotive Frankfurt-Worms GmbH,,,
node/6265834371,50.1079049,8.6657576,frequenz,buero,IB Jugendberatung,,,
node/6265834375,50.1020488,8.6606531,frequenz,buero,SDSC - Saudisch Deutsches Servicecenter,,,
node/6270161053,50.1130707,8.6589459,frequenz,buero,Indo German Consultancy,,,
node/6270499606,50.1187861,8.6579856,frequenz,buero,Generalkonsulat der Republik Chile,,,
node/6276667147,50.1178059,8.6601576,frequenz,buero,NiSV Schulungen,,,
node/6276669521,50.1145658,8.6569479,frequenz,buero,IKK Krankenkasse,IKK Südwest,,
node/6278291625,50.1214988,8.7009067,frequenz,buero,AXA Hauptvertretung Bernd Fröhlich,AXA,,
node/6284198778,50.1202973,8.6993098,frequenz,buero,Elmas,,,
node/6284368998,50.11602,8.6959584,frequenz,buero,Korpeo Physiotherapie,,,
node/6288584491,50.1282595,8.6666659,frequenz,buero,Techniker Krankenkasse,Techniker Krankenkasse,,
node/6304300686,50.1201134,8.6363036,frequenz,buero,"Deutsche Bahn AG, DB Training, Learning & Consulting",,,
node/6304567119,50.087605,8.6272431,frequenz,buero,Umweltamt Labor,,,
node/6304591884,50.0821882,8.6203097,frequenz,buero,Grifols Deutschland GmbH,,,
node/6312750647,50.0536801,8.695397,frequenz,buero,Bonava Neu-Isenburg,,,
node/6320661896,50.1032801,8.7601672,frequenz,buero,Haus des Jugendrechts,,,
node/6331246369,50.1203795,8.6864164,frequenz,buero,Houbban & Partner,,,
node/6340261465,50.1726783,8.6302262,frequenz,buero,Lernraum Mathezentrum,,,
node/6348293056,50.1266145,8.6922187,frequenz,buero,Wahlkreisbüro der CDU Nordend,CDU,,
node/6348293066,50.12648,8.693414,frequenz,buero,Wenzel Immobilien & Hausverwaltung,,,
node/6348295486,50.1239999,8.6919323,frequenz,buero,MCM Immobilien & Consulting,,,
node/6349788180,50.1192994,8.6890744,frequenz,buero,Peter Fladung,,,
node/636010860,50.0511717,8.5239907,frequenz,buero,Fortinet Deutschland GmbH,,,
node/6370157895,50.078644,8.6535936,frequenz,buero,Handelsverband Hessen e.V.,,,
node/6389378862,50.1292976,8.695733,frequenz,buero,Schneider & Brauburger OHG,,,
node/6408736163,50.1280344,8.7050436,frequenz,buero,Schumann,,,
node/6438322250,50.1390332,8.6835273,frequenz,buero,Gemeinnützige Straßenbahner Baugenossenschaft Frankfurt am Main eG,,,
node/6440884985,50.1433501,8.5593904,frequenz,buero,Greiner Rechtsanwälte,,,
node/6441431046,50.1195073,8.6401248,frequenz,buero,tempres.de Jobvermittlung,,,
node/6448191275,50.1197347,8.6463917,frequenz,buero,Debeka Servicebüro Bockenheim,Debeka,,
node/6448191766,50.1204474,8.6445832,frequenz,buero,Primodeus Immobilien,,,
node/6455853448,50.1357517,8.5711524,frequenz,buero,secunet,,,
node/6517744074,50.1025067,8.6416698,frequenz,buero,Elternbund Hessen,,,
node/6517744075,50.1206315,8.680086,frequenz,buero,Nath & Quarshie GbR,Allianz,,
node/6535436785,50.1108177,8.6729251,frequenz,buero,McKinsey & Company,McKinsey & Company,,
node/6553278062,50.1179219,8.653918,frequenz,buero,Konfuzius-Institut,,,
node/6577428830,50.1206073,8.6830012,frequenz,buero,Karaouan Übersetzungen,,,
node/6589929885,50.1040759,8.6433973,frequenz,buero,Lohnsteuerhilfeverein Südhessen e.V.,,,
node/660507038,50.0990398,8.6337534,frequenz,buero,Ordnungsamt,,,
node/6657814474,50.1123844,8.6809701,frequenz,buero,citygeist,,,
node/6665879459,50.0789,8.6234332,frequenz,buero,Konsulat des Staates Eritrea,,,
node/6709710713,50.1466693,8.6920108,frequenz,buero,Allianz Ersan Dincer,Allianz,,
node/671198778,50.143954,8.5696064,frequenz,buero,Christoph Samitz Immobilien,,,
node/6726798443,50.1235384,8.6499844,frequenz,buero,GDDA Gamze Dupont Danzel d'Aumont und Partner mbB,,,
node/6727028133,50.169123,8.5872456,frequenz,buero,Bloombox GmbH,,,
node/6735290612,50.1149618,8.6889893,frequenz,buero,Detektiv-Lux Deutschland GmbH,,,
node/674112349,50.1184009,8.6340827,frequenz,buero,Amt für Bau und Immobilien,,,
node/6773837039,50.0824627,8.6272511,frequenz,buero,FVA GmbH,,,
node/6775816902,50.1237053,8.641436,frequenz,buero,Stadtteilbüro Bockenheim,,,
node/6791836036,50.1111533,8.7099535,frequenz,buero,byte5 digital media GmbH,,,
node/6791899363,50.1089423,8.5640939,frequenz,buero,ASG Ffm. - Schwanheim 1960 e.V.,,,
node/6815781370,50.1006381,8.6908847,frequenz,buero,Blinden- und Sehbehindertenbund in Hessen,,,
node/6824780285,50.0527174,8.6554362,frequenz,buero,Apleona HSG,,,
node/683529956,50.1072722,8.7630765,frequenz,buero,Impuls,,,
node/6877429834,50.1197433,8.6503031,frequenz,buero,Sonderforschungsbereich (SFB) 1095,,,
node/691076315,50.1058718,8.7622253,frequenz,buero,Hildegard Mailänder,,,
node/6931877244,50.1312915,8.5686613,frequenz,buero,Huawei,,,
node/6942456778,50.1529056,8.8060275,frequenz,buero,Pfarramt Bischofsheim,,,
node/7035520569,50.1170158,8.6500538,frequenz,buero,MathCityMap,,,
node/7037694960,50.1207676,8.6744146,frequenz,buero,"LKP Laube, Knacker & Partner",,,
node/7063404792,50.1551844,8.8070237,frequenz,buero,Generalagentur Lutz Bayer,Sparkassen Versicherung,,
node/7105004034,50.1675135,8.6339432,frequenz,buero,Sozialrathaus Nord,,,
node/7138580037,50.0558033,8.5885175,frequenz,buero,Kion Group AG,,,
node/7148202604,50.1148051,8.6651631,frequenz,buero,Lloyd Fonds AG,,,
node/715551461,50.1144636,8.6558519,frequenz,buero,Generalkonsulat der Republik Kasachstan,,,
node/715551879,50.1170407,8.6583649,frequenz,buero,Generalkonsulat von Bosnien und Herzegowina,,,
node/7188465182,50.1296947,8.7168028,frequenz,buero,PP Gebäudetechnik,,,
node/7200368786,50.1909867,8.5915433,frequenz,buero,Bauunternehmen Engel,,,
node/7203469840,50.1237313,8.6363699,frequenz,buero,PC & Laptop SO GmbH,,,
node/7222705785,50.1123314,8.6530588,frequenz,buero,Generalkonsulat von Japan,,,
node/7223159395,50.129298,8.7130741,frequenz,buero,ERGO,Ergo,,
node/7254688478,50.1263757,8.7158816,frequenz,buero,Marijana Krnetic,,,
node/7254732662,50.1295564,8.7145132,frequenz,buero,Moch Raumgestaltung,,,
node/7254732664,50.1296187,8.7134671,frequenz,buero,BuWoBa,,,
node/7267115320,50.1114765,8.6760461,frequenz,buero,Berufsfachschule für Kosmetik & Make-up S. Schäfer Famous Face Academy,,,
node/7267118871,50.110137,8.6558831,frequenz,buero,PwC,PwC,,
node/729610544,50.1211434,8.6253433,frequenz,buero,Saladmaster,,,
node/7323743423,50.1485812,8.6165536,frequenz,buero,Allianz,Allianz,,
node/7345620865,50.1221974,8.6812148,frequenz,buero,Gerhard Reiter,,,
node/7390412765,50.0970966,8.4921144,frequenz,buero,Praxis für Ergotherapie Rebekka Zeller,,,
node/7403410853,50.1445238,8.6077286,frequenz,buero,Metz Immobilien,,,
node/7480912080,50.1514198,8.6229546,frequenz,buero,Immobilien & Consulting Thomas Neubauer GmbH & Co,,,
node/7490256795,50.0923679,8.5023784,frequenz,buero,Yvonne Teuber-Lühder,,,
node/7616781928,50.1033413,8.7542139,frequenz,buero,IHK Offenbach am Main,,,
node/7616826789,50.1160205,8.6411494,frequenz,buero,Landesapothekerkammer Hessen,,,
node/7616869715,50.1169217,8.6736846,frequenz,buero,Rechtsanwaltskammer Frankfurt am Main,,,
node/7617726174,50.0810767,8.6256509,frequenz,buero,Landeszahnärztekammer Hessen,,,
node/7674151771,50.1052802,8.6878395,frequenz,buero,Prüfer,,,
node/7700417714,50.0553138,8.5945996,frequenz,buero,Youco24 Vorratsgesellschaften GmbH,,,
node/7736972134,50.1102495,8.7109634,frequenz,buero,Penta Hotels Worldwide GmbH,,,
node/7781807370,50.1254368,8.611908,frequenz,buero,DEVK,DEVK,,
node/7783594645,50.1238505,8.685458,frequenz,buero,Frankfurter Stiftung für Blinde und Sehbehinderte (FSBS),,,
node/7881275915,50.1666357,8.5710291,frequenz,buero,Claudia Fischer,,,
node/7916352938,50.1169213,8.7139473,frequenz,buero,Okapia KG Michael Grzimek & Co,,,
node/7924924351,50.1049248,8.6662472,frequenz,buero,SYNGENIO AG,,,
node/7929333965,50.0981871,8.6966777,frequenz,buero,Westend Bank AG,,,
node/8007951255,50.111553,8.6837553,frequenz,buero,MVB GmbH,,,
node/8007965361,50.1307589,8.5709679,frequenz,buero,Northern Data AG,,,
node/8007989272,50.1240282,8.7433343,frequenz,buero,RTO GmbH,,,
node/8041146236,50.1092964,8.7395806,frequenz,buero,Adacor Hosting GmbH,,,
node/8042911912,50.0922194,8.5793468,frequenz,buero,"Junior, Ibel & Lotz",,,
node/8043656784,50.1130206,8.7554309,frequenz,buero,Stark Deutschland,,,
node/8058888104,50.1315167,8.5169044,frequenz,buero,Airbus Trainings-Center,,,
node/8122089352,50.0171681,8.5910486,frequenz,buero,CP System Strahltechnik GmbH,,,
node/8173653358,50.1088672,8.735874,frequenz,buero,Helaba,,,
node/8224304917,50.1111974,8.752169,frequenz,buero,Baotić Yachting,,,
node/8241346178,50.1725427,8.5815827,frequenz,buero,Spectral Engines GmbH,,,
node/8241346179,50.1727323,8.581839,frequenz,buero,tec5 AG,,,
node/8249695577,50.0959574,8.462242,frequenz,buero,HLB Hessenbus,,,
node/8280358952,50.1112758,8.7480754,frequenz,buero,Levi Strauss Germany GmbH,,,
node/8331249589,50.1282872,8.7179422,frequenz,buero,Medienstudio Bornheim,,,
node/8345811194,50.0988629,8.5383591,frequenz,buero,Provadis,,,
node/8376540109,50.1085833,8.6393561,frequenz,buero,DB Fernverkehr AG,,,
node/8376540111,50.1087046,8.6410881,frequenz,buero,DB Regio AG,,,
node/8403343198,50.132122,8.7435914,frequenz,buero,Goldcliff Stark Patent- und Rechtsanwaltskanzlei,,,
node/8403343199,50.0559268,8.6993756,frequenz,buero,Ingenieurbüro M.Ekiz,,,
node/8443945154,50.1203294,8.6597953,frequenz,buero,Frankfurter Gesellschaft für Handel Industrie und Wissenschaft e.V.,,,
node/8446626985,50.1196999,8.6582463,frequenz,buero,KfW Stiftung,,,
node/8465160010,50.115766,8.6684114,frequenz,buero,Handwerkskammer Frankfurt-Rhein-Main,,,
node/8467283421,50.1092947,8.7391262,frequenz,buero,Fortinet,,,
node/8491644553,50.1255776,8.6397021,frequenz,buero,Frag Henri,,,
node/8493860484,50.1086028,8.6376236,frequenz,buero,Kassenärztliche Vereinigung Hessen,,,
node/8519636007,50.1602849,8.6443611,frequenz,buero,Michael Gehrmann LVM versicherung,,,
node/8568855243,50.1064048,8.7646077,frequenz,buero,MPU Beratung,,,
node/8579254024,50.1080709,8.641453,frequenz,buero,DanNova Immobilien,Allianz,,
node/8595937725,50.1341021,8.765105,frequenz,buero,Frankfurter Tafel e.V. - Büro / Verwaltung / Organisation,,,
node/8607087409,50.028243,8.5547385,frequenz,buero,Condor Technik GmbH,,,
node/8614207439,50.1113526,8.7397692,frequenz,buero,Danfoss,,,
node/864545456,50.0991755,8.7570952,frequenz,buero,Timepartner,,,
node/8656284926,50.0990359,8.5473421,frequenz,buero,Von Poll Immobilien,Von Poll Immobilien,,
node/8656315717,50.0995019,8.5479337,frequenz,buero,Allianz,Allianz,,
node/8660141802,50.0996329,8.5482492,frequenz,buero,SPD Ortsverein Frankfurt-Höchst,SPD,,
node/8660141805,50.0993278,8.5475568,frequenz,buero,Mieterbund Höchster Wohnen e.V.,,,
node/866968896,50.1227895,8.6437954,frequenz,buero,neotares,,,
node/8695970090,50.1008642,8.6694142,frequenz,buero,Incyde,,,
node/8751730179,50.1080948,8.6187096,frequenz,buero,In-der-City-Bus GmbH,,,
node/875512410,50.1074313,8.6606097,frequenz,buero,Regionalverband FrankfurtRheinMain,,,
node/8777315400,50.1207726,8.637514,frequenz,buero,BUND Frankfurt,BUND,,
node/8784289318,50.1122253,8.7188449,frequenz,buero,DE-CIX,,,
node/8785043432,50.0953825,8.6703356,frequenz,buero,Astraia,,,
node/8785043446,50.0923443,8.6659175,frequenz,buero,Frankfurter Sportclub Sachsenhausen Forsthausstrasse e.V.,,,
node/8785043455,50.0944799,8.6675982,frequenz,buero,Landesbetrieb Bau und Immobilien Hessen,,,
node/8785043458,50.0948822,8.6680592,frequenz,buero,Gabriele Jäger,,,
node/8785043475,50.0934487,8.667238,frequenz,buero,Ulrich Acker,,,
node/8788038894,50.1203828,8.6944875,frequenz,buero,,,,
node/8832652227,50.1290508,8.7976356,frequenz,buero,Pfarrbüro katholische Heilig Geist-Gemeinde,,,
node/8914822921,50.124626,8.6935488,frequenz,buero,codemonauts UG (haftungsbeschränkt),,,
node/8916089784,50.106764,8.7564864,frequenz,buero,One Zeitarbeit,,,
node/8931384552,50.0543681,8.5959233,frequenz,buero,HOYA Surgical Optics GmbH - Chirurgiebedarf,,,
node/8947289493,50.1137362,8.6796197,frequenz,buero,FES Servicecenter,,,
node/8952859487,50.1381509,8.5815346,frequenz,buero,Commerzbank Frankfurt,,,
node/8985974762,50.1284551,8.7088554,frequenz,buero,freiraum,,,
node/8988946318,50.1059473,8.7596341,frequenz,buero,Fachdienst Kindertagespflege,,,
node/8998713979,50.1164944,8.6500348,frequenz,buero,Fachschaft Informatik / Student Lounge,,,
node/8999629026,50.1278408,8.6038031,frequenz,buero,DEF-TEC Defense Technology,,,
node/9001954398,50.1049981,8.7668647,frequenz,buero,Honorarkonsul der Gabunischen Republik,,,
node/9019495277,50.1295787,8.7112505,frequenz,buero,Baxter & Baxter Werbeagentur GmbH,,,
node/9038005039,50.2125255,8.649674,frequenz,buero,AGIS GmbH,,,
node/9085550618,50.0839152,8.649551,frequenz,buero,Christofi & Rieger,,,
node/9118462389,50.1086247,8.6609482,frequenz,buero,AGOR AG,,,
node/9160760674,50.1123743,8.7515579,frequenz,buero,rimini,,,
node/9165575062,50.1036527,8.6625155,frequenz,buero,ZYRES digital media systems GmbH,,,
node/9181380482,50.1046878,8.7623699,frequenz,buero,Gheorghe Dobrita Dienstleistung,,,
node/9199482507,50.131261,8.6728661,frequenz,buero,Netzwerk Frankfurt für gemeinschaftliches Wohnen e.V.,,,
node/9223318398,50.1168542,8.6864317,frequenz,buero,Generalkonsulat der Ukraine,,,
node/9223508035,50.0959021,8.6692608,frequenz,buero,Honorarkonsulat von Uruguay,,,
node/9223620931,50.1196642,8.6783518,frequenz,buero,Honorarkonsul der Republik Lettland,,,
node/9223620932,50.0998933,8.6738515,frequenz,buero,Honorarkonsul der Republik Litauen,,,
node/9223620933,50.1123269,8.6722933,frequenz,buero,Australisches Generalkonsulat,,,
node/9225813220,50.1058624,8.6638235,frequenz,buero,DB Fernverkehr AG,,,
node/9244451254,50.111599,8.6599272,frequenz,buero,"JÖRKE von HOLST, Rechtsanwälte",,,
node/9244456060,50.1170531,8.6573703,frequenz,buero,Reichling Corsten,,,
node/9250334047,50.1049479,8.739512,frequenz,buero,Cook Factory,,,
node/9250376172,50.1062079,8.7505762,frequenz,buero,HUK-Coburg,HUK-Coburg,,
node/9260364188,50.114081,8.6868734,frequenz,buero,Deutsche Rentenversicherung,Deutsche Rentenversicherung,,
node/9261016678,50.0553508,8.6883613,frequenz,buero,Schempp Networks | IT-Systemhaus | PC-SPEZIALIST | Internetagentur | Schempp GmbH,,,
node/9300415429,50.1208593,8.6776453,frequenz,buero,Fiess,,,
node/9310423013,50.0786824,8.4785767,frequenz,buero,trendtours Touristik GmbH,,,
node/9310423014,50.0836785,8.6506628,frequenz,buero,"HW BAUFI Finanzgruppe, Büro Frankfurt am Main",,,
node/9310477680,50.0984526,8.7634141,frequenz,buero,DEVK Lutz Nibba,DEVK,,
node/9312207928,50.0841759,8.6289413,frequenz,buero,HUK Coburg,HUK-Coburg,,
node/9322479654,50.1057435,8.6667504,frequenz,buero,"Minol Messtechnik W. Lehmann GmbH & Co. KG,",,,
node/9365453788,50.1036625,8.666619,frequenz,buero,NGG Region Rhein-Main,NGG,,
node/9393266462,50.1069007,8.7910706,frequenz,buero,LTG,,,
node/9414196717,50.1200678,8.566249,frequenz,buero,Gemeindebüro St. Michael,,,
node/9420009305,50.104573,8.7523165,frequenz,buero,Jung Steuerberatungskanzlei,,,
node/9457710848,50.0842474,8.6452074,frequenz,buero,Wohngeno eG,,,
node/9457725890,50.1443406,8.6909356,frequenz,buero,Wohnbaugenossenschaft in Frankfurt am Main eG – WBG FfM,,,
node/9457826007,50.1112136,8.677877,frequenz,buero,Volks- Bau- und Sparverein Frankfurt am Main eG – VBS Frankfurt,,,
node/9458412462,50.1016138,8.7596654,frequenz,buero,Staatsanwaltschaft Darmstadt - Zweigstelle Offenbach am Main,,,
node/9485346534,50.1061846,8.7603943,frequenz,buero,Staatliches Schulamt für den Landkreis Offenbach und die Stadt Offenbach am Main,,,
node/9488031669,50.0240845,8.5837155,frequenz,buero,Bundesamt für Migration und Flüchtlinge - Außenstelle Flughafen Frankfurt,,,
node/9524244932,50.1125097,8.6771052,frequenz,buero,DIErektBERATUNG AG,,,
node/9549209744,50.0249385,8.5738705,frequenz,buero,AF Logistik,,,
node/9568642139,50.1074137,8.7163249,frequenz,buero,Planungsgesellschaft RV-K,,,
node/9574617680,50.1041481,8.555418,frequenz,buero,"Grünflächenamt Frankfurt, Bezirk West",,,
node/9574617681,50.104401,8.5560094,frequenz,buero,"Amt für Straßenbau und Erschließung, Baubezirk West",,,
node/9587686770,50.099697,8.6895491,frequenz,buero,Golden Door Immobilien,,,
node/9594969553,50.1144559,8.6726008,frequenz,buero,Lingua-World Übersetzungsbüro,,,
node/9599477648,50.1025663,8.5558412,frequenz,buero,Jobcenter,Jobcenter,,
node/9643917235,50.049879,8.5414893,frequenz,buero,Mertens Spedition GmbH,,,
node/9798947512,50.1107049,8.6726975,frequenz,buero,towfigh.law,,,
node/9844422806,50.1387164,8.6466481,frequenz,buero,Tanja Groß Steuerberaterin,,,
node/9846854847,50.1791552,8.6353558,frequenz,buero,Pfarrbüro St. Edith Stein,,,
node/9853356450,50.1205928,8.7018115,frequenz,buero,Finanzguru by dwins GmbH,,,
node/9861378408,50.1396604,8.6621758,frequenz,buero,Bürodienstleistung Karin Koch,,,
node/9861401228,50.1458065,8.6457866,frequenz,buero,Frankfurter Detektei e.k.,,,
node/9862161861,50.1053177,8.7601686,frequenz,buero,Flink,,,
node/9865877949,50.1122042,8.7147941,frequenz,buero,NorthRock software GmbH,,,
node/9872900286,50.1410248,8.6672123,frequenz,buero,HoKi Hausverwaltung GmbH,,,
node/9887811824,50.1154075,8.6736648,frequenz,buero,berufundfamilie Service GmbH,,,
node/9887823257,50.1133369,8.6800571,frequenz,buero,Workrepublic,,,
node/9891351462,50.1457193,8.6511649,frequenz,buero,Osteopathie,,,
node/9891601973,50.1453745,8.654143,frequenz,buero,Dipl.-Psych. Ammon Jutt,,,
node/9891613179,50.1470265,8.6565678,frequenz,buero,Dr. phil. Dipl.-Psych. Frank & Roland Deister,,,
node/9891643712,50.1427605,8.6473502,frequenz,buero,Rechtsanwalt Burggraf,,,
node/9891660392,50.146901,8.653498,frequenz,buero,Dr. jur. Gerhardt Horst,,,
node/9891669519,50.1319772,8.6778808,frequenz,buero,Rechtsanwalt Rudolf von Laun,,,
node/9892989497,50.1158234,8.6652704,frequenz,buero,WilmerHale LLP,,,
node/9904455732,50.1421266,8.6542059,frequenz,buero,"Volkening, Dagmar",,,
node/9904476914,50.144108,8.6485283,frequenz,buero,Trauerzentrum Frankfurt,,,
node/9904496531,50.1415464,8.6604832,frequenz,buero,"Manuela Nixdorf, Maklerbüro der FVB",,,
node/9904498092,50.1430583,8.6569039,frequenz,buero,Allianz Büro Ralf Wieland,Allianz,,
node/9904524973,50.1375715,8.65304,frequenz,buero,Silvia Haupt,,,
node/9904534532,50.1461011,8.6653751,frequenz,buero,Olga Parkan,,,
node/9906602804,50.1380489,8.6523091,frequenz,buero,Patrick Martin Georg Hartmann Architekt Dipl.-Ing (FH),,,
node/9944453466,50.1289454,8.614471,frequenz,buero,GEW Hauptvorstand,GEW,,
node/9946068796,50.135978,8.6251214,frequenz,buero,ECE GmbH,,,
node/9994277115,50.1140808,8.6208784,frequenz,buero,Unfallkasse Hessen,,,
node/9994438472,50.0808613,8.6290979,frequenz,buero,Aktivbank,,,
relation/1306137,50.144229,8.6898064,frequenz,buero,Feuer- und Rettungswache 1,,,
relation/15602942,50.0837306,8.6209833,frequenz,buero,Nintendo of Europe,Nintendo,,
relation/16028126,50.2127174,8.6546672,frequenz,buero,Agentur für Arbeit (Arbeitsamt),Agentur für Arbeit,,
relation/18614361,50.0324081,8.6206594,frequenz,buero,Genoverband,,,
relation/2383884,50.1026056,8.7729726,frequenz,buero,Finanzamt Offenbach am Main,,,
relation/9645847,50.1108479,8.6904468,frequenz,buero,Agentur für Arbeit Frankfurt am Main,,,
way/1029304841,50.0561099,8.597401,frequenz,buero,The Move,,,
way/103699682,50.1050208,8.5571341,frequenz,buero,FES Frankfurter Entsorgungs- und Service GmbH,,,
way/103833276,50.0667089,8.6323816,frequenz,buero,StadtForst Revierförsterei 3 Niederrad,,,
way/103989832,50.1457914,8.689505,frequenz,buero,ASB Bezirksverband Frankfurt,Arbeiter Samariter Bund,,
way/104037747,50.102135,8.5509209,frequenz,buero,Ingenieurbüro für Energieoptimierung Dipl. Ing. Jürgen Maurer,,,
way/104416129,50.1040478,8.535631,frequenz,buero,Pfadfinder Unterliederbach Cherusker,,,
way/105178086,50.101528,8.5427511,frequenz,buero,Bürgeramt Höchst,,,
way/10612358,50.1352651,8.6558066,frequenz,buero,Deutsche Telekom,,,
way/110391079,50.1946322,8.6573593,frequenz,buero,HitchHiker GmbH,,,
way/1116374517,50.0954592,8.6952598,frequenz,buero,Ferrero,,,
way/112658569,50.1096008,8.7031589,frequenz,buero,Europäische Zentralbank,,,
way/113839940,50.138761,8.7133396,frequenz,buero,Honorargeneralkonsulat der Republik Sierra Leone,,,
way/1172774412,50.1742612,8.6298226,frequenz,buero,Max-Planck-Institut für Hirnforschung,,,
way/117712104,50.154707,8.7529193,frequenz,buero,Bürgeramt Bergen-Enkheim,,,
way/119501688,50.1036096,8.7041828,frequenz,buero,FIEBIG GmbH,,,
way/128495387,50.1353287,8.6710242,frequenz,buero,Jugend- und Sozialamt,,,
way/135474852,50.1719594,8.7338496,frequenz,buero,IT-Stelle der hessischen Justiz,,,
way/135992538,50.1690943,8.6432255,frequenz,buero,Bilfinger Real Estate GmbH,,,
way/136787735,50.2113377,8.7475461,frequenz,buero,Stadtwerke Bad Vilbel,,,
way/138313522,50.0572304,8.6764621,frequenz,buero,StadtForst Revierförsterei 2 Sachsenhausen,,,
way/145174839,50.0983661,8.6348918,frequenz,buero,DB Energie GmbH,,,
way/145174845,50.0983812,8.6337631,frequenz,buero,DB InfraGO AG,,,
way/148494963,50.1152663,8.711533,frequenz,buero,Generalkonsulat des Königreichs Marokko,,,
way/148642741,50.0986525,8.670722,frequenz,buero,Generalkonsulat der Volksrepublik China,,,
way/150232954,50.0483805,8.5455555,frequenz,buero,Avitrium,,,
way/158536797,50.0516752,8.5800538,frequenz,buero,Fraport AG Zentrale,,,
way/165027024,50.1447978,8.6886661,frequenz,buero,Feuerwehr- und Rettungsdienst Trainingszentrum,,,
way/172261007,50.1055081,8.7640068,frequenz,buero,Stadthaus Offenbach,,,
way/173983435,50.1030265,8.6653896,frequenz,buero,Gewerkschaftshaus,,,
way/174116934,50.1058817,8.6719463,frequenz,buero,"Eisenbahn-Bundesamt, Außenstelle Frankfurt/Saarbrücken, Standort Frankfurt",,,
way/174290401,50.1081773,8.6720535,frequenz,buero,"Stadt Frankfurt am Main, Personal- und Organisationsamt",,,
way/174815779,50.1129388,8.6858769,frequenz,buero,Medienzentrum Frankfurt,,,
way/174984531,50.1142722,8.6917833,frequenz,buero,Gesundheitsamt Frankfurt,,,
way/175130703,50.1167381,8.6830038,frequenz,buero,Konsulat der Kirgisischen Republik,,,
way/189411564,50.1161848,8.782472,frequenz,buero,Kfz-Sachverständiger Bürgel (Kfz-Gutachter),,,
way/191317036,50.1007084,8.7785699,frequenz,buero,Taxi-Ruf Offenbach,,,
way/192364427,50.0443767,8.678376,frequenz,buero,AECOM Deutschland GmbH,,,
way/192473813,50.1234159,8.5895293,frequenz,buero,W.H.Müller GmbH & Co. KG,,,
way/194635102,50.0846406,8.7012095,frequenz,buero,StadtForst Revierförsterei 1 Oberrad,,,
way/200078106,50.0874357,8.7513956,frequenz,buero,United Limousines AG,,,
way/204950800,50.1753351,8.6318475,frequenz,buero,,,,
way/206380627,50.1167581,8.4669009,frequenz,buero,Druckerei Blei und Guba,,,
way/220868562,50.0968849,8.5010269,frequenz,buero,DRK Ortsverein Zeilsheim,Deutsches Rotes Kreuz,,
way/228363353,50.0903122,8.6653821,frequenz,buero,Bundesamt für Kartographie und Geodäsie,,,
way/23169096,50.1030582,8.7478467,frequenz,buero,,,,
way/24021409,50.1034731,8.6597253,frequenz,buero,Finanzamt Frankfurt am Main,,,
way/26781629,50.0817936,8.6323247,frequenz,buero,Regionaldirektion Hessen der Bundesagentur für Arbeit,,,
way/276517780,50.1174642,8.4677467,frequenz,buero,GL-Verleih Arbeitsbühnen,,,
way/28471345,50.1289977,8.6831492,frequenz,buero,Generali,Generali,,
way/28673945,50.1419311,8.65749,frequenz,buero,Deutsche Telekom,,,
way/29033288,50.1530465,8.6606474,frequenz,buero,Von Poll Immobilien,Von Poll Immobilien,,
way/302778801,50.0769576,8.6530954,frequenz,buero,,,,
way/303073215,50.078603,8.5785462,frequenz,buero,StadtForst Revierförsterei 5 Schwanheim,,,
way/35322709,50.1038579,8.675544,frequenz,buero,Deutsche Rentenversicherung Hessen,,,
way/353807390,50.0146134,8.5791004,frequenz,buero,Janneck,,,
way/35916342,50.1392757,8.7757639,frequenz,buero,StadtForst Revierförsterei 6 Fechenheim,,,
way/371635301,50.113119,8.7287973,frequenz,buero,Krüger Internationale Spedition GmbH,,,
way/37803838,50.174557,8.6310775,frequenz,buero,,,,
way/37803839,50.1747618,8.6308524,frequenz,buero,Merz,,,
way/37803840,50.1749839,8.6306332,frequenz,buero,Merz,,,
way/37803844,50.1750952,8.6321486,frequenz,buero,Frankfurter Innvoationszentrum Biotechnologie (FIZ),,,
way/37803845,50.1749189,8.6318202,frequenz,buero,FIZ,,,
way/37803846,50.1747605,8.6314848,frequenz,buero,FIZ ConferenceLab,,,
way/390890686,50.076442,8.6016052,frequenz,buero,StadtForst Revierförsterei 4 Goldstein,,,
way/400490066,50.1315606,8.7456629,frequenz,buero,DAK Gesundheit,DAK Gesundheit,,
way/40221495,50.116562,8.6986559,frequenz,buero,Generalkonsulat der Republik Serbien,,,
way/44606608,50.1240787,8.6847817,frequenz,buero,Musisches Zentrum der FSBS,,,
way/44894872,50.1113754,8.6577969,frequenz,buero,Generalkonsulat der Republik Indien,,,
way/47929694,50.1207194,8.7599191,frequenz,buero,FFR GmbH,,,
way/4794765,50.1345398,8.6607084,frequenz,buero,Deutsche Bundesbank,,,
way/48013133,50.1192013,8.7351346,frequenz,buero,Interxion Office,,,
way/48049579,50.1167203,8.7560582,frequenz,buero,1.91,,,
way/48049585,50.1161713,8.755752,frequenz,buero,1.92,,,
way/48049588,50.1169917,8.7586012,frequenz,buero,3.1,,,
way/48049590,50.1164802,8.7571003,frequenz,buero,1.93,,,
way/48049591,50.1159311,8.7567943,frequenz,buero,1.94,,,
way/5053010,50.1409305,8.6957599,frequenz,buero,Generalkonsulat der Vereinigten Staaten,,,
way/50930481,50.0962835,8.5927809,frequenz,buero,GWR gemeinnützige Gesellschaft für Wiederverwendung und Recycling GmbH,,,
way/52067704,50.168748,8.5853411,frequenz,buero,Hesto Elektronik GmbH,,,
way/52468439,50.1280496,8.6248116,frequenz,buero,THW Regionalstelle Frankfurt am Main,,,
way/53178901,50.1080567,8.6137955,frequenz,buero,Kfz.-Zulassungsstelle,,,
way/53332620,50.1313095,8.559023,frequenz,buero,Boels Rental,,,
way/568783819,50.1310056,8.667425,frequenz,buero,DIPF | Leibniz-Institut für Bildungsforschung und Bildungsinformation,,,
way/575673434,50.1124821,8.7177882,frequenz,buero,medico international e.V.,,,
way/637125638,50.0813354,8.5291566,frequenz,buero,G292,,,
way/690879349,50.1050557,8.7409484,frequenz,buero,AXA Konzern AG,AXA,,
way/82629331,50.1177358,8.6364216,frequenz,buero,Umweltamt Stadt Frankfurt am Main,,,
way/833649115,50.1105043,8.742617,frequenz,buero,VDE-Testlab Batterie und Umwelt,,,
way/84794116,50.1053713,8.5805293,frequenz,buero,Deutsche Telekom,,,
way/85028534,50.1386122,8.7365518,frequenz,buero,"Grandjean, Müller & Kollegen",,,
way/852469558,50.0558341,8.7255978,frequenz,buero,Kinder- und Jugendzirkus Wannabe,,,
way/88875191,50.1287744,8.5943596,frequenz,buero,Continental Engineering Services,,,
way/88875240,50.1307272,8.5923918,frequenz,buero,Kelterei Possmann GmbH & Co. KG,,,
way/89353876,50.1167696,8.7104738,frequenz,buero,Steuerberatungskanzlei Dr. Annette Simmich,,,
way/92907759,50.1801314,8.5972509,frequenz,buero,Gemeindebüro St. Crutzen,,,
way/94102936,50.1927924,8.5937078,frequenz,buero,Schüllerdruck & Lichtpausanstalt,,,
way/95662054,50.0988813,8.6666814,frequenz,buero,Allianz,Allianz,,
way/95744601,50.1109416,8.7117223,frequenz,buero,Lighttower,,,
way/97219351,50.0990789,8.5477,frequenz,buero,Linker Laden Höchst,,,
way/97562955,50.0977189,8.6699426,frequenz,buero,Konsulat von Turkmenistan,,,
way/987936777,50.1141785,8.5451578,frequenz,buero,Doppelpunkt Unterliederbach e.V. (:Uliba),,,
way/999018984,50.0940603,8.6673139,frequenz,buero,Türkisches Generalkonsulat,,,
way/999033570,50.0992768,8.6732806,frequenz,buero,Generalkonsulat der Sozialistischen Republik Vietnam,,,
way/999049336,50.1116665,8.6630388,frequenz,buero,Generalkonsulat der Republik Irak,,,
node/10004867560,50.0804586,8.7428152,frequenz,bus,Buchrainweiher,,,
node/10004867562,50.080132,8.742251,frequenz,bus,Buchrainweiher,,,
node/1012483631,50.0982569,8.7330943,frequenz,bus,Grazer Weg,,,
node/1012483634,50.0975386,8.7245024,frequenz,bus,Buchrainstraße,,,
node/1012483651,50.0975657,8.7277725,frequenz,bus,Melanchthonplatz,,,
node/1012483654,50.0962011,8.7188091,frequenz,bus,Hansenweg,,,
node/1012483659,50.0967781,8.7215864,frequenz,bus,Mathildenstraße,,,
node/1012483664,50.0998819,8.7240283,frequenz,bus,Buchrainplatz,,,
node/1012483667,50.0937126,8.7318282,frequenz,bus,Waldfriedhof Oberrad,,,
node/1012483672,50.0997976,8.7367634,frequenz,bus,Wiener Straße,,,
node/1012483682,50.0962071,8.7162128,frequenz,bus,Goldbergweg,,,
node/1012483688,50.0970149,8.7247427,frequenz,bus,Buchrainstraße,,,
node/1012483701,50.0944448,8.725385,frequenz,bus,Burgenlandweg,,,
node/1012483705,50.0984508,8.714789,frequenz,bus,Georg-Treser-Straße,,,
node/1012483707,50.0979605,8.7306875,frequenz,bus,Schafheckstraße,,,
node/1012483713,50.0945618,8.725085,frequenz,bus,Burgenlandweg,,,
node/10166871084,50.1128738,8.7014274,frequenz,bus,Zobelstraße,,,
node/10218340827,50.2003867,8.669951,frequenz,bus,Warteposition,,,
node/10220461179,50.0234762,8.5501542,frequenz,bus,Flughafen Gebäude 520,,,
node/10240836004,50.0220911,8.5625021,frequenz,bus,Flughafen Gebäude 544,,,
node/10240836005,50.0223019,8.5637481,frequenz,bus,Flughafen Gebäude 544,,,
node/10263481848,50.1460238,8.7492652,frequenz,bus,Voltenseestraße,,,
node/10263481849,50.1456328,8.7497205,frequenz,bus,Voltenseestraße,,,
node/10311604854,50.1240348,8.6063654,frequenz,bus,Rödelheim Bahnhof,,,
node/1036250941,50.2222085,8.6667908,frequenz,bus,Homburger Straße,,,
node/1036250973,50.2179157,8.6553903,frequenz,bus,Albin-Göhring-Halle,,,
node/1036250978,50.2191267,8.6493316,frequenz,bus,Hessengärten,,,
node/1036250982,50.2186667,8.6528689,frequenz,bus,Pfarrbornweg,,,
node/1036250999,50.2282307,8.6720681,frequenz,bus,Am Nußgrund,,,
node/1036251032,50.2252273,8.6767882,frequenz,bus,Spessartstraße,,,
node/1036251040,50.2201128,8.6460976,frequenz,bus,Holzhäuser Straße,,,
node/1036251044,50.2192116,8.6488376,frequenz,bus,Hessengärten,,,
node/1036251049,50.2200788,8.645762,frequenz,bus,Holzhäuser Straße,,,
node/1036251057,50.2189168,8.6521599,frequenz,bus,Pfarrbornweg,,,
node/1038595028,50.1072605,8.7647767,frequenz,bus,Schloßstraße,,,
node/10731411595,50.101683,8.6906754,frequenz,bus,Lokalbahnhof,,,
node/1083707611,50.1460523,8.7921939,frequenz,bus,Taunusstraße,,,
node/1083707730,50.150682,8.8018467,frequenz,bus,Plättenweide,,,
node/1083707825,50.1469622,8.7960027,frequenz,bus,Turnhalle,,,
node/1083707854,50.1379952,8.7756072,frequenz,bus,Roter Graben,,,
node/1083707969,50.1520272,8.804791,frequenz,bus,Mitte,,,
node/1083708004,50.1504696,8.8018365,frequenz,bus,Plättenweide,,,
node/1083708208,50.1521968,8.8031673,frequenz,bus,Mitte,,,
node/1083708256,50.1381002,8.7764206,frequenz,bus,Roter Graben,,,
node/1085704300,50.1532395,8.8095444,frequenz,bus,Kleeblatt,,,
node/11097724982,50.1058259,8.6644819,frequenz,bus,Hauptbahnhof Südseite,,,
node/11174964837,50.0578262,8.5962781,frequenz,bus,Gateway Gardens Nord,,,
node/11189913663,50.1199645,8.6524705,frequenz,bus,Bockenheimer Warte,,,
node/11210712311,50.0797037,8.6541256,frequenz,bus,Oberforsthaus,,,
node/11238545585,50.1203101,8.6512904,frequenz,bus,Bockenheimer Warte,,,
node/1125567670,50.1278258,8.6011892,frequenz,bus,Wolf-Heidenheim-Straße,,,
node/1125567672,50.1276504,8.6013856,frequenz,bus,Wolf-Heidenheim-Straße,,,
node/11255909119,50.1014552,8.6283097,frequenz,bus,Rebstöcker Straße,,,
node/11255909120,50.1017006,8.629121,frequenz,bus,Rebstöcker Straße,,,
node/1130974281,50.1207031,8.7046988,frequenz,bus,Habsburger-/Wittelsbacherallee,,,
node/11369384851,50.1021529,8.6907408,frequenz,bus,Lokalbahnhof,,,
node/11369525446,50.1683241,8.6870393,frequenz,bus,Am Neuenberg,,,
node/11403705348,50.1393774,8.6982201,frequenz,bus,Friedberger Warte,,,
node/11403705349,50.1398033,8.6985544,frequenz,bus,Friedberger Warte,,,
node/11404870130,50.2077811,8.7038057,frequenz,bus,Im Fuchsloch,,,
node/11409638183,50.2122619,8.6525072,frequenz,bus,Atzelnest/Südcampus,,,
node/11410756248,50.0907464,8.6051428,frequenz,bus,Jungmannstraße,,,
node/1143845381,50.1525312,8.6909039,frequenz,bus,Kreuzstraße,,,
node/1143845382,50.1523108,8.6910346,frequenz,bus,Kreuzstraße,,,
node/1143852899,50.1544704,8.6914358,frequenz,bus,Weilbrunnstraße,,,
node/1143856872,50.1479707,8.6919251,frequenz,bus,Theobald-Ziegler-Straße,,,
node/1154351436,50.1126479,8.667857,frequenz,bus,Taunusanlage,,,
node/1157448601,50.1448408,8.706214,frequenz,bus,Unfallklinik,,,
node/1164011454,50.1047256,8.6434425,frequenz,bus,Haus Gallus,,,
node/1164011459,50.1050191,8.6438894,frequenz,bus,Haus Gallus,,,
node/11663246890,50.1568153,8.6565299,frequenz,bus,Weißer Stein,,,
node/11663284247,50.1706484,8.6766102,frequenz,bus,Frankfurter Berg Bahnhof,,,
node/1166986146,50.0963324,8.5713689,frequenz,bus,Dürkheimer Straße,,,
node/11695025110,50.1143556,8.6876522,frequenz,bus,Konstablerwache,,,
node/117088412,50.0979939,8.6836934,frequenz,bus,Südbahnhof/Schweizer Straße,,,
node/11781231213,50.1240876,8.7625837,frequenz,bus,Max-Eyth-Straße,,,
node/11781231215,50.1263893,8.7644733,frequenz,bus,Jakobsbrunnenstraße,,,
node/11950404533,50.048086,8.5568107,frequenz,bus,Lufthansa Aviation Center,,,
node/11950404534,50.048235,8.5561888,frequenz,bus,Lufthansa Aviation Center,,,
node/1200874974,50.1361383,8.6542084,frequenz,bus,Europaturm,,,
node/1200875031,50.1362803,8.6529232,frequenz,bus,Europaturm,,,
node/12079571145,50.1319951,8.5687584,frequenz,bus,Rahmannstraße,,,
node/12125489301,50.0412195,8.5364939,frequenz,bus,,,,
node/12125489308,50.0406253,8.5367886,frequenz,bus,,,,
node/12125489309,50.0435559,8.5415764,frequenz,bus,,,,
node/1212556130,50.0841336,8.6983952,frequenz,bus,Hainer Weg,,,
node/12132147159,50.1010641,8.4979525,frequenz,bus,Siedlung Taunusblick,,,
node/12133412106,50.074142,8.5177185,frequenz,bus,Mockstädter Straße,,,
node/12133412107,50.0738689,8.5175785,frequenz,bus,Mockstädter Straße,,,
node/12182701274,50.0991884,8.7506064,frequenz,bus,,,,
node/12206933318,50.0847472,8.6980012,frequenz,bus,Hainer Weg,,,
node/12207537125,50.1116886,8.7050497,frequenz,bus,Ostbahnhof/Sonnemannstraße,,,
node/12230001142,50.0417838,8.535025,frequenz,bus,Flughafen Tor 25,,,
node/12230001143,50.0417715,8.535637,frequenz,bus,Flughafen Tor 25,,,
node/12230001144,50.0407705,8.5331274,frequenz,bus,Flughafen Tor 26,,,
node/12230001145,50.0405131,8.5319127,frequenz,bus,Flughafen Tor 26,,,
node/12330567745,50.1618106,8.6490854,frequenz,bus,Heddernheim,,,
node/12330567749,50.1614751,8.6495467,frequenz,bus,Heddernheim,,,
node/12408854656,50.1179055,8.7015494,frequenz,bus,Waldschmidtstraße,,,
node/12408854657,50.1184202,8.7017081,frequenz,bus,Waldschmidtstraße,,,
node/12421241443,50.2128353,8.6553232,frequenz,bus,Ober-Eschbacher-Straße,,,
node/12421241444,50.2135451,8.6548183,frequenz,bus,Ober-Eschbacher-Straße,,,
node/12430380739,50.1021656,8.777431,frequenz,bus,Hebestraße,,,
node/12430380741,50.1024146,8.7783346,frequenz,bus,Hebestraße,,,
node/12431357263,50.1212264,8.7510355,frequenz,bus,Carl-Benz-Straße Nord,,,
node/12435650243,50.1050367,8.662129,frequenz,bus,Hauptbahnhof/Fernbusterminal,,,
node/12435788162,50.1363053,8.6460726,frequenz,bus,Markus-Krankenhaus,,,
node/12446968237,50.0945977,8.5341571,frequenz,bus,C770,,,
node/12446968238,50.0975268,8.5351611,frequenz,bus,B799,,,
node/12507776056,50.1381547,8.6703727,frequenz,bus,Dornbusch,,,
node/12507776060,50.1391497,8.6705176,frequenz,bus,Dornbusch,,,
node/12511129245,50.1122107,8.7139764,frequenz,bus,Osthafenplatz,,,
node/12511129246,50.1119121,8.7136772,frequenz,bus,Osthafenplatz,,,
node/12511151604,50.1141218,8.7195487,frequenz,bus,Schwedlerstraße,,,
node/12511151605,50.1137923,8.7191519,frequenz,bus,Schwedlerstraße,,,
node/12511689599,50.1069257,8.6659767,frequenz,bus,Hauptbahnhof/Münchener Straße,,,
node/12511693401,50.1069829,8.6666973,frequenz,bus,Hauptbahnhof/Münchener Straße,,,
node/12567656131,50.1298979,8.7170215,frequenz,bus,Buchwaldstraße,,,
node/12569260295,50.0577929,8.5385224,frequenz,bus,Baugéstraße,,,
node/12569414596,50.0626177,8.5292655,frequenz,bus,Bahnhof,,,
node/12569414599,50.0628014,8.5293414,frequenz,bus,Bahnhof,,,
node/12569414600,50.0636625,8.5290285,frequenz,bus,Bahnhof,,,
node/12569416101,50.0647419,8.5287008,frequenz,bus,Bahnhof,,,
node/12631152300,50.147276,8.7631845,frequenz,bus,Riedschule,,,
node/12688143669,50.0995834,8.6259743,frequenz,bus,Schulbus,,,
node/12757221819,50.0831264,8.6810639,frequenz,bus,Lerchesberg,,,
node/1275774971,50.1004002,8.692255,frequenz,bus,Wendelsplatz,,,
node/12762184371,50.0994161,8.6845506,frequenz,bus,Südbahnhof,,,
node/12803011492,50.099941,8.6858377,frequenz,bus,Südbahnhof,,,
node/12803070731,50.0998624,8.6855011,frequenz,bus,Südbahnhof,,,
node/12803070740,50.1002311,8.6856332,frequenz,bus,Südbahnhof,,,
node/12803070741,50.1000995,8.6852744,frequenz,bus,Südbahnhof,,,
node/12803737105,50.1053369,8.6456314,frequenz,bus,Hellerhofstraße,,,
node/12842422726,50.1090033,8.6740393,frequenz,bus,Willy-Brandt-Platz,,,
node/1284623469,50.0846872,8.6982703,frequenz,bus,Hainer Weg,,,
node/1289165998,50.0975174,8.6064694,frequenz,bus,Platanenstraße,,,
node/1289165999,50.09781,8.6063392,frequenz,bus,Platanenstraße,,,
node/1289166755,50.1063348,8.6011834,frequenz,bus,Lindenhag,,,
node/1289222816,50.0927877,8.6963504,frequenz,bus,Schweinfurter Weg,,,
node/1289222818,50.0979817,8.6935457,frequenz,bus,Henninger Turm,,,
node/1289222825,50.0894749,8.7065442,frequenz,bus,Anton-Burger-Weg,,,
node/1289222828,50.0954641,8.6960684,frequenz,bus,Wertheimer Straße,,,
node/1289222837,50.0943074,8.7004807,frequenz,bus,Am Sandberg,,,
node/1289222839,50.0932569,8.6961647,frequenz,bus,Schweinfurter Weg,,,
node/1289222843,50.0885934,8.700019,frequenz,bus,Hasselhorstweg,,,
node/1289222847,50.0884257,8.6967435,frequenz,bus,Bergkirche,,,
node/1289222861,50.0958356,8.7025077,frequenz,bus,Seehofpark,,,
node/1290038709,50.1033391,8.5714261,frequenz,bus,Nied Bahnhof/Friedhof,,,
node/1290038710,50.1033324,8.5710082,frequenz,bus,Nied Bahnhof/Friedhof,,,
node/12903517343,50.028585,8.5839706,frequenz,bus,,,,
node/13042862565,50.1294779,8.6295039,frequenz,bus,Industriehof,,,
node/13042862567,50.1290799,8.6294919,frequenz,bus,Industriehof,,,
node/13042862569,50.1286915,8.6293946,frequenz,bus,Industriehof,,,
node/13043301881,50.0864032,8.6417274,frequenz,bus,Odenwaldstraße,,,
node/13043301882,50.0865609,8.6424322,frequenz,bus,Odenwaldstraße,,,
node/13043342929,50.0835145,8.6511936,frequenz,bus,DFB-Campus,,,
node/13043342932,50.0830695,8.6513222,frequenz,bus,DFB-Campus,,,
node/13043756851,50.1031127,8.5523237,frequenz,bus,Zuckschwerdtstraße,,,
node/13078656569,50.0930239,8.4543904,frequenz,bus,Am Stegskreuz,,,
node/13095072615,50.1011486,8.6811371,frequenz,bus,Schwanthalerstraße,,,
node/13095072616,50.1008441,8.6816078,frequenz,bus,Schwanthalerstraße,,,
node/1323317577,50.2055364,8.7066676,frequenz,bus,Niedereschbacher Straße,,,
node/13250552295,50.0990054,8.6836463,frequenz,bus,Südbahnhof,,,
node/13287133835,50.0982573,8.6836631,frequenz,bus,Südbahnhof/Schweizer Straße,,,
node/13288041550,50.0964784,8.6839777,frequenz,bus,Schweizer Straße/Mörfelder Landstraße,,,
node/13288367431,50.0953548,8.6813891,frequenz,bus,Oppenheimer Landstraße,,,
node/13288367432,50.094851,8.6806439,frequenz,bus,Oppenheimer Landstraße,,,
node/13321302673,50.1031509,8.6792291,frequenz,bus,Schweizer-/Gartenstraße,,,
node/13321302674,50.1031548,8.6798128,frequenz,bus,Schweizer-/Gartenstraße,,,
node/13321536072,50.1198324,8.4991156,frequenz,bus,Auf den Gänsewiesen,,,
node/13321536074,50.1190592,8.5022253,frequenz,bus,Zum Augraben,,,
node/1337041668,50.1441494,8.5792025,frequenz,bus,Gewerbegebiert Ost/Niederurseler Allee,,,
node/1337043509,50.1415086,8.5730743,frequenz,bus,Rathaus,,,
node/1337045170,50.1435439,8.5696174,frequenz,bus,Eschenplatz,,,
node/1337045171,50.1432796,8.5689947,frequenz,bus,Eschenplatz,,,
node/1337047528,50.1422559,8.5650911,frequenz,bus,Schwalbacher Straße,,,
node/1337049234,50.1439767,8.5622932,frequenz,bus,Bahnhofstraße,,,
node/13378898502,50.0572819,8.5970662,frequenz,bus,Gateway Gardens,,,
node/13391423555,50.0280361,8.586714,frequenz,bus,Flughafen Parkhaus P60,,,
node/13391423558,50.0277983,8.5807189,frequenz,bus,Flughafen Terminal 3,,,
node/13391423559,50.0276305,8.5804387,frequenz,bus,Flughafen Terminal 3,,,
node/13391471284,50.0564603,8.5955056,frequenz,bus,Gateway Gardens,,,
node/13391486129,50.0523943,8.5993814,frequenz,bus,Flughafen Gebäude 116,,,
node/1343190069,50.148025,8.7989915,frequenz,bus,Hochstraße,,,
node/1347268451,50.0866282,8.6916965,frequenz,bus,Sachsenhäuser Warte,,,
node/1347287834,50.0967011,8.6910812,frequenz,bus,Darmstädter Landstraße Mitte,,,
node/1347287836,50.0971825,8.6908446,frequenz,bus,Darmstädter Landstraße Mitte,,,
node/13503081504,50.0498776,8.5396771,frequenz,bus,Elsterweg,,,
node/13521439734,50.1929456,8.7834178,frequenz,bus,Gronau Am Feldbach,,,
node/13524312808,50.1548978,8.7171339,frequenz,bus,Heiligenstock/Lohrberg,,,
node/13524312809,50.1553319,8.7181801,frequenz,bus,Heiligenstock/Lohrberg,,,
node/1354974487,50.1293924,8.6698667,frequenz,bus,Max-Horkheimer-Straße,,,
node/1356490384,50.1947082,8.6481765,frequenz,bus,Frischezentrum,,,
node/13589547373,50.1636603,8.6353649,frequenz,bus,,,,
node/13640648830,50.1932259,8.7788072,frequenz,bus,Vilbeler Straße,,,
node/1366432847,50.1904889,8.6592124,frequenz,bus,Ben-Gurion-Ring West,,,
node/1366432848,50.191382,8.6572063,frequenz,bus,Genfer Straße,,,
node/1366808437,50.168946,8.7285488,frequenz,bus,Alte Frankfurter Straße,,,
node/13684981351,50.0504121,8.6501091,frequenz,bus,Parkobello Shuttle,,,
node/13739980103,50.1741305,8.6711522,frequenz,bus,Mohnblumenstraße (Ersatz-Haltestelle),,,
node/13739980104,50.1711703,8.6742468,frequenz,bus,Mohnblumenstraße (Ersatz-Haltestelle,,,
node/13771450901,50.0487107,8.545382,frequenz,bus,Personalbus,,,
node/13786651757,50.0517833,8.5294342,frequenz,bus,Platzhirsch Shuttle,,,
node/13796003177,50.0279755,8.5810168,frequenz,bus,Flughafen Terminal 3,,,
node/13796003178,50.0274672,8.5801538,frequenz,bus,Flughafen Terminal 3,,,
node/13796003179,50.0272667,8.5798261,frequenz,bus,Flughafen Terminal 3,,,
node/13807128351,50.0236575,8.5380643,frequenz,bus,,,,
node/13909319025,50.0946143,8.6711947,frequenz,bus,Stresemannallee,,,
node/13966342263,50.1277756,8.6711121,frequenz,bus,Bremer Straße,,,
node/13966387943,50.1306415,8.6686755,frequenz,bus,Miquel-/Hansaallee,,,
node/1396882339,50.1408414,8.5686489,frequenz,bus,Grüner Weg,,,
node/1400336428,50.1060639,8.6400044,frequenz,bus,Hellerhofschule,,,
node/1400336446,50.1059453,8.6393048,frequenz,bus,Hellerhofschule,,,
node/14027194354,50.0291664,8.5829616,frequenz,bus,Flughafen Terminal 3,,,
node/14054277416,50.0941596,8.6141637,frequenz,bus,Erzbergerstraße,,,
node/14065739545,50.0531317,8.5697315,frequenz,bus,Flughafen Fernbahnhof - Ersatzverkehr,,,
node/14185817955,50.0124793,8.5859133,frequenz,bus,Wohnpark Ost,,,
node/1419395782,50.0511277,8.5701014,frequenz,bus,Flughafen Terminal 1,,,
node/1419395785,50.0512307,8.5705202,frequenz,bus,Flughafen Terminal 1,,,
node/1419395789,50.0513344,8.5709413,frequenz,bus,Flughafen Terminal 1,,,
node/1420073933,50.0514393,8.5713684,frequenz,bus,Flughafen Terminal 1,,,
node/1437758919,50.1250928,8.6108518,frequenz,bus,Radilostraße,,,
node/1437810337,50.1253522,8.6379746,frequenz,bus,Kirchplatz,,,
node/1438208129,50.1422514,8.7228097,frequenz,bus,Atzelberg Ost,,,
node/1438208131,50.1391914,8.7203381,frequenz,bus,Hufeland-Haus,,,
node/1438208132,50.1395874,8.7209872,frequenz,bus,Hufeland-Haus,,,
node/1438208139,50.1314633,8.7097327,frequenz,bus,Weidenbornstraße,,,
node/1438208140,50.1315186,8.7100626,frequenz,bus,Weidenbornstraße,,,
node/1438212917,50.1419813,8.7195406,frequenz,bus,Atzelberg Mitte,,,
node/1438212922,50.140598,8.7192754,frequenz,bus,Atzelberg West,,,
node/1448144685,50.1514005,8.7625723,frequenz,bus,Riedbad,,,
node/1455056252,50.1893027,8.6389585,frequenz,bus,Rathaus Kalbach,,,
node/1460381726,50.1832329,8.6677444,frequenz,bus,Haus Nidda,,,
node/1461099832,50.109745,8.6246489,frequenz,bus,Messeparkhaus Rebstock,,,
node/1486036342,50.1737421,8.7381352,frequenz,bus,Ritterweiher,,,
node/1492531778,50.1651498,8.7245945,frequenz,bus,Stadtgrenze/Schneekoppenweg,,,
node/1505722436,50.1934569,8.659636,frequenz,bus,Berner Straße,,,
node/1505722439,50.1903106,8.6665582,frequenz,bus,Konrad-Duden-Weg,,,
node/1505748963,50.129178,8.6922007,frequenz,bus,Nibelungenplatz (UAS),,,
node/1505751202,50.1389636,8.6849438,frequenz,bus,Neuer Jüdischer Friedhof,,,
node/1505751205,50.1394316,8.6844932,frequenz,bus,Neuer Jüdischer Friedhof,,,
node/1506254472,50.1836115,8.6649775,frequenz,bus,Bonameser Hainstraße,,,
node/1506254478,50.20057,8.6714356,frequenz,bus,Michael-Grzimek-Schule,,,
node/1506513510,50.1883991,8.6306162,frequenz,bus,Hopfenbrunnen,,,
node/1506776967,50.1119261,8.6198566,frequenz,bus,,,,
node/1507093064,50.1973542,8.6662141,frequenz,bus,An der Bornhohl,,,
node/1507093071,50.1830945,8.6630749,frequenz,bus,Bonameser Hainstraße,,,
node/1507093073,50.2006595,8.6743766,frequenz,bus,Glockengasse,,,
node/1507093078,50.1826806,8.6565582,frequenz,bus,Kalbach,,,
node/1507093084,50.1828669,8.6563657,frequenz,bus,Kalbach,,,
node/1507093085,50.2016963,8.6677731,frequenz,bus,Otto-Hahn-Schule,,,
node/1507093086,50.1885254,8.6584606,frequenz,bus,Seniorenwohnanlage Bügel,,,
node/1507093087,50.1866967,8.6498708,frequenz,bus,Sportzentrum Kalbach,,,
node/1507093089,50.1996554,8.6650415,frequenz,bus,Wilhelm-Flögel-Ring,,,
node/1508731676,50.1848984,8.6603882,frequenz,bus,Ben-Gurion-Ring Süd,,,
node/1508731697,50.1850321,8.659955,frequenz,bus,Ben-Gurion-Ring Süd,,,
node/1508731727,50.1786934,8.6339424,frequenz,bus,Riedberg,,,
node/1508731728,50.1791027,8.6339967,frequenz,bus,Riedberg,,,
node/1508731738,50.1891231,8.6647855,frequenz,bus,Ärztehaus Am Bügel,,,
node/1508731739,50.188986,8.6645345,frequenz,bus,Ärztehaus Am Bügel,,,
node/1508741178,50.1854363,8.6464719,frequenz,bus,Alte Riedbergstraße,,,
node/1508741194,50.1891892,8.6393243,frequenz,bus,Rathaus Kalbach,,,
node/1508741199,50.1880702,8.6345675,frequenz,bus,Am Weißkirchener Berg,,,
node/1508741201,50.1915348,8.6620209,frequenz,bus,Ben-Gurion-Ring Nord,,,
node/1508741206,50.1917747,8.6614955,frequenz,bus,Ben-Gurion-Ring Nord,,,
node/1508741212,50.1930278,8.6623396,frequenz,bus,Berner Straße/Ben-Gurion-Ring,,,
node/1508741213,50.1866191,8.6615882,frequenz,bus,Homburger Hohl,,,
node/1508741216,50.1990697,8.6707807,frequenz,bus,Nieder-Eschbach (U),,,
node/1508741218,50.1618217,8.6401437,frequenz,bus,Oberschelder Weg,,,
node/1508741227,50.1620018,8.6399851,frequenz,bus,Oberschelder Weg,,,
node/1508741255,50.1882106,8.6422712,frequenz,bus,Schule Kalbach,,,
node/1508741262,50.1885727,8.6319712,frequenz,bus,Schwalbenweg,,,
node/1508790117,50.1642288,8.6637917,frequenz,bus,Am Gabelacker,,,
node/1508790122,50.156887,8.6658218,frequenz,bus,Eleonore-Sterling-Straße,,,
node/1508790126,50.1667067,8.6736123,frequenz,bus,Fliederweg,,,
node/1508790129,50.1683944,8.6847948,frequenz,bus,Heinrich- Plett-Straße,,,
node/1508790130,50.1551024,8.6631534,frequenz,bus,Hinter den Ulmen,,,
node/1508790134,50.1554408,8.6629756,frequenz,bus,Hinter den Ulmen,,,
node/1508790138,50.1581856,8.6598905,frequenz,bus,Im Wörth,,,
node/1508790142,50.1625609,8.6614382,frequenz,bus,Im Geeren,,,
node/1508790154,50.1659558,8.6692701,frequenz,bus,Rotdornweg,,,
node/1508790159,50.1676066,8.6783406,frequenz,bus,Siedlung Frankfurter Berg,,,
node/1508824303,50.1722696,8.7334757,frequenz,bus,Amtsgericht,,,
node/1508824304,50.1788624,8.7467252,frequenz,bus,Auf dem Niederberg,,,
node/1508824306,50.1765679,8.7411305,frequenz,bus,Rechthienstraße,,,
node/1510377873,50.1845568,8.6963145,frequenz,bus,Am Eschbachtal,,,
node/1510377876,50.1951695,8.7051124,frequenz,bus,Erlenhof,,,
node/1510377896,50.1831398,8.6731381,frequenz,bus,Harheimer Weg,,,
node/1510377906,50.2018626,8.6768229,frequenz,bus,Heinrich-Becker-Straße,,,
node/1510377913,50.2000019,8.7077721,frequenz,bus,Hohe Brück,,,
node/1510377929,50.190716,8.7006325,frequenz,bus,Lindenhof,,,
node/1510377931,50.1909065,8.7006348,frequenz,bus,Lindenhof,,,
node/1510377934,50.1827456,8.6927225,frequenz,bus,Rathaus Harheim,,,
node/1510377954,50.1830061,8.6926132,frequenz,bus,Rathaus Harheim,,,
node/1510377958,50.2032738,8.7090344,frequenz,bus,Rathaus Nieder-Erlenbach,,,
node/1510377962,50.2001248,8.6954937,frequenz,bus,Taunusblick,,,
node/1510377966,50.1893865,8.6996649,frequenz,bus,Tempelhof,,,
node/1510377987,50.1899919,8.6999873,frequenz,bus,Tempelhof,,,
node/1512853014,50.1118997,8.7045496,frequenz,bus,Ostbahnhof/Sonnemannstraße,,,
node/1514322807,50.1132492,8.7077769,frequenz,bus,Ostbahnhof/Danziger Platz,,,
node/1514365044,50.1140133,8.7079599,frequenz,bus,Ostbahnhof/Danziger Platz,,,
node/1515267963,50.1197813,8.7049401,frequenz,bus,Habsburger-/Wittelsbacherallee,,,
node/1515972347,50.1618946,8.7237133,frequenz,bus,Parkfriedhof Heiligenstock,,,
node/1515972349,50.1621517,8.7237504,frequenz,bus,Parkfriedhof Heiligenstock,,,
node/1517129340,50.1426187,8.7554767,frequenz,bus,Enkheim [U],,,
node/1517129341,50.1222959,8.7107659,frequenz,bus,Freiligrathstraße,,,
node/1517129348,50.1222652,8.7098687,frequenz,bus,Freiligrathstraße,,,
node/1517129353,50.1201983,8.7058982,frequenz,bus,Habsburger-/Wittelsbacherallee,,,
node/1517129356,50.1200896,8.7038029,frequenz,bus,Habsburger-/Wittelsbacherallee,,,
node/1517129357,50.1281208,8.7270092,frequenz,bus,Johanna-Tesch-Platz,,,
node/1517129364,50.1312135,8.7345947,frequenz,bus,Schäfflestraße,,,
node/1518737007,50.1317645,8.6711915,frequenz,bus,Miquel-/Adickesallee,,,
node/1520849571,50.1043396,8.5378874,frequenz,bus,Peter-Bied-Straße,,,
node/1521766570,50.1904996,8.753548,frequenz,bus,Dottenfelder Hof,,,
node/1523250039,50.1581214,8.6332511,frequenz,bus,Nordwestzentrum,,,
node/1523250050,50.1583433,8.6340278,frequenz,bus,Nordwestzentrum,,,
node/1523267934,50.1985176,8.6701911,frequenz,bus,Nieder-Eschbach (U),,,
node/1523841218,50.1511473,8.7424192,frequenz,bus,Vilbeler Landstraße,,,
node/1523846995,50.1331571,8.7615021,frequenz,bus,Fuldaer Straße,,,
node/1523847004,50.1332156,8.7608973,frequenz,bus,Fuldaer Straße,,,
node/1524429562,50.116941,8.6530553,frequenz,bus,Senckenbergmuseum,,,
node/1530083351,50.1458207,8.7063401,frequenz,bus,Unfallklinik/B3,,,
node/1530104544,50.1446487,8.7057947,frequenz,bus,Unfallklinik,,,
node/1535524296,50.1053787,8.7361944,frequenz,bus,Kaiserlei Westseite,,,
node/1536786325,50.1047903,8.6257724,frequenz,bus,Eppenhainer Straße,,,
node/1536786331,50.1057265,8.6347976,frequenz,bus,Paul-Hindemith-Schule,,,
node/1536786336,50.1058648,8.6350415,frequenz,bus,Paul-Hindemith-Schule,,,
node/1536786338,50.1045602,8.6223342,frequenz,bus,Schloßborner Straße,,,
node/1536786341,50.1052394,8.6299281,frequenz,bus,Schneidhainer Straße,,,
node/1536786344,50.1053161,8.6293754,frequenz,bus,Schneidhainer Straße,,,
node/1538550683,50.0621298,8.7357405,frequenz,bus,Autobahnmeisterei,,,
node/1538550684,50.0622375,8.7353219,frequenz,bus,Autobahnmeisterei,,,
node/1538550687,50.0668358,8.7323823,frequenz,bus,Forsthaus Geißfeld,,,
node/1538550688,50.0670139,8.7321245,frequenz,bus,Forsthaus Geißfeld,,,
node/1539129904,50.0484564,8.7068642,frequenz,bus,Am Trieb,,,
node/1539129919,50.0527701,8.6951382,frequenz,bus,Bahnhofstraße/Fußgängerzone,,,
node/1539129920,50.0511056,8.6951815,frequenz,bus,Friedrichstraße,,,
node/1539129934,50.0485524,8.712779,frequenz,bus,Gewerbegebiet Ost,,,
node/1539129938,50.0488056,8.7128295,frequenz,bus,Gewerbegebiet Ost,,,
node/1539129958,50.0482763,8.7022396,frequenz,bus,Herzogstraße,,,
node/1539129965,50.0596894,8.6952918,frequenz,bus,Neu-Isenburg Stadtgrenze,,,
node/1539129969,50.0600062,8.6950469,frequenz,bus,Neu-Isenburg Stadtgrenze,,,
node/1539149259,50.0497839,8.7009162,frequenz,bus,Isenburgzentrum Ost,,,
node/1539149270,50.050147,8.7008303,frequenz,bus,Isenburgzentrum Ost,,,
node/1539538116,50.0530866,8.6752801,frequenz,bus,Alicestraße,,,
node/1539538120,50.0532232,8.6765071,frequenz,bus,Alicestraße,,,
node/1539538128,50.0533188,8.6660837,frequenz,bus,Bahnhof Ostseite,,,
node/1539538146,50.0535861,8.6660009,frequenz,bus,Bahnhof Ostseite,,,
node/1539538150,50.0364883,8.6060909,frequenz,bus,Bahnhof,,,
node/1539538153,50.0500394,8.6690581,frequenz,bus,Christian-Stock-Straße,,,
node/1539538157,50.0505248,8.669749,frequenz,bus,Christian-Stock-Straße,,,
node/1539538160,50.0519693,8.7134127,frequenz,bus,Engwaad,,,
node/1539538168,50.0532098,8.6559306,frequenz,bus,Gehespitz Mitte,,,
node/1539538171,50.0533061,8.6550802,frequenz,bus,Gehespitz Mitte,,,
node/1539538173,50.0503053,8.6473545,frequenz,bus,Gehespitz West,,,
node/1539538176,50.050796,8.6473215,frequenz,bus,Gehespitz West,,,
node/1539538179,50.0531121,8.6814189,frequenz,bus,Goethestraße,,,
node/1539538181,50.0532027,8.6802777,frequenz,bus,Goethestraße,,,
node/1539538190,50.0515587,8.6906913,frequenz,bus,Brüder-Grimm-Schule,,,
node/1539538194,50.0520283,8.6886013,frequenz,bus,Hugenottenallee,,,
node/1539538197,50.0521381,8.6888345,frequenz,bus,Hugenottenallee,,,
node/1539538205,50.0479783,8.6962458,frequenz,bus,Isenburgzentrum Süd,,,
node/1539538208,50.0481629,8.6970937,frequenz,bus,Isenburgzentrum Süd,,,
node/1539538212,50.0477028,8.6951346,frequenz,bus,Isenburgzentrum West,,,
node/1539538221,50.0485338,8.6954446,frequenz,bus,Isenburgzentrum West,,,
node/1539538227,50.0526138,8.6643406,frequenz,bus,Bahnhof Westseite,,,
node/1539538242,50.0515365,8.6857361,frequenz,bus,Taunusstraße,,,
node/1539538250,50.0516507,8.685356,frequenz,bus,Taunusstraße,,,
node/1539549752,50.0501627,8.7194648,frequenz,bus,B 46 / Brücke,,,
node/1539549756,50.0502901,8.7197459,frequenz,bus,B 46 / Brücke,,,
node/1539549759,50.0573254,8.7251933,frequenz,bus,Orplid,,,
node/1539562860,50.045508,8.6769151,frequenz,bus,Siemens-/Dornhofstraße,,,
node/1539562861,50.0465178,8.6764328,frequenz,bus,Siemens-/Dornhofstraße,,,
node/1541279793,50.0558503,8.6726223,frequenz,bus,Forsthaus Tannenwald,,,
node/1541279798,50.0559109,8.672068,frequenz,bus,Forsthaus Tannenwald,,,
node/1541279823,50.0557474,8.6887972,frequenz,bus,Rathaus,,,
node/1541279846,50.0551272,8.688507,frequenz,bus,Rathaus,,,
node/1541470333,50.1562016,8.6945261,frequenz,bus,Gundelandstraße,,,
node/1541470443,50.1564032,8.6976857,frequenz,bus,Wiesenhüttenstift,,,
node/1541501875,50.1328049,8.6952682,frequenz,bus,Münzenberger Straße,,,
node/1541501880,50.135197,8.6963127,frequenz,bus,Wasserpark,,,
node/1542641917,50.0999047,8.7656246,frequenz,bus,Bahnüberführung Waldstraße,,,
node/1542641937,50.1000805,8.7659371,frequenz,bus,Bahnüberführung Waldstraße,,,
node/1542641941,50.1007578,8.7661764,frequenz,bus,Bahnüberführung Waldstraße,,,
node/1542641947,50.0832701,8.7445944,frequenz,bus,Bert-Brecht-Straße,,,
node/1542641953,50.0840445,8.7455725,frequenz,bus,Bert-Brecht-Straße,,,
node/1542641979,50.0804659,8.7457847,frequenz,bus,Caritas/Buchrainweiher,,,
node/1542641985,50.0927643,8.7519257,frequenz,bus,Dickstraße,,,
node/1542642012,50.093334,8.7525389,frequenz,bus,Dickstraße,,,
node/1542642029,50.0953617,8.768262,frequenz,bus,Friedrichsring,,,
node/1542642061,50.095296,8.7679134,frequenz,bus,Friedrichsring,,,
node/1542642111,50.0961287,8.7570215,frequenz,bus,Klinikum Offenbach,,,
node/1542642123,50.0962349,8.7560673,frequenz,bus,Klinikum Offenbach,,,
node/1542642134,50.0959466,8.7545832,frequenz,bus,Klinikum Offenbach West,,,
node/1542642169,50.0857197,8.7465529,frequenz,bus,Merianstraße,,,
node/1542642177,50.0859359,8.7469065,frequenz,bus,Merianstraße,,,
node/1542642205,50.0899152,8.7499666,frequenz,bus,Odenwaldring,,,
node/1542642215,50.0908663,8.7503603,frequenz,bus,Odenwaldring,,,
node/1542642221,50.0909839,8.7511724,frequenz,bus,Odenwaldring,,,
node/1542642230,50.0909892,8.7519468,frequenz,bus,Odenwaldring,,,
node/1542642248,50.0836256,8.7480547,frequenz,bus,Schumannstraße,,,
node/1542642253,50.0840664,8.7478608,frequenz,bus,Schumannstraße,,,
node/1542642295,50.1042189,8.7665053,frequenz,bus,Wilhelmsplatz,,,
node/1545590985,50.1239374,8.5716755,frequenz,bus,Carl-Sonnenschein-Straße,,,
node/1545598301,50.1094302,8.7951167,frequenz,bus,Danziger Straße,,,
node/1545598304,50.1094118,8.7957056,frequenz,bus,Danziger Straße,,,
node/1545612257,50.1049977,8.7780708,frequenz,bus,Alter Friedhof,,,
node/1545612259,50.1052286,8.7779682,frequenz,bus,Alter Friedhof,,,
node/1545612265,50.1042249,8.7745026,frequenz,bus,Mathildenplatz,,,
node/1545612266,50.1043682,8.7733533,frequenz,bus,Mathildenplatz,,,
node/1545612267,50.1078623,8.7909399,frequenz,bus,Rohrmühle,,,
node/1545612273,50.1079366,8.7917651,frequenz,bus,Rohrmühle,,,
node/1545691619,50.0533023,8.5843835,frequenz,bus,Hugo-Eckener-Ring,,,
node/1545771941,50.0334991,8.5916253,frequenz,bus,Elly-Beinhorn-Straße,,,
node/1545841438,50.0326841,8.6197577,frequenz,bus,Wilhelm-Haas-Platz,,,
node/1546415232,50.0454199,8.6820514,frequenz,bus,Dornhofstraße,,,
node/1546998514,50.1668547,8.7262122,frequenz,bus,Iglauer Weg,,,
node/1547641837,50.1008781,8.6745704,frequenz,bus,Otto-Hahn-Platz,,,
node/1547702611,50.1048301,8.7181841,frequenz,bus,Rudererdorf,,,
node/1547702622,50.1050249,8.7180193,frequenz,bus,Rudererdorf,,,
node/1547753289,50.1051819,8.7238855,frequenz,bus,Gerbermühle,,,
node/1547753292,50.1055066,8.7240643,frequenz,bus,Gerbermühle,,,
node/1547753302,50.1053967,8.7410894,frequenz,bus,S-Bahn Kaiserlei Ostseite,,,
node/1547753306,50.1054954,8.7400978,frequenz,bus,S-Bahn Kaiserlei Ostseite,,,
node/1547814842,50.1028531,8.6644704,frequenz,bus,Baseler Platz,,,
node/1547917113,50.1036202,8.6969914,frequenz,bus,Heister-/Seehofstraße,,,
node/1547917120,50.1040279,8.6953658,frequenz,bus,Heister-/Siemensstraße,,,
node/1548446271,50.1163248,8.7611159,frequenz,bus,Carl-Benz-Straße Süd,,,
node/1548446281,50.1062738,8.7613626,frequenz,bus,Rathaus,,,
node/1548446283,50.1202443,8.7539664,frequenz,bus,Robert-Bosch-Straße,,,
node/1548446284,50.1183599,8.7580763,frequenz,bus,Siemens-Werk,,,
node/1548446286,50.1090084,8.7556606,frequenz,bus,Theater/Messehallen,,,
node/1548446287,50.1098538,8.7567568,frequenz,bus,Theater/Messehallen,,,
node/1548446288,50.1098713,8.7571221,frequenz,bus,Theater/Messehallen,,,
node/1548478403,50.1350749,8.7632996,frequenz,bus,Birsteiner Straße,,,
node/1548478404,50.1357644,8.7649552,frequenz,bus,Birsteiner Straße,,,
node/1548478409,50.1413529,8.734685,frequenz,bus,Gelastraße,,,
node/1548478412,50.1383192,8.7372676,frequenz,bus,Gwinnerstraße Mitte,,,
node/1548478415,50.1390496,8.7368302,frequenz,bus,Gwinnerstraße Mitte,,,
node/1548478416,50.1340783,8.7409682,frequenz,bus,Gwinnerstraße,,,
node/1548478418,50.13265,8.7535288,frequenz,bus,Langenselbolder Straße,,,
node/1548478420,50.1327223,8.7529958,frequenz,bus,Langenselbolder Straße,,,
node/1548478423,50.132304,8.7488717,frequenz,bus,Lauterbacher Straße,,,
node/1548478424,50.1323615,8.7485309,frequenz,bus,Lauterbacher Straße,,,
node/1548478425,50.1437907,8.7322757,frequenz,bus,Leonhardsgasse,,,
node/1548478428,50.1440039,8.7319408,frequenz,bus,Leonhardsgasse,,,
node/1548478430,50.1331181,8.7664482,frequenz,bus,Mainkur Bahnhof,,,
node/1548478433,50.1341189,8.7639601,frequenz,bus,Meerholzer Straße,,,
node/1548478435,50.1320422,8.7444027,frequenz,bus,Schlitzer Straße,,,
node/1548478437,50.1329414,8.7577001,frequenz,bus,Steinauer Straße,,,
node/1548514403,50.1285884,8.7676199,frequenz,bus,Alt-Fechenheim,,,
node/1548514404,50.1248133,8.7680694,frequenz,bus,Baumertstraße,,,
node/1548514405,50.1255916,8.7687347,frequenz,bus,Baumertstraße,,,
node/1548514407,50.1173162,8.7705675,frequenz,bus,Bürgeler Straße,,,
node/1548514408,50.1178153,8.7707045,frequenz,bus,Bürgeler Straße,,,
node/1548514409,50.1198131,8.7718171,frequenz,bus,Einbiglerweg,,,
node/1548514410,50.1203533,8.7722908,frequenz,bus,Einbiglerweg,,,
node/1548514412,50.1199891,8.7724855,frequenz,bus,Friedhof Fechenheim,,,
node/1548514416,50.1209059,8.7713008,frequenz,bus,Schießhüttenstraße,,,
node/1548514417,50.1215571,8.7720726,frequenz,bus,Schießhüttenstraße,,,
node/1548514418,50.1153386,8.7688206,frequenz,bus,Starkenburger Straße,,,
node/1548517860,50.1410344,8.7538611,frequenz,bus,Am Hessen-Center,,,
node/1548517862,50.1453172,8.7547727,frequenz,bus,Trieb-/Barbarossastraße,,,
node/1548530555,50.1522097,8.7486232,frequenz,bus,Am Rebenborn,,,
node/1548530557,50.1506109,8.7503595,frequenz,bus,Friedhof Enkheim,,,
node/1548530559,50.1550088,8.7505877,frequenz,bus,Marktstraße/Landgraben,,,
node/1548530562,50.1555649,8.7496518,frequenz,bus,Marktstraße/Landgraben,,,
node/1548530564,50.15581,8.7494559,frequenz,bus,Marktstraße/Landgraben,,,
node/1548530565,50.1571441,8.7485105,frequenz,bus,Nordring/Landgraben,,,
node/1548530566,50.1575402,8.7484029,frequenz,bus,Nordring/Landgraben,,,
node/1548555439,50.1217722,8.7694764,frequenz,bus,Pfortenstraße,,,
node/1548555446,50.1222243,8.7696997,frequenz,bus,Pfortenstraße,,,
node/1548571692,50.1571636,8.7673846,frequenz,bus,Bergen Ost,,,
node/1548571693,50.1573706,8.7683468,frequenz,bus,Bergen Ost,,,
node/1548571695,50.1240494,8.7657033,frequenz,bus,Bodenseestraße,,,
node/1548571696,50.1243433,8.7647298,frequenz,bus,Bodenseestraße,,,
node/1548571698,50.1260661,8.7651674,frequenz,bus,Jakobsbrunnenstraße,,,
node/1548571699,50.1263584,8.7649948,frequenz,bus,Jakobsbrunnenstraße,,,
node/1548571702,50.1243608,8.7619844,frequenz,bus,Max-Eyth-Straße,,,
node/1548571703,50.1221148,8.766828,frequenz,bus,Mittelseestraße,,,
node/1548571705,50.1223363,8.7669251,frequenz,bus,Mittelseestraße,,,
node/1548571707,50.1186687,8.7737009,frequenz,bus,Mühlheimer Straße,,,
node/1549111043,50.0884898,8.7544727,frequenz,bus,August-Bebel-Schule,,,
node/1549111063,50.0894739,8.7646371,frequenz,bus,Brüder-Grimm-Straße,,,
node/1549111067,50.0896996,8.7645552,frequenz,bus,Brüder-Grimm-Straße,,,
node/1549111138,50.0931726,8.7619822,frequenz,bus,Haydnstraße,,,
node/1549111144,50.0941404,8.7622106,frequenz,bus,Haydnstraße,,,
node/1549111224,50.0892084,8.7612986,frequenz,bus,Ring-Center,,,
node/1549111225,50.0892962,8.7598345,frequenz,bus,Ring-Center,,,
node/1549111234,50.0901306,8.76275,frequenz,bus,Senefelderstraße,,,
node/1549159577,50.1020418,8.7460578,frequenz,bus,August-Bebel-Ring,,,
node/1549159579,50.102458,8.7455374,frequenz,bus,August-Bebel-Ring,,,
node/1549159581,50.1025664,8.7496087,frequenz,bus,Deutscher Wetterdienst,,,
node/1549159582,50.1027281,8.7498225,frequenz,bus,Deutscher Wetterdienst,,,
node/1549159584,50.1051056,8.7588543,frequenz,bus,Kaiserstraße,,,
node/1549159586,50.1055104,8.7583773,frequenz,bus,Kaiserstraße,,,
node/1549159588,50.1038913,8.7544735,frequenz,bus,Ludwigstraße/Ledermuseum,,,
node/1549159589,50.1036816,8.75428,frequenz,bus,Ludwigstraße/Ledermuseum,,,
node/1549159592,50.1048292,8.7439711,frequenz,bus,Max-Willner-Platz,,,
node/1549159593,50.1049965,8.7445998,frequenz,bus,Max-Willner-Platz,,,
node/1550004350,50.1089301,8.7451102,frequenz,bus,Andréstraße,,,
node/1550004359,50.1083187,8.7343459,frequenz,bus,Fachackerweg,,,
node/1550004361,50.1083197,8.7338328,frequenz,bus,Fachackerweg,,,
node/1550004372,50.1016986,8.7776551,frequenz,bus,Bahnüberführung Bieberer Straße,,,
node/1550004375,50.1019752,8.7773238,frequenz,bus,Bahnüberführung Bieberer Straße,,,
node/1550004376,50.1261903,8.7082338,frequenz,bus,Bornheim Mitte,,,
node/1550004382,50.1265274,8.7078349,frequenz,bus,Bornheim Mitte,,,
node/1550004387,50.1238032,8.7166146,frequenz,bus,Eissporthalle/Festplatz,,,
node/1550004389,50.1073632,8.7446048,frequenz,bus,Goethering,,,
node/1550004393,50.1086945,8.7432643,frequenz,bus,Goethering,,,
node/1550004396,50.0996839,8.7846166,frequenz,bus,Grenzstraße,,,
node/1550004399,50.099956,8.7833254,frequenz,bus,Grenzstraße,,,
node/1550004419,50.1080164,8.7489329,frequenz,bus,Lilistraße,,,
node/1550004421,50.1084622,8.7517329,frequenz,bus,Ludwigstraße,,,
node/1550004423,50.1096134,8.7495186,frequenz,bus,Ludwigstraße,,,
node/1550004433,50.1283976,8.7068399,frequenz,bus,Prüfling,,,
node/1550004435,50.1285489,8.7071272,frequenz,bus,Prüfling,,,
node/1550004441,50.1286259,8.7062683,frequenz,bus,Prüfling,,,
node/1550004453,50.1099855,8.751977,frequenz,bus,Taunusstraße,,,
node/1550020283,50.0987845,8.784773,frequenz,bus,Feuerwache,,,
node/1550020287,50.0965615,8.7833829,frequenz,bus,Ketteler Krankenhaus,,,
node/1550020289,50.0970492,8.7834309,frequenz,bus,Ketteler Krankenhaus,,,
node/1550020290,50.0974734,8.7769683,frequenz,bus,Landgrafenring,,,
node/1550020300,50.0976817,8.7766519,frequenz,bus,Landgrafenring,,,
node/1550020301,50.0964077,8.780373,frequenz,bus,Lichtenplattenweg,,,
node/1550020313,50.1056368,8.7853218,frequenz,bus,Mühlheimer Straße,,,
node/1550020316,50.1026674,8.7841694,frequenz,bus,Ostbahnhof,,,
node/1550020319,50.1027253,8.7845596,frequenz,bus,Ostbahnhof,,,
node/1550038004,50.1030866,8.7732848,frequenz,bus,Finanzamt,,,
node/1550038005,50.1033632,8.7727006,frequenz,bus,Finanzamt,,,
node/1550038007,50.1096484,8.7393501,frequenz,bus,Kaiserleistraße,,,
node/1550038008,50.1096943,8.7404061,frequenz,bus,Kaiserleistraße,,,
node/1550048499,50.1155875,8.7838324,frequenz,bus,Alicestraße,,,
node/1550048502,50.1155449,8.7834297,frequenz,bus,Alicestraße,,,
node/1550048503,50.0929481,8.7460573,frequenz,bus,Buchrainweg,,,
node/1550048504,50.093646,8.7457631,frequenz,bus,Buchrainweg,,,
node/1550048505,50.1126885,8.7855171,frequenz,bus,Kettelerstraße,,,
node/1550048507,50.112785,8.7852211,frequenz,bus,Kettelerstraße,,,
node/1550048510,50.1083254,8.7867715,frequenz,bus,Kettelerstraße/Aldi,,,
node/1550048512,50.0875004,8.7634926,frequenz,bus,Schreberstraße,,,
node/1550048514,50.087835,8.7634625,frequenz,bus,Schreberstraße,,,
node/1550074719,50.1215928,8.7882958,frequenz,bus,Arendsstraße,,,
node/1550074721,50.121703,8.7886935,frequenz,bus,Arendsstraße,,,
node/1550074730,50.1263235,8.7934604,frequenz,bus,Ernst-Reuter-Schule,,,
node/1550074735,50.1236531,8.7897625,frequenz,bus,Hans-Böckler-Siedlung,,,
node/1550074736,50.1244652,8.7910714,frequenz,bus,Hans-Böckler-Siedlung,,,
node/1550074738,50.1193554,8.7850461,frequenz,bus,Hessenstraße,,,
node/1550074743,50.1194797,8.7855959,frequenz,bus,Hessenstraße,,,
node/1550074751,50.1293174,8.7969379,frequenz,bus,Kurhessenplatz,,,
node/1550074757,50.1297587,8.7976733,frequenz,bus,Kurhessenplatz,,,
node/1550074758,50.1281624,8.7954774,frequenz,bus,Kurhessenstraße,,,
node/1550074761,50.1283847,8.7959707,frequenz,bus,Kurhessenstraße,,,
node/1550086480,50.1178175,8.7834576,frequenz,bus,Bürgerplatz,,,
node/1550086481,50.1315302,8.7996616,frequenz,bus,Marstallstraße,,,
node/1550086482,50.1317259,8.800081,frequenz,bus,Marstallstraße,,,
node/1550125641,50.1075558,8.7749615,frequenz,bus,Diakoniezentrum,,,
node/1550125644,50.113098,8.7827547,frequenz,bus,Bildstockstraße,,,
node/1550125656,50.1084256,8.7771248,frequenz,bus,Hafenbahn,,,
node/1550125658,50.1069601,8.7688959,frequenz,bus,Mainpark,,,
node/1550161915,50.0960174,8.7729795,frequenz,bus,Seniorenzentrum,,,
node/1550183596,50.1009506,8.7750187,frequenz,bus,Blücherstraße,,,
node/1550183600,50.1019016,8.7598722,frequenz,bus,Justizzentrum,,,
node/1550183607,50.1021434,8.7734817,frequenz,bus,Kasernenstraße,,,
node/1550183615,50.1003833,8.7712515,frequenz,bus,Tempelseestraße,,,
node/1550183616,50.1017039,8.7711667,frequenz,bus,Tempelseestraße,,,
node/1550221673,50.0948041,8.7592916,frequenz,bus,Arndtstraße,,,
node/1550221681,50.0949379,8.7596464,frequenz,bus,Arndtstraße,,,
node/1550221691,50.0923935,8.7562159,frequenz,bus,Beethovenschule,,,
node/1550221693,50.0924045,8.7567451,frequenz,bus,Beethovenschule,,,
node/1550221712,50.0985755,8.7547599,frequenz,bus,Tulpenhofstraße,,,
node/1550221715,50.0988359,8.7553951,frequenz,bus,Tulpenhofstraße,,,
node/1550230389,50.0959271,8.7750717,frequenz,bus,Elisabethenstraße,,,
node/1557988977,50.13922,8.565315,frequenz,bus,Zeilsheimer Weg,,,
node/1565503358,50.0548931,8.5956052,frequenz,bus,Gateway Gardens Mitte,,,
node/1568386862,50.136192,8.7018969,frequenz,bus,Friedhof Bornheim,,,
node/1568386889,50.1335107,8.7058616,frequenz,bus,Comeniusstraße,,,
node/1568386895,50.1335425,8.7061686,frequenz,bus,Comeniusstraße,,,
node/1568971653,50.1417866,8.6824862,frequenz,bus,Eckenheimer Landstraße/Marbachweg,,,
node/1568971669,50.1440291,8.6938119,frequenz,bus,Homburger Landstraße/Marbachweg,,,
node/1568971681,50.1442801,8.6933533,frequenz,bus,Homburger Landstraße/Marbachweg,,,
node/1568971772,50.1309841,8.7054098,frequenz,bus,Usinger Straße,,,
node/1568971778,50.1313197,8.705653,frequenz,bus,Usinger Straße,,,
node/1568971791,50.1423745,8.6969998,frequenz,bus,Wetzlarer Straße,,,
node/1568971798,50.1427051,8.6962754,frequenz,bus,Wetzlarer Straße,,,
node/1568978681,50.1406992,8.6776992,frequenz,bus,Kaiser-Sigmund-Straße,,,
node/1568978684,50.1407099,8.6780441,frequenz,bus,Kaiser-Sigmund-Straße,,,
node/1569003742,50.1390299,8.67148,frequenz,bus,Dornbusch,,,
node/1569035785,50.1362145,8.6602243,frequenz,bus,Deutsche Bundesbank,,,
node/1569035790,50.1363773,8.6597181,frequenz,bus,Deutsche Bundesbank,,,
node/1569035798,50.138352,8.669748,frequenz,bus,Dornbusch,,,
node/1569035799,50.1361879,8.6644416,frequenz,bus,Platenstraße,,,
node/1569035800,50.1362979,8.6637684,frequenz,bus,Platenstraße,,,
node/1569088799,50.1307066,8.6449942,frequenz,bus,Universitätssportanlagen,,,
node/1569088803,50.1308438,8.6453723,frequenz,bus,Universitätssportanlagen,,,
node/1569149943,50.1251628,8.6375926,frequenz,bus,Kirchplatz,,,
node/1569149952,50.1240717,8.6364581,frequenz,bus,Schönhof,,,
node/1569296164,50.1316665,8.6184605,frequenz,bus,Hausener Weg,,,
node/1569296168,50.1135832,8.6271119,frequenz,bus,Leonardo-da-Vinci-Allee,,,
node/1569296180,50.100516,8.6166019,frequenz,bus,Mönchhofstraße,,,
node/1569296182,50.1005873,8.6172921,frequenz,bus,Mönchhofstraße,,,
node/1569296220,50.113577,8.6192931,frequenz,bus,Rebstockbad,,,
node/1569296235,50.1138709,8.6197513,frequenz,bus,Rebstockbad,,,
node/1569296239,50.1281926,8.6152783,frequenz,bus,Reifenberger Straße/Sozialzentrum,,,
node/1569296243,50.1283984,8.6154079,frequenz,bus,Reifenberger Straße/Sozialzentrum,,,
node/1569296260,50.1075828,8.618438,frequenz,bus,Römerhof,,,
node/1569296270,50.10361,8.6182932,frequenz,bus,Schmidtstraße,,,
node/1569296293,50.1038963,8.6179886,frequenz,bus,Schmidtstraße,,,
node/1569452333,50.1008613,8.6224688,frequenz,bus,Wickerer Straße,,,
node/1570933004,50.1000284,8.6596495,frequenz,bus,Zanderstraße,,,
node/1570933008,50.100047,8.6586702,frequenz,bus,Zanderstraße,,,
node/1580431100,50.1265536,8.6724687,frequenz,bus,Holzhausenstraße,,,
node/1580431101,50.1265553,8.6733187,frequenz,bus,Holzhausenstraße,,,
node/1582323784,50.0590461,8.5195667,frequenz,bus,Graf-de-Chardonnet-Platz,,,
node/1582323786,50.0595143,8.5205476,frequenz,bus,Graf-de-Chardonnet-Platz,,,
node/1582348037,50.0550979,8.514891,frequenz,bus,Mainhöhe,,,
node/1582348039,50.0554878,8.5149786,frequenz,bus,Mainhöhe,,,
node/1586670761,50.1194261,8.6427402,frequenz,bus,Adalbert-/Schloßstraße,,,
node/1586670762,50.1208274,8.640496,frequenz,bus,Kurfürstenplatz,,,
node/1586670763,50.1208473,8.6400788,frequenz,bus,Kurfürstenplatz,,,
node/1586670764,50.1234585,8.6362437,frequenz,bus,Schönhof,,,
node/1588740571,50.0846486,8.6725537,frequenz,bus,Gablonzer Straße,,,
node/1588740572,50.0847817,8.6720323,frequenz,bus,Gablonzer Straße,,,
node/1588740573,50.0868203,8.6715233,frequenz,bus,Karlsbader Straße,,,
node/1588740577,50.0832675,8.6793631,frequenz,bus,Lerchesbergring,,,
node/1588740578,50.0832959,8.6786829,frequenz,bus,Lerchesbergring,,,
node/1588740579,50.088999,8.6713876,frequenz,bus,Stresemannallee/Mörfelder Landstraße,,,
node/1598878823,50.0607089,8.5327442,frequenz,bus,Rathaus,,,
node/1598878831,50.0606794,8.5331112,frequenz,bus,Rathaus,,,
node/1599930681,50.0989484,8.6695876,frequenz,bus,Friedensbrücke,,,
node/1613357269,50.2260778,8.6792029,frequenz,bus,Erlenbach-Halle,,,
node/1614510932,50.21711,8.6472978,frequenz,bus,Lindenstraße,,,
node/1637817617,50.2222906,8.6815168,frequenz,bus,Holzweg,,,
node/1637904312,50.1062526,8.5808822,frequenz,bus,Heusingerstraße,,,
node/1637904313,50.1061404,8.5801804,frequenz,bus,Heusingerstraße,,,
node/1637918102,50.1040334,8.5733723,frequenz,bus,Nidda-Kampfbahn,,,
node/1637918103,50.1048886,8.5759662,frequenz,bus,Nidda-Kampfbahn,,,
node/1637937432,50.1005072,8.5646135,frequenz,bus,Nied Brücke,,,
node/1637937454,50.1021122,8.5683188,frequenz,bus,Nied Bahnhof/Lotzstraße,,,
node/1638714328,50.0810786,8.5444053,frequenz,bus,Industriepark Höchst Tor Süd,,,
node/1638974800,50.0846814,8.5512098,frequenz,bus,Industriepark Höchst Tor K801,,,
node/1643074240,50.0902479,8.5526102,frequenz,bus,Industriepark Höchst Tor H831,,,
node/1643986232,50.1250863,8.7121537,frequenz,bus,Saalburg-/Wittelsbacherallee,,,
node/1644358035,50.02299,8.5718659,frequenz,bus,Flughafen Gebäude 555,,,
node/1644358037,50.0244141,8.5837853,frequenz,bus,Flughafen Gebäude 587,,,
node/1649025669,50.1259367,8.7160469,frequenz,bus,Ernst-May-Platz,,,
node/1649025707,50.1277902,8.7185278,frequenz,bus,Löwengasse,,,
node/1649025729,50.1283379,8.7167474,frequenz,bus,Löwengasse,,,
node/1656553657,50.1767445,8.7268373,frequenz,bus,Berkersheimer Weg,,,
node/1656553680,50.1738839,8.7257872,frequenz,bus,Berliner Straße II,,,
node/1656553696,50.1760964,8.7245748,frequenz,bus,Brunnenschule,,,
node/1657451554,50.2248281,8.681756,frequenz,bus,Ahlweg,,,
node/1657899168,50.1345623,8.7118343,frequenz,bus,Seckbacher Landstraße,,,
node/1657899178,50.1347272,8.7120603,frequenz,bus,Seckbacher Landstraße,,,
node/1659010484,50.1149247,8.7636633,frequenz,bus,Dieburger Straße,,,
node/1663129613,50.2278215,8.6780533,frequenz,bus,Oleanderweg,,,
node/1663149243,50.2278201,8.6746216,frequenz,bus,Kastanienstraße,,,
node/1675761836,50.111267,8.7093172,frequenz,bus,Ostbahnhof/Honsellstraße,,,
node/1675761843,50.1114411,8.7092351,frequenz,bus,Ostbahnhof/Honsellstraße,,,
node/1684769125,50.0998222,8.6363602,frequenz,bus,Galluspark,,,
node/1684769127,50.1002453,8.6371177,frequenz,bus,Galluspark,,,
node/1685676049,50.0965216,8.6109584,frequenz,bus,Am Mühlgewann,,,
node/1685676087,50.0966259,8.6105091,frequenz,bus,Am Mühlgewann,,,
node/1685676106,50.0971859,8.6304111,frequenz,bus,Kleyerstraße,,,
node/1685710916,50.0952618,8.6066395,frequenz,bus,Griesheim Bahnhof/Eichenstraße,,,
node/1685748300,50.0965065,8.5983226,frequenz,bus,Elektronstraße,,,
node/1685852368,50.0948276,8.6249093,frequenz,bus,Friedrich-Ebert-Siedlung,,,
node/1696659149,50.1009557,8.6032525,frequenz,bus,Bingelsweg,,,
node/1696659150,50.1034442,8.602611,frequenz,bus,Heinrich-Hardt-Straße,,,
node/1699194007,50.094636,8.459041,frequenz,bus,In den Nassen,,,
node/1699203057,50.0959059,8.4613848,frequenz,bus,Rhein-Main-Therme,,,
node/1699203059,50.1031438,8.4688668,frequenz,bus,Auf der Sandkaul,,,
node/1702575683,50.0911876,8.6071473,frequenz,bus,Alte Falterstraße,,,
node/1704136986,50.0868598,8.4688192,frequenz,bus,Weingartenschule,,,
node/1711392517,50.0963138,8.4617166,frequenz,bus,Rhein-Main-Therme,,,
node/1716602456,50.0984434,8.5868397,frequenz,bus,Lärchenstraße,,,
node/1777255788,50.1091794,8.7240479,frequenz,bus,Hafenmühlenweg,,,
node/1777255789,50.1094231,8.7245263,frequenz,bus,Hafenmühlenweg,,,
node/1777255790,50.108143,8.7205634,frequenz,bus,Mühlenwerke,,,
node/1777255791,50.1078788,8.7193514,frequenz,bus,Mühlenwerke,,,
node/1777255792,50.1071806,8.7141918,frequenz,bus,Schmickstraße,,,
node/1777255793,50.1072435,8.715075,frequenz,bus,Schmickstraße,,,
node/1777255795,50.1101659,8.7273357,frequenz,bus,Staustufe Ost,,,
node/1777255796,50.1100576,8.7266879,frequenz,bus,Staustufe Ost,,,
node/1781001228,50.1208491,8.6654418,frequenz,bus,Altkönigstraße,,,
node/1781001256,50.1181746,8.6631005,frequenz,bus,Westend,,,
node/1781001259,50.1173962,8.6658581,frequenz,bus,Wöhlerstraße,,,
node/1781544606,50.1168566,8.6673908,frequenz,bus,Niedenau,,,
node/1781544607,50.1178765,8.6838265,frequenz,bus,Peterskirche,,,
node/1781544609,50.1231539,8.6656405,frequenz,bus,August-Siebert-Straße,,,
node/1786354919,50.1410749,8.7236781,frequenz,bus,Altebornstraße,,,
node/1786354920,50.1408976,8.7234771,frequenz,bus,Altebornstraße,,,
node/1787581265,50.1438311,8.7262343,frequenz,bus,Zentgrafenschule,,,
node/1787581266,50.1439741,8.7264152,frequenz,bus,Zentgrafenschule,,,
node/1804097790,50.0540462,8.5233604,frequenz,bus,Am Weiher,,,
node/1804097791,50.0534435,8.5188144,frequenz,bus,Berliner Straße,,,
node/1804124620,50.0484271,8.5440287,frequenz,bus,Am Grünen Weg,,,
node/1804124621,50.0486241,8.5446505,frequenz,bus,Am Grünen Weg,,,
node/1835094722,50.1070893,8.7407846,frequenz,bus,Strahlenbergerstraße,,,
node/1848423210,50.1188466,8.5252427,frequenz,bus,MTZ/Busbahnhof,,,
node/1893124613,50.149133,8.7601695,frequenz,bus,Rangenbergstraße/Riedschule,,,
node/1894722079,50.1315683,8.6728327,frequenz,bus,Miquel-/Adickesallee,,,
node/1904143188,50.1115003,8.4605958,frequenz,bus,Hof Hausen,,,
node/1908074449,50.0734822,8.6533226,frequenz,bus,Stadionbad,,,
node/1910808422,50.0997289,8.6947817,frequenz,bus,Geleitsstraße,,,
node/2011164801,50.0853699,8.5791761,frequenz,bus,Eifelstraße,,,
node/2053119303,50.122479,8.5663378,frequenz,bus,Sossenheim Volkshaus,,,
node/2058269234,50.0586348,8.5365619,frequenz,bus,Gesamtschule,,,
node/2058269242,50.058885,8.5357801,frequenz,bus,Gesamtschule,,,
node/2068682758,50.0540188,8.5244605,frequenz,bus,Am Weiher,,,
node/2068682763,50.0535339,8.5184903,frequenz,bus,Berliner Straße,,,
node/2068682769,50.0653561,8.5407914,frequenz,bus,Kuhweg,,,
node/2070328920,50.0470546,8.5522971,frequenz,bus,Flughafen Tor 23 (Richtung Ost),,,
node/2070328927,50.0501666,8.5464822,frequenz,bus,Im Taubengrund,,,
node/2070328935,50.0502908,8.5460826,frequenz,bus,Im Taubengrund,,,
node/2070369112,50.0490201,8.5323325,frequenz,bus,Flughafenstraße,,,
node/2070369116,50.0492501,8.5322541,frequenz,bus,Flughafenstraße,,,
node/2070369132,50.0525967,8.5287061,frequenz,bus,Südpark,,,
node/2075502742,50.1747177,8.633172,frequenz,bus,Max-Planck-Institut/FIZ,,,
node/2075502773,50.1754046,8.6324006,frequenz,bus,Max-Planck-Institut/FIZ,,,
node/2078466697,50.0546219,8.5325466,frequenz,bus,Heegwaldstraße,,,
node/2078466706,50.0571502,8.5281753,frequenz,bus,Karl-Treutel-Schule,,,
node/2085783509,50.0675391,8.5341605,frequenz,bus,Kirschenallee,,,
node/2085783510,50.0645467,8.5410627,frequenz,bus,Kuhweg,,,
node/2085783511,50.0667394,8.5431947,frequenz,bus,Sportpark,,,
node/2085783513,50.0660579,8.5381935,frequenz,bus,Zum Sportfeld,,,
node/2090258173,50.0747599,8.5296773,frequenz,bus,Friedhof,,,
node/2090258177,50.0665645,8.5294785,frequenz,bus,Kelstergrund,,,
node/2090258186,50.069349,8.5282906,frequenz,bus,Schloßweg,,,
node/2090258190,50.0697538,8.5279762,frequenz,bus,Schloßweg,,,
node/2090258194,50.0719267,8.5282463,frequenz,bus,Schwanheimer Straße,,,
node/2090258196,50.0721127,8.528403,frequenz,bus,Schwanheimer Straße,,,
node/2132600804,50.1145135,8.5484673,frequenz,bus,Friedhof Höchst,,,
node/2132600835,50.1104591,8.5491048,frequenz,bus,Windthorststraße,,,
node/2150774299,50.1081883,8.5349834,frequenz,bus,Wasgaustraße,,,
node/2183336996,50.0254688,8.5515275,frequenz,bus,Flughafen Gebäude 527,,,
node/2184120354,50.1137193,8.540569,frequenz,bus,Alemannenweg,,,
node/2184120361,50.1156193,8.5391011,frequenz,bus,Alemannenweg,,,
node/2184120368,50.1163902,8.5411499,frequenz,bus,Cheruskerweg,,,
node/2184120369,50.1136334,8.5434419,frequenz,bus,Walter-Kolb-Schule,,,
node/2209140679,50.1728148,8.7326147,frequenz,bus,Berliner Straße,,,
node/2217448672,50.1920979,8.7192374,frequenz,bus,Feuerwehr Massenheim,,,
node/2333033802,50.052407,8.7007181,frequenz,bus,Freiherr-vom-Stein-Straße,,,
node/2334352699,50.0528588,8.7094137,frequenz,bus,Goetheschule,,,
node/2334352702,50.0527271,8.7098408,frequenz,bus,Goetheschule,,,
node/2337168535,50.0542067,8.7013334,frequenz,bus,Offenbacher Straße,,,
node/2337169001,50.0556058,8.6951017,frequenz,bus,Stadthaus,,,
node/2398816517,50.1331688,8.7678225,frequenz,bus,Mainkur Bahnhof,,,
node/2405587291,50.0219696,8.5586547,frequenz,bus,Flughafen Tor 31,,,
node/2445637308,50.0261929,8.5660481,frequenz,bus,Flughafen Gebäude 543,,,
node/2445637309,50.0230178,8.5765282,frequenz,bus,Flughafen Gebäude 556,,,
node/2445637310,50.0263824,8.5658523,frequenz,bus,Flughafen Gebäude 543,,,
node/2449775166,50.0486232,8.7058,frequenz,bus,Am Trieb,,,
node/2449775167,50.0485082,8.7020926,frequenz,bus,Herzogstraße,,,
node/2478014158,50.1870655,8.6982541,frequenz,bus,Am Römerbrunnen,,,
node/2495992376,50.0998681,8.5255652,frequenz,bus,Silostraße Mitte,,,
node/2495992379,50.0995879,8.5252795,frequenz,bus,Silostraße Mitte,,,
node/2495992382,50.1014051,8.5295448,frequenz,bus,Silobad/Ballsporthalle,,,
node/2495992385,50.1013931,8.5299559,frequenz,bus,Silobad/Ballsporthalle,,,
node/252412305,50.0846119,8.6988,frequenz,bus,Hainer Weg,,,
node/252412307,50.0917058,8.6913506,frequenz,bus,Südfriedhof West,,,
node/2583717391,50.0612659,8.5240859,frequenz,bus,Mainblick,,,
node/2583717397,50.0610095,8.5231908,frequenz,bus,Mainblick,,,
node/2588059151,50.045441,8.5451542,frequenz,bus,Flughafen Parkhaus P53,,,
node/2588137690,50.0228338,8.5572719,frequenz,bus,Flughafen Tor 31,,,
node/2591298809,50.1077532,8.6237525,frequenz,bus,Europaviertel West,,,
node/2591298825,50.1083288,8.6365934,frequenz,bus,Europagarten/Messe West,,,
node/2591298828,50.1080273,8.6366921,frequenz,bus,Europagarten/Messe West,,,
node/2591298845,50.1087084,8.6326417,frequenz,bus,Römischer Ring,,,
node/2591298849,50.1086631,8.6335488,frequenz,bus,Römischer Ring,,,
node/2591298853,50.108512,8.6280721,frequenz,bus,Maastrichter Ring,,,
node/2591298876,50.1084294,8.628744,frequenz,bus,Maastrichter Ring,,,
node/2591298883,50.1074528,8.6240424,frequenz,bus,Europaviertel West,,,
node/2601057057,50.1236018,8.5784702,frequenz,bus,Haigerer Straße,,,
node/2608025344,50.0455592,8.5461394,frequenz,bus,Flughafen Parkhaus P53,,,
node/2614719208,50.2097469,8.7019947,frequenz,bus,Am Riedsteg,,,
node/2614719214,50.09658,8.5980207,frequenz,bus,Elektronstraße,,,
node/2614719219,50.0964067,8.5926291,frequenz,bus,In der Schildwacht,,,
node/2614719233,50.2071757,8.7055659,frequenz,bus,Mecklenburger Straße,,,
node/2619090819,50.1157675,8.6711052,frequenz,bus,Alte Oper,,,
node/2629307678,50.052677,8.5792284,frequenz,bus,Flughafen Tor 3,,,
node/2639952542,50.1278796,8.579921,frequenz,bus,Adolph-Prior-Straße,,,
node/2639952543,50.1281272,8.5796655,frequenz,bus,Adolph-Prior-Straße,,,
node/2639952544,50.106628,8.5490603,frequenz,bus,Konrad-Glatt-Straße,,,
node/2639952545,50.1351204,8.5677664,frequenz,bus,Mergenthalerallee,,,
node/2639952546,50.1072866,8.5840919,frequenz,bus,Neumarkt,,,
node/2639952547,50.1074263,8.5848826,frequenz,bus,Neumarkt,,,
node/2639966725,50.0261018,8.5602327,frequenz,bus,Flughafen Gebäude 534,,,
node/2639966727,50.0261865,8.5598917,frequenz,bus,Flughafen Gebäude 534,,,
node/2639966728,50.0265445,8.5620874,frequenz,bus,Flughafen Gebäude 536,,,
node/2639966730,50.0267566,8.5622453,frequenz,bus,Flughafen Gebäude 536,,,
node/2639966731,50.0253388,8.5836884,frequenz,bus,Flughafen Gebäude 587,,,
node/2639966733,50.0686016,8.6513583,frequenz,bus,Stadion/Osttribüne,,,
node/2639966734,50.0692488,8.6519927,frequenz,bus,Stadion/Osttribüne,,,
node/2640000764,50.1464846,8.7612802,frequenz,bus,Barbarossastraße/Riedschule,,,
node/2640000766,50.1539216,8.7469184,frequenz,bus,Kirchgasse,,,
node/2640000767,50.1430186,8.7567764,frequenz,bus,Leuchte,,,
node/2640000774,50.1910899,8.6506638,frequenz,bus,Xaver-Fendt-Straße,,,
node/2640000775,50.1913512,8.6505043,frequenz,bus,Xaver-Fendt-Straße,,,
node/2640000784,50.1928777,8.6472205,frequenz,bus,Karl-Ritscher-Anlage,,,
node/2640000785,50.1933779,8.6461949,frequenz,bus,Karl-Ritscher-Anlage,,,
node/2640000786,50.1521347,8.7431345,frequenz,bus,Vilbeler Landstraße,,,
node/2640028026,50.1146917,8.5482066,frequenz,bus,Friedhof Höchst,,,
node/2640028044,50.1147571,8.5365683,frequenz,bus,Engelsruhe,,,
node/2640039864,50.1546459,8.6339839,frequenz,bus,Ernst-Kahn-Straße,,,
node/2640041750,50.08724,8.5824844,frequenz,bus,Alt-Schwanheim,,,
node/2640057549,50.0999773,8.5898959,frequenz,bus,Jägerallee,,,
node/2640064188,50.1346197,8.5989866,frequenz,bus,Guerickestraße,,,
node/2640064189,50.1360962,8.5990962,frequenz,bus,Guerickestraße,,,
node/2640094735,50.1598065,8.7399461,frequenz,bus,Berger Warte,,,
node/2651871660,50.0973972,8.6990883,frequenz,bus,Dielmannstraße,,,
node/2667231072,50.1314543,8.6689318,frequenz,bus,Miquel-/Hansaallee,,,
node/266893400,50.1232819,8.7014435,frequenz,bus,Höhenstraße,,,
node/267009404,50.1803637,8.5794821,frequenz,bus,IGS Stierstadt,,,
node/268121773,50.13665,8.6455296,frequenz,bus,Markus-Krankenhaus,,,
node/268124681,50.140387,8.6479405,frequenz,bus,Ginnheim Mitte,,,
node/2682306531,50.0337108,8.591571,frequenz,bus,Elly-Beinhorn-Straße,,,
node/2683735876,50.1319545,8.6831551,frequenz,bus,Deutsche Nationalbibliothek,,,
node/2683735877,50.1267444,8.6976322,frequenz,bus,Günthersburgallee,,,
node/2683735879,50.119273,8.6893839,frequenz,bus,Hessendenkmal,,,
node/2683735881,50.1294837,8.6926542,frequenz,bus,Nibelungenplatz (UAS),,,
node/2683735882,50.1299146,8.6940077,frequenz,bus,Nibelungenplatz (UAS),,,
node/2683736562,50.1310498,8.6879456,frequenz,bus,Richard-Wagner Straße,,,
node/2696284920,50.2155665,8.64527,frequenz,bus,Lorscher Straße,,,
node/2696284921,50.2150229,8.6507046,frequenz,bus,Ober-Eschbach (U),,,
node/2696284922,50.2142543,8.6497694,frequenz,bus,Ober-Eschbach (U),,,
node/2696284923,50.2129774,8.6478958,frequenz,bus,Am Grünen Weg,,,
node/2696284924,50.2164707,8.6512288,frequenz,bus,Jahnstraße,,,
node/2711151322,50.1910337,8.7223062,frequenz,bus,Elisabeth-Apfel-Platz/Heimatmuseum,,,
node/2723802930,50.1190981,8.6403136,frequenz,bus,Westbahnhof,,,
node/2723802937,50.1198798,8.6391264,frequenz,bus,Westbahnhof,,,
node/280587264,50.1927175,8.7817918,frequenz,bus,Bahnhof,,,
node/2820155216,50.09534,8.4536477,frequenz,bus,REHA-Zentrum,,,
node/2861507171,50.1071669,8.769325,frequenz,bus,Mainpark,,,
node/286882342,50.1811276,8.7433179,frequenz,bus,Christuskirche,,,
node/2904807927,50.1051952,8.7364928,frequenz,bus,Kaiserlei Westseite,,,
node/2904807928,50.1052793,8.766158,frequenz,bus,Marktplatz/Berliner Straße,,,
node/291792940,50.0999653,8.7854228,frequenz,bus,Rhönstraße,,,
node/291792941,50.1003769,8.7849703,frequenz,bus,Rhönstraße,,,
node/2927509257,50.1762456,8.6169614,frequenz,bus,Hans-Poelzig-Straße,,,
node/2939767071,50.1053276,8.7041905,frequenz,bus,Deutschherrnbrücke,,,
node/2939767092,50.1106768,8.7088576,frequenz,bus,Ostbahnhof/Honsellstraße,,,
node/2939767093,50.1109866,8.7085278,frequenz,bus,Ostbahnhof/Honsellstraße,,,
node/2962596187,50.1221067,8.7396753,frequenz,bus,Daimlerstraße,,,
node/2962596188,50.1226448,8.7401802,frequenz,bus,Daimlerstraße,,,
node/2962596189,50.1237054,8.7437192,frequenz,bus,Dieselstraße,,,
node/296393832,50.1393434,8.7172467,frequenz,bus,Eschweger Straße,,,
node/2966144327,50.1389348,8.5670586,frequenz,bus,Hamburger Straße,,,
node/2967292713,50.0721327,8.5301875,frequenz,bus,Mauerstraße,,,
node/2967371861,50.0874839,8.5804533,frequenz,bus,Mauritiusstraße,,,
node/2968336405,50.1320859,8.5639513,frequenz,bus,Sossenheimer Straße,,,
node/2968364554,50.1351447,8.5725938,frequenz,bus,Alfred-Herrhausen-Allee,,,
node/2968368858,50.1147291,8.5477586,frequenz,bus,Friedhof Höchst,,,
node/2968372502,50.1115707,8.5382681,frequenz,bus,Königsteiner Straße,,,
node/2968378971,50.0969496,8.5415886,frequenz,bus,Brüningstraße,,,
node/2973030458,50.1165382,8.7272771,frequenz,bus,Riederhöfe,,,
node/2973030459,50.116604,8.7267601,frequenz,bus,Riederhöfe,,,
node/2974183043,50.113458,8.693758,frequenz,bus,Allerheiligentor,,,
node/2974227756,50.106175,8.7524662,frequenz,bus,S-Bahn-Station Ledermuseum,,,
node/2974227757,50.1060322,8.7519218,frequenz,bus,Offenbach-Ledermuseum,,,
node/2974229243,50.1019541,8.7447255,frequenz,bus,Offenbach Stadtgrenze,,,
node/2983924442,50.00573,8.5771531,frequenz,bus,Rathaus,,,
node/2984365632,50.0124968,8.5788243,frequenz,bus,Am Wildzaun,,,
node/2984366333,50.0126092,8.5786023,frequenz,bus,Am Wildzaun,,,
node/2984366334,50.008602,8.5824764,frequenz,bus,Egerländer Straße (Richtung Süd),,,
node/2984366335,50.0092747,8.5830294,frequenz,bus,Egerländer Straße,,,
node/2984366410,50.0117443,8.5847802,frequenz,bus,Karree,,,
node/2984366414,50.0029308,8.5705101,frequenz,bus,Waldstraße,,,
node/2984366415,50.0086287,8.5704735,frequenz,bus,Friedhof,,,
node/2984366416,50.0088512,8.5706277,frequenz,bus,Friedhof,,,
node/2984366419,50.0124008,8.5828561,frequenz,bus,Wohnpark/Gedenkstätte,,,
node/2984366420,50.0125542,8.5826916,frequenz,bus,Wohnpark/Gedenkstätte,,,
node/2989654768,50.1243257,8.7125171,frequenz,bus,Saalburg-/Wittelsbacherallee,,,
node/2991510373,50.1548563,8.8070582,frequenz,bus,Am Tränkgarten,,,
node/2991510374,50.155237,8.8067513,frequenz,bus,Am Tränkgarten,,,
node/300891871,50.1269632,8.6963742,frequenz,bus,Günthersburgallee,,,
node/3017150053,50.1218744,8.7490877,frequenz,bus,Carl-Benz-Straße Nord,,,
node/302518112,50.1303577,8.6884863,frequenz,bus,Richard-Wagner Straße,,,
node/3029457949,50.0936838,8.7056509,frequenz,bus,Schnappbornweg,,,
node/304004280,50.1560473,8.7575695,frequenz,bus,Haingasse,,,
node/304004281,50.1588735,8.7549107,frequenz,bus,Nordring/Haingasse,,,
node/3047841818,50.053096,8.6722925,frequenz,bus,Kurt-Schumacher-Straße,,,
node/3047841819,50.0532441,8.6714836,frequenz,bus,Kurt-Schumacher-Straße,,,
node/305263669,50.1073205,8.6560677,frequenz,bus,Güterplatz,,,
node/3086283993,50.1302453,8.5282641,frequenz,bus,Bahnhof,,,
node/3086284000,50.1118736,8.4609109,frequenz,bus,Hof Hausen,,,
node/3086284001,50.0943229,8.4581471,frequenz,bus,In den Nassen,,,
node/3086284020,50.095348,8.4583579,frequenz,bus,In der Dreispitz,,,
node/3086284021,50.0953941,8.4574216,frequenz,bus,In der Dreispitz,,,
node/3086284339,50.1314959,8.5292643,frequenz,bus,Kirche,,,
node/3086284523,50.1318217,8.5289765,frequenz,bus,Rathaus,,,
node/3091701223,50.0028458,8.5759747,frequenz,bus,Flughafenstraße,,,
node/3091701224,50.0032081,8.5702941,frequenz,bus,Waldstraße,,,
node/3100383525,50.1726418,8.7311972,frequenz,bus,Martin-Reck-Straße,,,
node/310454012,50.1004384,8.6916583,frequenz,bus,Wendelsplatz,,,
node/310454223,50.1000563,8.6911696,frequenz,bus,Wendelsplatz,,,
node/310454447,50.1003171,8.6905049,frequenz,bus,Wendelsplatz,,,
node/310641727,50.170546,8.6974478,frequenz,bus,Berkersheim Mitte,,,
node/310642274,50.1494085,8.672691,frequenz,bus,Reinhardstraße,,,
node/310644536,50.1602804,8.6594346,frequenz,bus,Anne-Frank-Siedlung,,,
node/311549598,50.163755,8.654934,frequenz,bus,Am Grünen Graben,,,
node/311556729,50.1770715,8.6675725,frequenz,bus,Nordpark/Alter Flugplatz,,,
node/311556730,50.177761,8.6669856,frequenz,bus,Nordpark/Alter Flugplatz,,,
node/311563337,50.1699673,8.6960934,frequenz,bus,Berkersheim Mitte,,,
node/311564929,50.1672935,8.6942661,frequenz,bus,Im Steinbügel,,,
node/311564934,50.1678135,8.6947467,frequenz,bus,Im Steinbügel,,,
node/311566683,50.1656109,8.6932008,frequenz,bus,Dachsberg,,,
node/311566686,50.1650283,8.6930815,frequenz,bus,Dachsberg,,,
node/311575951,50.1600738,8.6895858,frequenz,bus,August-Schanz-Straße/Dachsberg,,,
node/311850986,50.1498127,8.6729803,frequenz,bus,Reinhardstraße,,,
node/311998695,50.1824626,8.6965121,frequenz,bus,Sportanlage Harheim,,,
node/312517616,50.1384974,8.7160458,frequenz,bus,Eschweger Straße,,,
node/3135797964,50.1263543,8.6052565,frequenz,bus,Kirschbaumweg,,,
node/315810362,50.139073,8.659134,frequenz,bus,Franz-Werfel-Straße,,,
node/315810364,50.1378166,8.6632107,frequenz,bus,Astrid Lindgren Schule,,,
node/316010050,50.1387557,8.6645285,frequenz,bus,Fallerslebenstraße,,,
node/316010051,50.1408767,8.6608743,frequenz,bus,Paquetstraße,,,
node/316010262,50.1398302,8.6550108,frequenz,bus,Stefan-Zweig-Straße,,,
node/316010346,50.140356,8.6483698,frequenz,bus,Ginnheim Mitte,,,
node/316010347,50.1396585,8.6468576,frequenz,bus,Ginnheim Mitte,,,
node/316010365,50.1416189,8.6525123,frequenz,bus,Schönbornstraße,,,
node/316010469,50.1436313,8.6552311,frequenz,bus,Pfeiferstraße,,,
node/316010553,50.14462,8.6549666,frequenz,bus,Kurhessenstraße,,,
node/316010554,50.1450201,8.6550673,frequenz,bus,Kurhessenstraße,,,
node/316010574,50.1370428,8.6651327,frequenz,bus,Platenstraße,,,
node/316010704,50.136172,8.6711858,frequenz,bus,Dornbusch/Am Grünhof,,,
node/316011279,50.1336327,8.6683875,frequenz,bus,Plieningerstraße,,,
node/316011286,50.1416275,8.6520498,frequenz,bus,Schönbornstraße,,,
node/3163075275,50.1785541,8.6285807,frequenz,bus,Annette-Kolb-Weg,,,
node/317053443,50.1480381,8.6673474,frequenz,bus,Hügelstraße,,,
node/317053445,50.1479895,8.6654629,frequenz,bus,Hügelstraße,,,
node/317405274,50.1493122,8.6733344,frequenz,bus,Reinhardstraße,,,
node/317948039,50.1534211,8.6682778,frequenz,bus,Rauschenberger Straße,,,
node/317948105,50.1558224,8.6673115,frequenz,bus,Burgholzer Straße,,,
node/317948159,50.1555863,8.6669623,frequenz,bus,Burgholzer Straße,,,
node/3186637978,50.0455089,8.6814775,frequenz,bus,Dornhofstraße,,,
node/318769545,50.1508889,8.669913,frequenz,bus,Andreaskirche,,,
node/318770471,50.1519744,8.6693814,frequenz,bus,Ziegenhainer Straße,,,
node/319787858,50.1541066,8.6681098,frequenz,bus,Rauschenberger Straße,,,
node/3201081729,50.1046943,8.542066,frequenz,bus,Höchst Bahnhof Nordseite,,,
node/3201087901,50.1072512,8.5444384,frequenz,bus,Klinikum Höchst,,,
node/3201087942,50.1072909,8.5422128,frequenz,bus,Klinikum Höchst,,,
node/320262368,50.1498676,8.6773184,frequenz,bus,Karl-von-Drais-Straße,,,
node/320262372,50.1496985,8.6785202,frequenz,bus,Karl-von-Drais-Straße,,,
node/3202997713,50.0974831,8.542034,frequenz,bus,Brüningstraße,,,
node/3211943892,50.1051408,8.5446594,frequenz,bus,Gerlachstraße,,,
node/3211997919,50.1133707,8.5374071,frequenz,bus,Burgunderweg,,,
node/3212009975,50.1116507,8.5373554,frequenz,bus,Alleehaus,,,
node/3212063287,50.1066306,8.6005406,frequenz,bus,Lindenhag,,,
node/3212063288,50.1029859,8.6025645,frequenz,bus,Heinrich-Hardt-Straße,,,
node/3212067390,50.0909614,8.6053982,frequenz,bus,Jungmannstraße,,,
node/3212069760,50.0908418,8.6115659,frequenz,bus,Auf dem Schafberg,,,
node/3212073779,50.0912264,8.6147738,frequenz,bus,Schöffenstraße,,,
node/321356690,50.1527683,8.6792128,frequenz,bus,Niederbornstraße,,,
node/3216922146,50.1401228,8.5818729,frequenz,bus,Gewerbegebiet Ost,,,
node/3216922147,50.1423584,8.5800146,frequenz,bus,Ginnheimer Straße,,,
node/3217158526,50.1177769,8.6781324,frequenz,bus,Eschenheimer Tor,,,
node/3217158528,50.1253691,8.6465744,frequenz,bus,Juliusstraße,,,
node/3217750441,50.1077117,8.6559827,frequenz,bus,Güterplatz,,,
node/3217750443,50.0973809,8.5197073,frequenz,bus,Jahrhunderthalle,,,
node/3217750444,50.1002587,8.5903952,frequenz,bus,Jägerallee,,,
node/3217750445,50.1003288,8.5968223,frequenz,bus,Linnegraben,,,
node/3217750447,50.1090982,8.6593202,frequenz,bus,Platz der Republik,,,
node/3217750503,50.1023916,8.6365467,frequenz,bus,Schwalbacher Straße,,,
node/3217750504,50.1056526,8.6507209,frequenz,bus,Speyerer Straße,,,
node/3217750506,50.1010791,8.6227018,frequenz,bus,Wickerer Straße,,,
node/3217750507,50.1089587,8.6736443,frequenz,bus,Willy-Brandt-Platz,,,
node/3220604286,50.0999563,8.5807961,frequenz,bus,Birminghamstraße,,,
node/3220604287,50.1145651,8.6725607,frequenz,bus,Freßgass,,,
node/3220604288,50.0991205,8.5729065,frequenz,bus,Luthmerstraße,,,
node/3220604290,50.1004021,8.6182517,frequenz,bus,Mönchhofstraße,,,
node/3220604295,50.1001115,8.6044529,frequenz,bus,Waldschulstraße,,,
node/3220604297,50.1097109,8.6744101,frequenz,bus,Willy-Brandt-Platz,,,
node/3228672461,50.0480588,8.6782978,frequenz,bus,Brunnenstraße,,,
node/3228672470,50.0480602,8.6831504,frequenz,bus,Stadtwerke,,,
node/3291428491,50.1161758,8.6977065,frequenz,bus,Zoo,,,
node/329377980,50.1278212,8.6822352,frequenz,bus,Hynspergstraße,,,
node/329377986,50.1278052,8.6814511,frequenz,bus,Hynspergstraße,,,
node/3296312713,50.1509329,8.6890412,frequenz,bus,Ronneburgstraße,,,
node/3297187768,50.1114088,8.7315538,frequenz,bus,Intzestraße,,,
node/3297187771,50.1116616,8.7319977,frequenz,bus,Intzestraße,,,
node/3297187773,50.1127382,8.7339577,frequenz,bus,Kaiserleibrücke,,,
node/3302668131,50.1136031,8.6954766,frequenz,bus,Ostendstraße,,,
node/3302668133,50.1128393,8.7007318,frequenz,bus,Zobelstraße,,,
node/3302668134,50.1130777,8.7009156,frequenz,bus,Zobelstraße,,,
node/3302668135,50.115354,8.6983885,frequenz,bus,Zoo,,,
node/331211542,50.1366767,8.6460124,frequenz,bus,Markus-Krankenhaus,,,
node/332286861,50.157817,8.6584323,frequenz,bus,Im Wörth,,,
node/332286863,50.1640068,8.6635607,frequenz,bus,Am Gabelacker,,,
node/332286864,50.1659632,8.6702757,frequenz,bus,Rotdornweg,,,
node/332287318,50.1590622,8.6566616,frequenz,bus,Zehnmorgenstraße,,,
node/332287593,50.1665437,8.6734887,frequenz,bus,Fliederweg,,,
node/332287963,50.1671293,8.6775788,frequenz,bus,Hagebuttenweg,,,
node/332288539,50.1678574,8.6820506,frequenz,bus,Julius-Brecht-Straße,,,
node/332288542,50.1683783,8.6852854,frequenz,bus,Heinrich- Plett-Straße,,,
node/332288544,50.1681541,8.688182,frequenz,bus,Am Neuenberg,,,
node/332489144,50.0910614,8.612071,frequenz,bus,Auf dem Schafberg,,,
node/332489984,50.0938282,8.6072176,frequenz,bus,Griesheim Bahnhof,,,
node/332993829,50.1656034,8.6806363,frequenz,bus,Kaiserkronenweg,,,
node/332993832,50.1628751,8.6837547,frequenz,bus,August-Schanz-Straße,,,
node/332994589,50.1587678,8.687796,frequenz,bus,Preungesheim,,,
node/332996802,50.1626457,8.6843148,frequenz,bus,August-Schanz-Straße,,,
node/332996803,50.1652733,8.6812205,frequenz,bus,Kaiserkronenweg,,,
node/332996806,50.1671879,8.6770035,frequenz,bus,Hagebuttenweg,,,
node/332997059,50.1677629,8.6807917,frequenz,bus,Julius-Brecht-Straße,,,
node/3352290557,50.1779207,8.7441205,frequenz,bus,Am Webergarten,,,
node/3354132318,50.0649931,8.49272,frequenz,bus,Wasserwerkchaussee,,,
node/3361554690,50.0939901,8.4961683,frequenz,bus,Zeilsheim Kolonie,,,
node/336621005,50.1739099,8.6346434,frequenz,bus,Geozentrum,,,
node/336641652,50.178232,8.6376918,frequenz,bus,Käthe-Kruse-Straße,,,
node/3377189931,50.1421525,8.7013712,frequenz,bus,Bodenweg,,,
node/3377189935,50.1362152,8.6968113,frequenz,bus,Wasserpark,,,
node/3384104794,50.2246108,8.6811617,frequenz,bus,Schmaler Weg,,,
node/338528964,50.156716,8.6568047,frequenz,bus,Weißer Stein,,,
node/3390674133,50.1078334,8.670065,frequenz,bus,Weserstraße/Münchener Straße,,,
node/3392792266,50.086713,8.6463502,frequenz,bus,Schwarzwaldstraße,,,
node/3392792267,50.0868916,8.6468592,frequenz,bus,Schwarzwaldstraße,,,
node/3393035582,50.1026679,8.6896022,frequenz,bus,Lokalbahnhof/Textorstraße,,,
node/3393440493,50.1069359,8.6545511,frequenz,bus,Güterplatz,,,
node/3393703731,50.1026488,8.690094,frequenz,bus,Lokalbahnhof/Textorstraße,,,
node/339504345,50.1766436,8.6411702,frequenz,bus,Am Bonifatiusbrunnen,,,
node/339504347,50.1760223,8.6415081,frequenz,bus,Am Bonifatiusbrunnen,,,
node/3401480996,50.1573669,8.6315533,frequenz,bus,Bernadottestraße,,,
node/3401875239,50.1546476,8.7562393,frequenz,bus,Am Bächelchen,,,
node/3401875242,50.1545607,8.7592793,frequenz,bus,Heinrich-Bingemer-Weg,,,
node/3401875243,50.1548415,8.7600812,frequenz,bus,Heinrich-Bingemer-Weg,,,
node/3401875244,50.1589006,8.7613618,frequenz,bus,Hohe Straße,,,
node/3401875245,50.1565685,8.7609547,frequenz,bus,Karl-Wessendorft-Straße,,,
node/3401875246,50.1567037,8.7615927,frequenz,bus,Karl-Wessendorft-Straße,,,
node/3401875247,50.1434183,8.7622907,frequenz,bus,Leuchte/Rangenbergstraße,,,
node/3401875250,50.1555341,8.754768,frequenz,bus,Michlersbrunnen,,,
node/3401875253,50.1503176,8.7588342,frequenz,bus,Rangenbergstraße/Riedschule,,,
node/3401875255,50.1519983,8.7627492,frequenz,bus,Riedbad,,,
node/3401875256,50.1521746,8.7538381,frequenz,bus,Schule Am Hang,,,
node/3401875257,50.1438452,8.7467285,frequenz,bus,Victor-Slotosch-Straße,,,
node/3402096207,50.0909243,8.6963754,frequenz,bus,Südfriedhof Ost,,,
node/3402538232,50.0921554,8.5024781,frequenz,bus,Annabergstraße,,,
node/3402538234,50.0902836,8.593258,frequenz,bus,Chemisches Werk,,,
node/3402538235,50.0903422,8.5944201,frequenz,bus,Chemisches Werk,,,
node/3402538237,50.0799951,8.5092859,frequenz,bus,Friedhof Sindlingen,,,
node/3402538238,50.0922422,8.5781706,frequenz,bus,Fritz-Klatte-Straße,,,
node/3402538239,50.0970738,8.5046891,frequenz,bus,Lenzenbergstraße,,,
node/3402538240,50.096907,8.4972062,frequenz,bus,Pfaffenwiese/Kolberger Weg,,,
node/3402538241,50.0970456,8.501919,frequenz,bus,Stadthalle Zeilsheim,,,
node/3402538243,50.0912582,8.6010948,frequenz,bus,Staustufe Griesheim,,,
node/3402538244,50.0912873,8.5999341,frequenz,bus,Staustufe Griesheim,,,
node/3403251393,50.1002868,8.5456132,frequenz,bus,Höchster Markt,,,
node/3403251396,50.0950124,8.4952538,frequenz,bus,Kolberger Weg,,,
node/3403251398,50.0952157,8.4955288,frequenz,bus,Kolberger Weg,,,
node/3403437334,50.1231267,8.5892533,frequenz,bus,Wilhelm-Fay-Straße,,,
node/3403437337,50.12357,8.5873592,frequenz,bus,Wilhelm-Fay-Straße,,,
node/3403720695,50.1264026,8.5865546,frequenz,bus,Heinrich-Hopf-Straße,,,
node/3403720700,50.1317273,8.5762637,frequenz,bus,Wilhelm-Fay-Straße Nord,,,
node/3404068236,50.109194,8.6047563,frequenz,bus,Sportanlage Rebstock,,,
node/3404068237,50.1107584,8.5318097,frequenz,bus,Unterliederbach Markt,,,
node/3404239112,50.1152738,8.6292095,frequenz,bus,Katharinenkreisel,,,
node/3404239119,50.1077795,8.6209928,frequenz,bus,Messeparkhaus,,,
node/3404239120,50.1080401,8.6217341,frequenz,bus,Messeparkhaus,,,
node/3404674637,50.1240435,8.6813134,frequenz,bus,Adlerflychtplatz,,,
node/3404674638,50.1242597,8.6815623,frequenz,bus,Adlerflychtplatz,,,
node/3404674643,50.1214856,8.6803491,frequenz,bus,Bornwiesenweg,,,
node/3404674644,50.121838,8.6805522,frequenz,bus,Bornwiesenweg,,,
node/3404674646,50.1203173,8.6677957,frequenz,bus,Eppsteiner Straße,,,
node/3404674647,50.1171098,8.680384,frequenz,bus,Eschenheimer Tor,,,
node/3404674655,50.1249173,8.6730476,frequenz,bus,Lessing-Gymnasium,,,
node/3404674665,50.119285,8.6844798,frequenz,bus,Unterweg,,,
node/3404952691,50.0973546,8.5378653,frequenz,bus,Industriepark Höchst Tor Ost,,,
node/3404952692,50.0998707,8.5414828,frequenz,bus,Ludwigshafener Straße,,,
node/3405272993,50.125879,8.6538784,frequenz,bus,Botanischer Garten,,,
node/3405272994,50.1263353,8.6545577,frequenz,bus,Botanischer Garten,,,
node/3405272995,50.1311792,8.6612146,frequenz,bus,Grüneburgpark,,,
node/3405273000,50.13169,8.6673695,frequenz,bus,Miquel-/Hansaallee,,,
node/3405528609,50.0968885,8.6544604,frequenz,bus,Main-Neckar-Brücke,,,
node/3405528610,50.098477,8.6562255,frequenz,bus,Rotfeder-Ring,,,
node/3405688349,50.1254654,8.6094223,frequenz,bus,Lorscher Straße,,,
node/3406107594,50.1241644,8.6077129,frequenz,bus,Rödelheim Bahnhof,,,
node/3406107595,50.1276542,8.6410898,frequenz,bus,Sophienstraße,,,
node/3406107596,50.1278669,8.6410485,frequenz,bus,Sophienstraße,,,
node/3406874274,50.1237378,8.7554888,frequenz,bus,Adam-Opel-Straße,,,
node/3406874276,50.1317964,8.7424802,frequenz,bus,Lahmeyerstraße,,,
node/3406874279,50.1284365,8.7423857,frequenz,bus,Sontraer Straße,,,
node/3407078609,50.1490238,8.7373827,frequenz,bus,Budge-Stiftung (Lohrberg),,,
node/3407078610,50.1490253,8.7379222,frequenz,bus,Budge-Stiftung (Lohrberg),,,
node/3407078611,50.1457414,8.7288274,frequenz,bus,Draisbornstraße,,,
node/3407078613,50.1551173,8.753019,frequenz,bus,Heimatmuseum Bergen-Enkheim,,,
node/3408258244,50.095016,8.6863659,frequenz,bus,Großer Hasenpfad Mitte,,,
node/3408258245,50.0910814,8.6846738,frequenz,bus,Großer Hasenpfad Süd,,,
node/3408258246,50.0925572,8.6834362,frequenz,bus,Niersteiner Straße,,,
node/3408258247,50.0979863,8.6868132,frequenz,bus,Südbahnhof/Mörfelder Landstraße,,,
node/3408258248,50.092485,8.6859971,frequenz,bus,Tucholskystraße,,,
node/3408628912,50.1086685,8.6511328,frequenz,bus,Den Haager Straße,,,
node/3408628913,50.1071466,8.6559829,frequenz,bus,Güterplatz,,,
node/3408785379,50.098699,8.6334824,frequenz,bus,Ordnungsamt,,,
node/3408785380,50.0986807,8.6331028,frequenz,bus,Ordnungsamt,,,
node/3408994403,50.0981804,8.5905675,frequenz,bus,Ernst-Wiss-Straße,,,
node/3409221882,50.1105881,8.537691,frequenz,bus,Königsteiner Straße,,,
node/3409358104,50.1387266,8.5658784,frequenz,bus,Berliner Straße,,,
node/3409358107,50.1331975,8.5646471,frequenz,bus,Sossenheimer Straße,,,
node/3409604897,50.112589,8.5384708,frequenz,bus,Alleehaus,,,
node/3410358493,50.1614025,8.6490425,frequenz,bus,Heddernheim,,,
node/3410839799,50.091393,8.6741036,frequenz,bus,Beuthener Straße,,,
node/3410839800,50.0914837,8.6748404,frequenz,bus,Beuthener Straße,,,
node/3410839801,50.0927462,8.6771206,frequenz,bus,Breslauer Straße,,,
node/3410839802,50.0928708,8.6767835,frequenz,bus,Breslauer Straße,,,
node/3410839804,50.0725328,8.652551,frequenz,bus,Stadionbad,,,
node/3411082163,50.0823716,8.5805119,frequenz,bus,Rheinlandstraße,,,
node/3411082164,50.0736929,8.5770148,frequenz,bus,Schwanheimer Wald,,,
node/3411082165,50.0739631,8.5775564,frequenz,bus,Schwanheimer Wald,,,
node/3412616440,50.1211574,8.6706115,frequenz,bus,Kronberger Straße,,,
node/3415558755,50.0779072,8.6292027,frequenz,bus,Bürostadt Niederrad,,,
node/3415558756,50.0781726,8.6274339,frequenz,bus,Bürostadt Niederrad,,,
node/3415558759,50.0817822,8.6245422,frequenz,bus,Rhonestraße,,,
node/3415558760,50.0819875,8.6251824,frequenz,bus,Rhonestraße,,,
node/3417784720,50.1255971,8.5214052,frequenz,bus,Bahnstraße,,,
node/3417784723,50.1141913,8.534749,frequenz,bus,Hans-Böckler-Straße,,,
node/3417784724,50.1141929,8.534405,frequenz,bus,Hans-Böckler-Straße,,,
node/3419406480,50.1485883,8.7537941,frequenz,bus,Florianweg,,,
node/3425081885,50.1473119,8.7967224,frequenz,bus,Turnhalle,,,
node/3426857483,50.0527718,8.5942634,frequenz,bus,Flughafen Tor 2,,,
node/3426857485,50.0368932,8.5949263,frequenz,bus,Flughafen Tor 33,,,
node/3426857487,50.0531562,8.588113,frequenz,bus,Hugo-Eckener-Ring,,,
node/3427546400,50.1111264,8.8003798,frequenz,bus,Karl-Herdt-Weg,,,
node/3428256874,50.0234702,8.558814,frequenz,bus,Flughafen Tor 31 intern,,,
node/3428256875,50.0237843,8.5584927,frequenz,bus,Flughafen Tor 31 intern,,,
node/3428362092,50.023182,8.5501179,frequenz,bus,Flughafen Gebäude 520,,,
node/3428367296,50.0229246,8.5577844,frequenz,bus,Tor 31,,,
node/3428756213,50.1156828,8.6692855,frequenz,bus,Alte Oper,,,
node/3428756215,50.1253007,8.6462969,frequenz,bus,Juliusstraße,,,
node/3428756219,50.1119258,8.6751806,frequenz,bus,Roßmarkt,,,
node/3428756222,50.1136008,8.6705293,frequenz,bus,Taunusanlage,,,
node/3429385177,50.1125223,8.6885481,frequenz,bus,Börneplatz/Stoltzestraße,,,
node/3429385178,50.1127046,8.6888373,frequenz,bus,Börneplatz/Stoltzestraße,,,
node/3430797490,50.1322348,8.6842914,frequenz,bus,Deutsche Nationalbibliothek,,,
node/3430797492,50.136988,8.6843684,frequenz,bus,Hauptfriedhof,,,
node/3431284360,50.113221,8.6938983,frequenz,bus,Allerheiligentor,,,
node/3431284364,50.1162385,8.6946013,frequenz,bus,Friedberger Anlage,,,
node/3431284368,50.1157799,8.6972157,frequenz,bus,Zoo,,,
node/3431460912,50.1124005,8.7463079,frequenz,bus,Hafenbrücke,,,
node/3431460913,50.1125641,8.7460994,frequenz,bus,Hafenbrücke,,,
node/3431460914,50.1118518,8.7419335,frequenz,bus,Nordring,,,
node/3431460916,50.113072,8.6980412,frequenz,bus,Ostendstraße,,,
node/3434152458,50.0819134,8.6405556,frequenz,bus,Melibocusstraße,,,
node/3434152459,50.0819625,8.6400006,frequenz,bus,Melibocusstraße,,,
node/3465553065,50.1204366,8.6905528,frequenz,bus,Hessendenkmal,,,
node/3467467532,50.1589492,8.6884441,frequenz,bus,Preungesheim,,,
node/3468035034,50.1267285,8.5206656,frequenz,bus,Bahnstraße,,,
node/3468035049,50.1088942,8.6621435,frequenz,bus,Platz der Republik,,,
node/3478469910,50.1220046,8.4803683,frequenz,bus,Am Nußbaum,,,
node/3478469912,50.1211682,8.4805239,frequenz,bus,Höchster Straße,,,
node/3478469914,50.1213366,8.4808645,frequenz,bus,Höchster Straße,,,
node/3478885666,50.1205802,8.4912219,frequenz,bus,Rathaus,,,
node/3478885669,50.1209767,8.4912166,frequenz,bus,Rathaus,,,
node/3478885670,50.1168141,8.4960258,frequenz,bus,Schöne Aussicht,,,
node/3478885672,50.1170389,8.4964838,frequenz,bus,Schöne Aussicht,,,
node/3483694845,50.1917043,8.7240556,frequenz,bus,Hainstraße,,,
node/3483694846,50.1921398,8.7233849,frequenz,bus,Hainstraße,,,
node/3483694849,50.2076461,8.7035094,frequenz,bus,Im Fuchsloch,,,
node/3483694852,50.1888238,8.7282071,frequenz,bus,Ziegelei,,,
node/3483694854,50.1887047,8.7288153,frequenz,bus,Ziegelei,,,
node/3484038943,50.0974222,8.6768698,frequenz,bus,Achenbachstraße,,,
node/3484038944,50.0975577,8.6765703,frequenz,bus,Achenbachstraße,,,
node/3484038945,50.0971566,8.6734248,frequenz,bus,Burnitzstraße,,,
node/3484038947,50.0993437,8.6804272,frequenz,bus,Holbein-Schule,,,
node/3484038948,50.0943942,8.6712189,frequenz,bus,Stresemannallee,,,
node/3484667331,50.0719017,8.4941017,frequenz,bus,Autoberg,,,
node/3484667333,50.0707695,8.4874901,frequenz,bus,Hessendamm,,,
node/3484667334,50.0717198,8.4870011,frequenz,bus,Hessendamm,,,
node/3484667336,50.0748601,8.4998017,frequenz,bus,Südring,,,
node/352763111,50.1821919,8.5955648,frequenz,bus,Kurmainzer Straße,,,
node/352763312,50.1824679,8.5958123,frequenz,bus,Kurmainzer Straße,,,
node/352763804,50.1804752,8.5922127,frequenz,bus,Weißkirchener Straße,,,
node/352764859,50.1812282,8.5872792,frequenz,bus,An der Wiesenmühle,,,
node/352765526,50.1821051,8.5865709,frequenz,bus,Zimmersmühlenweg,,,
node/352766482,50.1873161,8.5855772,frequenz,bus,In den Schwarzwiesen,,,
node/352820435,50.1822122,8.5846139,frequenz,bus,Altes Rathaus,,,
node/352820510,50.1825754,8.5850463,frequenz,bus,Altes Rathaus,,,
node/352821938,50.1826242,8.5971726,frequenz,bus,An der Bleiche,,,
node/352823316,50.1813885,8.6005062,frequenz,bus,An der Kreuzwiese,,,
node/352824063,50.1821186,8.6028879,frequenz,bus,Am Gaßgang,,,
node/352824672,50.1837547,8.6017261,frequenz,bus,Mauerfeldstraße,,,
node/353382914,50.1764235,8.5906347,frequenz,bus,Kammerpfad,,,
node/353383049,50.1765786,8.590906,frequenz,bus,Kammerpfad,,,
node/353879708,50.1540949,8.6228748,frequenz,bus,Oberfeldstraße,,,
node/353879709,50.1576483,8.622094,frequenz,bus,Praunheimer Weg/Schulzentrum,,,
node/355165853,50.207016,8.7453205,frequenz,bus,Hohemarkstraße,,,
node/355165854,50.2065924,8.7452043,frequenz,bus,Hohemarkstraße,,,
node/356775040,50.1514319,8.6262103,frequenz,bus,Am Alten Schloß,,,
node/356775311,50.1574202,8.6220004,frequenz,bus,Praunheimer Weg/Schulzentrum,,,
node/365173326,50.1848289,8.5953563,frequenz,bus,Querstraße,,,
node/365173349,50.185037,8.5951931,frequenz,bus,Querstraße,,,
node/365173629,50.1878964,8.5935795,frequenz,bus,Stadtwerke Oberursel,,,
node/365173802,50.1880694,8.5932477,frequenz,bus,Stadtwerke Oberursel,,,
node/3662050905,50.1910455,8.5913255,frequenz,bus,Tabaksmühlenweg,,,
node/366968825,50.1525736,8.6309996,frequenz,bus,Mithrasstraße,,,
node/366968838,50.1524713,8.6298729,frequenz,bus,Mithrasstraße,,,
node/366971898,50.1464667,8.6110727,frequenz,bus,Hofgut,,,
node/366974615,50.1434713,8.6034084,frequenz,bus,Theodor-Fischer-Weg,,,
node/366985362,50.1227742,8.568716,frequenz,bus,Westerwaldstraße,,,
node/366985363,50.1238072,8.5806613,frequenz,bus,Westerbachsiedlung,,,
node/366988244,50.1196375,8.5664596,frequenz,bus,Sossenheimer Kirchberg,,,
node/366988253,50.117213,8.5623244,frequenz,bus,Am Kapellenberg,,,
node/366988263,50.1177296,8.5563431,frequenz,bus,Dunantring,,,
node/366992341,50.1143805,8.555725,frequenz,bus,Sossenheim Bahnhof,,,
node/366992350,50.1113955,8.5526212,frequenz,bus,Eltviller Straße,,,
node/366992355,50.1092966,8.5513551,frequenz,bus,Friedhof Kurmainzer Straße,,,
node/366992359,50.1062946,8.552606,frequenz,bus,Auerstraße,,,
node/366994274,50.103549,8.551806,frequenz,bus,Zuckschwerdt-/Bauhofstraße,,,
node/370147270,50.2176069,8.6382015,frequenz,bus,Am Linsenberg,,,
node/3702549457,50.2274167,8.6847752,frequenz,bus,Friedhof,,,
node/3705431206,50.215805,8.6405205,frequenz,bus,Am Römischen Hof,,,
node/3705431207,50.2153726,8.6452189,frequenz,bus,Lorscher Straße,,,
node/3705431208,50.2154764,8.6517185,frequenz,bus,Kalbacher Straße,,,
node/3705520203,50.0832536,8.7559393,frequenz,bus,Anton-Bruckner-Straße,,,
node/3705520206,50.0858628,8.7540833,frequenz,bus,Europaplatz,,,
node/3705558120,50.0962414,8.7544896,frequenz,bus,Klinikum Offenbach West,,,
node/3705779876,50.1579388,8.7591764,frequenz,bus,Erlenseer Straße,,,
node/3706740264,50.2175908,8.6388258,frequenz,bus,Am Linsenberg,,,
node/3707016618,50.111967,8.7536251,frequenz,bus,Carl-Ulrich-Brücke,,,
node/3708384899,50.0469282,8.5510526,frequenz,bus,Flughafen Tor 23 (Richtung West),,,
node/3719207995,50.1337259,8.5707833,frequenz,bus,Kölner Straße,,,
node/372733092,50.1586907,8.7588829,frequenz,bus,Marktplatz Bergen,,,
node/3731542669,50.1033716,8.4687628,frequenz,bus,Auf der Sandkaul,,,
node/3816289362,50.1224125,8.4806963,frequenz,bus,Am Nußbaum,,,
node/3836253443,50.0593815,8.6945868,frequenz,bus,Neu-Isenburg Stadtgrenze,,,
node/3836253444,50.058024,8.6828558,frequenz,bus,Waldspielpark,,,
node/3836253445,50.0580705,8.682529,frequenz,bus,Waldspielpark,,,
node/384773769,50.1606403,8.6601425,frequenz,bus,Anne-Frank-Siedlung,,,
node/3876026014,50.0963033,8.4871987,frequenz,bus,Friedhof Zeilsheim,,,
node/3876026016,50.0963634,8.4864249,frequenz,bus,Friedhof Zeilsheim,,,
node/389924744,50.2100769,8.7513279,frequenz,bus,Weitzesweg,,,
node/389924748,50.2075501,8.7505739,frequenz,bus,S-Bahnhof,,,
node/3901016766,50.1745087,8.6241007,frequenz,bus,Lucy-Hillebrand-Straße,,,
node/3901016767,50.174673,8.6236416,frequenz,bus,Lucy-Hillebrand-Straße,,,
node/3901019529,50.17768,8.616834,frequenz,bus,Ernst-Balser-Straße,,,
node/3901019530,50.1779028,8.6169439,frequenz,bus,Ernst-Balser-Straße,,,
node/3901019531,50.1761358,8.6175557,frequenz,bus,Hans-Poelzig-Straße,,,
node/3901024891,50.1802622,8.6197817,frequenz,bus,Hans-Leistikow-Straße,,,
node/3901024892,50.1803695,8.6201421,frequenz,bus,Hans-Leistikow-Straße,,,
node/3906633668,50.0342866,8.6133837,frequenz,bus,Ludwig-Dürr-Straße,,,
node/392767163,50.1626633,8.6287604,frequenz,bus,Roßkopfstraße,,,
node/392767164,50.1628071,8.6290755,frequenz,bus,Roßkopfstraße,,,
node/392767165,50.1638025,8.62142,frequenz,bus,Eduard-Bernstein-Weg,,,
node/392767167,50.1615175,8.6206996,frequenz,bus,Praunheimer Weg Mitte,,,
node/392767169,50.1505563,8.6223061,frequenz,bus,Graebestraße / Pflegeheim,,,
node/392767170,50.1481431,8.6230109,frequenz,bus,Praunheimer Brücke,,,
node/392767173,50.1440604,8.6244433,frequenz,bus,Pflanzländer,,,
node/392767174,50.140973,8.6245228,frequenz,bus,Geiselwiesen,,,
node/392767176,50.1388994,8.6246307,frequenz,bus,Hausen,,,
node/392767177,50.1352991,8.6257501,frequenz,bus,Ellerfeld,,,
node/392767179,50.133404,8.628295,frequenz,bus,Große Nelkenstraße,,,
node/392767181,50.1228018,8.6320873,frequenz,bus,Brigitte-Frauendorf-Straße,,,
node/392767182,50.1231756,8.6328326,frequenz,bus,Brigitte-Frauendorf-Straße,,,
node/392767183,50.1214102,8.6274691,frequenz,bus,Valentina-Archipowa-Straße,,,
node/392767184,50.1212936,8.6206686,frequenz,bus,Sternbrücke,,,
node/392767185,50.1217718,8.6157823,frequenz,bus,Parkweg,,,
node/392767186,50.1218991,8.614839,frequenz,bus,Parkweg,,,
node/392767187,50.1244271,8.6119098,frequenz,bus,Alt-Rödelheim,,,
node/392776620,50.1242136,8.6065505,frequenz,bus,Rödelheim Bahnhof,,,
node/392776622,50.1223902,8.6000297,frequenz,bus,In der Au,,,
node/392776623,50.1225662,8.599069,frequenz,bus,In der Au,,,
node/392776625,50.1225775,8.5949461,frequenz,bus,Gaugrafenstraße,,,
node/392776629,50.1235442,8.5778164,frequenz,bus,Haigerer Straße,,,
node/392776631,50.1239513,8.5726268,frequenz,bus,Carl-Sonnenschein-Straße,,,
node/392776634,50.1229919,8.5695687,frequenz,bus,Westerwaldstraße,,,
node/392776638,50.1168971,8.5617054,frequenz,bus,Am Kapellenberg,,,
node/392776640,50.1149748,8.5566025,frequenz,bus,Sossenheim Bahnhof,,,
node/392776641,50.1118365,8.5533112,frequenz,bus,Eltviller Straße,,,
node/392776643,50.1099001,8.5515735,frequenz,bus,Friedhof Kurmainzer Straße,,,
node/392776644,50.1053997,8.5531886,frequenz,bus,Auerstraße,,,
node/392776647,50.101633,8.5536644,frequenz,bus,Bolongaropalast,,,
node/392776648,50.1022001,8.5553888,frequenz,bus,Ludwig-Scriba-Straße,,,
node/392801008,50.1156994,8.5565331,frequenz,bus,Sossenheim Bahnhof,,,
node/392801010,50.1089667,8.6049772,frequenz,bus,Sportanlage Rebstock,,,
node/392801011,50.1067171,8.609232,frequenz,bus,Gymnasium Römerhof,,,
node/392801012,50.1065543,8.6094558,frequenz,bus,Gymnasium Römerhof,,,
node/392801015,50.1126604,8.6191303,frequenz,bus,Zum Rebstockbad,,,
node/392801018,50.1159385,8.6302557,frequenz,bus,Katharinenkreisel,,,
node/392801019,50.1137856,8.649267,frequenz,bus,Ludwig-Erhard-Anlage,,,
node/392801020,50.1149056,8.6362497,frequenz,bus,Philipp-Reis-Straße,,,
node/392801021,50.1140005,8.6567262,frequenz,bus,Bettinaplatz,,,
node/392801022,50.1165503,8.6583144,frequenz,bus,Kettenhofweg,,,
node/392801023,50.1189034,8.6595243,frequenz,bus,Schubertstraße,,,
node/392852698,50.1020393,8.5468365,frequenz,bus,Hostatostraße,,,
node/392852699,50.111453,8.5272055,frequenz,bus,Unterliederbach West,,,
node/392852700,50.1109924,8.5272929,frequenz,bus,Unterliederbach West,,,
node/392852702,50.1048997,8.5377025,frequenz,bus,Peter-Bied-Straße,,,
node/392852703,50.110468,8.5350938,frequenz,bus,Ludwig-Erhard-Schule,,,
node/392852710,50.1106789,8.5321713,frequenz,bus,Unterliederbach Markt,,,
node/392855867,50.1107447,8.5490969,frequenz,bus,Windthorststraße,,,
node/392855868,50.1000169,8.5497326,frequenz,bus,Mainberg,,,
node/392855873,50.0981356,8.5454263,frequenz,bus,Leverkuser Straße,,,
node/3936552667,50.1000683,8.5980891,frequenz,bus,Linnegraben,,,
node/3979849923,50.1210239,8.6509612,frequenz,bus,Bockenheimer Warte,,,
node/4012626434,50.0523088,8.6830785,frequenz,bus,Wilhelm-Leuschner-Straße,,,
node/401562468,50.1553297,8.6413207,frequenz,bus,Heidenfeld,,,
node/401562770,50.165341,8.6259793,frequenz,bus,Heinrich-Kromer Schule,,,
node/401562771,50.1654348,8.6225357,frequenz,bus,Alt-Niederursel,,,
node/401621450,50.1539136,8.6375361,frequenz,bus,Römerstadt,,,
node/4106620409,50.0958713,8.662999,frequenz,bus,Haus 11,,,
node/4106620411,50.0942776,8.6637822,frequenz,bus,Haus 15A,,,
node/4106620414,50.0942615,8.6582843,frequenz,bus,Haus 32C,,,
node/4106620415,50.0934924,8.659183,frequenz,bus,Haus 32E,,,
node/4106620416,50.0916876,8.6610007,frequenz,bus,Haus 54,,,
node/4106620417,50.092948,8.6556537,frequenz,bus,Haus 68,,,
node/4106620418,50.0966515,8.664346,frequenz,bus,Haus 8,,,
node/4106620420,50.0922615,8.6507004,frequenz,bus,Haus 93,,,
node/4106620421,50.0912757,8.6489251,frequenz,bus,Haus 95,,,
node/4106623794,50.0920475,8.6489169,frequenz,bus,Friedrichsheim,,,
node/412542922,50.1564191,8.6441429,frequenz,bus,Habelstraße,,,
node/412542924,50.1575244,8.6405494,frequenz,bus,Antoninusstraße,,,
node/4178409862,50.0552362,8.5894319,frequenz,bus,Thea-Rasche-Straße,,,
node/4178409865,50.0553204,8.5912644,frequenz,bus,Thea-Rasche-Straße,,,
node/418164059,50.1095317,8.539702,frequenz,bus,Euckenstraße,,,
node/418164060,50.1111278,8.5400719,frequenz,bus,Euckenstraße,,,
node/418164069,50.1132943,8.5423067,frequenz,bus,Walter-Kolb-Schule,,,
node/4185289172,50.0966592,8.4974091,frequenz,bus,Pfaffenwiese/Kolberger Weg,,,
node/425877742,50.1597754,8.6440561,frequenz,bus,Cohausenstraße,,,
node/427594350,50.166107,8.6557732,frequenz,bus,Im Uhrig,,,
node/430433927,50.1056945,8.7002857,frequenz,bus,Zum Brommenhof,,,
node/430920317,50.1778669,8.73548,frequenz,bus,Südbahnhof,,,
node/430920318,50.1750705,8.7338112,frequenz,bus,Elisabethenstraße,,,
node/430928252,50.1321374,8.6770641,frequenz,bus,Bertramstraße,,,
node/430928764,50.1317601,8.6614704,frequenz,bus,Grüneburgpark,,,
node/431016815,50.1214542,8.6508145,frequenz,bus,Bockenheimer Warte,,,
node/4313182205,50.0568127,8.5054032,frequenz,bus,Mühlgraben,,,
node/4313436463,50.0578474,8.497061,frequenz,bus,Friedhof,,,
node/433930841,50.0798155,8.5101341,frequenz,bus,Friedhof Sindlingen,,,
node/433930843,50.0797532,8.5111263,frequenz,bus,Friedhof Sindlingen,,,
node/433930847,50.076597,8.5102219,frequenz,bus,Farbenstraße/Friedhof,,,
node/433930848,50.078279,8.5138729,frequenz,bus,Allesinastraße,,,
node/433930850,50.0781479,8.5133879,frequenz,bus,Allesinastraße,,,
node/433930855,50.079972,8.5166194,frequenz,bus,Westenbergerstraße,,,
node/433930857,50.0810371,8.5168977,frequenz,bus,Westenbergerstraße,,,
node/433947822,50.08387,8.5155007,frequenz,bus,Pfingstbornstraße,,,
node/433947828,50.0840456,8.5153037,frequenz,bus,Pfingstbornstraße,,,
node/433947831,50.0861075,8.5137366,frequenz,bus,Industriepark Höchst Tor West,,,
node/433947833,50.0861222,8.5147112,frequenz,bus,Industriepark Höchst Tor West,,,
node/433947834,50.0865057,8.5142158,frequenz,bus,Industriepark Höchst Tor West,,,
node/433947836,50.0882148,8.511456,frequenz,bus,Sindlingen Bahnhof,,,
node/433947839,50.087943,8.5115393,frequenz,bus,Sindlingen Bahnhof,,,
node/433947847,50.0940045,8.4957708,frequenz,bus,Zeilsheim Kolonie,,,
node/433947849,50.094983,8.4928437,frequenz,bus,Kirche Zeilsheim,,,
node/433947851,50.097026,8.4896305,frequenz,bus,Hofheimer Straße,,,
node/433947852,50.097984,8.4924518,frequenz,bus,Neu-Zeilsheim,,,
node/433947854,50.0970507,8.492722,frequenz,bus,Neu-Zeilsheim,,,
node/433947859,50.0971128,8.5011843,frequenz,bus,Stadthalle Zeilsheim,,,
node/433947860,50.0972413,8.5048177,frequenz,bus,Lenzenbergstraße,,,
node/433968729,50.0971504,8.5095775,frequenz,bus,Rabenkopfweg,,,
node/433968731,50.0969062,8.5109819,frequenz,bus,Rabenkopfweg,,,
node/433968734,50.0972815,8.5200568,frequenz,bus,Jahrhunderthalle,,,
node/433968739,50.0976978,8.5274229,frequenz,bus,Industriepark Höchst Tor Nord,,,
node/433968741,50.0983252,8.5293921,frequenz,bus,Industriepark Höchst Tor Nord,,,
node/433990852,50.1144855,8.6354276,frequenz,bus,Philipp-Reis-Straße,,,
node/433990854,50.1161755,8.6582852,frequenz,bus,Kettenhofweg,,,
node/433990855,50.1184818,8.6595726,frequenz,bus,Schubertstraße,,,
node/433990856,50.1197364,8.6572598,frequenz,bus,Palmengartenstraße,,,
node/4385231123,50.1195027,8.6540684,frequenz,bus,Bockenheimer Warte,,,
node/4391460083,50.0942834,8.5042553,frequenz,bus,Märchensiedlung,,,
node/4391460085,50.0969669,8.5057558,frequenz,bus,Lenzenbergstraße,,,
node/4391460086,50.0967551,8.5055936,frequenz,bus,Lenzenbergstraße,,,
node/4391460087,50.0996083,8.5040373,frequenz,bus,Bechtenwaldstraße,,,
node/4391460489,50.1018166,8.5018899,frequenz,bus,Pferdskopfweg,,,
node/4391460490,50.1005725,8.5013416,frequenz,bus,Pferdskopfweg,,,
node/4391460491,50.1009513,8.4976015,frequenz,bus,Siedlung Taunusblick,,,
node/441251530,50.1804374,8.7403483,frequenz,bus,Niddaplatz,,,
node/441252718,50.203253,8.7442572,frequenz,bus,Stadastraße,,,
node/441252869,50.2097358,8.7460955,frequenz,bus,Am Sonnenplatz,,,
node/441278974,50.1647504,8.6426259,frequenz,bus,Zeilweg,,,
node/441278976,50.1644302,8.642434,frequenz,bus,Zeilweg,,,
node/441407675,50.149286,8.6193014,frequenz,bus,Alt-Praunheim/Krankenhaus Nordwest,,,
node/441407676,50.1597113,8.6470365,frequenz,bus,Heddernheim Kirche,,,
node/442891828,50.1186612,8.6797842,frequenz,bus,Eschenheimer Tor,,,
node/443399388,50.1698626,8.6412842,frequenz,bus,Sebastian-Kneipp-Straße,,,
node/443399389,50.1698417,8.6406954,frequenz,bus,Sebastian-Kneipp-Straße,,,
node/443399396,50.1700143,8.6378364,frequenz,bus,Emil-von-Behring-Straße,,,
node/443399397,50.1703301,8.6373795,frequenz,bus,Emil-von-Behring-Straße,,,
node/443417111,50.1823748,8.6254703,frequenz,bus,Johann-Beyer-Weg,,,
node/443417126,50.1827233,8.6568364,frequenz,bus,Kalbach,,,
node/443417128,50.1868645,8.6503262,frequenz,bus,Sportzentrum Kalbach,,,
node/443417130,50.1897472,8.652813,frequenz,bus,Heinrich-Lanz-Allee,,,
node/443417133,50.1896991,8.6524501,frequenz,bus,Heinrich-Lanz-Allee,,,
node/443417135,50.1883474,8.658292,frequenz,bus,Seniorenwohnanlage Bügel,,,
node/443417146,50.190341,8.6586588,frequenz,bus,Ben-Gurion-Ring West,,,
node/443417149,50.1913398,8.657761,frequenz,bus,Genfer Straße,,,
node/443417151,50.1936461,8.6602001,frequenz,bus,Berner Straße,,,
node/443417162,50.1947524,8.6559225,frequenz,bus,Gewerbegebiet Nieder-Eschbach,,,
node/443417165,50.1928571,8.662634,frequenz,bus,Berner Straße/Ben-Gurion-Ring,,,
node/443420743,50.1971518,8.6664898,frequenz,bus,An der Bornhohl,,,
node/443420745,50.1998507,8.6651715,frequenz,bus,Wilhelm-Flögel-Ring,,,
node/443420758,50.2002255,8.6744591,frequenz,bus,Glockengasse,,,
node/443420762,50.2029547,8.7090406,frequenz,bus,Rathaus Nieder-Erlenbach,,,
node/443420765,50.2019722,8.7127058,frequenz,bus,Schule Nieder-Erlenbach,,,
node/443420766,50.1978662,8.7164862,frequenz,bus,Am Klingelborn,,,
node/443420768,50.2002008,8.7080138,frequenz,bus,Hohe Brück,,,
node/443420777,50.2039426,8.7035616,frequenz,bus,Kurmarkstraße,,,
node/443420781,50.2037677,8.702895,frequenz,bus,Kurmarkstraße,,,
node/443420783,50.205366,8.7073772,frequenz,bus,Niedereschbacher Straße,,,
node/443420785,50.2059304,8.7069842,frequenz,bus,Niedereschbacher Straße,,,
node/443420801,50.1887827,8.6991594,frequenz,bus,Tempelhof,,,
node/443420804,50.186685,8.6982146,frequenz,bus,Am Römerbrunnen,,,
node/443420811,50.184295,8.6959685,frequenz,bus,Am Eschbachtal,,,
node/445546985,50.0529977,8.5844337,frequenz,bus,Hugo-Eckener-Ring,,,
node/447964896,50.0987457,8.68742,frequenz,bus,Südbahnhof/Mörfelder Landstraße,,,
node/4508663884,50.0967694,8.5294768,frequenz,bus,Tor Nord,,,
node/451723904,50.164997,8.6567543,frequenz,bus,Am Grünen Graben,,,
node/4522964675,50.1635071,8.5712484,frequenz,bus,Elisabethweg,,,
node/454335326,50.1970481,8.6672365,frequenz,bus,An der Bornhohl,,,
node/4547614897,50.0695661,8.4985022,frequenz,bus,Südring Mitte,,,
node/4547614898,50.0729175,8.5015038,frequenz,bus,Danziger Straße,,,
node/4547614899,50.0701029,8.4992911,frequenz,bus,Südring Mitte,,,
node/4547614900,50.0723126,8.5015701,frequenz,bus,Danziger Straße,,,
node/4550937853,50.1843371,8.5978502,frequenz,bus,Memeler Straße,,,
node/4554580489,50.0515393,8.5718003,frequenz,bus,Flughafen Terminal 1,,,
node/456137221,50.095316,8.6821979,frequenz,bus,Oppenheimer Landstraße,,,
node/457344757,50.1053695,8.7645425,frequenz,bus,Marktplatz/Frankfurter Straße,,,
node/458891921,50.1553692,8.6982279,frequenz,bus,Gravensteiner-Platz,,,
node/458891922,50.158389,8.6952162,frequenz,bus,An den Drei Hohen,,,
node/4611578155,50.0292581,8.5884107,frequenz,bus,Flughafen Gebäude 681,,,
node/4611578158,50.02653,8.5880978,frequenz,bus,Flughafen Tor 32,,,
node/4611636226,50.0261223,8.5868872,frequenz,bus,Flughafen Tor 32,,,
node/462668599,50.1049318,8.7645515,frequenz,bus,Marktplatz/Frankfurter Straße,,,
node/472279443,50.1841422,8.6518889,frequenz,bus,Bonifatiusstraße,,,
node/472279444,50.1841693,8.6516083,frequenz,bus,Bonifatiusstraße,,,
node/4734579124,50.141515,8.6475247,frequenz,bus,Ginnheimer Waldgasse,,,
node/4734868795,50.1108613,8.653165,frequenz,bus,Platz der Einheit,,,
node/4734868797,50.1106798,8.6534728,frequenz,bus,Platz der Einheit,,,
node/4734868799,50.1108639,8.6645168,frequenz,bus,François-Mitterrand-Platz,,,
node/4735130652,50.1120379,8.7545539,frequenz,bus,Carl-Ulrich-Brücke,,,
node/475736377,50.1129936,8.6545335,frequenz,bus,Festhalle/Messe,,,
node/4792180034,50.10755,8.7743412,frequenz,bus,Diakoniezentrum,,,
node/4792893114,50.1073117,8.7411368,frequenz,bus,Strahlenbergerstraße,,,
node/4793197850,50.1053315,8.7108425,frequenz,bus,Osthafenbrücke,,,
node/4793256747,50.1050533,8.7114669,frequenz,bus,Osthafenbrücke,,,
node/4793363389,50.0885809,8.7489854,frequenz,bus,Backstraße,,,
node/4793363390,50.088642,8.7486984,frequenz,bus,Backstraße,,,
node/4793436411,50.0855768,8.7591385,frequenz,bus,Lauterbornschule,,,
node/4805536705,50.0041964,8.5809331,frequenz,bus,Taunusstraße,,,
node/4815163331,50.09077,8.459117,frequenz,bus,Finanzamt,,,
node/482617193,50.1711812,8.6357887,frequenz,bus,Lurgiallee,,,
node/482617194,50.1709195,8.6356823,frequenz,bus,Lurgiallee,,,
node/482617196,50.1665073,8.6448581,frequenz,bus,Sandelmühle,,,
node/482617198,50.1663008,8.6448383,frequenz,bus,Sandelmühle,,,
node/4829633170,50.1130756,8.6277156,frequenz,bus,Leonardo-da-Vinci-Allee,,,
node/484870729,50.1850391,8.688862,frequenz,bus,Spitzenstraße,,,
node/4857563290,50.2173715,8.6508858,frequenz,bus,Jahnstraße,,,
node/491077174,50.1145626,8.687905,frequenz,bus,Konstablerwache,,,
node/4921758021,50.1888961,8.7244518,frequenz,bus,Am weißen Stein,,,
node/494230809,50.1805998,8.6641674,frequenz,bus,Alt-Bonames,,,
node/494230811,50.1828785,8.6646114,frequenz,bus,Bonameser Hainstraße,,,
node/494230813,50.1850815,8.6655122,frequenz,bus,Bonames Mitte,,,
node/494249103,50.0985574,8.5668746,frequenz,bus,Nied Kirche,,,
node/494249106,50.1013035,8.5601408,frequenz,bus,Tillystraße,,,
node/4945701958,50.1302206,8.5914724,frequenz,bus,Eschborner Landstraße West,,,
node/4945702014,50.1290225,8.5954254,frequenz,bus,Graf-Vollrath-Weg,,,
node/4946985584,50.1687537,8.7207776,frequenz,bus,Sportplatz,,,
node/4946985613,50.1714255,8.7151851,frequenz,bus,Bürgerhaus,,,
node/4946985617,50.1744436,8.7161469,frequenz,bus,Bodelschwinghstraße,,,
node/4948593823,50.1715019,8.7249778,frequenz,bus,Wetterauer Weg,,,
node/498568670,50.1012926,8.6934503,frequenz,bus,Wendelsplatz,,,
node/4990382076,50.0676425,8.4899354,frequenz,bus,Bahnhof Süd,,,
node/4990428748,50.1428908,8.5608317,frequenz,bus,Eschborn Bahnhof,,,
node/4990428749,50.1426964,8.5618174,frequenz,bus,Eschborn Bahnhof,,,
node/4990432793,50.1332734,8.5776776,frequenz,bus,Südbahnhof,,,
node/503471636,50.1142449,8.6433469,frequenz,bus,Emser Straße,,,
node/503471638,50.1139968,8.6419363,frequenz,bus,Emser Straße,,,
node/5066612195,50.1859225,8.5848488,frequenz,bus,Stierstadt Bahnhof,,,
node/513477756,50.118007,8.7079186,frequenz,bus,Habsburgerallee,,,
node/513477758,50.1168871,8.7086486,frequenz,bus,Habsburgerallee,,,
node/518177999,50.2074699,8.7398077,frequenz,bus,Mozartstraße,,,
node/518185335,50.1831992,8.744248,frequenz,bus,Altes Rathaus,,,
node/518192952,50.1361612,8.7636442,frequenz,bus,Birsteiner Straße,,,
node/5206159379,50.1139018,8.6281009,frequenz,bus,Leonardo-da-Vinci-Allee,,,
node/5206768681,50.0871701,8.6507578,frequenz,bus,Triftstraße,,,
node/5208074066,50.112409,8.6873612,frequenz,bus,Börneplatz,,,
node/5208074079,50.1080603,8.6704506,frequenz,bus,Weserstraße/Münchener Straße,,,
node/5208433481,50.1248937,8.7117622,frequenz,bus,Saalburg-/Wittelsbacherallee,,,
node/5208493660,50.1233715,8.7171911,frequenz,bus,Eissporthalle/Festplatz,,,
node/5208521863,50.123712,8.7449074,frequenz,bus,Dieselstraße,,,
node/5213973048,50.1282851,8.7674617,frequenz,bus,Alt-Fechenheim,,,
node/5214524689,50.1017073,8.6870363,frequenz,bus,Brücken-/Textorstraße,,,
node/5217686267,50.1256438,8.6470662,frequenz,bus,Juliusstraße,,,
node/5217686268,50.1254079,8.6469093,frequenz,bus,Juliusstraße,,,
node/5217694789,50.1286364,8.6465881,frequenz,bus,Frauenfriedenskirche,,,
node/5217694795,50.1288186,8.6463869,frequenz,bus,Frauenfriedenskirche,,,
node/5217971766,50.087216,8.6492121,frequenz,bus,Frauenhofstraße,,,
node/5219592680,50.1021878,8.6360593,frequenz,bus,Schwalbacher Straße,,,
node/5219648676,50.10891,8.6613975,frequenz,bus,Platz der Republik,,,
node/5239212348,50.1271477,8.7548373,frequenz,bus,Hugo-Junkers-Straße,,,
node/5239212351,50.1281948,8.7558017,frequenz,bus,Hugo-Junkers-Straße,,,
node/5243985828,50.1194462,8.6535119,frequenz,bus,Bockenheimer Warte,,,
node/5250452828,50.1856813,8.6018171,frequenz,bus,Weißkirchen Ost,,,
node/5254216202,50.1339807,8.7416704,frequenz,bus,Gwinnerstraße,,,
node/5267936801,50.1584546,8.687856,frequenz,bus,Preungesheim,,,
node/5268104348,50.1436858,8.690646,frequenz,bus,Feuerwehrstraße,,,
node/5269655826,50.1420265,8.6842396,frequenz,bus,Marbachweg/Sozialzentrum,,,
node/5269655832,50.1424647,8.6850697,frequenz,bus,Marbachweg/Sozialzentrum,,,
node/5269686453,50.1376127,8.6848561,frequenz,bus,Hauptfriedhof,,,
node/5275837428,50.0529392,8.6645249,frequenz,bus,Neu-Isenburg Bahnhof Westseite,,,
node/5289464334,50.0741294,8.5008312,frequenz,bus,Königsberger Straße,,,
node/5289530589,50.0684975,8.4972357,frequenz,bus,Vogelweidestraße,,,
node/5289530591,50.0682876,8.4971513,frequenz,bus,Vogelweidestraße,,,
node/5289878812,50.0648016,8.4926572,frequenz,bus,Wasserwerkchaussee,,,
node/5310124550,50.1189733,8.4879704,frequenz,bus,Bahnhof West,,,
node/5314638024,50.1300358,8.760193,frequenz,bus,Cassellastraße,,,
node/5314638025,50.1294443,8.7591795,frequenz,bus,Cassellastraße,,,
node/5314638026,50.1276297,8.7049104,frequenz,bus,Burgstraße,,,
node/5318510567,50.1738322,8.587213,frequenz,bus,Weißkirchen/Steinbach Bahnhof,,,
node/534705251,50.1806419,8.6638614,frequenz,bus,Alt-Bonames,,,
node/537981481,50.0997867,8.7617116,frequenz,bus,Hauptbahnhof,,,
node/537981484,50.0998577,8.7621069,frequenz,bus,Hauptbahnhof,,,
node/5514879567,50.0745326,8.4993732,frequenz,bus,Südring,,,
node/555102351,50.1086137,8.77724,frequenz,bus,Hafenbahn,,,
node/5559663714,50.1731541,8.7128549,frequenz,bus,Danziger Straße,,,
node/5568707897,50.052635,8.5930848,frequenz,bus,Flughafen Tor 2,,,
node/5574023439,50.051336,8.5814998,frequenz,bus,,,,
node/5574023442,50.0516848,8.5839352,frequenz,bus,Terminal 2 West,,,
node/5574241549,50.0513444,8.579226,frequenz,bus,Geb. 178,,,
node/5574241551,50.0519328,8.5794921,frequenz,bus,Geb. 178,,,
node/560094382,50.1478574,8.6147636,frequenz,bus,Schönberger Weg,,,
node/560400654,50.1047133,8.7645538,frequenz,bus,Marktplatz/Frankfurter Straße,,,
node/5607497761,50.1959805,8.6429062,frequenz,bus,Josef-Bautz-Straße,,,
node/5607497762,50.1952237,8.6422893,frequenz,bus,Josef-Bautz-Straße,,,
node/579808314,50.1425541,8.753686,frequenz,bus,Enkheim [U],,,
node/5804493155,50.0572862,8.587814,frequenz,bus,Kreisel Unterschweinstiege,,,
node/5804493156,50.0568259,8.5888526,frequenz,bus,Kreisel Unterschweinstiege,,,
node/582919521,50.0523561,8.5877384,frequenz,bus,Flughafen Terminal 2,,,
node/582919522,50.058608,8.585412,frequenz,bus,Unterschweinstiege,,,
node/582939265,50.0786267,8.6542633,frequenz,bus,Oberforsthaus,,,
node/5842394851,50.1838287,8.6838904,frequenz,bus,Im Niederfeld,,,
node/586450386,50.0991006,8.6794444,frequenz,bus,Holbein-Schule,,,
node/587684526,50.1466289,8.6119839,frequenz,bus,Hofgut,,,
node/587684530,50.1480159,8.6156202,frequenz,bus,Schönberger Weg,,,
node/587939715,50.1270925,8.6763808,frequenz,bus,Holzhausen-Park,,,
node/587939736,50.127164,8.6772483,frequenz,bus,Holzhausen-Park,,,
node/588467323,50.1437458,8.6242446,frequenz,bus,Pflanzländer,,,
node/588527151,50.175121,8.7197476,frequenz,bus,Fröbelstraße,,,
node/588527156,50.1718999,8.7319433,frequenz,bus,Berliner Straße,,,
node/588527160,50.1897045,8.7202759,frequenz,bus,Friedhof Massenheim,,,
node/6058679861,50.1249126,8.718448,frequenz,bus,Eissporthalle Nordeingang,,,
node/610287728,50.1840937,8.6240973,frequenz,bus,Paul-Apel-Straße,,,
node/610312623,50.1195332,8.6397222,frequenz,bus,Westbahnhof,,,
node/610919824,50.1128983,8.6189267,frequenz,bus,Zum Rebstockbad,,,
node/6128276882,50.0978564,8.7667792,frequenz,bus,Friedensstraße,,,
node/6128276883,50.0981066,8.7662261,frequenz,bus,Friedensstraße,,,
node/613514011,50.1425521,8.6684768,frequenz,bus,Fritz-Tarnow-Straße,,,
node/613514012,50.142783,8.668943,frequenz,bus,Fritz-Tarnow-Straße,,,
node/613514014,50.1526826,8.6612088,frequenz,bus,Lindenbaum,,,
node/613514015,50.152836,8.6614476,frequenz,bus,Lindenbaum,,,
node/613517708,50.1361391,8.6716331,frequenz,bus,Dornbusch/Am Grünhof,,,
node/613517723,50.1571551,8.6564346,frequenz,bus,Weißer Stein,,,
node/613517778,50.1470391,8.6672297,frequenz,bus,Hügelstraße,,,
node/613531072,50.1590628,8.6549206,frequenz,bus,Eschersheim Bahnhof,,,
node/614877778,50.1205908,8.6541993,frequenz,bus,Bockenheimer Warte,,,
node/615218711,50.1083528,8.6451131,frequenz,bus,Dubliner Straße,,,
node/615218715,50.1088037,8.6453641,frequenz,bus,Dubliner Straße,,,
node/615218716,50.1089575,8.6509312,frequenz,bus,Den Haager Straße,,,
node/615218718,50.1023091,8.6975474,frequenz,bus,Mühlberg,,,
node/615218721,50.1059309,8.6951344,frequenz,bus,Wasserweg,,,
node/615226422,50.1051906,8.6500607,frequenz,bus,Speyerer Straße,,,
node/616049145,50.112262,8.6537442,frequenz,bus,Festhalle/Messe,,,
node/616282306,50.1017888,8.6996961,frequenz,bus,Mühlberg,,,
node/616282310,50.1020139,8.6998268,frequenz,bus,Mühlberg,,,
node/616282333,50.1064741,8.6922913,frequenz,bus,Frankensteiner Platz,,,
node/616488749,50.0859235,8.6361941,frequenz,bus,Haardtwaldplatz,,,
node/616488750,50.0862929,8.6370384,frequenz,bus,Haardtwaldplatz,,,
node/6165239238,50.1301562,8.716897,frequenz,bus,Buchwaldstraße,,,
node/6165239239,50.1324758,8.7167607,frequenz,bus,Bornheim Sportcenter,,,
node/616775405,50.123173,8.6585045,frequenz,bus,Siesmayerstraße (Palmengarten),,,
node/616813861,50.1236515,8.6649116,frequenz,bus,August-Siebert-Straße,,,
node/616813862,50.1241643,8.6683136,frequenz,bus,Uni Campus Westend,,,
node/616813863,50.1264946,8.6708555,frequenz,bus,Bremer Straße,,,
node/616813864,50.1289751,8.6699196,frequenz,bus,Max-Horkheimer-Straße,,,
node/617553545,50.1858093,8.6012813,frequenz,bus,Ost,,,
node/617684414,50.2018839,8.6697599,frequenz,bus,Urseler Weg,,,
node/618398663,50.1412411,8.5969655,frequenz,bus,Stadtbahnzentralwerkstatt,,,
node/618398664,50.140982,8.5966106,frequenz,bus,Stadtbahnzentralwerkstatt,,,
node/618398665,50.1434948,8.6037406,frequenz,bus,Theodor-Fischer-Weg,,,
node/618398666,50.1509021,8.6204025,frequenz,bus,Krankenhaus Nordwest,,,
node/618398669,50.1512917,8.6223898,frequenz,bus,Graebestraße / Pflegeheim,,,
node/618398671,50.1532475,8.6337742,frequenz,bus,Hadrianstraße,,,
node/618398675,50.1588021,8.652899,frequenz,bus,Niedwiesenstraße,,,
node/618398678,50.1615677,8.6558886,frequenz,bus,Dreihäusergasse,,,
node/618448734,50.121577,8.6277027,frequenz,bus,Valentina-Archipowa-Straße,,,
node/618448737,50.1326501,8.6284228,frequenz,bus,Große Nelkenstraße,,,
node/618448741,50.1351361,8.6252826,frequenz,bus,Ellerfeld,,,
node/618448762,50.1387098,8.6244003,frequenz,bus,Hausen,,,
node/618448765,50.1406373,8.6243475,frequenz,bus,Geiselwiesen,,,
node/618448766,50.1533844,8.6227126,frequenz,bus,Oberfeldstraße,,,
node/618503559,50.1052862,8.6978715,frequenz,bus,Zum Apothekerhof,,,
node/618684879,50.1099324,8.6687636,frequenz,bus,Weserstraße,,,
node/618684881,50.1123857,8.6691099,frequenz,bus,Taunusanlage,,,
node/618684886,50.1161261,8.6707836,frequenz,bus,Alte Oper,,,
node/618684890,50.1206516,8.6705164,frequenz,bus,Kronberger Straße,,,
node/618684892,50.1232524,8.6700634,frequenz,bus,Bremer Platz,,,
node/618684893,50.1240039,8.6697023,frequenz,bus,Bremer Platz,,,
node/618684894,50.126559,8.6712381,frequenz,bus,Bremer Straße,,,
node/618684896,50.1309192,8.6719742,frequenz,bus,Miquel-/Adickesallee,,,
node/619815252,50.0995245,8.6847899,frequenz,bus,Südbahnhof,,,
node/620897863,50.1241334,8.5963351,frequenz,bus,Gaugrafenstraße,,,
node/622706053,50.0928356,8.635069,frequenz,bus,Briefzentrum,,,
node/622706056,50.0943028,8.6387957,frequenz,bus,Erntestraße,,,
node/622706059,50.0944811,8.6384421,frequenz,bus,Erntestraße,,,
node/622706064,50.09587,8.6419928,frequenz,bus,Halmstraße,,,
node/622706066,50.0961712,8.6423666,frequenz,bus,Halmstraße,,,
node/622706069,50.0975924,8.6474619,frequenz,bus,Johanna-Kirchner-Altenhilfezentrum,,,
node/622706070,50.0975108,8.6466527,frequenz,bus,Johanna-Kirchner-Altenhilfezentrum,,,
node/622706071,50.0988425,8.6509996,frequenz,bus,Camberger Straße,,,
node/622706076,50.0996434,8.6540479,frequenz,bus,Gutleut-/Heilbronner Straße,,,
node/622706080,50.0998889,8.6544356,frequenz,bus,Gutleut-/Heilbronner Straße,,,
node/622706083,50.1020451,8.6545365,frequenz,bus,Heilbronner Straße,,,
node/622706091,50.1011777,8.6600655,frequenz,bus,Rottweiler Platz,,,
node/622706094,50.1031709,8.6571913,frequenz,bus,Hafenstraße,,,
node/629100619,50.13113,8.6724088,frequenz,bus,Miquel-/Adickesallee,,,
node/630453965,50.161625,8.6479886,frequenz,bus,Heddernheim,,,
node/630453970,50.1612362,8.648779,frequenz,bus,Heddernheim,,,
node/638559757,50.1224876,8.7018212,frequenz,bus,Höhenstraße,,,
node/640118123,50.1671881,8.5684396,frequenz,bus,Niederhöchstädter Straße,,,
node/640549316,50.1098662,8.6876241,frequenz,bus,Schöne Aussicht,,,
node/640549327,50.1100646,8.6880628,frequenz,bus,Schöne Aussicht,,,
node/640549333,50.1122478,8.6881608,frequenz,bus,Börneplatz,,,
node/640549340,50.1120654,8.688049,frequenz,bus,Börneplatz,,,
node/640549347,50.1181517,8.6870654,frequenz,bus,Alte Gasse,,,
node/640549380,50.119671,8.687543,frequenz,bus,Scheffeleck,,,
node/658441334,50.2103502,8.7405026,frequenz,bus,Margeritenstraße,,,
node/6590457204,50.1486228,8.6653607,frequenz,bus,Hügelstraße,,,
node/6597262817,50.1017777,8.5412422,frequenz,bus,Höchst Bahnhof,,,
node/6597262818,50.1019652,8.5418656,frequenz,bus,Höchst Bahnhof,,,
node/6597262819,50.101642,8.5409372,frequenz,bus,Höchst Bahnhof,,,
node/6597262820,50.1018179,8.5415451,frequenz,bus,Höchst Bahnhof,,,
node/659993053,50.1159415,8.6916488,frequenz,bus,Friedberger Anlage,,,
node/659993055,50.1564316,8.6564321,frequenz,bus,Weißer Stein,,,
node/659993056,50.1570926,8.6555117,frequenz,bus,Weißer Stein,,,
node/660176515,50.1656859,8.5692093,frequenz,bus,Am Schießberg,,,
node/660188976,50.2023992,8.7440281,frequenz,bus,Stadastraße,,,
node/660191547,50.2054133,8.7391192,frequenz,bus,Anton-Bruckner-Straße,,,
node/660191610,50.2036863,8.7401917,frequenz,bus,Clara-Schumann-Weg,,,
node/660192826,50.2092938,8.7459699,frequenz,bus,Am Sonnenplatz,,,
node/660236391,50.0882759,8.6511266,frequenz,bus,Niederräder Landstraße,,,
node/660609369,50.1663074,8.5767272,frequenz,bus,St.-Avertin-Platz,,,
node/667240868,50.1658649,8.5686211,frequenz,bus,Am Schießberg,,,
node/667917838,50.1694456,8.5781029,frequenz,bus,Berliner Straße/Bahnstraße,,,
node/673155541,50.164403,8.5834523,frequenz,bus,Birkenweg,,,
node/673155542,50.1643832,8.5837405,frequenz,bus,Birkenweg,,,
node/673206529,50.167583,8.5719047,frequenz,bus,Freier Platz,,,
node/673206536,50.1697761,8.5772688,frequenz,bus,Wingertstraße,,,
node/673302431,50.1687838,8.5789522,frequenz,bus,Berliner Straße/Bahnstraße,,,
node/673302470,50.1669081,8.582328,frequenz,bus,Berliner Straße/Frankfurter Straße,,,
node/679259412,50.1634071,8.6152799,frequenz,bus,Thomas-Mann-Straße,,,
node/681580764,50.1604827,8.6194939,frequenz,bus,Gerhart-Hauptmann-Ring/Praunheimer Weg,,,
node/681580767,50.1670058,8.6179539,frequenz,bus,Weißkirchener Weg,,,
node/684354314,50.10156,8.5483364,frequenz,bus,Emmerich-Josef-Straße,,,
node/684470279,50.096245,8.490815,frequenz,bus,Hofheimer Straße,,,
node/6910728136,50.0516328,8.6896893,frequenz,bus,Brüder-Grimm-Schule,,,
node/6913600783,50.0484598,8.688943,frequenz,bus,Georg-Büchner-Straße,,,
node/6913600784,50.0487461,8.6886567,frequenz,bus,Georg-Büchner-Straße,,,
node/6913616986,50.0536261,8.6700408,frequenz,bus,Bahnhofstraße,,,
node/6913616989,50.0564327,8.6831729,frequenz,bus,Stoltzestraße,,,
node/6913616991,50.0556651,8.6830375,frequenz,bus,Stoltzestraße,,,
node/6913616993,50.0580316,8.6880311,frequenz,bus,Friedensallee,,,
node/6913616997,50.0594519,8.69405,frequenz,bus,Neu-Isenburg Stadtgrenze,,,
node/6913616998,50.0593375,8.7028921,frequenz,bus,Bansamühle,,,
node/692820775,50.0862316,8.4626913,frequenz,bus,Josef-Wittwer-Seniorenzentrum,,,
node/692820780,50.0864502,8.4623607,frequenz,bus,Josef-Wittwer-Seniorenzentrum,,,
node/692848324,50.0848624,8.4706408,frequenz,bus,Bürgerhaus,,,
node/692848327,50.0829746,8.4664853,frequenz,bus,Kirche,,,
node/692867835,50.0876816,8.4750047,frequenz,bus,Friedhof,,,
node/692867838,50.0875848,8.4746719,frequenz,bus,Friedhof,,,
node/6936739156,50.066136,8.537902,frequenz,bus,Zum Sportfeld,,,
node/7076355880,50.1710378,8.5814892,frequenz,bus,Europakreisel,,,
node/7076355881,50.1713094,8.5817034,frequenz,bus,Europakreisel,,,
node/7122748055,50.0884296,8.6507733,frequenz,bus,Niederräder Landstraße,,,
node/7229071666,50.0970419,8.4941364,frequenz,bus,Neu-Zeilsheim,,,
node/724226249,50.1313884,8.684832,frequenz,bus,Deutsche Nationalbibliothek,,,
node/7254979569,50.0290511,8.5884813,frequenz,bus,Flughafen Gebäude 681,,,
node/727276403,50.1464615,8.6594238,frequenz,bus,Theodor-Storm-Straße,,,
node/727276404,50.1466925,8.6594989,frequenz,bus,Theodor-Storm-Straße,,,
node/727775627,50.1506488,8.6881713,frequenz,bus,Ronneburgstraße,,,
node/727775629,50.1501656,8.6856387,frequenz,bus,Friedhof Eckenheim,,,
node/727775631,50.1514357,8.6840296,frequenz,bus,Büdinger Straße,,,
node/727775632,50.150428,8.6866282,frequenz,bus,Friedhof Eckenheim,,,
node/727775633,50.1493784,8.6813163,frequenz,bus,Engelthaler Straße,,,
node/7370291592,50.0254907,8.58713,frequenz,bus,Flughafen Tor 32,,,
node/7372465857,50.1242059,8.588476,frequenz,bus,Wilhelm-Fay-Straße,,,
node/7392248480,50.0932588,8.4542287,frequenz,bus,Am Stegskreuz,,,
node/7392248481,50.091887,8.4575838,frequenz,bus,Liederbacher Weg,,,
node/7394745768,50.0390802,8.5205335,frequenz,bus,,,,
node/7415350869,50.0174824,8.6083908,frequenz,bus,Kiesgrube Sehring,,,
node/742740108,50.1179266,8.7585036,frequenz,bus,Siemens-Werk,,,
node/742750523,50.1211517,8.7507329,frequenz,bus,Carl-Benz-Straße Nord,,,
node/742752436,50.1196968,8.7552012,frequenz,bus,Robert-Bosch-Straße,,,
node/742753967,50.1245179,8.6349772,frequenz,bus,Schönhof,,,
node/742829980,50.1188857,8.6237742,frequenz,bus,Postsiedlung,,,
node/742861369,50.1186683,8.6236316,frequenz,bus,Postsiedlung,,,
node/743323572,50.0943169,8.6909739,frequenz,bus,Brauerei,,,
node/743369206,50.1319933,8.7448792,frequenz,bus,Schlitzer Straße,,,
node/7448116038,50.1263601,8.5874323,frequenz,bus,Heinrich-Hopf-Straße,,,
node/7449101100,50.1236903,8.6066393,frequenz,bus,Rödelheim Bahnhof,,,
node/7471779180,50.140616,8.6097059,frequenz,bus,Gymnasium Westhausen,,,
node/7474135664,50.1404501,8.5968402,frequenz,bus,Stadtbahnzentralwerkstatt,,,
node/7494650065,50.1180369,8.4921097,frequenz,bus,Taunusstraße,,,
node/7494650067,50.1171732,8.5008338,frequenz,bus,Sindlinger Weg,,,
node/7494650071,50.1182827,8.4939796,frequenz,bus,Am Born,,,
node/7494650075,50.1189121,8.4957335,frequenz,bus,An den Hofgärten,,,
node/7494803229,50.1274763,8.5233356,frequenz,bus,Finkenweg,,,
node/7494803231,50.1328368,8.5168773,frequenz,bus,Kelkheimer Straße,,,
node/7494803237,50.1291548,8.5187748,frequenz,bus,Am Limespark,,,
node/7494803243,50.1293398,8.5186781,frequenz,bus,Am Limespark,,,
node/7523534520,50.0708175,8.4910657,frequenz,bus,Frankfurter Straße,,,
node/7523534530,50.0748315,8.492554,frequenz,bus,Bad Sodener Straße,,,
node/7523534531,50.067387,8.4859384,frequenz,bus,Lindenstraße,,,
node/7523534536,50.0679314,8.4891989,frequenz,bus,Bahnhof Nord,,,
node/7523534540,50.0714543,8.4821144,frequenz,bus,Fuchstanzstraße,,,
node/7523534544,50.0728366,8.4930947,frequenz,bus,Rosengarten,,,
node/7523534556,50.0715508,8.4926942,frequenz,bus,Autoberg,,,
node/7523534560,50.069492,8.4886557,frequenz,bus,Hauptstraße,,,
node/7523534566,50.0747651,8.4930329,frequenz,bus,Bad Sodener Straße,,,
node/7523534569,50.0681944,8.489498,frequenz,bus,Bahnhof Nord,,,
node/7523534571,50.0718018,8.4855843,frequenz,bus,Posthof,,,
node/7526674903,50.0727673,8.4901046,frequenz,bus,Fliederweg,,,
node/7526674913,50.0731856,8.4886805,frequenz,bus,Rosenpark,,,
node/7538997917,50.0611987,8.5408172,frequenz,bus,Baugéplatz,,,
node/7545536094,50.1537417,8.7272362,frequenz,bus,Lohrberg,,,
node/7545802030,50.1006445,8.5651055,frequenz,bus,Nied Brücke,,,
node/7545802032,50.1015469,8.5607703,frequenz,bus,Tillystraße,,,
node/7549603770,50.0832684,8.6445199,frequenz,bus,Gerauer Straße,,,
node/7549603774,50.0816657,8.6455082,frequenz,bus,Güntherstraße,,,
node/7549603776,50.081426,8.6458024,frequenz,bus,Güntherstraße,,,
node/7549603778,50.0793015,8.647128,frequenz,bus,Gundhofstraße,,,
node/7549603780,50.0789504,8.6476216,frequenz,bus,Gundhofstraße,,,
node/7549603782,50.0774146,8.6467063,frequenz,bus,Waldfriedstraße,,,
node/7549611586,50.0768784,8.6492696,frequenz,bus,Vogelstraße,,,
node/7549611588,50.0769519,8.6509556,frequenz,bus,Vogelstraße,,,
node/7549611590,50.0779946,8.6535888,frequenz,bus,Oberforsthaus,,,
node/7549713351,50.0874156,8.649023,frequenz,bus,Frauenhofstraße,,,
node/7549713353,50.0869707,8.6465205,frequenz,bus,Schwarzwaldstraße,,,
node/7549713355,50.0869135,8.6442628,frequenz,bus,Bruchfeldplatz,,,
node/7549713357,50.0891544,8.6434591,frequenz,bus,Kelsterbacher Straße,,,
node/7549713358,50.0893636,8.6435032,frequenz,bus,Kelsterbacher Straße,,,
node/7549713361,50.0901574,8.6406653,frequenz,bus,Im Mainfeld,,,
node/7549713365,50.0881083,8.6380639,frequenz,bus,Schwanheimer Straße,,,
node/7549713369,50.0843832,8.6331283,frequenz,bus,Hahnstraße,,,
node/7549713371,50.0822869,8.63346,frequenz,bus,Saonestraße,,,
node/7549713372,50.0825963,8.6335381,frequenz,bus,Saonestraße,,,
node/7549713375,50.0790028,8.6342226,frequenz,bus,Lyoner-/Hahnstraße,,,
node/7549713376,50.0798463,8.6341823,frequenz,bus,Lyoner-/Hahnstraße,,,
node/7551682629,50.1100352,8.677847,frequenz,bus,Karmeliterkloster,,,
node/7569800160,50.1339694,8.5592348,frequenz,bus,Seerose Ost,,,
node/7569800163,50.1382822,8.569353,frequenz,bus,Bremer Straße,,,
node/7569800164,50.1299811,8.5595329,frequenz,bus,Katharina-Paulus-Straße,,,
node/7569800165,50.1348498,8.5586224,frequenz,bus,Seerose West,,,
node/7569800166,50.1334551,8.5695948,frequenz,bus,Kölner Straße,,,
node/7569800167,50.139329,8.5662777,frequenz,bus,Berliner-/Hamburger Straße,,,
node/7569800168,50.1325607,8.5605043,frequenz,bus,Camp Phönix,,,
node/762895054,50.1109706,8.6821693,frequenz,bus,Römer/Paulskirche,,,
node/762895063,50.1108362,8.681822,frequenz,bus,Römer/Paulskirche,,,
node/763067491,50.1012191,8.6398894,frequenz,bus,Kriegkstraße,,,
node/7656632880,50.0508801,8.6953739,frequenz,bus,Friedrichstraße,,,
node/768532380,50.1922388,8.6650539,frequenz,bus,Glogauer Straße,,,
node/768540801,50.1858646,8.6655866,frequenz,bus,Bonames Mitte,,,
node/772782296,50.0824589,8.6105739,frequenz,bus,Waldau/Goldsteinstraße,,,
node/772785665,50.0846016,8.6175674,frequenz,bus,Morgenzeile,,,
node/772785674,50.0848406,8.617643,frequenz,bus,Morgenzeile,,,
node/772800489,50.1244881,8.6710523,frequenz,bus,Bremer Platz,,,
node/772800493,50.1074788,8.6644706,frequenz,bus,Hauptbahnhof,,,
node/772800500,50.1078491,8.6648543,frequenz,bus,Hauptbahnhof,,,
node/773167038,50.1221178,8.5665175,frequenz,bus,Sossenheim Volkshaus,,,
node/773167115,50.1256084,8.5655712,frequenz,bus,Friedhof Sossenheim,,,
node/773581440,50.0833477,8.5878969,frequenz,bus,Ferdinand-Dirichs-Weg,,,
node/773581447,50.082505,8.5817653,frequenz,bus,Rheinlandstraße,,,
node/773581450,50.0848375,8.588709,frequenz,bus,Martinskirchstraße,,,
node/773581451,50.0835098,8.5880976,frequenz,bus,Ferdinand-Dirichs-Weg,,,
node/773581452,50.0859819,8.5910971,frequenz,bus,Henriette-Fürth-Straße,,,
node/773581456,50.0865165,8.5931693,frequenz,bus,Henriette-Fürth-Straße,,,
node/773581457,50.0853777,8.5889533,frequenz,bus,Martinskirchstraße,,,
node/773592758,50.0844898,8.5709559,frequenz,bus,Rauenthaler Weg,,,
node/773592760,50.083884,8.570743,frequenz,bus,Rauenthaler Weg,,,
node/773592763,50.0867486,8.5699887,frequenz,bus,Kelsterbacher Weg,,,
node/773592766,50.0822756,8.574978,frequenz,bus,An der Kreuzheck,,,
node/773592769,50.0824112,8.5738613,frequenz,bus,An der Kreuzheck,,,
node/773620763,50.0892685,8.5761021,frequenz,bus,Geisenheimer Straße,,,
node/773620776,50.0889626,8.5754665,frequenz,bus,Geisenheimer Straße,,,
node/773620783,50.0894056,8.5723861,frequenz,bus,Alter Friedhof Schwanheim,,,
node/773620788,50.087272,8.6504503,frequenz,bus,Triftstraße,,,
node/773620790,50.086536,8.6491684,frequenz,bus,Trift-/Frauenhofstraße,,,
node/773620796,50.0837141,8.6384338,frequenz,bus,Jugenheimer Straße,,,
node/773635928,50.0873248,8.5799739,frequenz,bus,Mauritiusstraße,,,
node/776633247,50.0963773,8.5705428,frequenz,bus,Dürkheimer Straße,,,
node/776633290,50.0980888,8.5666327,frequenz,bus,Nied Kirche,,,
node/776633306,50.1000494,8.5646042,frequenz,bus,Nied Brücke,,,
node/776633371,50.1026774,8.5570095,frequenz,bus,Ludwig-Scriba-Straße,,,
node/776858291,50.0870272,8.6160971,frequenz,bus,Sonnenweg,,,
node/776858298,50.0864116,8.6094385,frequenz,bus,Tränkweg,,,
node/776858308,50.087048,8.6155986,frequenz,bus,Sonnenweg,,,
node/776858312,50.0862607,8.6089323,frequenz,bus,Tränkweg,,,
node/776918705,50.0845273,8.6281227,frequenz,bus,Heizkraftwerk Niederrad,,,
node/778299784,50.1047003,8.6899289,frequenz,bus,Affentorplatz,,,
node/778299816,50.0867229,8.6005166,frequenz,bus,Ruhestein,,,
node/778299831,50.0824281,8.6042062,frequenz,bus,Schwarzbachmühle,,,
node/778299864,50.0841416,8.6210649,frequenz,bus,Goldsteinstraße,,,
node/778299869,50.0874948,8.6671838,frequenz,bus,Waldspielpark Louisa,,,
node/778708608,50.0860558,8.6047044,frequenz,bus,Tannenkopfweg,,,
node/778708613,50.1060675,8.6878351,frequenz,bus,Elisabethenstraße,,,
node/778708621,50.0837188,8.6448691,frequenz,bus,Gerauer Straße,,,
node/778708626,50.0869043,8.6912727,frequenz,bus,Sachsenhäuser Warte,,,
node/778708634,50.0827556,8.6294756,frequenz,bus,Lyoner Straße,,,
node/778708636,50.085118,8.5988435,frequenz,bus,Ruhestein,,,
node/778708645,50.0897039,8.6720868,frequenz,bus,Stresemannallee/Mörfelder Landstraße,,,
node/778708647,50.0847101,8.6316812,frequenz,bus,Hahnstraße,,,
node/778708654,50.1057406,8.6883264,frequenz,bus,Elisabethenstraße,,,
node/778708655,50.0878552,8.6621425,frequenz,bus,Humperdinckstraße,,,
node/778708659,50.0874085,8.6667443,frequenz,bus,Waldspielpark Louisa,,,
node/778708663,50.0868211,8.6921876,frequenz,bus,Sachsenhäuser Warte,,,
node/778708671,50.0840316,8.6449102,frequenz,bus,Gerauer Straße,,,
node/778708678,50.0914853,8.6911209,frequenz,bus,Südfriedhof West,,,
node/778708680,50.0892038,8.670063,frequenz,bus,Stresemannallee/Mörfelder Landstraße,,,
node/778708682,50.0845597,8.6323877,frequenz,bus,Hahnstraße,,,
node/778708683,50.0842182,8.6205752,frequenz,bus,Goldsteinstraße,,,
node/778708686,50.0831006,8.6295923,frequenz,bus,Lyoner Straße,,,
node/783983095,50.0903545,8.5720518,frequenz,bus,Alter Friedhof Schwanheim,,,
node/784749408,50.0533639,8.5781564,frequenz,bus,Flughafen Tor 3,,,
node/792277375,50.089436,8.7095805,frequenz,bus,Goetheturm,,,
node/795742737,50.1107832,8.5979077,frequenz,bus,Neufeld,,,
node/795846581,50.177291,8.6312307,frequenz,bus,Ludwig-Fulda-Weg,,,
node/795846587,50.1773916,8.6309713,frequenz,bus,Ludwig-Fulda-Weg,,,
node/795858921,50.1010923,8.674542,frequenz,bus,Otto-Hahn-Platz,,,
node/8011058776,50.0864654,8.5869844,frequenz,bus,An der Wildhube,,,
node/8016862735,50.107087,8.7349683,frequenz,bus,Warschauer Straße,,,
node/8022288064,50.1068267,8.7360209,frequenz,bus,Warschauer Straße,,,
node/8022288065,50.1061365,8.7333097,frequenz,bus,Amsterdamer Straße,,,
node/803546921,50.108762,8.6637479,frequenz,bus,Hauptbahnhof/Karlstraße,,,
node/8221884016,50.1004557,8.6039707,frequenz,bus,Waldschulstraße,,,
node/8221941120,50.1001936,8.5792229,frequenz,bus,Birminghamstraße,,,
node/8221941122,50.1244692,8.7444762,frequenz,bus,Dieselstraße,,,
node/8221941124,50.1276524,8.7530498,frequenz,bus,Hugo-Junkers-Straße,,,
node/8223112639,50.097721,8.541601,frequenz,bus,Brüningstraße,,,
node/8228765106,50.0934008,8.636182,frequenz,bus,Briefzentrum,,,
node/827440887,50.1639402,8.7239971,frequenz,bus,Stadtgrenze/Schneekoppenweg,,,
node/8297942850,50.2266282,8.6743645,frequenz,bus,Seulberger Straße,,,
node/8297942851,50.2262776,8.6755933,frequenz,bus,Seulberger Straße,,,
node/8331333337,50.0986513,8.6721785,frequenz,bus,Stresemann-/Kennedyallee,,,
node/8331333338,50.0986581,8.6718433,frequenz,bus,Stresemann-/Kennedyallee,,,
node/8346992231,50.099884,8.762979,frequenz,bus,Offenbach Hbf,,,
node/8346992236,50.099814,8.762587,frequenz,bus,Offenbach Hbf,,,
node/8346992239,50.0999441,8.7633275,frequenz,bus,Offenbach Hbf,,,
node/8355010955,50.1268963,8.7531853,frequenz,bus,Hugo-Junkers-Straße,,,
node/8450185839,50.1169441,8.7349597,frequenz,bus,Schielestraße West,,,
node/8450185841,50.1191705,8.7403804,frequenz,bus,Schielestraße Ost,,,
node/8450185843,50.1212118,8.7413433,frequenz,bus,Weismüllerstraße Ost,,,
node/8450185845,50.120738,8.7403066,frequenz,bus,Weismüllerstraße Ost,,,
node/8450185847,50.1178109,8.733235,frequenz,bus,Weismüllerstraße West,,,
node/8451594110,50.1321726,8.7658359,frequenz,bus,Mainkur Bahnhof,,,
node/8461706382,50.0951421,8.6021979,frequenz,bus,Eichenstraße,,,
node/8461706383,50.0952314,8.6027189,frequenz,bus,Eichenstraße,,,
node/8477197672,50.108337,8.6428982,frequenz,bus,Stephensonstraße,,,
node/8477197673,50.1086346,8.6426514,frequenz,bus,Stephensonstraße,,,
node/8483056596,50.1268575,8.6853976,frequenz,bus,Glauburgstraße,,,
node/8483056597,50.1278592,8.6849667,frequenz,bus,Glauburgstraße,,,
node/8492004690,50.0960159,8.6274122,frequenz,bus,Kleyerstraße,,,
node/8493336376,50.133729,8.7409839,frequenz,bus,Gwinnerstraße,,,
node/8493347929,50.1381741,8.7444245,frequenz,bus,Kruppstraße,,,
node/8493347930,50.1381285,8.7450407,frequenz,bus,Kruppstraße,,,
node/8493354139,50.1279214,8.726856,frequenz,bus,Johanna-Tesch-Platz,,,
node/8493366077,50.1310821,8.7333758,frequenz,bus,Schäfflestraße,,,
node/8495389753,50.0928716,8.6528385,frequenz,bus,Heinrich-Hoffmann-Straße/Blutspendedienst,,,
node/8495389754,50.0926849,8.6527258,frequenz,bus,Heinrich-Hoffmann-Straße/Blutspendedienst,,,
node/8495399396,50.0968094,8.66092,frequenz,bus,Universitätsklinikum,,,
node/8495408918,50.0993932,8.6665828,frequenz,bus,Friedensbrücke,,,
node/8495415606,50.0978426,8.6658425,frequenz,bus,Vogelweidstraße,,,
node/8495419683,50.0988512,8.6679366,frequenz,bus,Friedensbrücke,,,
node/8498468894,50.1049353,8.6649835,frequenz,bus,Baseler Platz,,,
node/8502102097,50.1046577,8.6629868,frequenz,bus,Fernbusterminal,,,
node/8502102098,50.10438,8.6628704,frequenz,bus,Fernbusterminal,,,
node/8502102099,50.1044798,8.6631262,frequenz,bus,Fernbusterminal,,,
node/8502102100,50.1048144,8.6633835,frequenz,bus,Fernbusterminal,,,
node/8502102101,50.1045363,8.6626794,frequenz,bus,Fernbusterminal,,,
node/8502102104,50.104285,8.6626232,frequenz,bus,Fernbusterminal,,,
node/8502102106,50.1045836,8.6633858,frequenz,bus,Fernbusterminal,,,
node/8502289976,50.1218013,8.6757841,frequenz,bus,Grüneburgweg,,,
node/8502289977,50.1215489,8.6754937,frequenz,bus,Grüneburgweg,,,
node/8502291470,50.1264353,8.6738368,frequenz,bus,Holzhausenstraße,,,
node/8502291471,50.1264365,8.6741681,frequenz,bus,Holzhausenstraße,,,
node/8502292684,50.1181059,8.6787352,frequenz,bus,Eschenheimer Tor,,,
node/8515097190,50.067953,8.490029,frequenz,bus,Bahnhof Süd,,,
node/8517856123,50.1118044,8.6818791,frequenz,bus,Römer/Paulskirche,,,
node/8517856126,50.1102824,8.6773922,frequenz,bus,Karmeliterkloster,,,
node/8530031871,50.1140105,8.6764389,frequenz,bus,Freßgass'/Hauptwache,,,
node/8624280886,50.1406616,8.7497842,frequenz,bus,Hessen-Center,,,
node/8648829805,50.1471799,8.5726126,frequenz,bus,Friedhof,,,
node/8648829806,50.140223,8.5631,frequenz,bus,Zeppelinstraße,,,
node/8648829807,50.144891,8.5664645,frequenz,bus,Oberortstraße,,,
node/8648829808,50.1436601,8.5745644,frequenz,bus,Rödelheimer Straße,,,
node/8648829809,50.1423353,8.5562735,frequenz,bus,Taunusblick,,,
node/8648829810,50.147569,8.575111,frequenz,bus,Hunsrückstraße,,,
node/8648829815,50.1457478,8.5751894,frequenz,bus,Seniorenwohnanlage,,,
node/8662532283,50.1423708,8.7282001,frequenz,bus,Schulbus,,,
node/8681037596,50.0694584,8.5192534,frequenz,bus,Roter Weg,,,
node/8701827868,50.0508582,8.5695105,frequenz,bus,Flughafen Terminal 1,,,
node/8701879670,50.0231354,8.5716212,frequenz,bus,Flughafen Gebäude 555,,,
node/8702018698,50.0378266,8.5950158,frequenz,bus,Flughafen Tor 33,,,
node/8702259221,50.099147,8.6839497,frequenz,bus,Südbahnhof,,,
node/8702259222,50.0992877,8.6842596,frequenz,bus,Südbahnhof,,,
node/8707413538,50.1210734,8.6860912,frequenz,bus,Musterschule,,,
node/8707413540,50.1222052,8.6863369,frequenz,bus,Musterschule,,,
node/8707454432,50.117666,8.6919242,frequenz,bus,Bethmannpark,,,
node/8707454434,50.1171488,8.6892977,frequenz,bus,Seilerstraße,,,
node/8710810085,50.1229479,8.7458307,frequenz,bus,Dieselstraße,,,
node/8712086921,50.0255389,8.5511117,frequenz,bus,Flughafen Gebäude 527,,,
node/8712086923,50.0260812,8.555941,frequenz,bus,Flughafen Gebäude 532,,,
node/8712920740,50.1427433,8.7548469,frequenz,bus,Enkheim,,,
node/8712942549,50.1393095,8.6984923,frequenz,bus,Friedberger Warte,,,
node/8713000100,50.1403719,8.7484565,frequenz,bus,Hessen-Center,,,
node/8769914379,50.1407604,8.7540865,frequenz,bus,Am Hessen-Center,,,
node/8769914383,50.1581199,8.7592828,frequenz,bus,Erlenseer Straße,,,
node/8776885337,50.1115812,8.6812484,frequenz,bus,Römer/Paulskirche,,,
node/8776943288,50.1088599,8.6721316,frequenz,bus,Willy-Brandt-Platz,,,
node/8812139290,50.1422508,8.7221253,frequenz,bus,Atzelberg Ost,,,
node/881959731,50.1065227,8.7608739,frequenz,bus,Rathaus,,,
node/8895659001,50.0530011,8.5690288,frequenz,bus,LHX-Haltestelle,,,
node/8896142669,50.066041,8.5426001,frequenz,bus,Sportpark,,,
node/8945639645,50.1330989,8.5772672,frequenz,bus,Südbahnhof,,,
node/8945639646,50.132927,8.5768381,frequenz,bus,Südbahnhof,,,
node/9008192485,50.1002406,8.7252662,frequenz,bus,Buchrainplatz,,,
node/9008192487,50.1006118,8.7231942,frequenz,bus,Buchrainplatz,,,
node/902640662,50.0997495,8.6038481,frequenz,bus,Waldschulstraße,,,
node/902695961,50.0955069,8.6072747,frequenz,bus,Griesheim Bahnhof/Eichenstraße,,,
node/902695973,50.094,8.6062377,frequenz,bus,Griesheim Bahnhof,,,
node/9057906950,50.1312076,8.683826,frequenz,bus,Deutsche Nationalbibliothek,,,
node/9069093855,50.1426942,8.6092898,frequenz,bus,Heerstraße,,,
node/9069093856,50.1397813,8.6120771,frequenz,bus,Friedhof Westhausen,,,
node/9069093857,50.1369262,8.6146786,frequenz,bus,Stephan-Heise-Straße,,,
node/9069093859,50.138329,8.6129316,frequenz,bus,Friedhof Westhausen,,,
node/9069093861,50.1366836,8.6143817,frequenz,bus,Stephan-Heise-Straße,,,
node/9069093863,50.1436662,8.6078937,frequenz,bus,Heerstraße,,,
node/9074134096,50.097808,8.6839788,frequenz,bus,Südbahnhof/Schweizer Straße,,,
node/911610842,50.2160007,8.6403789,frequenz,bus,Am Römischen Hof,,,
node/9169267155,50.0551005,8.5957626,frequenz,bus,Gateway Gardens Mitte,,,
node/9274698083,50.1407216,8.5811316,frequenz,bus,,,,
node/9284068017,50.1034965,8.6450634,frequenz,bus,Galluswarte,,,
node/9284068018,50.103269,8.6453706,frequenz,bus,Galluswarte,,,
node/9284068019,50.1036827,8.6453015,frequenz,bus,Galluswarte,,,
node/9288603225,50.1121208,8.6541749,frequenz,bus,Festhalle/Messe,,,
node/9295153728,50.1448713,8.6918043,frequenz,bus,Feuerwehrstraße,,,
node/9295153730,50.1477474,8.6902298,frequenz,bus,Theobald-Ziegler-Straße,,,
node/9295153732,50.1512385,8.6884904,frequenz,bus,Ronneburgstraße,,,
node/9295153734,50.1549627,8.6864298,frequenz,bus,Sigmund-Freud-Straße,,,
node/9301446636,50.0825063,8.5826515,frequenz,bus,Rheinlandstraße,,,
node/9309086407,50.0806938,8.6372258,frequenz,bus,Niederrad Bahnhof,,,
node/9309086408,50.0809307,8.6370043,frequenz,bus,Niederrad Bahnhof,,,
node/9309086409,50.0811243,8.6375881,frequenz,bus,Niederrad Bahnhof,,,
node/9310273017,50.049746,8.5654707,frequenz,bus,Flughafen Tor 20,,,
node/9311964065,50.124113,8.7131507,frequenz,bus,Saalburg-/Wittelsbacherallee,,,
node/9325245809,50.0984646,8.696584,frequenz,bus,Am Felsenkeller,,,
node/9331981789,50.1186839,8.7932322,frequenz,bus,Annelise-Heikaus-Straße,,,
node/9334281627,50.0326536,8.6173382,frequenz,bus,Heideweg,,,
node/9335427253,50.101355,8.6031398,frequenz,bus,Bingelsweg,,,
node/9335427256,50.1111469,8.5993405,frequenz,bus,Neufeld,,,
node/9337339203,50.1446324,8.6504794,frequenz,bus,Am Mühlgarten,,,
node/9337850893,50.1432288,8.6482914,frequenz,bus,Füllerstraße,,,
node/9337871071,50.1451104,8.6543561,frequenz,bus,Kurhessenstraße,,,
node/9337871685,50.146853,8.6552796,frequenz,bus,Höhenblick,,,
node/9342322840,50.0911356,8.7692093,frequenz,bus,Humboldtstraße,,,
node/9342322841,50.091172,8.7689137,frequenz,bus,Humboldtstraße,,,
node/9351113649,50.0987243,8.7854665,frequenz,bus,Feuerwache,,,
node/9351233190,50.1263766,8.7929498,frequenz,bus,Ernst-Reuter-Schule,,,
node/9351233193,50.1258526,8.7897189,frequenz,bus,Anhalter Straße,,,
node/9351426462,50.1214591,8.7928482,frequenz,bus,Sportzentrum Bürgel,,,
node/9351429174,50.1121373,8.7870033,frequenz,bus,Eppsteiner Straße,,,
node/9351429177,50.1153035,8.7902492,frequenz,bus,Schönbornstraße,,,
node/9351429178,50.1152057,8.789918,frequenz,bus,Schönbornstraße,,,
node/9355182070,50.1235965,8.7904857,frequenz,bus,Hans-Böckler-Siedlung,,,
node/9355303813,50.1122622,8.7506011,frequenz,bus,Inselsteg,,,
node/9355303814,50.1124756,8.7500237,frequenz,bus,Inselsteg,,,
node/9373407465,50.1162616,8.6466016,frequenz,bus,Varrentrappstraße,,,
node/9394534637,50.135211,8.5730276,frequenz,bus,Alfred-Herrhausen-Allee,,,
node/9407094355,50.091921,8.5276368,frequenz,bus,D510,,,
node/9407094356,50.0914575,8.524176,frequenz,bus,C490,,,
node/9407094357,50.0906496,8.5248047,frequenz,bus,D420,,,
node/9407094358,50.089661,8.5224639,frequenz,bus,D318,,,
node/9407094359,50.0897207,8.5220959,frequenz,bus,C399,,,
node/9407094360,50.0880671,8.5183552,frequenz,bus,D207,,,
node/9407094361,50.0872942,8.5160378,frequenz,bus,Tor West,,,
node/9407097025,50.0933542,8.531489,frequenz,bus,C656 West,,,
node/9407097026,50.0930029,8.5315862,frequenz,bus,D536,,,
node/9407134396,50.084067,8.5190916,frequenz,bus,Bioanlage,,,
node/9407134397,50.0801446,8.5312054,frequenz,bus,H309,,,
node/9407134398,50.0812313,8.5334464,frequenz,bus,H310,,,
node/9407134399,50.0840647,8.5310714,frequenz,bus,G315 (G410),,,
node/9407134400,50.0835273,8.5383188,frequenz,bus,H500,,,
node/9407134401,50.0816504,8.5431234,frequenz,bus,Tor Süd,,,
node/9407134402,50.0829649,8.5420911,frequenz,bus,H590,,,
node/9407134403,50.0836952,8.5420784,frequenz,bus,H600 West,,,
node/9407148456,50.0841923,8.5459677,frequenz,bus,H600 Südost (K 607),,,
node/9407148458,50.085424,8.5487277,frequenz,bus,K706,,,
node/9407148459,50.0853896,8.5484189,frequenz,bus,H790 (Tor K801),,,
node/9407148460,50.0874111,8.5469699,frequenz,bus,H760 West,,,
node/9407148461,50.08724,8.5473966,frequenz,bus,H760 Ost,,,
node/9407148462,50.0881616,8.5473479,frequenz,bus,G814,,,
node/9407148463,50.0882345,8.5478279,frequenz,bus,H811,,,
node/9407148464,50.0900251,8.5492691,frequenz,bus,G838 Ost,,,
node/9407148466,50.0915833,8.545275,frequenz,bus,G830,,,
node/9407148467,50.0875617,8.5371232,frequenz,bus,G515 (Kreisel),,,
node/9407169673,50.0916471,8.5332529,frequenz,bus,D668,,,
node/9407169674,50.0917694,8.5328134,frequenz,bus,D597,,,
node/9407169675,50.0962548,8.5374127,frequenz,bus,Tor Ost,,,
node/9407169676,50.0956689,8.5382286,frequenz,bus,D801,,,
node/943926442,50.1837663,8.5833807,frequenz,bus,Neugasse,,,
node/9442803791,50.1535844,8.6573741,frequenz,bus,Höllbergstraße,,,
node/9442803793,50.1526392,8.6571059,frequenz,bus,Höllbergstraße,,,
node/9442803795,50.1521064,8.6572252,frequenz,bus,Haeberlinstraße,,,
node/9442803797,50.1509446,8.6568497,frequenz,bus,Haeberlinstraße,,,
node/9442803799,50.14903,8.6566016,frequenz,bus,Am Schwalbenschwanz,,,
node/9442803801,50.1484044,8.656442,frequenz,bus,Am Schwalbenschwanz,,,
node/9442803803,50.1471153,8.6553048,frequenz,bus,Höhenblick,,,
node/9442803807,50.1449173,8.6540609,frequenz,bus,Kurhessenstraße,,,
node/9442803813,50.1364403,8.6455563,frequenz,bus,Markus-Krankenhaus,,,
node/9448595144,50.110544,8.6578354,frequenz,bus,Hohenstaufenstraße,,,
node/9448595145,50.1109718,8.6580138,frequenz,bus,Hohenstaufenstraße,,,
node/9448629012,50.1778426,8.6983426,frequenz,bus,Berkersheim Bahnhof,,,
node/9553551378,50.1569172,8.6570911,frequenz,bus,Weißer Stein,,,
node/9556095111,50.0980491,8.6697783,frequenz,bus,Friedensbrücke,,,
node/9665091030,50.1570544,8.745412,frequenz,bus,Nordring/Vilbeler Landstraße,,,
node/9665091031,50.1573091,8.7456683,frequenz,bus,Nordring/Vilbeler Landstraße,,,
node/9686637246,50.056667,8.5953386,frequenz,bus,Gateway Gardens,,,
node/9686637248,50.0570466,8.5967333,frequenz,bus,Gateway Gardens,,,
node/9688512968,50.0045374,8.5678165,frequenz,bus,Okrifteler Straße,,,
node/9688512969,50.0048696,8.5677052,frequenz,bus,Okrifteler Straße,,,
node/9688543994,50.0258589,8.5551135,frequenz,bus,Flughafen Gebäude 532,,,
node/9688544811,50.029517,8.590554,frequenz,bus,Flughafen Gebäude 681,,,
node/9688544812,50.02953,8.5908982,frequenz,bus,Flughafen Gebäude 681,,,
node/9689543978,50.089166,8.6522141,frequenz,bus,Niederräder Landstraße,,,
node/9812614573,50.109164,8.5474055,frequenz,bus,Hospitalplatz,,,
node/9817405301,50.0838609,8.633088,frequenz,bus,Hahnstraße,,,
node/982582500,50.2250755,8.6760984,frequenz,bus,Spessartstraße,,,
node/982582551,50.2242252,8.6729935,frequenz,bus,Taunusblick,,,
node/982582558,50.228262,8.6726517,frequenz,bus,Am Nußgrund,,,
node/982582588,50.223685,8.6709323,frequenz,bus,Taunusblick,,,
node/9834198018,50.1051231,8.66334,frequenz,bus,Hauptbahnhof/Fernbusterminal,,,
node/9834198022,50.1043275,8.6620096,frequenz,bus,Hauptbahnhof/Fernbusterminal,,,
node/9834198023,50.1045378,8.6618044,frequenz,bus,Hauptbahnhof/Fernbusterminal,,,
node/9837255532,50.097834,8.6560357,frequenz,bus,Rotfeder-Ring,,,
node/9862965190,50.094009,8.6066756,frequenz,bus,Griesheim Bahnhof,,,
node/993067677,50.1322793,8.5673725,frequenz,bus,Frankfurter Straße,,,
node/993067684,50.1323017,8.5669101,frequenz,bus,Frankfurter Straße,,,
node/993067692,50.134923,8.5676856,frequenz,bus,Mergenthalerallee,,,
node/9933682500,50.124989,8.7143241,frequenz,bus,Saalburg-/Wittelsbacherallee,,,
node/9967272541,50.1111045,8.7414353,frequenz,bus,Nordring,,,
way/229214596,50.2224793,8.6679225,frequenz,bus,Homburger Straße,,,
way/508160793,50.1291651,8.6245498,frequenz,bus,Fischstein,,,
way/508160795,50.129457,8.6248225,frequenz,bus,Fischstein,,,
node/10017521025,50.1244448,8.7046644,affinitaet,cafe,PLAUDERTASSE,,,
node/10100433590,50.1129407,8.5420126,affinitaet,cafe,Rocketpacks Getränkerucksack systeme,,,
node/10128368014,50.1171514,8.686653,affinitaet,cafe,Coffeosi,,,
node/10159017330,50.1012449,8.6028649,affinitaet,cafe,Hellers Blumencafe,,cake;coffee_shop,
node/10159118088,50.0940783,8.6062532,affinitaet,cafe,Café Smile,,,
node/10222939648,50.1008082,8.5498052,affinitaet,cafe,Ovy's Cafe,,,
node/10235147917,50.1044232,8.6921131,affinitaet,cafe,Mina,,austrian;cake;coffee_shop,
node/10311532126,50.1071354,8.6634436,affinitaet,cafe,Crêpes de France Express,,crepe,
node/1038440333,50.0623029,8.5314099,affinitaet,cafe,Eiscafé Venezia,,,
node/10550656704,50.1232327,8.6391883,affinitaet,cafe,Cafe Heimelig,,,
node/10566109194,50.1051442,8.6554255,affinitaet,cafe,Kaffeebar,,,
node/10579700023,50.1059519,8.6873523,affinitaet,cafe,Jazz Café Bar,,,
node/10584621187,50.1153083,8.6814715,affinitaet,cafe,Starbucks,Starbucks,coffee_shop,
node/10584621197,50.1150817,8.6818691,affinitaet,cafe,Brasserie,,,
node/10584763405,50.1150513,8.6814221,affinitaet,cafe,Coffee Fellows,Coffee Fellows,coffee_shop,
node/10651565956,50.1612533,8.6485615,affinitaet,cafe,Café Dillenburg,,,
node/10657248886,50.1468128,8.612726,affinitaet,cafe,Délicieuse,,,
node/10712105959,50.1026204,8.7598786,affinitaet,cafe,Café Bugaza,,,
node/10720006849,50.1063207,8.6847757,affinitaet,cafe,Le Petit Cafe,,,
node/10726852332,50.1822238,8.7432355,affinitaet,cafe,Eis Café Marco Polo,,ice_cream,
node/10728102960,50.1146236,8.6817895,affinitaet,cafe,Comebuy,,bubble_tea,
node/10744246164,50.1112474,8.6726889,affinitaet,cafe,Downtown Deli,,,
node/10765338505,50.1352942,8.5724709,affinitaet,cafe,WallSt Coffee,,,
node/10769428478,50.1093665,8.6520043,affinitaet,cafe,Maison Frôzé,,,
node/10769428486,50.1099229,8.6520821,affinitaet,cafe,Milano Caffè,,,
node/10769428498,50.1095351,8.6531791,affinitaet,cafe,Tea One,,bubble_tea,
node/10769428503,50.1085606,8.6537692,affinitaet,cafe,Chocolate Dream,,,
node/10780407112,50.124297,8.6865475,affinitaet,cafe,Rochade,,,
node/10795005412,50.112531,8.7065143,affinitaet,cafe,Le Petit Café,,,
node/10845700846,50.1054465,8.6663782,affinitaet,cafe,Yok Yok EDEN,,,
node/1086945611,50.1203138,8.7040038,affinitaet,cafe,TaShhh...,,,
node/10936541933,50.1113448,8.7122579,affinitaet,cafe,Café Lofi,,,
node/10951265489,50.1038939,8.6887427,affinitaet,cafe,Retablo,,coffee_shop,
node/10989823421,50.1146911,8.6796121,affinitaet,cafe,espressamente,,,
node/11063452364,50.108454,8.6497694,affinitaet,cafe,The Coffe Club 29,,,
node/11067523033,50.1152336,8.6806543,affinitaet,cafe,tucano coffee,,,
node/11112662576,50.1091903,8.6706638,affinitaet,cafe,Midea Home Lounge,,,
node/11144549211,50.1097683,8.6528793,affinitaet,cafe,Helvaci Yakub,,,
node/11163188520,50.1278412,8.6934346,affinitaet,cafe,Café Schee,,,
node/11202191308,50.1228565,8.694292,affinitaet,cafe,Sinn & Wandel,,,
node/11204895942,50.1201656,8.6489406,affinitaet,cafe,Roj Café,,,
node/11215712663,50.1240366,8.7038318,affinitaet,cafe,Blanca,,,
node/11224526511,50.1228921,8.6445072,affinitaet,cafe,Luberry,,,
node/11225076779,50.1229594,8.6449923,affinitaet,cafe,The Nook,,,
node/11228720200,50.1203973,8.649973,affinitaet,cafe,Eis Rom,,ice_cream,
node/11262517731,50.1147077,8.6733147,affinitaet,cafe,Monza,,,
node/11279962836,50.1148319,8.6816247,affinitaet,cafe,Starbucks,Starbucks,coffee_shop,
node/11288240150,50.0842035,8.6385681,affinitaet,cafe,Cleo Cafe Bar,,,
node/1129426919,50.1281336,8.7101846,affinitaet,cafe,Süden,,,
node/11307510588,50.1111358,8.7111357,affinitaet,cafe,Main Snack Corner,,italian,
node/11307580069,50.1111997,8.6826297,affinitaet,cafe,Frankfurter Salon,,,
node/1130948809,50.1225567,8.7088186,affinitaet,cafe,Dolce Momento,,,
node/1130954522,50.124193,8.7097025,affinitaet,cafe,Café Klatsch,,,
node/11311193204,50.1131399,8.7462508,affinitaet,cafe,ETAPPE Coffee,,bistro,
node/11331607100,50.1133752,8.6903116,affinitaet,cafe,Ecke Konsti,,,
node/11342589469,50.1210429,8.6717242,affinitaet,cafe,Plants & Cakes,,,
node/11375280870,50.1192825,8.6931384,affinitaet,cafe,Churros Kaffee,,,
node/11378968105,50.1115093,8.5373348,affinitaet,cafe,Zweiraumcafé,,,
node/11422392837,50.1264383,8.6842129,affinitaet,cafe,Fräulein Fleur,,,
node/11435312077,50.1571045,8.6344019,affinitaet,cafe,Cafe Maziani,,,
node/1143828898,50.1531,8.691004,affinitaet,cafe,Shades,,,
node/1143841835,50.1447861,8.6937997,affinitaet,cafe,Café Bela,,,
node/11476613238,50.1200902,8.6548993,affinitaet,cafe,SEC Kaffeelounge,,,
node/11494713077,50.1211416,8.6958494,affinitaet,cafe,1895,,,
node/11506306865,50.1688754,8.6387068,affinitaet,cafe,Take Time,,,
node/11577195102,50.1184203,8.6491556,affinitaet,cafe,Café Rabe,,,
node/11659957728,50.1206635,8.6962651,affinitaet,cafe,Berger’s Baklava,,,
node/11662756589,50.1041016,8.7636813,affinitaet,cafe,Vethea,,greek,
node/11697962485,50.1196468,8.7129856,affinitaet,cafe,Café Moon,,,
node/11708089069,50.1057548,8.6656845,affinitaet,cafe,gutviertel,,,
node/11725474937,50.1143676,8.6796109,affinitaet,cafe,Coffee Kioskie Bohnerie,,,
node/11727041966,50.1110884,8.6842204,affinitaet,cafe,Cafe Melange am Dom,,,
node/11739272773,50.1133507,8.6979647,affinitaet,cafe,Okka Turkish Bakery,,turkish;bakery,
node/11789384489,50.1007551,8.7651772,affinitaet,cafe,Sofia,,,
node/11793049438,50.1057734,8.7632926,affinitaet,cafe,Café Ziel,,,
node/11881022881,50.1056942,8.687622,affinitaet,cafe,brücke,,,
node/11884063447,50.1314046,8.5690128,affinitaet,cafe,Consortium Espressobar,,coffee_shop,
node/1191578912,50.1173621,8.5625222,affinitaet,cafe,Cafe Kitzel,,,
node/11916120985,50.1222571,8.7073053,affinitaet,cafe,Apfel & Wein,,,
node/11922722480,50.0988244,8.547018,affinitaet,cafe,Café Tito - Bar & Bistro,,,
node/11944809272,50.1301038,8.6726106,affinitaet,cafe,Café Alina,,coffee_shop,
node/11950396974,50.1094793,8.6826865,affinitaet,cafe,Café Frankfurt Im Historischen Museum,,,
node/11951560372,50.1316615,8.6899458,affinitaet,cafe,Café North,,,
node/11958927734,50.1074107,8.6686884,affinitaet,cafe,Irfan,,,
node/11961310601,50.1073221,8.6583008,affinitaet,cafe,Babia,,,
node/11998366098,50.1204718,8.6964261,affinitaet,cafe,Bunca Roaster,,coffee_shop,
node/12015333511,50.1245866,8.6753645,affinitaet,cafe,Stella‘s cafe,,,
node/12046497687,50.1082806,8.6700958,affinitaet,cafe,Freedom,,,
node/12066983068,50.1168786,8.6655716,affinitaet,cafe,Homy's,,ice_cream;coffee_shop,
node/12104117340,50.1529602,8.6236804,affinitaet,cafe,Cafe Charlotte,,,
node/12176860663,50.1406006,8.7518383,affinitaet,cafe,Eiscafé Tiziano,,ice_cream,
node/12192826242,50.1136356,8.658355,affinitaet,cafe,Zoe's,,,
node/12198588401,50.1078366,8.6722952,affinitaet,cafe,Brühmarkt,,,
node/1222779264,50.1680693,8.5729181,affinitaet,cafe,Mint and Things,,,
node/12229589035,50.1413076,8.7205643,affinitaet,cafe,Seck Bar,,,
node/12273394259,50.1034117,8.6660268,affinitaet,cafe,Happy Coffee Moments,,coffee_shop,
node/12311374605,50.0564066,8.6763784,affinitaet,cafe,WeWe Café,,,
node/12321030773,50.1249333,8.639185,affinitaet,cafe,butter,,,
node/12424525610,50.1102788,8.6631365,affinitaet,cafe,Mittag,,,
node/12492378201,50.1013022,8.6394058,affinitaet,cafe,Helas Café-Nion,,,
node/12551226842,50.0987805,8.7613218,affinitaet,cafe,Cafe Olymp,,,
node/12568417747,50.1046106,8.7579525,affinitaet,cafe,Caffè Cuore,,,
node/12568431142,50.1048769,8.7580184,affinitaet,cafe,Kaffeeglanz,,,
node/12603453247,50.1103624,8.5475769,affinitaet,cafe,Kanne Café,,,
node/12641248534,50.1245275,8.6106249,affinitaet,cafe,Café Dua,,,
node/12752453465,50.120224,8.6953671,affinitaet,cafe,Zoomserie,,,
node/12768596407,50.1311111,8.6184461,affinitaet,cafe,Fingerfood aus Brasilien,,,
node/12787774144,50.1140783,8.6870453,affinitaet,cafe,seydioglu,,baklava,
node/12846807620,50.1062621,8.6948706,affinitaet,cafe,Kuku Vaia,,,
node/12846818216,50.1067206,8.6931063,affinitaet,cafe,Heming‘s Coffee,,,
node/12848809000,50.0466164,8.5676037,affinitaet,cafe,Pretzel & Beer German kitchen,,,
node/1286837667,50.1992698,8.6708978,affinitaet,cafe,Eis und Café Tropical,,ice_cream,
node/12875661771,50.126957,8.6121254,affinitaet,cafe,MYS CAFE,,bubble_tea;cake;ice_cream;wrap;matcha,
node/12877681139,50.1114715,8.6791433,affinitaet,cafe,cafe bar cube,,,
node/12879463172,50.1156681,8.6460586,affinitaet,cafe,Coffe 37,,coffee_shop,
node/12896313053,50.1247825,8.7061313,affinitaet,cafe,Ausländer,,,
node/12897346560,50.1155914,8.6831501,affinitaet,cafe,La Luna,,,
node/12912591286,50.1027747,8.6255447,affinitaet,cafe,Caffe Imperial,,,
node/12917084589,50.1269164,8.6922511,affinitaet,cafe,Ling Long. Café,,,
node/12919926747,50.1002423,8.7206273,affinitaet,cafe,Mak Café,,,
node/12919926748,50.1000728,8.7204844,affinitaet,cafe,Cafe 63,,,
node/12941413014,50.131063,8.68572,affinitaet,cafe,Café 19,,,
node/12981721485,50.1064755,8.754813,affinitaet,cafe,Sienna,,,
node/12996043811,50.1240386,8.6405276,affinitaet,cafe,Belle Vie Shisha Bar,,,
node/13011364293,50.1238273,8.6426688,affinitaet,cafe,Marvin's Coffee,,,
node/13026826390,50.1106769,8.7127406,affinitaet,cafe,IrNi,,,
node/13055872038,50.1114121,8.6750651,affinitaet,cafe,Frazer,,,
node/13055914268,50.1119101,8.6757153,affinitaet,cafe,MoKa,,,
node/13059546826,50.1115922,8.6817677,affinitaet,cafe,Matcha Matcha,,,
node/13092274450,50.1050723,8.7651308,affinitaet,cafe,seydioglu,,,
node/13094949031,50.0626804,8.5294978,affinitaet,cafe,,,,
node/13097051377,50.112604,8.6618469,affinitaet,cafe,Filion,,,
node/13100104463,50.1261788,8.6861088,affinitaet,cafe,Jennerit Cafe & Bar,,,
node/13115073466,50.1214825,8.6271807,affinitaet,cafe,Blanco Café Bar,,,
node/13208783508,50.1291761,8.6906647,affinitaet,cafe,Café de Olla,,,
node/13208792766,50.1296807,8.6905376,affinitaet,cafe,Gim's,,,
node/13227501057,50.1221715,8.6617756,affinitaet,cafe,Cafe Grün,,breakfast;coffee_shop;brunch,
node/13278325689,50.1173571,8.6799622,affinitaet,cafe,Sleepy Bird After Dark,,,
node/13303112829,50.1106738,8.6830568,affinitaet,cafe,moenus,,,
node/1333407149,50.110546,8.6747961,affinitaet,cafe,Starbucks,Starbucks,coffee_shop,
node/1333449451,50.1108947,8.6754111,affinitaet,cafe,Coffee Fellows,Coffee Fellows,coffee_shop,
node/13424010301,50.1247489,8.6739484,affinitaet,cafe,Café Liebe,,,
node/13440261329,50.047911,8.5737269,affinitaet,cafe,Starbucks,,coffee_shop,
node/13456145487,50.1023538,8.7624426,affinitaet,cafe,Café Bistro Loco,,,
node/13456146007,50.1022689,8.7630408,affinitaet,cafe,Gogan63,,,
node/13514144079,50.1168435,8.6481285,affinitaet,cafe,Café Zweiter Frühling,,,
node/13514391223,50.1103831,8.6870501,affinitaet,cafe,Holy Cross Brewing Company,,,
node/1359119533,50.1186196,8.651528,affinitaet,cafe,Café KoZ,,,
node/13606128975,50.1097633,8.6767834,affinitaet,cafe,La Silvia,,coffee_shop,
node/13615081870,50.107557,8.6567812,affinitaet,cafe,Sweet and Lunch,,asian,
node/13742918438,50.1207215,8.7080422,affinitaet,cafe,Mellow Yellow Café,,,
node/13760753265,50.1116243,8.7119214,affinitaet,cafe,essential,,,
node/13784797459,50.1018874,8.6565636,affinitaet,cafe,Inou,,,
node/13865557178,50.1108424,8.6646412,affinitaet,cafe,Amala Café & Bar,,,
node/1386658508,50.1706747,8.5710036,affinitaet,cafe,Café Pastis,,,
node/13912029434,50.1139903,8.6771771,affinitaet,cafe,Lap,Lap,coffee_shop,
node/13931029179,50.1023954,8.550599,affinitaet,cafe,Daily Spot,,,
node/13931795149,50.1144151,8.6848542,affinitaet,cafe,Coffee Fellows,Coffee Fellows,coffee_shop,
node/13938445562,50.1264931,8.6736484,affinitaet,cafe,unicafe FFM,,,
node/13952737174,50.1148172,8.6743335,affinitaet,cafe,Venchi,,,
node/13987310356,50.0332445,8.5796014,affinitaet,cafe,Brewgate,,,
node/13997095160,50.1430344,8.5615199,affinitaet,cafe,Mini Café,,,
node/14024952421,50.112558,8.7545317,affinitaet,cafe,Duo Coffee,,,
node/14028303329,50.1087776,8.6430621,affinitaet,cafe,pinpoint cafébar,,,
node/14032141455,50.104023,8.7501591,affinitaet,cafe,Metaxi Mas,,,
node/14049559957,50.113676,8.6863329,affinitaet,cafe,,,,
node/14062018579,50.1122751,8.6807335,affinitaet,cafe,TEA99,,bubble_tea,
node/14085490098,50.1048497,8.6637341,affinitaet,cafe,Teme,,,
node/14095111660,50.1003333,8.5457663,affinitaet,cafe,FortyOne,,,
node/14107772392,50.1358592,8.6618285,affinitaet,cafe,,,panini,
node/14211988201,50.1254218,8.6109161,affinitaet,cafe,emmæmma Café,,cake;coffee_shop,
node/14245700374,50.144066,8.7265573,affinitaet,cafe,Gözleme Cafe,,turkish,
node/1433433086,50.051128,8.569329,affinitaet,cafe,MBar,,,
node/1445858157,50.1057662,8.6920277,affinitaet,cafe,Tele-Bistro Internetcafe,,,
node/1478964619,50.131169,8.693472,affinitaet,cafe,Studentisches Cafe Profitratte,,,
node/1506768349,50.111441,8.6780491,affinitaet,cafe,Cafe Karin,,,
node/1509118485,50.1263678,8.6836674,affinitaet,cafe,Shimas Cafébar,,coffee_shop;persian,
node/1545590988,50.1197669,8.5664705,affinitaet,cafe,EISundRaum,,ice_cream,
node/1581300013,50.1221415,8.681022,affinitaet,cafe,Eis Cafe Olimpio,,ice_cream,
node/1587487829,50.101057,8.639046,affinitaet,cafe,Plan B,,,
node/1608961209,50.1134989,8.7003335,affinitaet,cafe,KSJ SchülerInnen Café Müller,,,
node/1610927919,50.0532554,8.6788033,affinitaet,cafe,Café Ernst,,breakfast;cake,
node/1619915511,50.1226386,8.7009805,affinitaet,cafe,Dolce & Gusto,,cake;ice_cream,
node/1619915527,50.1218207,8.6992583,affinitaet,cafe,Eiscafé Bentivenga,,,
node/1619915549,50.1224603,8.6968908,affinitaet,cafe,Cielo Luisa,,,
node/1619915567,50.1235887,8.6970393,affinitaet,cafe,Cafe Bar Würfel,,,
node/1619915598,50.1206792,8.6968487,affinitaet,cafe,LAP,,,
node/1647258157,50.1247862,8.7054824,affinitaet,cafe,Berger's Gelato,,,
node/1647258178,50.125693,8.706776,affinitaet,cafe,Wacker,,coffee_shop,
node/1652652122,50.1224362,8.6990444,affinitaet,cafe,Kleines Café Schneider,,,
node/1652652125,50.1201227,8.6967098,affinitaet,cafe,Kante,,,
node/1652652147,50.1191657,8.6933716,affinitaet,cafe,Ypsilon Café,,international,
node/1670316445,50.1006254,8.620522,affinitaet,cafe,Frankfurt  Kamerun,,,
node/1681301251,50.1246802,8.6391317,affinitaet,cafe,StattCafé,,,
node/1726321840,50.1002489,8.6864843,affinitaet,cafe,Coffee Süd,,,
node/1745261267,50.1039377,8.6762678,affinitaet,cafe,Genussfee,,,
node/1745261270,50.1050416,8.6778008,affinitaet,cafe,Studio DFF,,cake;sandwich,
node/1759857622,50.1017862,8.6819901,affinitaet,cafe,Lesecafe,,,
node/1771752991,50.1089083,8.6712161,affinitaet,cafe,Eis Fontanella,,ice_cream,
node/1777965860,50.1020353,8.6629376,affinitaet,cafe,Blackberries,,bistro,
node/1784964603,50.1152591,8.6788431,affinitaet,cafe,2b Coffee Studio,,,
node/1844118769,50.1037895,8.6892507,affinitaet,cafe,Amélie's Wohnzimmer,,,
node/1845994504,50.1078252,8.6589867,affinitaet,cafe,Café Ludwig,,,
node/1846808896,50.1079889,8.6588292,affinitaet,cafe,Caffeppucchino,,italian,
node/1849566429,50.1131884,8.6720993,affinitaet,cafe,Zweigle,,coffee_shop,
node/1859967243,50.0504618,8.5724376,affinitaet,cafe,Starbucks,Starbucks,coffee_shop,
node/1864617014,50.1075954,8.6660397,affinitaet,cafe,Hope Café Frankfurt,,,
node/1878907010,50.1016299,8.6597708,affinitaet,cafe,Dima,,,
node/1917401892,50.1161464,8.6952887,affinitaet,cafe,Eiscafé Siena,,,
node/1917412655,50.1159701,8.6975015,affinitaet,cafe,Le Petit Cafe,,german,
node/1938160297,50.1573897,8.6327533,affinitaet,cafe,The Moc,,,
node/1976912955,50.1082356,8.6709006,affinitaet,cafe,Vatan,,,
node/1985040979,50.1829142,8.7437298,affinitaet,cafe,Apfelkern & Kolibri,,,
node/2058619048,50.1139145,8.6841983,affinitaet,cafe,Kaffeegenuss,,,
node/2065642440,50.0636925,8.5300059,affinitaet,cafe,Bistro Goal,,,
node/2094827369,50.1359407,8.7017812,affinitaet,cafe,café menthe,,,
node/2116824612,50.1171437,8.6335812,affinitaet,cafe,Sandwich Point,,sandwich,
node/2133523045,50.1149313,8.6865229,affinitaet,cafe,Starbucks,Starbucks,coffee_shop,
node/2187494452,50.1101294,8.6692857,affinitaet,cafe,Skyper Cafe,,,
node/2244962365,50.1146753,8.6783669,affinitaet,cafe,Starbucks,Starbucks,coffee_shop,
node/2273550733,50.1236409,8.7030346,affinitaet,cafe,WonderWaffel,WonderWaffel,waffle;ice_cream,
node/2294693961,50.1251775,8.6121738,affinitaet,cafe,Savory,,,
node/2294699003,50.1248584,8.6118463,affinitaet,cafe,Nativo Coffee & Shop Rödelheim,,coffee_shop,
node/2295551819,50.1198341,8.6951081,affinitaet,cafe,Leggeria,,ice_cream,
node/2324097843,50.1287946,8.6650089,affinitaet,cafe,Explizit,,coffee;sandwich,
node/2349329336,50.0986732,8.5681242,affinitaet,cafe,Eiscafe Riviera,,ice_cream,
node/2352376861,50.1043991,8.6370452,affinitaet,cafe,E.U. Park Café,,,
node/2362006286,50.1276782,8.7087818,affinitaet,cafe,MokkaTeeria,,coffee_shop,
node/2385353935,50.0031348,8.5762058,affinitaet,cafe,Eis Cafe Venezia,,,
node/2413532447,50.122475,8.7703283,affinitaet,cafe,Eiscafe Venezia,,ice_cream,
node/2468030465,50.1426442,8.7164091,affinitaet,cafe,BERGstation,,,
node/2477775957,50.1057299,8.7699708,affinitaet,cafe,Schanzenbäckerei,,coffee_shop,
node/2520804919,50.1201309,8.6507576,affinitaet,cafe,Café Campus,,,
node/2533459288,50.0999628,8.7243001,affinitaet,cafe,Dolce Vita,,ice_cream,
node/2535534893,50.1043866,8.6870259,affinitaet,cafe,Schiffercafé,,,
node/2541357814,50.1261052,8.6917168,affinitaet,cafe,Gudes,,breakfast;coffee_shop;german;pizza,
node/2550936904,50.1040988,8.6476677,affinitaet,cafe,Basaglia,,coffee;sandwich,
node/2564313589,50.1286616,8.6699591,affinitaet,cafe,TuCa,,,
node/2564313590,50.1289461,8.6694492,affinitaet,cafe,"""Café Aufhebung"" – Fachschaftenraum",,,
node/2576631309,50.0986274,8.7126415,affinitaet,cafe,Mensa im Park,,regional,
node/2647302210,50.1036297,8.6795685,affinitaet,cafe,27bagel,,bagel;breakfast,
node/2647302218,50.1038682,8.6789061,affinitaet,cafe,Der Eiswerker,,ice_cream,
node/266793054,50.1240434,8.6857095,affinitaet,cafe,Cafe Filmriss,,,
node/2672693291,50.0992643,8.682385,affinitaet,cafe,NOX,,,
node/2672718902,50.0999591,8.6815514,affinitaet,cafe,"cà phê, ơi!",,breakfast;vietnamese,
node/2672736707,50.1004486,8.682039,affinitaet,cafe,Monza,,,
node/267289062,50.1287143,8.6981444,affinitaet,cafe,Dal Cin,,ice_cream,
node/267538659,50.1210631,8.6807496,affinitaet,cafe,Café Vie,,,
node/2678904921,50.1054103,8.6875491,affinitaet,cafe,Nativo Coffee & Shop Sachsenhausen,,coffee_shop,
node/269452007,50.1049149,8.6759674,affinitaet,cafe,Maincafé,,,
node/2702224130,50.1215315,8.6709894,affinitaet,cafe,BUNCA,,,
node/2716198638,50.1043614,8.766321,affinitaet,cafe,Bäcker Beck,,,
node/2724277153,50.127248,8.7090473,affinitaet,cafe,Eiscafé Bentivenga,,ice_cream,
node/27405932,50.1777878,8.6599435,affinitaet,cafe,Tower Café,,,
node/282655065,50.1261531,8.6771827,affinitaet,cafe,Woods Cafe im Holzhausenpark,,,
node/282988956,50.1127398,8.6820278,affinitaet,cafe,Cafe Liebfrauenberg,,,
node/2833747440,50.1267782,8.708805,affinitaet,cafe,Gesund & Bunt,,,
node/2858643303,50.1738339,8.6337108,affinitaet,cafe,Café Alfredo,,,
node/286817320,50.182422,8.7427058,affinitaet,cafe,Cyberland,,,
node/2889036402,50.0846194,8.6470289,affinitaet,cafe,Café Sülo 38,,,
node/2898939449,50.1118341,8.6726334,affinitaet,cafe,Unser Täglich Brot,,sandwich,
node/2909552641,50.1019176,8.6573936,affinitaet,cafe,All in one,,,
node/292370280,50.1132982,8.6843893,affinitaet,cafe,Cafe Libretto,,,
node/292379078,50.1116818,8.6783042,affinitaet,cafe,Walden,,,
node/292406526,50.151041,8.6905247,affinitaet,cafe,Caffé Crema,,italian,
node/292406544,50.135963,8.6839153,affinitaet,cafe,Bäckerei und Konditorei Huck,,,
node/2932431101,50.1417911,8.5625611,affinitaet,cafe,Eschborner Tee-Ecke,,,
node/294251450,50.1120874,8.6792963,affinitaet,cafe,Wacker’s Kaffee Geschäft,,,
node/2948837026,50.0997874,8.6704639,affinitaet,cafe,Ihr frisches Backhaus,,,
node/2970680813,50.1207926,8.6744236,affinitaet,cafe,Trinitii West,,,
node/2970681138,50.1211524,8.6712735,affinitaet,cafe,plex,,,
node/3041162384,50.1125641,8.6810966,affinitaet,cafe,Espresso House,Espresso House,coffee_shop,
node/3056569353,50.1086814,8.6590303,affinitaet,cafe,La Zul,,,
node/3074959385,50.0988059,8.5384986,affinitaet,cafe,Café Campus,,,
node/3118018338,50.1086536,8.661838,affinitaet,cafe,19zehn,,,
node/3119040610,50.0706902,8.4851964,affinitaet,cafe,Eiscafe am Markt,,,
node/3119040611,50.0703913,8.4854258,affinitaet,cafe,Eiscafe Bistro Ciao,,,
node/3129363107,50.102664,8.6378886,affinitaet,cafe,Rich Sportsbar,,,
node/3129363108,50.1028008,8.6394189,affinitaet,cafe,Shisha Lounge Sixty Three 63,,,
node/3133897953,50.1313393,8.6451189,affinitaet,cafe,Café Hochform,,,
node/3136353405,50.1092966,8.65239,affinitaet,cafe,Starbucks,Starbucks,coffee_shop,
node/3159138614,50.1018313,8.6907438,affinitaet,cafe,Eissalon L'incontro,,ice_cream,
node/3160972561,50.1001787,8.765281,affinitaet,cafe,Prodomos Cafe,,,
node/3160972865,50.1012082,8.7650521,affinitaet,cafe,Cafe Bar Time,,,
node/3160972961,50.103257,8.7653568,affinitaet,cafe,Sahin‘s Cafe,,,
node/3163267934,50.1041659,8.7668017,affinitaet,cafe,Bar Lokal,,,
node/3176607562,50.1060775,8.7573292,affinitaet,cafe,Saumon,,,
node/3206418673,50.1115598,8.7090647,affinitaet,cafe,Die grüne Kaffeebohne,,coffee_shop,
node/3206428962,50.106422,8.6642666,affinitaet,cafe,Coffee Fellows,Coffee Fellows,coffee_shop,
node/3223540025,50.1095207,8.6641601,affinitaet,cafe,Comebuy,,bubble_tea,
node/322825730,50.1388827,8.670088,affinitaet,cafe,ImmoCafé Möbius&Partner Immobilien,,,
node/3233410504,50.106826,8.7518709,affinitaet,cafe,Cafe Bueno,,,
node/3247187699,50.1043775,8.7697443,affinitaet,cafe,Café Noon,,oriental,
node/3248394293,50.1165911,8.6853782,affinitaet,cafe,The Espresso BAR,,coffee_shop,
node/3270497420,50.107476,8.6280797,affinitaet,cafe,L'âme des thés,,,
node/3270555423,50.1174384,8.6309124,affinitaet,cafe,Bagery,,,
node/3270558661,50.1172952,8.6320388,affinitaet,cafe,Back & Snack City-West,,,
node/3289872967,50.1511273,8.8019013,affinitaet,cafe,Eiscafe Milano,,cake,
node/3292175118,50.1259543,8.6563065,affinitaet,cafe,Kiko,,coffee_shop,
node/3302529156,50.1131834,8.6863357,affinitaet,cafe,Bon Jour,,,
node/3321108476,50.0490513,8.572396,affinitaet,cafe,Scoom Café / Scoom Craft Beer Bar,,regional,
node/3321108491,50.0511461,8.5744277,affinitaet,cafe,Coffee Fellows,Coffee Fellows,coffee_shop,
node/3321108553,50.0501302,8.5691844,affinitaet,cafe,Möwenpick Cafe,,,
node/3321108784,50.0508638,8.5736044,affinitaet,cafe,Starbucks,Starbucks,coffee_shop,
node/3327293680,50.1065162,8.7516812,affinitaet,cafe,Bäckerei & Café by Keno,,,
node/3336729746,50.1023015,8.657402,affinitaet,cafe,Patisserie de l‘ Arabie,,Baklava,
node/3357998193,50.1537415,8.6628939,affinitaet,cafe,Café da Maria,,portuguese,
node/3388433048,50.1037902,8.7538657,affinitaet,cafe,Mein Lieblingsplatz,,,
node/3388470063,50.1051802,8.760859,affinitaet,cafe,Eiscafé Venezia,,,
node/3397331267,50.0535379,8.695072,affinitaet,cafe,Eiscafé Cristallino,,ice_cream,
node/3397332824,50.0523811,8.6954192,affinitaet,cafe,Stadtcafé Neu-Isenburg,,,
node/3427774014,50.0560219,8.6969916,affinitaet,cafe,Café Grenzenlos,,,
node/3479521855,50.1114281,8.6785245,affinitaet,cafe,roseli,,coffee_shop,
node/3510874601,50.1152956,8.7834788,affinitaet,cafe,La Dolche Vita,,ice_cream,
node/3518835530,50.053086,8.6660538,affinitaet,cafe,Kaffeefahrt,,,
node/3523908710,50.1125468,8.6839418,affinitaet,cafe,Caffé Casa Nostra,,,
node/3581244416,50.0480269,8.5517286,affinitaet,cafe,Bartesse,,coffee_shop,
node/359365674,50.1281575,8.6271422,affinitaet,cafe,Beyo's Café & Snacks,,,
node/3596061175,50.1513526,8.7331196,affinitaet,cafe,Äppel-Bistro,,,
node/3639494334,50.1189571,8.6930806,affinitaet,cafe,Vincius,,,
node/3650493642,50.1077203,8.6651753,affinitaet,cafe,Le Croissant,,,
node/3699733721,50.0498472,8.6981729,affinitaet,cafe,Chill Tea & more,,bubble_tea,
node/3699734134,50.0500934,8.6985444,affinitaet,cafe,Eiscafé Tiziano,,ice_cream,
node/3699734152,50.0500094,8.6990727,affinitaet,cafe,Lavazza,Lavazza,coffee_shop,
node/3718879268,50.1170456,8.6862985,affinitaet,cafe,Alberto,,ice_cream,
node/3732798253,50.1095264,8.6752889,affinitaet,cafe,Schmarrnsinn,,,
node/3744016878,50.1263328,8.6850266,affinitaet,cafe,Café Bar Espressivo,,,
node/3750283536,50.0492004,8.5738364,affinitaet,cafe,Mondo,,,
node/3807325593,50.1033324,8.6309471,affinitaet,cafe,Eiscafé bei Wally,,ice_cream,
node/3808350742,50.1098073,8.6881349,affinitaet,cafe,Cafe Sugar Mama,,regional;coffee,
node/3818736241,50.1068298,8.6663528,affinitaet,cafe,Ipanema,,,
node/3818834727,50.1247744,8.6919849,affinitaet,cafe,Hoppenworth & Ploch,,coffee_shop,
node/3832612448,50.1093639,8.6819763,affinitaet,cafe,ConditCouture Café,,cake,
node/3837185140,50.1095566,8.6850142,affinitaet,cafe,Mainkai,,,
node/3861270451,50.120282,8.6495634,affinitaet,cafe,Brühmarkt,,coffee_shop,
node/387771679,50.1555285,8.7543788,affinitaet,cafe,Eiscafé Cristallo,,ice_cream,
node/387901460,50.0876544,8.7610502,affinitaet,cafe,Eiscafé da Claudio,,,
node/3880747071,50.110389,8.672847,affinitaet,cafe,Elaine,,,
node/3898740983,50.1131324,8.755603,affinitaet,cafe,apetito catering,,,
node/3902076159,50.1475281,8.7537997,affinitaet,cafe,Kuchenfee Enkheim,,cake,
node/3902651374,50.122208,8.7000459,affinitaet,cafe,Espressolab,Espressolab,coffee_shop,
node/3902787901,50.1286167,8.7110238,affinitaet,cafe,Café Wolke,,cake,
node/3949853323,50.1004012,8.5475179,affinitaet,cafe,Frau Grau,,,
node/3994243481,50.1189945,8.679531,affinitaet,cafe,Gorilla Café,,,
node/4011403764,50.1107115,8.7009404,affinitaet,cafe,aRoma,,ice_cream,
node/4019451857,50.1209473,8.6720757,affinitaet,cafe,Wacker's Kaffee,,coffee_shop;pastry;bakery,
node/4030016898,50.1207055,8.6755373,affinitaet,cafe,Gresso,,,
node/4036640659,50.1232288,8.6879821,affinitaet,cafe,Bizziice Nordend,,ice_cream,
node/4037207272,50.0531067,8.6861124,affinitaet,cafe,Anni's Stübchen,,,
node/4042632108,50.1047357,8.6875892,affinitaet,cafe,L’Atelier des Tartes,,,
node/4078707345,50.1313955,8.684283,affinitaet,cafe,Artotheke,,snack,
node/411713653,50.1195635,8.6486305,affinitaet,cafe,Café Crumble,,,
node/411717978,50.1198957,8.6504733,affinitaet,cafe,Cafe Extrablatt,Cafe Extrablatt,coffee_shop,
node/4134679689,50.1124791,8.7552948,affinitaet,cafe,Gelateria La Luna,,ice_cream,
node/4145086043,50.2157511,8.6523799,affinitaet,cafe,Eis Café La Stella,,,
node/4149739646,50.1012208,8.6807139,affinitaet,cafe,Paris' Bar Café,,,
node/4172233313,50.1180686,8.7707168,affinitaet,cafe,Pierogi u Pati,,,
node/4172233318,50.1439815,8.7262912,affinitaet,cafe,Eiscafe Bar Ciao Ciao,,,
node/4177695277,50.1018488,8.6813606,affinitaet,cafe,Fellini,,,
node/4195048002,50.1270213,8.688181,affinitaet,cafe,Glauburg Café,,sandwich,
node/4221154037,50.1286955,8.6919947,affinitaet,cafe,Mago,,,
node/4233639288,50.1145303,8.6786522,affinitaet,cafe,Snack Time,,,
node/423813548,50.0839574,8.5811092,affinitaet,cafe,Eiscafé Riviera,,ice_cream,
node/425855699,50.1574997,8.64532,affinitaet,cafe,Eiscafe Venecia,,ice_cream,
node/4271823078,50.1226678,8.7064198,affinitaet,cafe,Love Blend,,,
node/4375514579,50.1238971,8.6415064,affinitaet,cafe,funy‘s,,,
node/4383996289,50.1391438,8.5837037,affinitaet,cafe,Caffè Dallucci,,,
node/4416447400,50.143253,8.7550568,affinitaet,cafe,Café Chokolino,,cake,
node/443397602,50.1566579,8.6573082,affinitaet,cafe,Eiscafe Lido,,ice_cream,
node/4440230919,50.1266996,8.6878283,affinitaet,cafe,Café im Glück,,,
node/4484105488,50.0864019,8.6425182,affinitaet,cafe,Niederräder Café-Bar,,,
node/454104284,50.1292712,8.6662202,affinitaet,cafe,Hoppenworth & Ploch,,,
node/4544606533,50.1572992,8.6333865,affinitaet,cafe,Brücken Cafe,,,
node/4544606537,50.1575826,8.6344384,affinitaet,cafe,EisCafe Corso,,ice_cream,
node/4544607008,50.1580204,8.6338599,affinitaet,cafe,Sweety Desserts & Coffee,,,
node/4553726562,50.1100329,8.6555927,affinitaet,cafe,Kaffeewerk Espressionist,,coffee_shop,
node/4593540889,50.1245359,8.6919805,affinitaet,cafe,Phoenix Tea,,bistro,
node/4593540891,50.1254838,8.6921941,affinitaet,cafe,Viervorneun,,,
node/460345892,50.115731,8.6720281,affinitaet,cafe,Café Rosso,,,
node/463191856,50.1180489,8.6624476,affinitaet,cafe,Café Laumer,,breakfast;cake;german;ice_cream,
node/4648482790,50.1117262,8.7041907,affinitaet,cafe,Aniis - Raum für Kaffeekultur,,,
node/466543007,50.1256233,8.6674288,affinitaet,cafe,Café Rotunde,,,
node/466557976,50.174026,8.6322713,affinitaet,cafe,Café Physik,,,
node/4723498207,50.1015636,8.5528286,affinitaet,cafe,Espresso Höchst,,,
node/4731774823,50.1027609,8.5475605,affinitaet,cafe,Cafe O Riese,,,
node/4731774831,50.1098196,8.5397548,affinitaet,cafe,Eis Venezia,,ice_cream,
node/4807483121,50.1230561,8.7056855,affinitaet,cafe,Morcolade,,,
node/4811680384,50.1129806,8.7549811,affinitaet,cafe,#LAFAYETTE,,crepes,
node/4817525828,50.0478369,8.5680645,affinitaet,cafe,Perfect Day,,coffee_shop,
node/4817525921,50.0446449,8.5661787,affinitaet,cafe,Puro Gusto,,italian,
node/4817525945,50.0490641,8.5694669,affinitaet,cafe,Meyer,,,
node/482615656,50.1185812,8.6620909,affinitaet,cafe,Hucks Lieblingsplatz,,cafe;bakery,
node/4838884116,50.120072,8.5787927,affinitaet,cafe,Café Le Pic Vert,,cake,
node/4861378686,50.1265228,8.6667217,affinitaet,cafe,Kaffeebar Alfredo,,,
node/4894458402,50.0531292,8.6926547,affinitaet,cafe,Kunter Bunt,,,
node/4895168122,50.1276254,8.7064444,affinitaet,cafe,Marie feines Eis,,ice_cream,
node/4895322822,50.1243554,8.6861788,affinitaet,cafe,Alédo,,,
node/491082756,50.1131876,8.6832763,affinitaet,cafe,Café Mozart,,,
node/4918097522,50.0504504,8.5720398,affinitaet,cafe,,,,
node/4919634159,50.1325097,8.6768397,affinitaet,cafe,Via Caffe,,mediterranean,
node/4926201728,50.1415025,8.5664536,affinitaet,cafe,Eiscafé San Marco,,ice_cream,
node/4935918291,50.1005315,8.5399462,affinitaet,cafe,Pizzeria La Rusticana,,,
node/4935919031,50.1027765,8.5513848,affinitaet,cafe,Asia Gourmet,,,
node/5001586279,50.1030857,8.6363169,affinitaet,cafe,Cafe Bistro Leykos Pyrgos,,greek,
node/5001586281,50.1033091,8.6359012,affinitaet,cafe,Kral,,,
node/5012241511,50.1118459,8.7487275,affinitaet,cafe,OFOF,,,
node/5031031825,50.1882931,8.7118076,affinitaet,cafe,Café Laupus,,,
node/5083458889,50.1085853,8.660994,affinitaet,cafe,Viva,,,
node/5115690905,50.1630426,8.6853715,affinitaet,cafe,Mr. Yu,,,
node/5143886021,50.1043666,8.6631623,affinitaet,cafe,Coffee Shop,,,
node/5272153202,50.0517851,8.6954051,affinitaet,cafe,Café Bistro Bosporus,,,
node/528799321,50.1212516,8.6671772,affinitaet,cafe,Taboo cafe + bar,,,
node/5289375776,50.0719821,8.4987463,affinitaet,cafe,Cafe Bistro Bei Maria,,,
node/5323384479,50.1272818,8.6685475,affinitaet,cafe,Random White House,,,
node/5354546387,50.1076542,8.6712344,affinitaet,cafe,Eins zwei,,,
node/5418742610,50.1408889,8.7200966,affinitaet,cafe,Can's Caffee & Kiosk,,,
node/5423061821,50.1025035,8.6333681,affinitaet,cafe,Dina Caffe,,,
node/5426082946,50.1088841,8.6326398,affinitaet,cafe,Lagom,,,
node/5550175274,50.0520025,8.5719049,affinitaet,cafe,Das Glass House Lobby Cafe,,,
node/5570924121,50.0994124,8.5504559,affinitaet,cafe,Mainmühle,,arab;cake;local;coffee_shop,
node/5578891972,50.1292821,8.6685418,affinitaet,cafe,Schwarz Weiss,,,
node/5578891973,50.1271822,8.665473,affinitaet,cafe,HoF,,,
node/5606271621,50.1111105,8.6752335,affinitaet,cafe,Bunca,,,
node/5619048018,50.1303591,8.6939583,affinitaet,cafe,Coffee Gallery,,,
node/564720458,50.1224021,8.6677633,affinitaet,cafe,Le Cafè Bistro,,,
node/5724039869,50.1043736,8.7669803,affinitaet,cafe,La Vida,,,
node/5725284121,50.1240737,8.6865154,affinitaet,cafe,doppio,,,
node/5726481606,50.0556882,8.6950571,affinitaet,cafe,Ambiente,,,
node/5731145853,50.1026819,8.7648494,affinitaet,cafe,radraum,,,
node/573367031,50.122353,8.6754702,affinitaet,cafe,Basaglia,,,
node/5736897147,50.0543937,8.6954091,affinitaet,cafe,Café la Bohe,,,
node/5744912807,50.1023123,8.7756278,affinitaet,cafe,cafe Harmony,,,
node/5747160848,50.1045794,8.7659457,affinitaet,cafe,ATHËNA,,,
node/5754702479,50.1032865,8.77313,affinitaet,cafe,Mili's Café,,,
node/575639220,50.1151091,8.6739727,affinitaet,cafe,Club Voltaire,,tarte_flambee,
node/581192600,50.1009224,8.6817009,affinitaet,cafe,La Maison du Pain,,,
node/581268659,50.1304687,8.6922009,affinitaet,cafe,Café Kurzschlusz,,sandwich,
node/581268692,50.1300083,8.6936456,affinitaet,cafe,Café Eins,,,
node/5816662965,50.1172771,8.7806667,affinitaet,cafe,Main-Turm Bürgel,,ice_cream,
node/5859880611,50.1044958,8.7687142,affinitaet,cafe,Barrio,,international,
node/5867322858,50.1152945,8.6985905,affinitaet,cafe,Kaffeehaus am Zoo,,,
node/5870787126,50.1127611,8.7012394,affinitaet,cafe,Pia's Cafébar,,,
node/5876041785,50.1219279,8.696271,affinitaet,cafe,Coccola - Die Eismacher,,ice_cream,
node/5894757529,50.1014155,8.7705063,affinitaet,cafe,Tempel Bar,,,
node/5909803023,50.1045546,8.7672267,affinitaet,cafe,Cafe Bar Europa,,,
node/5968365093,50.1064527,8.7591716,affinitaet,cafe,Kahlua,,,
node/603069732,50.1102998,8.6877526,affinitaet,cafe,moloko+,,,
node/6095570731,50.1098306,8.662033,affinitaet,cafe,Café Augenblick,,,
node/612064084,50.1725084,8.6304624,affinitaet,cafe,Kaffeebar Alfredo,,,
node/6166106564,50.1091818,8.6768491,affinitaet,cafe,Wewe Café,,,
node/6220864689,50.1073073,8.7447363,affinitaet,cafe,Hita's,,,
node/6225772737,50.1220828,8.6876441,affinitaet,cafe,Casual Café,,coffee_shop,
node/6268173597,50.1106873,8.6825919,affinitaet,cafe,Monza,,,
node/6276975187,50.1192991,8.6501453,affinitaet,cafe,Soulmate Coffe & Bar,,,
node/6277223117,50.1186483,8.5269777,affinitaet,cafe,Latina,,coffee_shop;dessert;cake,
node/6277223126,50.118248,8.5274631,affinitaet,cafe,Tucano Coffee,,,
node/6278715844,50.1180723,8.5285744,affinitaet,cafe,Espresso House,Espresso House,coffee_shop,
node/6278716793,50.119253,8.5271823,affinitaet,cafe,NATA Lisboa,,portuguese,
node/6284198773,50.1204857,8.6995304,affinitaet,cafe,Luke‘s Place,,breakfast;cake;coffee_shop;pancake,
node/6284200199,50.1174484,8.696439,affinitaet,cafe,Offonoff,,,
node/6284200205,50.1167441,8.6959765,affinitaet,cafe,Mokkateeria Bread & Sweets,,,
node/6284200211,50.1164311,8.6958337,affinitaet,cafe,Braky,,,
node/6288569212,50.1023349,8.6881397,affinitaet,cafe,Café Glücklich,,,
node/632526520,50.085411,8.6476352,affinitaet,cafe,Floral Café,,,
node/632526523,50.0855502,8.6479887,affinitaet,cafe,Café Espresso Bar,,,
node/632566899,50.0866507,8.6465005,affinitaet,cafe,Bäckerei Morgenstern,,cake;coffee_shop,
node/6331246361,50.1227703,8.686116,affinitaet,cafe,Caffe Bar Non-Stop,,,
node/6331433887,50.1043107,8.7607528,affinitaet,cafe,Cafe Veres,,,
node/633242524,50.1126014,8.6861356,affinitaet,cafe,Anteplioğlu,,,
node/634784190,50.1219178,8.6987672,affinitaet,cafe,Café Leidenschaft,,,
node/6348293040,50.1280972,8.6924011,affinitaet,cafe,Nähcafé Seidenfaden,,,
node/6348293070,50.1264009,8.6924922,affinitaet,cafe,Namenlos,,,
node/6349030636,50.1258407,8.6922354,affinitaet,cafe,Lucille Kaffeehaus,,,
node/6355945490,50.114958,8.6913262,affinitaet,cafe,La Baguette,,,
node/6355945491,50.1147795,8.6931078,affinitaet,cafe,Try Coffee Frankfurt,,breakfast;cake;coffee_shop;fine_dining;german,
node/6355945496,50.1146901,8.6924084,affinitaet,cafe,Bambu,,,
node/6355945499,50.1147185,8.691762,affinitaet,cafe,Kleines Café Frankfurt,,,
node/636868036,50.1101792,8.6871584,affinitaet,cafe,The Holy Cross Brewing Society,,,
node/636868037,50.1106531,8.6868512,affinitaet,cafe,dining raum,,,
node/6374083170,50.100968,8.7581125,affinitaet,cafe,Terminal,,,
node/6383409790,50.1135665,8.6907897,affinitaet,cafe,Kilim,,,
node/6408575946,50.1042901,8.6784728,affinitaet,cafe,Café Wacker Dribbdebach,,,
node/6448191767,50.1203862,8.6447076,affinitaet,cafe,Alaturka Café Bistro Bar,,,
node/6457163186,50.1357293,8.5719136,affinitaet,cafe,Eat and Concept,,,
node/6517744079,50.1203844,8.6801025,affinitaet,cafe,Cosmic,,,
node/6565893685,50.1119152,8.6849006,affinitaet,cafe,mehlwassersalz,,breakfast;cake;coffee_shop;fine_dining;french;german,
node/6590398650,50.1476087,8.6921093,affinitaet,cafe,High Legend,,,
node/6630821896,50.1248273,8.6098838,affinitaet,cafe,City Kiosk,,,
node/664298649,50.1568505,8.6327405,affinitaet,cafe,Starbucks,Starbucks,coffee_shop,
node/6649788650,50.0985776,8.5464621,affinitaet,cafe,Café Bolongaro,,,
node/6654739704,50.0616974,8.5320616,affinitaet,cafe,Café Ernst,,,
node/6665421485,50.1116225,8.677586,affinitaet,cafe,Opitz,,,
node/6736487771,50.0868412,8.5459563,affinitaet,cafe,Dallucci,,,
node/6777943851,50.1760884,8.6298004,affinitaet,cafe,Karrys & Barrys,,,yes
node/677807933,50.1026527,8.6844038,affinitaet,cafe,Die Fleckenbühler,,,
node/6779142262,50.0907035,8.7563421,affinitaet,cafe,Ya Sweets Ice & More,,,
node/6795440202,50.1527948,8.6608589,affinitaet,cafe,The Braze,,ice_cream,
node/6834191387,50.1201034,8.6486061,affinitaet,cafe,Elo's Cafe Bar,,,
node/6911937330,50.1109245,8.6837108,affinitaet,cafe,Hoppenworth & Ploch,,coffee_shop,
node/697884358,50.0845032,8.4696816,affinitaet,cafe,Eiscafe Venzia,,ice_cream,
node/697884385,50.0852842,8.4718478,affinitaet,cafe,Da Rocco,,,
node/7052670062,50.0571179,8.695349,affinitaet,cafe,Café fjaka,,,
node/7076041108,50.0998759,8.7611837,affinitaet,cafe,Bistro am Hauptbahnhof,,,
node/7147436207,50.1207301,8.6956507,affinitaet,cafe,Cafe Faleyda,,cafe;cake;frozen_yogurt;waffle,
node/7158275807,50.1171557,8.6718101,affinitaet,cafe,Noah,,coffee_shop,
node/7167851433,50.1021127,8.5427144,affinitaet,cafe,Kaffeerösterei Benincasa - Italienische Feinkost 2000,,,
node/7177444841,50.1035046,8.7624178,affinitaet,cafe,3am Tea,,,
node/7234991876,50.1253748,8.706618,affinitaet,cafe,Café Corners,,,
node/7245149817,50.1246749,8.6387866,affinitaet,cafe,Spiel-Café Zebulon,,cake,
node/7247259801,50.117897,8.6642348,affinitaet,cafe,Brixia,,,
node/7247904554,50.127568,8.707001,affinitaet,cafe,maine Auszeit,,,
node/7247904556,50.1272267,8.7070124,affinitaet,cafe,Spritzi,,,
node/7272016885,50.1199368,8.6795404,affinitaet,cafe,KukuVaia,,,
node/7272017085,50.1110843,8.6830979,affinitaet,cafe,Das Herz von Frankfurt,,,
node/7282874173,50.1107551,8.6844594,affinitaet,cafe,Kaffeehaus Goldene Waage,,,
node/7409993405,50.1032016,8.7624008,affinitaet,cafe,Vardar,,,
node/741650389,50.1098617,8.6819313,affinitaet,cafe,Eis Cafe Da Vinci,,ice_cream,
node/741650397,50.1111488,8.6820032,affinitaet,cafe,La Casa del Gelato,,ice_cream,
node/741650419,50.1113467,8.6830257,affinitaet,cafe,Iimori Pâtisserie,,japanese,
node/7444801607,50.0981821,8.547052,affinitaet,cafe,Schlosscafé Höchst,,,
node/744783302,50.1102271,8.6855445,affinitaet,cafe,Café Metropol,,italian;asian;regional;indian,
node/7500238285,50.1041959,8.6390694,affinitaet,cafe,Milando Food,,,
node/7576940842,50.0855618,8.6469794,affinitaet,cafe,Café Zoller,,,
node/7609627871,50.1018832,8.7631453,affinitaet,cafe,Ipiros,,,
node/7642488725,50.2092459,8.6321801,affinitaet,cafe,Hofcafe Lindenhof,,,
node/7700233496,50.1288154,8.7110329,affinitaet,cafe,MokkaTeeria,,,
node/7726378194,50.1141877,8.7161034,affinitaet,cafe,Scheck-in Center,,,
node/7728560018,50.1059478,8.6963987,affinitaet,cafe,FX Stehausschank,,,
node/7734492317,50.1050029,8.760353,affinitaet,cafe,coffreez,coffreez,coffee_shop,
node/7736051889,50.1660132,8.6214674,affinitaet,cafe,Eiscafé Fondi,,breakfast;cake;coffee_shop;ice_cream;italian;sandwich;tea,
node/7798471985,50.1023559,8.6809987,affinitaet,cafe,Moka,,,
node/7811799066,50.1129941,8.6986365,affinitaet,cafe,Café Class,,,
node/7868798194,50.1056491,8.6925951,affinitaet,cafe,Under Pressure,,,
node/7928134595,50.1037855,8.6656953,affinitaet,cafe,Nero Uno,,,
node/7959632376,50.1059385,8.7621066,affinitaet,cafe,Backmeister,,,
node/796495201,50.1560686,8.6572099,affinitaet,cafe,Café 24,,,
node/807007789,50.1019514,8.6718247,affinitaet,cafe,Cafe im Liebieghaus,,,
node/808325078,50.1239372,8.6411766,affinitaet,cafe,Fridas Cafe,,,
node/809891731,50.1188503,8.6855008,affinitaet,cafe,feinfrankfurt,,cake,
node/8201461259,50.1171002,8.6339518,affinitaet,cafe,Nero Uno,,,
node/8262217382,50.1047297,8.6894128,affinitaet,cafe,DOT. Coffee Bagel Juice,,coffee_shop,
node/8396649717,50.1086321,8.6398787,affinitaet,cafe,DB Cafe,,,
node/848623245,50.0947736,8.7628217,affinitaet,cafe,OF Unverpackt,,,
node/8486451134,50.1039161,8.7597091,affinitaet,cafe,Lokros,,,
node/8486451136,50.1040575,8.7594081,affinitaet,cafe,B & B Vietnam Bistro,,,
node/8491587110,50.1074212,8.6266336,affinitaet,cafe,Paul and Tim,,,
node/8549902720,50.0999094,8.6825307,affinitaet,cafe,Chez Vivi,,french,
node/8656348217,50.0996307,8.5490421,affinitaet,cafe,Aras,,,
node/8660141804,50.1013343,8.5491249,affinitaet,cafe,BubbleTea TH,,bubble_tea,
node/8781002564,50.1009997,8.7538644,affinitaet,cafe,StattHaus Café,,international,
node/8812001274,50.1011752,8.6582405,affinitaet,cafe,momi,,,
node/8887145076,50.1134541,8.6787531,affinitaet,cafe,Café Hauptwache,,,
node/8990299187,50.1148332,8.7057112,affinitaet,cafe,Lieblingsnachbar,,,
node/9022930806,50.1154777,8.6823588,affinitaet,cafe,Corretto,,,
node/9025017235,50.1114343,8.6863019,affinitaet,cafe,Kuku Kane,,vietnamese,
node/9045272582,50.1043634,8.7702881,affinitaet,cafe,Nemesis,,,
node/9142982247,50.1235177,8.6425337,affinitaet,cafe,Bistro Leipziger Raucherlounge,,,
node/9149867617,50.1154927,8.6695388,affinitaet,cafe,Sunny Side Up,,,
node/9149879018,50.1154399,8.6699475,affinitaet,cafe,Schneider‘s,,deli,
node/921135566,50.1148836,8.6737791,affinitaet,cafe,Starbucks,Starbucks,coffee_shop,
node/929816395,50.1166691,8.6794144,affinitaet,cafe,Cafe Extrablatt,Cafe Extrablatt,coffee_shop,
node/9300415423,50.1205627,8.6764283,affinitaet,cafe,brewdis Coffee Concept-Store,,,
node/930324800,50.1088033,8.6744433,affinitaet,cafe,Fundus,,,
node/9306941965,50.1649923,8.5710281,affinitaet,cafe,Hof Café,,,
node/9319603941,50.1027997,8.5522045,affinitaet,cafe,Park Cafe Höchst,,,
node/9338134917,50.126973,8.6878092,affinitaet,cafe,Sunny Side Up Nordend,,,
node/9385656852,50.1125866,8.7309921,affinitaet,cafe,Giulio,,,
node/9398469542,50.0924714,8.6073489,affinitaet,cafe,Eiscafé Dolomiti,,,
node/940400800,50.1107039,8.6658458,affinitaet,cafe,Voila!,,crepe,
node/9451036414,50.0621026,8.5303799,affinitaet,cafe,Cafe Baran,,,
node/959088310,50.1411099,8.5726289,affinitaet,cafe,Eiscafé Adriatico,,ice_cream,
node/9599131756,50.1050512,8.6888882,affinitaet,cafe,Cafe Tasse,,coffee_shop;cake;quiche;sandwich,
node/961684927,50.1176234,8.637284,affinitaet,cafe,Café Anastasia,,,
node/964653356,50.1199852,8.5255305,affinitaet,cafe,Starbucks,Starbucks,coffee_shop,
node/9656086967,50.1123032,8.7406282,affinitaet,cafe,Hafen 2,,,
node/9661999240,50.1107873,8.7012175,affinitaet,cafe,Copper Bay,,international;pasta;salad,
node/982775215,50.1263166,8.6939669,affinitaet,cafe,Café No. 48,,,
node/9856400123,50.1416717,8.7508126,affinitaet,cafe,Rocco's,,ice_cream;breakfast,
node/9861444637,50.1077489,8.7643012,affinitaet,cafe,Cafeteria Offenbach,,,
node/9981856747,50.0484541,8.5681254,affinitaet,cafe,Meyer,,coffee_shop;sandwich,
node/9981856749,50.0485731,8.5674738,affinitaet,cafe,Natoo,,salad,
node/9982079734,50.0441078,8.5638262,affinitaet,cafe,Perfect Day,,coffee_shop,
node/9994430717,50.1153321,8.6704632,affinitaet,cafe,Chinaski Tagesbar,,breakfast,
way/1061083799,50.1776367,8.6290473,affinitaet,cafe,Café Riedberg,,,
way/113272426,50.1361649,8.7114256,affinitaet,cafe,Cafeteria,,,
way/1211798294,50.1220942,8.646574,affinitaet,cafe,Stern Kaffeerösterei,,,
way/136022541,50.1664025,8.7260482,affinitaet,cafe,Einzig - Cafe-Tortenmanufaktur,,,
way/139002813,50.1419884,8.6155161,affinitaet,cafe,Vereinsgaststätte SG 08 Praunheim,,,
way/142270609,50.1043288,8.6354049,affinitaet,cafe,Quartierspavillon Quäkerwiese,,ice_cream,
way/153194823,50.1343436,8.7109119,affinitaet,cafe,Café Treffpunkt,,,
way/1556402697,50.0290384,8.5819639,affinitaet,cafe,Brew'd,Brew'd,coffee_shop,
way/1556402698,50.0288165,8.5815964,affinitaet,cafe,Espresso House,Espresso House,coffee_shop,
way/156162724,50.1242955,8.6090657,affinitaet,cafe,Bistro 29,,,
way/249981453,50.1185035,8.6664074,affinitaet,cafe,Liebig Bäckerei,,sandwich,
way/256759574,50.0936909,8.6468213,affinitaet,cafe,Café LiLu-Ponton,,cake;local;coffee_shop,
way/258756233,50.0100818,8.5816238,affinitaet,cafe,Lale,,,
way/293705681,50.1069045,8.6638353,affinitaet,cafe,DB Lounge,,coffee_shop,
way/29407024,50.1221855,8.6585469,affinitaet,cafe,Café Siesmayer,,cake;german,
way/337996778,50.106318,8.6636864,affinitaet,cafe,Haferkater,,,
way/356054289,50.0531613,8.5705649,affinitaet,cafe,Starbucks,Starbucks,coffee_shop,
way/397916183,50.1145464,8.6876868,affinitaet,cafe,Cafe Consti,,,
way/397916194,50.1147212,8.687216,affinitaet,cafe,Coffee Station,,,
way/424232058,50.1236346,8.6536456,affinitaet,cafe,Villa Leonhardi,,,
way/440792235,50.1134861,8.67925,affinitaet,cafe,The Alley,,,
way/441414712,50.1141646,8.6780798,affinitaet,cafe,Kikilucky,,,
way/525857361,50.0528134,8.5686315,affinitaet,cafe,Segafredo,Segafredo,coffee_shop,
way/53219926,50.1329515,8.7468996,affinitaet,cafe,My Coffee,,,
way/53349760,50.1672058,8.5768975,affinitaet,cafe,Café Devin,,,
way/54222670,50.1054563,8.7614168,affinitaet,cafe,Cafe am Rathaus,,regional,
way/96054607,50.1266506,8.6629563,affinitaet,cafe,Park-Cafe,,,
node/10186696885,50.1124151,8.6677259,affinitaet,coworking,Tribes,,,
node/10899617662,50.1051904,8.6627999,affinitaet,coworking,everyworks inside IntercityHotel,,,
node/11690670379,50.1118245,8.6692618,affinitaet,coworking,WeWork,WeWork,,
node/12205420615,50.1130397,8.6720029,affinitaet,coworking,Mindspace Eurotheum,,,
node/12919856806,50.1049068,8.6651578,affinitaet,coworking,Rivvers,rivvers,,
node/13398082862,50.127712,8.6030691,affinitaet,coworking,Rivvers,rivvers,,
node/13398101585,50.1053748,8.6487025,affinitaet,coworking,Rivvers,rivvers,,
node/13398105899,50.106383,8.7596861,affinitaet,coworking,Rivvers,rivvers,,
node/13398112614,50.1136332,8.714322,affinitaet,coworking,Rivvers,rivvers,,
node/13398120731,50.1164472,8.6508699,affinitaet,coworking,Rivvers,rivvers,,
node/13852449955,50.1157574,8.6729783,affinitaet,coworking,Satellite Office Frankfurt Opernplatz XIV,,,
node/13852511738,50.1128463,8.6674345,affinitaet,coworking,Satellite Office Frankfurt Villa Sander,,,
node/13875870496,50.1319995,8.5166046,affinitaet,coworking,NFT – Ndiaye Fair Trade,,,
node/4279743371,50.1253678,8.7061294,affinitaet,coworking,Zentrale Coworking,,,
node/5424898988,50.103851,8.7570748,affinitaet,coworking,aus der Technik - Simon & Simon GbR,,,
node/554155965,50.1083749,8.6640864,affinitaet,coworking,Meet/n/work,,,
node/5815795690,50.1136503,8.6717247,affinitaet,coworking,WorkRepublic,,,
node/6049639794,50.110589,8.6659444,affinitaet,coworking,Beehive,,,
node/6414372202,50.113307,8.7167531,affinitaet,coworking,Reinvent Law,,,
node/6504119031,50.1219435,8.6718817,affinitaet,coworking,Design Offices,Design Offices,,
node/6621560462,50.114558,8.6500148,affinitaet,coworking,rent24,,,
node/7230087107,50.1331258,8.5724922,affinitaet,coworking,Design Offices,Design Offices,,
node/7230097360,50.1158737,8.6640274,affinitaet,coworking,Design Offices,Design Offices,,
node/7230100473,50.1049032,8.6663407,affinitaet,coworking,Design Offices,Design Offices,,
node/8403343196,50.1113734,8.6730768,affinitaet,coworking,Spaces,Spaces,,
way/100657451,50.1087948,8.6564292,affinitaet,coworking,Neue Teefabrik,,,
way/925848910,50.1044993,8.7407024,affinitaet,coworking,Regus,Regus,,
node/10581195705,50.1217651,8.6789999,wettbewerb_direkt,deli,Vinesso Deli,,,
node/10769428467,50.1093932,8.652876,wettbewerb_direkt,deli,Chapeau,,,
node/10769428485,50.1098619,8.651897,wettbewerb_direkt,deli,American Food Club,,,
node/11279962839,50.1147121,8.6815672,wettbewerb_direkt,deli,Mediterane Feinkost,,,
node/12326236495,50.1013908,8.7603627,wettbewerb_direkt,deli,Öldorado,,,
node/12853595108,50.1027703,8.7748298,wettbewerb_direkt,deli,Olá ! Portugal,,,
node/13019771416,50.1461084,8.7578224,wettbewerb_direkt,deli,Al-Ahram Markt,,,
node/13585161401,50.1304649,8.7560783,wettbewerb_direkt,deli,Fattoria La Vialla - Speisekammer,,,
node/14048961023,50.1123211,8.6746986,wettbewerb_direkt,deli,Meyer,,,
node/14097775876,50.1047092,8.6894809,wettbewerb_direkt,deli,HIS,,japanese,
node/1940716762,50.1813135,8.7420124,wettbewerb_direkt,deli,Al Rafa,,,
node/2249823890,50.1028845,8.554384,wettbewerb_direkt,deli,Weinkellerei Höchst,,,
node/2672693271,50.0998432,8.6825678,wettbewerb_direkt,deli,Il Gusto,,,
node/3402253383,50.1062523,8.7642965,wettbewerb_direkt,deli,Lodoss,,turkish,
node/3533488878,50.1113934,8.6847639,wettbewerb_direkt,deli,Naschmarkt am Dom,,,
node/3699734137,50.0499065,8.6994199,wettbewerb_direkt,deli,Feinkost Angelo,,,
node/3699734402,50.0501214,8.6990368,wettbewerb_direkt,deli,Wajos,Wajos,,
node/3744012082,50.1269296,8.6852771,wettbewerb_direkt,deli,Herkert,,,
node/3752043581,50.1115306,8.6791076,wettbewerb_direkt,deli,SuperKato,,japanese;sushi,
node/4019451858,50.1208719,8.6727529,wettbewerb_direkt,deli,Badans Frischemarkt,,,
node/4484303124,50.1149352,8.6734852,wettbewerb_direkt,deli,Meyer,,,
node/4544606539,50.1579826,8.6330287,wettbewerb_direkt,deli,Feinkost Nordwest,,,
node/4731865643,50.099784,8.5488157,wettbewerb_direkt,deli,Bon Appetito,,,
node/4894458401,50.0531344,8.6927545,wettbewerb_direkt,deli,Kümmerle – Käse und Genuss,,,
node/5055932121,50.1034686,8.7659096,wettbewerb_direkt,deli,Fischspezialitäten Stelios,,,
node/5229994222,50.1126253,8.6831045,wettbewerb_direkt,deli,homebase.good.food,,,
node/5573271363,50.1079039,8.6672325,wettbewerb_direkt,deli,Feinkost Paradies,,turkish,
node/5968365327,50.1085542,8.7584518,wettbewerb_direkt,deli,Onkel Kostas Feinkost,,,
node/6005324964,50.1259181,8.7076427,wettbewerb_direkt,deli,Feinkost NOY,,,
node/6019542595,50.1161146,8.658415,wettbewerb_direkt,deli,Sababa,,,
node/6276172798,50.103397,8.7571635,wettbewerb_direkt,deli,Artion,,greek,
node/6277157167,50.1173298,8.5287266,wettbewerb_direkt,deli,Gepp's,,,
node/6348293073,50.1259998,8.6922669,wettbewerb_direkt,deli,Die Fromagerie,,,
node/6354947485,50.1429704,8.5627025,wettbewerb_direkt,deli,Sicilia Feinkost,,,
node/6387992074,50.1163804,8.6791609,wettbewerb_direkt,deli,Käsestube,,,
node/729610459,50.1190644,8.6256917,wettbewerb_direkt,deli,Kosmidis Feinkost GmbH,,,
node/7724535623,50.0856296,8.6358931,wettbewerb_direkt,deli,M.C. Amaral,,,
node/9183651977,50.125578,8.6106746,wettbewerb_direkt,deli,Hessenshop,,,
node/9522907958,50.0975342,8.5970698,wettbewerb_direkt,deli,Poalva,,,
node/9572580393,50.1200488,8.6950211,wettbewerb_direkt,deli,Reining & Werth,,,
node/9588331324,50.1300011,8.7080554,wettbewerb_direkt,deli,Wagenbach,,,
node/9871961708,50.1019348,8.7653795,wettbewerb_direkt,deli,Polnische Spezialitäten,,,
node/10704262642,50.0888275,8.64661,milieu,drogenhilfe,Die Fleckenbühler Haus Frankfurt,,,
node/4221161358,50.1091706,8.6674364,milieu,drogenhilfe,Drogennotdienst,,,
node/5942921857,50.109788,8.6649044,milieu,drogenhilfe,Integrative Drogenhilfe e.V.,,,
node/7436059095,50.1090416,8.6599692,milieu,drogenhilfe,La Strada,,,
way/307131541,50.1263508,8.6078825,milieu,drogenhilfe,Guttempler Sozialwerk,,,
node/12094697413,50.1120303,8.7040055,milieu,erotik,Orion,Orion,,
node/13574237840,50.1136831,8.6901775,milieu,erotik,Erotik Supermarkt,,,
node/1794347597,50.1078662,8.6684223,milieu,erotik,Jerome,,,
node/1889764861,50.1086059,8.6655873,milieu,erotik,Bistro 91,,,
node/1889764873,50.1086407,8.6659737,milieu,erotik,Mon cheri,,,
node/1889764879,50.1084236,8.6658807,milieu,erotik,Double D,,,
node/1889764882,50.1082295,8.6661363,milieu,erotik,Moulin Rouge,,,
node/1889764914,50.1083813,8.6663367,milieu,erotik,Solid Gold,,,
node/2670325943,50.1093072,8.6651351,milieu,erotik,Golden Gate Diamond Club,,,
node/2752186989,50.1081197,8.6667128,milieu,erotik,Dr. Müller,,,
node/3557786893,50.1150806,8.6830804,milieu,erotik,Orion,Orion,,
node/4300243992,50.1172295,8.6853346,milieu,erotik,Pams Lounge,,,
node/4312415990,50.1097906,8.6748264,milieu,erotik,Glamour Massage,,,
node/4409177790,50.1072448,8.7324266,milieu,erotik,Shiva Massage Offenbach,,,
node/4432380395,50.1150234,8.6913906,milieu,erotik,Secret Service,,,
node/6560110575,50.105953,8.7593703,milieu,erotik,Josephine,,,
node/8443984896,50.1094971,8.6670548,milieu,erotik,Haus 44,,,
node/855103238,50.1138012,8.6905347,milieu,erotik,Haus 7-9,,,
way/156298625,50.1093894,8.6667388,milieu,erotik,Pure Platinum,,,
way/157387910,50.1195447,8.7401514,milieu,erotik,FKK Mainhattan,,,
way/157405476,50.1100594,8.666015,milieu,erotik,Haus 55,,,
way/157405478,50.1095598,8.6665327,milieu,erotik,,,,
way/157460697,50.1096442,8.6674921,milieu,erotik,Anna Bella,,,
way/157460698,50.1095373,8.6662411,milieu,erotik,,,,
way/157460700,50.1088007,8.6661212,milieu,erotik,Haus 39,,,
way/157460711,50.109124,8.667034,milieu,erotik,Sex Inn,,,
way/26226076,50.1301471,8.5650832,milieu,erotik,Treff 188 Eschborn,,,
way/29495317,50.1278595,8.6266315,milieu,erotik,The Palace,,,
way/33168293,50.1096862,8.6657758,milieu,erotik,,,,
way/48921223,50.1091831,8.6653874,milieu,erotik,,,,
way/55196841,50.1035356,8.7724246,milieu,erotik,Girls Club,,,
way/71936846,50.114473,8.6915314,milieu,erotik,Pension Herzlich,,,
node/10110725828,50.0931502,8.4569821,affinitaet,fahrradladen,CUBE Store Hofheim by Multicycle,,,
node/10173979719,50.1654074,8.6219387,affinitaet,fahrradladen,Velo Doctor,,,
node/10573637881,50.1054728,8.7664253,affinitaet,fahrradladen,Artefact,,,
node/10739041810,50.1320794,8.7549368,affinitaet,fahrradladen,Opelit,,,
node/10743608633,50.1304095,8.7549199,affinitaet,fahrradladen,Koninlijke Gazelle,,,
node/10852425496,50.0075476,8.5741574,affinitaet,fahrradladen,Radhaus Walldorf,,,
node/10949184959,50.1220404,8.6962716,affinitaet,fahrradladen,TR velo,,,
node/11243835427,50.0837349,8.6290635,affinitaet,fahrradladen,Bike Monkey,,,
node/1163960054,50.1034399,8.6445285,affinitaet,fahrradladen,Zweirad Ganzert,,,
node/11750452224,50.0866449,8.6719798,affinitaet,fahrradladen,[`kvirder]® Fahrradwerkstatt,,,
node/1260558052,50.0934919,8.4558223,affinitaet,fahrradladen,Fahrrad Freund,,,
node/1271433859,50.1069604,8.6874572,affinitaet,fahrradladen,Pietro Wetzel,,,
node/12925180024,50.1274012,8.6947366,affinitaet,fahrradladen,Roter Sattel,,,
node/1303580908,50.1234171,8.6933111,affinitaet,fahrradladen,Custom Delux Bikes,,,
node/13576252016,50.1033816,8.7022727,affinitaet,fahrradladen,E-Motion Frankfurt Süd,,,
node/13662440617,50.1224675,8.7391378,affinitaet,fahrradladen,KarlvonDrais GmbH & Co. KG Ostend,,,
node/13833532531,50.0961667,8.6842102,affinitaet,fahrradladen,RMS Bikes Fahrradwerkstatt,,,
node/14098875321,50.1059923,8.6962715,affinitaet,fahrradladen,KarlvonDrais,,,
node/1561225472,50.0964495,8.4883957,affinitaet,fahrradladen,Radsporthaus Kriegelstein,,,
node/1616685536,50.2196412,8.6480364,affinitaet,fahrradladen,Snow & Bike Action GmbH,,,
node/1684467340,50.1243205,8.6079942,affinitaet,fahrradladen,Fahrrad Storck,,,
node/1704621146,50.0940165,8.6052278,affinitaet,fahrradladen,Bike Point,,,
node/1720489358,50.1098899,8.688148,affinitaet,fahrradladen,Fixiestube,,,
node/1720523080,50.103733,8.6911196,affinitaet,fahrradladen,Velopraxis,,,
node/1725898829,50.1803692,8.7406643,affinitaet,fahrradladen,Fahrrad Müller,,,
node/1732696955,50.1533303,8.6355069,affinitaet,fahrradladen,Radwerk,,,
node/1792781808,50.1381052,8.7426445,affinitaet,fahrradladen,Zweirad Stadler,Bulls;Cannondale;Kona;Scott;Cervelo;Beany;Dynamics;Mongoose;Tecnobike;KTM;Pegasus;Kalkhoff;Triumph;Exte;Electra;Gazelle;i:SY;Puky,,
node/1964434631,50.084832,8.5851678,affinitaet,fahrradladen,Martin's Radladen,,,
node/2046233565,50.1236347,8.5714293,affinitaet,fahrradladen,intra spiel + sport GmbH,,,
node/2252623991,50.1195706,8.6944118,affinitaet,fahrradladen,acht gang,,,
node/2352592661,50.2024913,8.7095307,affinitaet,fahrradladen,Wheelspin Bikes & Boards,,,
node/2500753374,50.1821053,8.6939045,affinitaet,fahrradladen,MainVelo,,,
node/2535532314,50.1550698,8.748971,affinitaet,fahrradladen,2rad-circle,,,
node/2569637038,50.1243922,8.701049,affinitaet,fahrradladen,Wohnzimmer-Werkstatt,,,
node/2591208688,50.1130319,8.6833599,affinitaet,fahrradladen,Rebicycle,,,
node/2672784776,50.1027086,8.6846145,affinitaet,fahrradladen,Kettenesel,,,
node/2708668194,50.1928651,8.7284073,affinitaet,fahrradladen,Bike Rite,,,
node/2727295570,50.1496931,8.8011331,affinitaet,fahrradladen,BikeShop Maintal,,,
node/2745879216,50.1299924,8.7117996,affinitaet,fahrradladen,Fahrrad Böttgen,,,
node/2866252101,50.0867882,8.6475516,affinitaet,fahrradladen,Bike Monkey Bicyclette-Fahrrad,,,
node/292406495,50.1479089,8.6804557,affinitaet,fahrradladen,Karl von Drais Premium Bike Store,,,
node/292692269,50.1301001,8.6962116,affinitaet,fahrradladen,Radschlag,,,
node/303787615,50.1205673,8.6894318,affinitaet,fahrradladen,Main Bike,,,
node/3074956300,50.1003296,8.5429721,affinitaet,fahrradladen,Fahrradzauber Junker Uribe,,,
node/316957232,50.1451171,8.647575,affinitaet,fahrradladen,Fahrradhaus Wagner,,,
node/317817757,50.1140612,8.6973843,affinitaet,fahrradladen,Montimare,,,
node/330486299,50.1539097,8.6597008,affinitaet,fahrradladen,Gnewikow Fülberth Radsport,,,
node/3495522000,50.1090518,8.6703492,affinitaet,fahrradladen,Bike Boutique Frankfurt,,,
node/387530532,50.1225283,8.678074,affinitaet,fahrradladen,radfix Frankfurt,,,
node/394710072,50.1392611,8.6465607,affinitaet,fahrradladen,Fahrradstation Frankfurt,,,
node/4009142027,50.1237025,8.7422681,affinitaet,fahrradladen,B.O.C.,B.O.C.,,
node/4059701800,50.1130254,8.6918712,affinitaet,fahrradladen,Parrots & Crows,,,
node/411040775,50.1187985,8.6465787,affinitaet,fahrradladen,Mechanisches Atelier,,,
node/411040776,50.1198951,8.6490729,affinitaet,fahrradladen,Per Pedale,,,
node/4387402810,50.1053417,8.6856491,affinitaet,fahrradladen,Frankfurt Bicycle Company,,,
node/4644883781,50.1201442,8.7061064,affinitaet,fahrradladen,Bike 5vie,,,
node/4845550211,50.1108437,8.6566347,affinitaet,fahrradladen,Rebike,,,
node/4926238127,50.1224866,8.6754748,affinitaet,fahrradladen,Fahrradwerkstatt,,,
node/5199192448,50.1186641,8.6481858,affinitaet,fahrradladen,Flamme Rouge,,,
node/5760141668,50.0810878,8.6032003,affinitaet,fahrradladen,Radsport Graf,,,
node/5968365106,50.1083047,8.75724,affinitaet,fahrradladen,Pedalinski,,,
node/5983512763,50.1261924,8.6973003,affinitaet,fahrradladen,RMS Bikes,,,
node/602576516,50.1485492,8.6164667,affinitaet,fahrradladen,Radsport Hess,,,
node/632486598,50.0884517,8.6456269,affinitaet,fahrradladen,Radhaus Niederrad,,,
node/6331246367,50.1205335,8.6863924,affinitaet,fahrradladen,Schraube & Rad,,,
node/6767751118,50.0961859,8.6806746,affinitaet,fahrradladen,feine velos,,,
node/695845554,50.1937939,8.7236181,affinitaet,fahrradladen,2rad-circle Bad Vilbel,,,
node/697884465,50.0865948,8.4731578,affinitaet,fahrradladen,4Riders,,,
node/7657304519,50.1467168,8.6821613,affinitaet,fahrradladen,Fahrradlädchen Eckenheim,,,
node/8467796182,50.1045863,8.6385594,affinitaet,fahrradladen,Galeria Vintage,,,
node/8616839563,50.1092877,8.6704758,affinitaet,fahrradladen,die Werkstatt,,,
node/8780287412,50.1081982,8.7963378,affinitaet,fahrradladen,Bikehalle Offenbach,,,
node/8780381873,50.1022345,8.7759162,affinitaet,fahrradladen,Fahrradladen Yakobi,,,
node/8863510497,50.1321451,8.7439459,affinitaet,fahrradladen,CUBE Store Frankfurt / Main by Multicycle,,,
node/8866896178,50.129061,8.6679909,affinitaet,fahrradladen,AStA Fahrradwerkstatt,,,
node/8985974761,50.1284422,8.7087474,affinitaet,fahrradladen,SchaltWerk,,,
node/9162363836,50.0085945,8.5789969,affinitaet,fahrradladen,Herrmanns Radhaus 2,,,
node/947015175,50.1478567,8.6810875,affinitaet,fahrradladen,Karl von Drais,,,
node/9622937672,50.1179255,8.6439037,affinitaet,fahrradladen,RMS Bikes,,,
node/9968058434,50.1167733,8.4681788,affinitaet,fahrradladen,Fahrrad Walter,,,
way/105699408,50.1382841,8.7432171,affinitaet,fahrradladen,Zweirad-Center Stadler,Zweirad-Center Stadler,,
way/110391069,50.1921453,8.6558294,affinitaet,fahrradladen,e-motion,Rise & Müller;Santa Cruz;Specialized;Cannondale;Corratec;Focus;Giant;Hercules;Husqvarna;Liv;R Raymon;Woom;Binachi;Haibike;Gazelle;Kalkhoff;QWIC;Raleigh;Winora;Velo de Ville;Wanderer;Babboe;Carqon;Johansson;Urban Arrow;Winther;Triobike,,
way/294569040,50.0516869,8.6983235,affinitaet,fahrradladen,Fahrrad Holzmann,,,
way/35008200,50.1865973,8.5852551,affinitaet,fahrradladen,Zweirad Müller,,,
way/40724759,50.0895502,8.7095672,affinitaet,fahrradladen,Goetherad - Fahrradverleih am Goetheturm,,,
way/83384811,50.1179896,8.7106253,affinitaet,fahrradladen,Fahrrad Leidlein,,,
node/1652652140,50.1201599,8.6951846,wettbewerb_direkt,feinkost_kaese,Käseladen am Merianplatz,,,
node/2661304633,50.10137,8.6808603,wettbewerb_direkt,feinkost_kaese,Die Fromagerie,,,
node/3767654737,50.1038487,8.7677009,wettbewerb_direkt,feinkost_kaese,l'Abbate,,,
node/6508708417,50.1218411,8.6475767,wettbewerb_direkt,feinkost_kaese,K34 Käseladen,,,
way/1519671061,50.112702,8.68101,wettbewerb_direkt,feinkost_kaese,Cheese & More By Henri Willig,,,
node/10579687934,50.1058906,8.6874092,wettbewerb_breit,fisch,Caviar-Brücke,,,
node/14094996940,50.1020724,8.5495105,wettbewerb_breit,fisch,Fresh Fisch,,,
node/1488888189,50.1042162,8.6643162,wettbewerb_breit,fisch,Sarajevo,,,
node/2970680820,50.1208155,8.673643,wettbewerb_breit,fisch,Fisch-Feinkost Scheffler,,,
node/8568855242,50.1066144,8.7660554,wettbewerb_breit,fisch,Fischmarkt,,,
node/8971990682,50.1942263,8.7232513,wettbewerb_breit,fisch,Fisch-Brenner,,,
node/9398433341,50.0916572,8.6041425,wettbewerb_breit,fisch,Fischhaus Prinz,,,
node/10061405887,50.1223934,8.6888298,affinitaet,fitness_yoga,FITSEVENELEVEN,FITSEVENELEVEN,,
node/10594717780,50.1782637,8.6283885,affinitaet,fitness_yoga,Fitbox,Fitbox,,
node/10678445404,50.1211215,8.6752403,affinitaet,fitness_yoga,Kieser Training,Kieser Training,,
node/10704993941,50.1413209,8.7206477,affinitaet,fitness_yoga,Kickboxen auf dem Atzelbergplatz,,,
node/10725821065,50.0848569,8.6474354,affinitaet,fitness_yoga,Your Body Your Soul,,,
node/10731373134,50.1834938,8.7433589,affinitaet,fitness_yoga,Netzwerk Körper,,,
node/10805505305,50.1040683,8.7655168,affinitaet,fitness_yoga,FITSEVENELEVEN,FITSEVENELEVEN,,
node/10936577677,50.1111671,8.7105279,affinitaet,fitness_yoga,FITSEVENELEVEN,FITSEVENELEVEN,,
node/11018641544,50.1119149,8.7308666,affinitaet,fitness_yoga,CrossFit,CrossFit,,
node/11184323319,50.1225225,8.6473637,affinitaet,fitness_yoga,Timo Wahl Yoga,,,
node/11297618463,50.1198881,8.7031378,affinitaet,fitness_yoga,Ashtanga Yoga,,,
node/11361528269,50.0535289,8.5723092,affinitaet,fitness_yoga,FITSEVENELEVEN,FITSEVENELEVEN,,
node/11375531326,50.1124866,8.7157787,affinitaet,fitness_yoga,Fitness First,Fitness First,,
node/11509151226,50.1088599,8.6449796,affinitaet,fitness_yoga,Basic-Fit,,,
node/11637377572,50.1193316,8.6363325,affinitaet,fitness_yoga,Fitness First,Fitness First,,
node/11758439539,50.0949271,8.6427962,affinitaet,fitness_yoga,FFM Crossfit,,,
node/11966415585,50.1036682,8.7610584,affinitaet,fitness_yoga,Basic-Fit,,,
node/11973521106,50.1205201,8.6704526,affinitaet,fitness_yoga,Fitbox,Fitbox,,
node/12026210872,50.1266497,8.7043782,affinitaet,fitness_yoga,Classy Pilates Bornheim,,,
node/12132130198,50.108521,8.6367433,affinitaet,fitness_yoga,FITSEVENELEVEN,FITSEVENELEVEN,,
node/12425560256,50.1082328,8.6448729,affinitaet,fitness_yoga,Fitbox,Fitbox,,
node/12698778379,50.1918617,8.6566196,affinitaet,fitness_yoga,XTRAFIT Frankfurt-Nord,,,
node/12736057101,50.1310039,8.570456,affinitaet,fitness_yoga,Fit Seven Eleven,,,
node/12793389213,50.1213103,8.6898798,affinitaet,fitness_yoga,JULY BABY Pilates,JULY BABY Pilates,,
node/12846725716,50.1050934,8.6957524,affinitaet,fitness_yoga,Bodystreet,Bodystreet,,
node/12846807619,50.1052298,8.6953107,affinitaet,fitness_yoga,Prime Time fitness,,,
node/12999475973,50.1211304,8.6490384,affinitaet,fitness_yoga,EMS Lounge,,,
node/13075935426,50.1106893,8.6731401,affinitaet,fitness_yoga,FITSEVENELEVEN,FITSEVENELEVEN,,
node/13088642401,50.1200342,8.6588053,affinitaet,fitness_yoga,MFT Westend,,,
node/13089069684,50.148617,8.6573639,affinitaet,fitness_yoga,YOGABOXFRANKFURT,,,
node/13392700140,50.1066323,8.7527233,affinitaet,fitness_yoga,Fit4Ladies,,,
node/13430246057,50.1056943,8.7517033,affinitaet,fitness_yoga,Fitness First,Fitness First,,
node/13516498600,50.1264649,8.6955089,affinitaet,fitness_yoga,Shiva-Yoga,,,
node/13593057582,50.1214149,8.6504875,affinitaet,fitness_yoga,Primetime Fitness,,,
node/13593102217,50.1214971,8.6499067,affinitaet,fitness_yoga,Primetime Fitness,,,
node/13625229616,50.117647,8.7044452,affinitaet,fitness_yoga,mainperformance,,,
node/13671900601,50.1382515,8.732912,affinitaet,fitness_yoga,Koi Gym,,,
node/13685176462,50.1086277,8.653855,affinitaet,fitness_yoga,David Lloyd,,,
node/13700713756,50.1178548,8.6719279,affinitaet,fitness_yoga,Fitness First Frankfurt - Westend,,,
node/13811589967,50.1078864,8.6369901,affinitaet,fitness_yoga,Main Pilates Studio,,,
node/13814556716,50.1146831,8.710308,affinitaet,fitness_yoga,Critical Muay Thai,,,
node/13836594630,50.0822529,8.6330512,affinitaet,fitness_yoga,Quartier Yoga,,,
node/13839357238,50.1087219,8.6712987,affinitaet,fitness_yoga,Patanjali Yoga Studio,,,
node/14032157859,50.0989417,8.7553281,affinitaet,fitness_yoga,Salon Yoga,,,
node/14056283513,50.132509,8.679098,affinitaet,fitness_yoga,FITSEVENELEVEN,FITSEVENELEVEN,,
node/14175003747,50.1754626,8.7332337,affinitaet,fitness_yoga,Pilates & Klang,,,
node/1827768840,50.1311454,8.7621928,affinitaet,fitness_yoga,McFit,McFit,,
node/1873212819,50.1268388,8.7085028,affinitaet,fitness_yoga,Rostudios,,,
node/2082719222,50.1148589,8.6869438,affinitaet,fitness_yoga,McFit,McFit,,
node/2398361414,50.1019571,8.6359575,affinitaet,fitness_yoga,Blasky Fitness,,,
node/2463705590,50.1146544,8.6812691,affinitaet,fitness_yoga,Fitness First,Fitness First,,
node/2536706369,50.1166338,8.6766984,affinitaet,fitness_yoga,Fitness First,Fitness First,,
node/2661290080,50.1008617,8.6796121,affinitaet,fitness_yoga,Prime Time Fitness,,,
node/2674787408,50.1213901,8.7080593,affinitaet,fitness_yoga,bewegung pur,,,
node/2685651051,50.0887529,8.7624998,affinitaet,fitness_yoga,McFit,McFit,,
node/2697662689,50.1060661,8.746288,affinitaet,fitness_yoga,INJOY,INJOY Fitness,,
node/2771998125,50.0977528,8.6902441,affinitaet,fitness_yoga,CHALLENGE CLUB® SACHSENHAUSEN,,,
node/277966855,50.101404,8.7588255,affinitaet,fitness_yoga,Kieser Training,Kieser Training,,
node/277966862,50.1121674,8.6687632,affinitaet,fitness_yoga,Kieser Training,Kieser Training,,
node/3270564401,50.1170774,8.634186,affinitaet,fitness_yoga,Bodystreet,Bodystreet,,
node/3616072187,50.1245654,8.6125912,affinitaet,fitness_yoga,IYENGAR Yoga Institut Frankfurt,,,
node/4004743321,50.117034,8.6803535,affinitaet,fitness_yoga,Elements,,,
node/401562559,50.163263,8.6356345,affinitaet,fitness_yoga,CrossFit Bulls and Bears,,,
node/4191240111,50.1914146,8.6496189,affinitaet,fitness_yoga,FITSEVENELEVEN,FITSEVENELEVEN,,
node/4434021096,50.1168254,8.7259206,affinitaet,fitness_yoga,Kieser Training,Kieser Training,,
node/4458218890,50.108516,8.6605956,affinitaet,fitness_yoga,Yoga Vidya Frankfurt,,,
node/4612718503,50.1124263,8.7064542,affinitaet,fitness_yoga,Pilates Twentyfour,,,
node/4693973615,50.1154315,8.711327,affinitaet,fitness_yoga,Top Form,,,
node/5021625579,50.1158827,8.6741702,affinitaet,fitness_yoga,Fitness First,Fitness First,,
node/5283381518,50.0988491,8.6814751,affinitaet,fitness_yoga,Balance Yoga,,,
node/5354174541,50.1801989,8.740221,affinitaet,fitness_yoga,fitness4woman,,,
node/5356272555,50.0484676,8.6951011,affinitaet,fitness_yoga,Clever fit,Clever fit,,
node/5398850828,50.1123762,8.756079,affinitaet,fitness_yoga,Bodystreet,Bodystreet,,
node/5542297376,50.1126442,8.7150014,affinitaet,fitness_yoga,FITSEVENELEVEN,FITSEVENELEVEN,,
node/5562203360,50.0974672,8.6931508,affinitaet,fitness_yoga,Elements Henninger Turm,,,
node/5563812168,50.113933,8.6865842,affinitaet,fitness_yoga,Pure Training,,,
node/5592989024,50.0402562,8.5333327,affinitaet,fitness_yoga,FitPoint,,,
node/5751783549,50.1070938,8.7491662,affinitaet,fitness_yoga,Yogaladen Offenbach,,,
node/6049605305,50.1111199,8.6638764,affinitaet,fitness_yoga,FITSEVENELEVEN,FITSEVENELEVEN,,
node/6063806975,50.1132013,8.696799,affinitaet,fitness_yoga,lona Pilates club,,,
node/6142908387,50.1029221,8.6909837,affinitaet,fitness_yoga,FITSEVENELEVEN,FITSEVENELEVEN,,
node/6270161054,50.1117506,8.6593629,affinitaet,fitness_yoga,Pures Pilates,,,
node/6282261574,50.1246205,8.5842638,affinitaet,fitness_yoga,Fitpur Fitnessclub,,,
node/6284200220,50.1159707,8.6964712,affinitaet,fitness_yoga,EMS Lounge,,,
node/6331246356,50.1230794,8.6861435,affinitaet,fitness_yoga,Skypers sports,,,
node/6408736602,50.1237758,8.7028266,affinitaet,fitness_yoga,FITSEVENELEVEN,FITSEVENELEVEN,,
node/6612952013,50.0822133,8.6469078,affinitaet,fitness_yoga,Studio für Bewegung,,,
node/685325575,50.1263232,8.6283233,affinitaet,fitness_yoga,Fitness First,Fitness First,,
node/6926190285,50.1157813,8.6756987,affinitaet,fitness_yoga,cycletic,,,
node/7286237517,50.2090039,8.7467144,affinitaet,fitness_yoga,Clever fit,Clever fit,,
node/7323743421,50.1483843,8.6158638,affinitaet,fitness_yoga,Kraftwerk,,,
node/742411730,50.114888,8.6860116,affinitaet,fitness_yoga,Fitness First,Fitness First,,
node/7668161130,50.1174902,8.6662969,affinitaet,fitness_yoga,Prime Time fitness Westend,,,
node/7685017786,50.077484,8.6242775,affinitaet,fitness_yoga,FITSEVENELEVEN,FITSEVENELEVEN,,
node/7730616210,50.1362168,8.732423,affinitaet,fitness_yoga,Yoga Love Garden,,,
node/7801581445,50.1052293,8.7598889,affinitaet,fitness_yoga,FITSEVENELEVEN,FITSEVENELEVEN,,
node/7997278580,50.1140771,8.6881325,affinitaet,fitness_yoga,Xtrafit,,,
node/8249695584,50.0938376,8.4610773,affinitaet,fitness_yoga,Body-Fit-Center,,,
node/8489967180,50.1572626,8.7561218,affinitaet,fitness_yoga,CUERPO,,,
node/8514914684,50.154977,8.6398164,affinitaet,fitness_yoga,Unlimited spots center,,,
node/8746464924,50.1878071,8.7317155,affinitaet,fitness_yoga,The Loft,,,
node/8746464925,50.1883877,8.733675,affinitaet,fitness_yoga,Lifters Fitness,,,
node/8863604838,50.1311019,8.7166827,affinitaet,fitness_yoga,box5,,,
node/8866710499,50.1162971,8.684014,affinitaet,fitness_yoga,Inside Yoga Frankfurt,,,
node/903953594,50.0994762,8.5915932,affinitaet,fitness_yoga,McFit,McFit,,
node/9314751617,50.1035208,8.6897123,affinitaet,fitness_yoga,Yoga Lift,,,
node/9569155897,50.1015281,8.5485715,affinitaet,fitness_yoga,Clever fit,Clever fit,,
node/9750023746,50.1121876,8.7557675,affinitaet,fitness_yoga,EMS Lounge,,,
node/9891369932,50.1378336,8.6393989,affinitaet,fitness_yoga,Fangi Lam Personal Training,,,
node/9978574917,50.1762465,8.6307436,affinitaet,fitness_yoga,FITSEVENELEVEN,FITSEVENELEVEN,,
way/106089068,50.0962976,8.5406037,affinitaet,fitness_yoga,D815 - Site Health Center Nord,,,
way/1127205706,50.1502703,8.7028723,affinitaet,fitness_yoga,,,,
way/121996567,50.1364969,8.6344612,affinitaet,fitness_yoga,,4Fcircle,,
way/29119521,50.147004,8.6812708,affinitaet,fitness_yoga,Fitness First,Fitness First,,
way/344057116,50.1322894,8.5597372,affinitaet,fitness_yoga,Elements Eschborn,,,
way/440183555,50.0994276,8.6855402,affinitaet,fitness_yoga,Fitness First,Fitness First,,
way/580868516,50.0522581,8.5727626,affinitaet,fitness_yoga,Sheraton Fitness,,,
way/94102574,50.1906812,8.590504,affinitaet,fitness_yoga,Opti Mum Training GmbH,,,
node/10137308400,50.1131213,8.6786851,affinitaet,galerie_museum,Dialogmuseum,,,
node/10262404371,50.1019288,8.6419219,affinitaet,galerie_museum,Geschichtsort Adlerwerke,,,
node/10587495568,50.1083912,8.6594193,affinitaet,galerie_museum,Kai Middendorff Galerie,,,
node/10587495569,50.1080613,8.659603,affinitaet,galerie_museum,Bernhard Knaus Fine Art,,,
node/10702103878,50.0865275,8.6448025,affinitaet,galerie_museum,Sammlung Weinberg,,,
node/10731373018,50.1798623,8.7401594,affinitaet,galerie_museum,Artothek,,,
node/10780407274,50.0938094,8.6050777,affinitaet,galerie_museum,Das kleine Museum für Griesheimer Geschichte,,,
node/1080527318,50.0662329,8.671118,affinitaet,galerie_museum,Informationszentrum Stadtwaldhaus / Fasanerie,,,
node/1082639452,50.1552726,8.753632,affinitaet,galerie_museum,Heimatmuseum,,,
node/10971369591,50.1117715,8.6811684,affinitaet,galerie_museum,TimeRide - Frankfurt 1891 und VR-Stadtrundgänge,,,
node/10981008465,50.1217473,8.7048039,affinitaet,galerie_museum,Atelier UnikArt,,,
node/11206320821,50.11512,8.6779373,affinitaet,galerie_museum,Deutsche Börse Visitors Center,,,
node/11253661843,50.1086397,8.6528318,affinitaet,galerie_museum,Sali Musliu,,,
node/11253661876,50.1087438,8.6534594,affinitaet,galerie_museum,Art by Sonia Tizjeh,,,
node/11516654953,50.1097568,8.6826385,affinitaet,galerie_museum,Junges Museum Frankfurt,,,
node/11691988410,50.1014305,8.7503658,affinitaet,galerie_museum,sight,,,
node/12198696037,50.1243021,8.6754631,affinitaet,galerie_museum,Galerie Berghout,,,
node/12245796003,50.1090671,8.6781731,affinitaet,galerie_museum,Archäologisches Museum,,,
node/12246164526,50.1220289,8.6682378,affinitaet,galerie_museum,Hübner + Hübner,,,
node/12846818218,50.1066331,8.6940375,affinitaet,galerie_museum,Sweetpics Museum,,,
node/13236892401,50.1167848,8.6862235,affinitaet,galerie_museum,33rd Gallery,,,
node/13514391222,50.1104445,8.686763,affinitaet,galerie_museum,Schugar Rotariu,,,
node/13514728531,50.1003026,8.6825558,affinitaet,galerie_museum,Textor 74,,,
node/13516500243,50.1265489,8.6962947,affinitaet,galerie_museum,CUCUTENI - Frühgeschichtliches Figuren Museum,,,
node/13546903755,50.1231265,8.6887355,affinitaet,galerie_museum,XXXVII,,,
node/13686823901,50.0966353,8.6419567,affinitaet,galerie_museum,City of Wow,,,
node/13755801182,50.1318379,8.7106197,affinitaet,galerie_museum,ausstellungsraum Eulengasse,,,
node/13891998724,50.1211951,8.6528173,affinitaet,galerie_museum,Schirn Kunsthalle (temporärer Standort),,,
node/13901086213,50.1359885,8.6619305,affinitaet,galerie_museum,Bundesbank Geldmuseum,,,
node/14068539295,50.0490964,8.5574761,affinitaet,galerie_museum,Lufthansa Group Hangar One,,,
node/14114958591,50.1267998,8.6476229,affinitaet,galerie_museum,PanGallery,,,
node/14133327629,50.1138848,8.6866181,affinitaet,galerie_museum,Goldener Apfel,,,
node/144343388,50.1062658,8.6809469,affinitaet,galerie_museum,Museum Angewandte Kunst,,,
node/144346893,50.1032949,8.6738582,affinitaet,galerie_museum,Städel Museum,,,
node/144349808,50.1016651,8.6717478,affinitaet,galerie_museum,Liebieghaus Skulpturensammlung,,,
node/1591630307,50.1154292,8.68971,affinitaet,galerie_museum,Ehemaliges Polizeigefängnis Klapperfeld,,,
node/1605537983,50.1154243,8.647827,affinitaet,galerie_museum,ExperiMINTa,,,
node/1657454110,50.2256846,8.6826714,affinitaet,galerie_museum,Alte Schule Heimatstube,,,
node/1752719166,50.1000086,8.5655405,affinitaet,galerie_museum,Heimatmuseum Nied,,,
node/1851762708,50.1101269,8.6852614,affinitaet,galerie_museum,Caricatura,,,
node/1851804853,50.1107812,8.6829922,affinitaet,galerie_museum,Frankfurter Kunstverein,,,
node/1852967978,50.1116525,8.684916,affinitaet,galerie_museum,Japan Art,,,
node/1853549297,50.1123357,8.6885584,affinitaet,galerie_museum,Museum Judengasse,,,
node/2008703806,50.0864889,8.5815123,affinitaet,galerie_museum,Heimatmuseum Schwanheim,,,
node/2057974145,50.0996325,8.7369106,affinitaet,galerie_museum,Heimatmuseum,,,
node/2153585456,50.1112898,8.530574,affinitaet,galerie_museum,Heimatmuseum Unterliederbach,,,
node/2547104680,50.1096033,8.682443,affinitaet,galerie_museum,Historisches Museum Frankfurt,,,
node/2581124038,50.1100716,8.6872636,affinitaet,galerie_museum,Galerie Maurer,,,
node/2581124040,50.1102946,8.6871219,affinitaet,galerie_museum,1822-Forum,,,
node/2671107504,50.1053632,8.6816492,affinitaet,galerie_museum,Bibelhaus Erlebnis Museum,,,
node/268714032,50.1437188,8.5684429,affinitaet,galerie_museum,Heimatmuseum Eschborn,,,
node/2708724903,50.1911904,8.7225002,affinitaet,galerie_museum,Heimatmuseum Massenheim,,,
node/2953703710,50.1094099,8.6781545,affinitaet,galerie_museum,Institut für Stadtgeschichte,,,
node/2970680817,50.1217908,8.6701054,affinitaet,galerie_museum,Galerie Rothamel,,,
node/300928576,50.1057385,8.6793625,affinitaet,galerie_museum,Weltkulturen Museum,,,
node/3157469110,50.1103709,8.6729779,affinitaet,galerie_museum,Tower MMK,,,
node/3247187700,50.1045659,8.7696927,affinitaet,galerie_museum,Graffiti Agentur,,,
node/32548136,50.0349774,8.6144989,affinitaet,galerie_museum,Zeppelin-Museum Zeppelinheim,,,
node/3454255750,50.0492827,8.6975531,affinitaet,galerie_museum,,,,
node/3632673165,50.1049918,8.7574631,affinitaet,galerie_museum,Galerie Thomas Hühsam,,,
node/3657573756,50.1029849,8.7660952,affinitaet,galerie_museum,Artycon Galerie,,,
node/373765262,50.0965518,8.4909038,affinitaet,galerie_museum,Heimatmuseum,,,
node/385171325,50.1050639,8.6776864,affinitaet,galerie_museum,Deutsches Filminstitut Filmmuseum,,,
node/385171326,50.104975,8.6773143,affinitaet,galerie_museum,Deutsches Architekturmuseum,,,
node/3881552074,50.1083052,8.7615779,affinitaet,galerie_museum,Haus der Stadtgeschichte,,,
node/3884481957,50.1136006,8.6787474,affinitaet,galerie_museum,Museum Of Modern Electronic Music,,,
node/3891320264,50.1141417,8.68301,affinitaet,galerie_museum,Deutsches Museum für Kochkunst und Tafelkultur,,,
node/4095091189,50.0686381,8.5294311,affinitaet,galerie_museum,Stadtmuseum Kelsterbach,,,
node/4196800289,50.1296531,8.6958812,affinitaet,galerie_museum,Galerie Wolfstaedter,,,
node/4292738515,50.1043774,8.6758709,affinitaet,galerie_museum,Museum für Kommunikation,,,
node/4789030199,50.1120615,8.682643,affinitaet,galerie_museum,Slider Contempory,,,
node/4845835571,50.1109353,8.6760321,affinitaet,galerie_museum,Lumas,Lumas,,
node/4845835573,50.1107682,8.6758423,affinitaet,galerie_museum,Mensing,,,
node/513608137,50.107786,8.7611609,affinitaet,galerie_museum,Klingspor Museum,,,
node/5275837488,50.0533994,8.6945497,affinitaet,galerie_museum,Galerie Tiberius,,,
node/5275837489,50.0544775,8.6917632,affinitaet,galerie_museum,Karen’s Atelier,,,
node/5275837490,50.054932,8.6948596,affinitaet,galerie_museum,Stadtgalerie über dem Bürgeramt,,,
node/5308338523,50.1112281,8.6825488,affinitaet,galerie_museum,Fotografie Forum Frankfurt,,,
node/5352475637,50.1073661,8.6698834,affinitaet,galerie_museum,basis e.V.,,,
node/5352590793,50.1090694,8.6630213,affinitaet,galerie_museum,Galerie Rundgaenger,,,
node/5404715541,50.1036545,8.6301503,affinitaet,galerie_museum,Edelschrottmeisterei Kähler,,,
node/5420844046,50.1154613,8.7298864,affinitaet,galerie_museum,Historische Eisenbahn Frankfurt,,,
node/5432163948,50.0532659,8.6937589,affinitaet,galerie_museum,vjartwork,,,
node/5486491866,50.1449898,8.7274268,affinitaet,galerie_museum,Weltladen,,,
node/5528044750,50.0628151,8.6691651,affinitaet,galerie_museum,Forstgeräte früher und heute,,,
node/5673390196,50.0689465,8.6467482,affinitaet,galerie_museum,Eintracht Frankfurt Museum,,,
node/5966422225,50.1050665,8.7631051,affinitaet,galerie_museum,Digital Retro Park / Commons Cafe,,,
node/6113413213,50.136445,8.6687167,affinitaet,galerie_museum,Bildungsstätte Anne Frank,,,
node/6268173592,50.1107369,8.6843227,affinitaet,galerie_museum,Stoltze-Museum,,,
node/6278291631,50.1210672,8.6994044,affinitaet,galerie_museum,McKiev,,,
node/6278716829,50.120229,8.5253182,affinitaet,galerie_museum,YellowKorner,YellowKorner,,
node/6284198784,50.1192504,8.6980565,affinitaet,galerie_museum,Rahmen-Studio Kunsthandel,,,
node/6453109467,50.1161805,8.7077131,affinitaet,galerie_museum,Studio Schmidt,,,
node/6533819709,50.1475615,8.6343934,affinitaet,galerie_museum,Artistic benches,,,
node/6882184609,50.1067548,8.6880002,affinitaet,galerie_museum,Ikonen-Museum,,,
node/701378440,50.1836688,8.7445349,affinitaet,galerie_museum,Brunnen- und Bädermuseum,,,
node/715551908,50.1110046,8.6837406,affinitaet,galerie_museum,Struwwelpeter-Museum,,,
node/7166416581,50.1222103,8.6619046,affinitaet,galerie_museum,Barbrara von Stechow,,,
node/7367769766,50.1145616,8.6955204,affinitaet,galerie_museum,Hochbunker an der Friedberger Anlage,,,
node/7427950218,50.1013756,8.6702302,affinitaet,galerie_museum,Museum Giersch der Goethe-Universität,,,
node/7435791753,50.1066859,8.68972,affinitaet,galerie_museum,Hindemith Kabinett im Kuhhirtenturm,,,
node/7448608926,50.1108412,8.6850443,affinitaet,galerie_museum,Dommuseum,,,
node/8043656783,50.1125647,8.7543714,affinitaet,galerie_museum,ay ay ay,,,
node/8262397712,50.1047944,8.6871441,affinitaet,galerie_museum,Galerie Brücke54,,,
node/8267224047,50.1055525,8.6866009,affinitaet,galerie_museum,Noneon,,,
node/8380903012,50.1097425,8.7500434,affinitaet,galerie_museum,Atelier Margarete Zahn,,,
node/843464889,50.1102249,8.6595096,affinitaet,galerie_museum,"Art Foyer, DZ BANK [Kunstsammlung]",,,
node/8656273617,50.0971821,8.5425453,affinitaet,galerie_museum,,,,
node/9460102431,50.1080717,8.7479383,affinitaet,galerie_museum,Atelier Lehmann,,,
node/9501106820,50.1132396,8.7045518,affinitaet,galerie_museum,kunst von der rölle,,,
node/9775972501,50.2164047,8.6567608,affinitaet,galerie_museum,Galerie Fleck,,,
node/9861486082,50.1050241,8.759764,affinitaet,galerie_museum,Scape,,,
relation/8171080,50.1095362,8.6827661,affinitaet,galerie_museum,Historisches Museum Frankfurt,,,
way/102008879,50.1515767,8.6309751,affinitaet,galerie_museum,Ernst-May-Haus,,,
way/113018366,50.1309359,8.7109586,affinitaet,galerie_museum,Bernemer Museumslädchen,,,
way/114711252,50.1433808,8.7263239,affinitaet,galerie_museum,Heimatmuseum Seckbach,,,
way/116374273,50.1112657,8.6844104,affinitaet,galerie_museum,Zollamt MMK,,,
way/138494750,50.0566834,8.6955212,affinitaet,galerie_museum,Haus zum Löwen,,,
way/140908429,50.057383,8.6850745,affinitaet,galerie_museum,Bertha-Pappenheim-Haus,,,
way/146395623,50.1047674,8.6381915,affinitaet,galerie_museum,Technische Sammlung Hochhut,,,
way/172794275,50.1089932,8.7509213,affinitaet,galerie_museum,Talberg Museum,,,
way/174501386,50.1115066,8.6776237,affinitaet,galerie_museum,Goethe-Museum,,,
way/258215323,50.0821757,8.5822928,affinitaet,galerie_museum,Verkehrsmuseum Frankfurt am Main,,,
way/265793228,50.1072183,8.6742418,affinitaet,galerie_museum,Jüdisches Museum,,,
way/26979864,50.1780366,8.6607998,affinitaet,galerie_museum,Feuerwehrmuseum,,,
way/299458289,50.0647609,8.4918492,affinitaet,galerie_museum,Stadtmuseum Hattersheim,,,
way/30119021,50.1175423,8.6512895,affinitaet,galerie_museum,Senckenberg Naturmuseum,,,
way/312451733,50.1357753,8.66182,affinitaet,galerie_museum,Geldmuseum,,,
way/35216115,50.1119845,8.6850176,affinitaet,galerie_museum,Museum MMK,,,
way/41723485,50.1033605,8.7549456,affinitaet,galerie_museum,Deutsches Ledermuseum,,,
way/51776865,50.1319711,8.7554054,affinitaet,galerie_museum,Klassikstadt,,,
way/52502711,50.1679826,8.5713502,affinitaet,galerie_museum,Heimatmuseum,,,
way/53178879,50.1069085,8.6119406,affinitaet,galerie_museum,Feldbahnmuseum Frankfurt,,,
way/54551597,50.1070472,8.7551149,affinitaet,galerie_museum,57Nord,,,
way/55456112,50.1175193,8.6764391,affinitaet,galerie_museum,Nebbiensches Gartenhaus,,,
way/65681255,50.0882352,8.6447224,affinitaet,galerie_museum,Heimatmuseum,,,
way/689507214,50.110263,8.6838362,affinitaet,galerie_museum,Schirn Kunsthalle,,,
node/10203060830,50.1304435,8.6718615,frequenz,hochschule,House of Labour,,,
node/11577715243,50.130134,8.6719127,frequenz,hochschule,hebis Hessisches Bibliotheksinformationssystem,,,
node/13002685408,50.1114247,8.7410325,frequenz,hochschule,Hochschule des Bundes für öffentliche Verwaltung - Fachbereich Wetterdienst,,,
node/13002685409,50.1112269,8.7410305,frequenz,hochschule,Bildungszentrum des DWD,,,
node/13739799725,50.1567916,8.6346057,frequenz,hochschule,tumo,,,
node/13970087155,50.1885998,8.5885797,frequenz,hochschule,Metallfachschule Hessen GmbH,,,
node/1639294858,50.1101857,8.6986772,frequenz,hochschule,Volkshochschule Frankfurt am Main,,,
node/1812368256,50.1735161,8.634083,frequenz,hochschule,Geowissenschaften,,,
node/1812369344,50.1726334,8.6317162,frequenz,hochschule,Chemische Institute,,,
node/2075539482,50.1743057,8.632218,frequenz,hochschule,Physik,,,
node/2327025136,50.100184,8.684392,frequenz,hochschule,Internationale Hochschule,,,
node/2409312511,50.0998496,8.6847237,frequenz,hochschule,Internationale Hochschule,,,
node/2715322853,50.1716692,8.6279846,frequenz,hochschule,Didaktik der Biowissenschaften Goethe Universität Frankfurt,,,
node/2717279024,50.1724122,8.6295895,frequenz,hochschule,Institut für Molekulare Biowissenschaften,,,
node/3345796165,50.17262,8.6304925,frequenz,hochschule,HRZ Service Center Riedberg,,,
node/3345796166,50.1727533,8.6307202,frequenz,hochschule,TGM Technisches Gebäudemanagement,,,
node/3345796167,50.1728329,8.6302819,frequenz,hochschule,TGM Werkstätten,,,
node/4396207359,50.1170071,8.6502752,frequenz,hochschule,Joint Robotics Lab / Bembelbots,,,
node/445427335,50.1205309,8.6572176,frequenz,hochschule,Römisch-Germanische Kommission des DAI,,,
node/4593092490,50.1165021,8.6323679,frequenz,hochschule,FOM Hochschule für Ökonomie und Management,,,
node/4861575393,50.1741992,8.6333325,frequenz,hochschule,Werkstattzentrale,,,
node/5323384480,50.1272185,8.6685531,frequenz,hochschule,Goethe Welcome Centre,,,
node/5948092795,50.1218595,8.67595,frequenz,hochschule,MA CoDE,,,
node/5955674104,50.1167521,8.6498554,frequenz,hochschule,Prüfungsamt Informatik,,,
node/604859632,50.1051539,8.6953988,frequenz,hochschule,Fernuniversität in Hagen - Regionalzentrum Frankfurt am Main,,,
node/6200972105,50.1267579,8.6733032,frequenz,hochschule,Gleichstellungsbüro der Goethe-Universität,,,
node/715551481,50.1152862,8.6564852,frequenz,hochschule,Institut für Geschichte der Arabische-Islamischen Wissenschaften,,,
node/8446245425,50.119191,8.6605517,frequenz,hochschule,Internationalen Studienzentrum der Johann Wolfgang Goethe-Universität,,,
node/9961003223,50.0564603,8.5926111,frequenz,hochschule,HOLM House of Logistics and Mobility,,,
way/1087642390,50.1200876,8.6760295,frequenz,hochschule,Hochschule für Musik und Darstellende Kunst,,,
way/110391057,50.1928068,8.655412,frequenz,hochschule,Johanniter Ausbildungs und Trainingszentrum,Johanniter-Unfall-Hilfe,,
way/1115626548,50.1023238,8.6748635,frequenz,hochschule,Staatliche Hochschule für Bildende Künste - Städelschule Frankfurt am Main,,,
way/1249086284,50.2125688,8.6502462,frequenz,hochschule,accadis Hochschule Bad Homburg,,,
way/1285913759,50.1332136,8.6974683,frequenz,hochschule,Frankfurt University of Applied Sciences / Hungener Straße 6,,,
way/193030083,50.1696567,8.6310855,frequenz,hochschule,N 265,,,
way/195215351,50.1737553,8.6316146,frequenz,hochschule,,,,
way/203136766,50.1038791,8.5352577,frequenz,hochschule,Frankfurter Schule für Bekleidung und Mode (Außenstelle),,,
way/240191418,50.1075489,8.7647165,frequenz,hochschule,Hochschule für Gestaltung,,,
way/284788804,50.117699,8.6511512,frequenz,hochschule,Goethe Universität - Campus Bockenheim,,,
way/294673347,50.130941,8.6693528,frequenz,hochschule,Seminarpavillon,,,
way/370617727,50.132898,8.6802157,frequenz,hochschule,Frankfurt School of Finance & Management,,,
way/4794787,50.1272476,8.6672794,frequenz,hochschule,Johann-Wolfgang-Goethe-Universität Campus Westend,,,
way/4824694,50.1305883,8.692494,frequenz,hochschule,Frankfurt University of Applied Sciences,,,
way/4839763,50.1724282,8.6307659,frequenz,hochschule,Johann-Wolfgang-Goethe Universität - Campus Riedberg,,,
way/54199970,50.1065213,8.7631765,frequenz,hochschule,VHS,,,
way/55159801,50.0977317,8.712327,frequenz,hochschule,Philosophisch-Theologische Hochschule St. Georgen,,,
way/56145661,50.1017873,8.7537798,frequenz,hochschule,hfg - Standort Geleitsstraße,,,
way/687042985,50.1288363,8.6915987,frequenz,hochschule,BCN,,,
way/773858779,50.1575168,8.6348216,frequenz,hochschule,Volkshochschule,,,
node/10155205292,50.1132931,8.6860114,affinitaet,interior,Taisan Tableware,,,
node/10157666605,50.111982,8.6813289,affinitaet,interior,Zwilling,Zwilling,,
node/10564057311,50.111567,8.6800413,affinitaet,interior,Decor Walther,,,
node/10677274823,50.1181485,8.5275788,affinitaet,interior,Søstrene Grene,,,
node/10712064368,50.1027441,8.7596394,affinitaet,interior,Home Store,,,
node/10726852335,50.1823949,8.7433855,affinitaet,interior,Windhäuser,,,
node/10761494169,50.1264953,8.7050866,affinitaet,interior,My! Sweet Home,,,
node/11151309844,50.1129443,8.6772828,affinitaet,interior,cri-cri interieur,,,
node/11181187720,50.1135544,8.6777733,affinitaet,interior,Robbe & Berking,,,
node/11253661848,50.1089769,8.6522591,affinitaet,interior,flying tiger copenhagen,,,
node/11253661870,50.1088642,8.6533937,affinitaet,interior,Inspiration Concept,,,
node/1130959240,50.1260589,8.7082871,affinitaet,interior,Home by Asa Store,,,
node/11420377681,50.156789,8.6337033,affinitaet,interior,karaca,,,
node/11443514100,50.1225954,8.6672723,affinitaet,interior,Coonico Interior for kids,,,
node/12546589286,50.1072837,8.6475461,affinitaet,interior,Inhouse Interiors,,,
node/12800624506,50.1009676,8.6911836,affinitaet,interior,Esba Living,,,
node/12999451245,50.122197,8.6469847,affinitaet,interior,Yoyoso,,,
node/13076250115,50.108886,8.748335,affinitaet,interior,Decor Walther Outlet,,,
node/13100090446,50.1262484,8.6860775,affinitaet,interior,Die Genuss Factory,,,
node/13115254677,50.1197386,8.6481145,affinitaet,interior,Hintz-Bürsten,,,
node/13246590623,50.1142681,8.6776543,affinitaet,interior,Søstrene Grene,Søstrene Grene,,
node/13514290802,50.1153722,8.6698462,affinitaet,interior,Purpura Interior Concepts,,,
node/13516509615,50.126428,8.692806,affinitaet,interior,Sorfon,,,
node/13672786901,50.1627687,8.6876774,affinitaet,interior,Kühn Büroeinrichtungen GmbH,,,
node/13676521390,50.112149,8.6831273,affinitaet,interior,P22 Interieur Design GmbH,,,
node/13920702124,50.1027456,8.7651171,affinitaet,interior,Respro,,,
node/14051495760,50.1122206,8.6812103,affinitaet,interior,Fissler,Fissler,,
node/14072786969,50.1063819,8.6866022,affinitaet,interior,Duschenmarkt GmbH,,,
node/1940716894,50.1807694,8.7410383,affinitaet,interior,Wohnkonzept Mayer,,,
node/1985040975,50.1827837,8.7435922,affinitaet,interior,Mohr Interiors,,,
node/2273579703,50.1246801,8.7046923,affinitaet,interior,Jakobi,,,
node/2274928061,50.1257594,8.7069383,affinitaet,interior,Butlers,Butlers,,
node/2829277104,50.1257998,8.7074767,affinitaet,interior,Meder,,,
node/3041162382,50.1132053,8.680985,affinitaet,interior,Butlers,Butlers,,
node/3125442330,50.1072658,8.7305186,affinitaet,interior,tedox Teppich Domäne,,,
node/3181429956,50.1045504,8.7577291,affinitaet,interior,Dekowelt,,,
node/3233410503,50.1068429,8.7549853,affinitaet,interior,Etagerie,,,
node/3233410506,50.1027327,8.7665135,affinitaet,interior,4 Zimmer & Garten,,,
node/3321108524,50.0484965,8.5739166,affinitaet,interior,Tripidi,,,
node/3680004711,50.0543007,8.6953969,affinitaet,interior,Staub Raumausstattung,,,
node/3948542049,50.1251638,8.693314,affinitaet,interior,2ndHome Concept Store,,,
node/4233639284,50.1153015,8.6810231,affinitaet,interior,Lorey,,,
node/4438824480,50.0611468,8.5309103,affinitaet,interior,Raumausstattung Thomas Schmuck,,,
node/4902686463,50.114233,8.678589,affinitaet,interior,WMF,WMF,,
node/5303362362,50.0500189,8.6951147,affinitaet,interior,PreeLand Haushaltswaren & Geschenkartikel,,,
node/5554738816,50.1056147,8.5532078,affinitaet,interior,Raumausstattung Henrici,,,
node/6278716828,50.1203365,8.5251774,affinitaet,interior,Nanu-Nana,,,
node/6284200187,50.1189972,8.6978325,affinitaet,interior,Schnörrs,,,
node/6348295488,50.1223103,8.6914003,affinitaet,interior,Hahn Raum & Parkett,,,
node/6448191764,50.1202965,8.6452877,affinitaet,interior,Raum+Textil Showroom,,,
node/6517744069,50.1221439,8.6801876,affinitaet,interior,Liebesdienste,,,
node/6782205146,50.1215465,8.6476567,affinitaet,interior,Butlers,Butlers,,
node/7471565114,50.1831383,8.661215,affinitaet,interior,Raumstudio Breitling,,,
node/7817558512,50.1000845,8.7250851,affinitaet,interior,Daum Raumausstattung,,,
node/7817558537,50.1003911,8.721039,affinitaet,interior,Ramm Raumgestaltung,,,
node/8361384041,50.095055,8.7621589,affinitaet,interior,Conceptstore Tafelgold,,,
node/8504824343,50.1226818,8.7102583,affinitaet,interior,SinnGut Concept Store,,,
node/8549911840,50.0997131,8.6826932,affinitaet,interior,Elke Winter Interior Design,,,
node/8638556507,50.1578468,8.6342808,affinitaet,interior,Action,,,
node/8947289489,50.1132983,8.6825853,affinitaet,interior,itaba,,,
node/8947289492,50.1131763,8.68294,affinitaet,interior,Bürstenhaus,,,
node/9291372653,50.1307489,8.7558526,affinitaet,interior,Hacke Peter,,,
node/983370819,50.099972,8.5450641,affinitaet,interior,ABC-Jalousien Frankfurt a.M.,,,
node/9880951062,50.1237765,8.6423378,affinitaet,interior,Raum + Textil,,,
node/1038226535,50.1154438,8.6914933,affinitaet,kultur,Tigerpalast,,,
node/10584621183,50.1147361,8.6817929,affinitaet,kultur,Astor Film Lounge,,,
node/10656249240,50.0996748,8.7262902,affinitaet,kultur,Megalomania Theatergruppe Frankfurt,,,
node/10707545132,50.0981748,8.6465537,affinitaet,kultur,Milchsackfabrik,,,
node/10815846605,50.1159831,8.6824422,affinitaet,kultur,Township,,,
node/10827713472,50.1103071,8.6662447,affinitaet,kultur,Black Rabbit Theatre,,,
node/11227341440,50.1132493,8.7197493,affinitaet,kultur,ATELIERFRANKFURT e.V.,,,
node/11579877499,50.1159139,8.6996752,affinitaet,kultur,Junge Theaterwerkstatt am Zoo,,,
node/12050809518,50.0832617,8.7432498,affinitaet,kultur,Kommune2010,,,
node/12482354501,50.1185193,8.6509127,affinitaet,kultur,Pupille,,,
node/13051825515,50.1246849,8.6753464,affinitaet,kultur,Frankfurter Malschule,,,
node/13074160977,50.1161435,8.6449034,affinitaet,kultur,Galli Theater,,,
node/13516493619,50.1264078,8.6925965,affinitaet,kultur,figurentheater eigentlich,,,
node/13606128974,50.1098119,8.6768828,affinitaet,kultur,Frankfurt Comedy Club,,,
node/136959344,50.1109903,8.6770577,affinitaet,kultur,Fliegende Volksbühne Cantate Saal,,,
node/1659162070,50.129819,8.711451,affinitaet,kultur,Interkulturelle Bühne,,,
node/1685691369,50.1083289,8.6736935,affinitaet,kultur,Oper Frankfurt,,,
node/1686063123,50.1120666,8.7408332,affinitaet,kultur,Hafen 2,,,
node/1745261273,50.105123,8.6777072,affinitaet,kultur,Kino des DFF,,,
node/1897359707,50.0567182,8.6953483,affinitaet,kultur,Löwenkeller,,,
node/2076962541,50.1846475,8.7463536,affinitaet,kultur,Alte Mühle,,,
node/2466528923,50.1717019,8.6969031,affinitaet,kultur,Theater Lempenfieber,,,
node/2565662058,50.1057047,8.7731087,affinitaet,kultur,Kultur im Ostpol,,,
node/264151436,50.1169637,8.6853038,affinitaet,kultur,Eldorado,,,
node/2714152934,50.1081099,8.6749936,affinitaet,kultur,Kammerspiel,,,
node/2862298916,50.1126456,8.7406947,affinitaet,kultur,Open Air Bühne,,,
node/292417543,50.1034973,8.690886,affinitaet,kultur,Harmonie,,,
node/2948748794,50.1095054,8.6712214,affinitaet,kultur,English Theatre Frankfurt,,,
node/296584990,50.1002436,8.5451258,affinitaet,kultur,Filmforum Höchst,,,
node/302803336,50.1265998,8.6837215,affinitaet,kultur,Stalburg Theater,,,
node/3223197757,50.0518435,8.689864,affinitaet,kultur,Cineplace,,,
node/3267313494,50.1039977,8.7545015,affinitaet,kultur,Zollamt Studios,,,
node/335954073,50.1093518,8.7563279,affinitaet,kultur,Capitol,,,
node/3481216519,50.1126386,8.6784894,affinitaet,kultur,CINÉMA Kino,,,
node/3556668243,50.1083027,8.7100526,affinitaet,kultur,Kunstverein Familie Montez,,,
node/4073307805,50.1422743,8.5679926,affinitaet,kultur,Eschborn K - Kino & Kleinkunst,,,
node/416827888,50.1194475,8.7000187,affinitaet,kultur,Die KäS,,,
node/4353190590,50.1192384,8.7009887,affinitaet,kultur,studioNAXOS,,,
node/4446474871,50.1128663,8.7485319,affinitaet,kultur,Kressman-Halle,,,
node/4730094869,50.1096238,8.6894932,affinitaet,kultur,Kellertheater Frankfurt,,,
node/484793424,50.1192145,8.6988353,affinitaet,kultur,Mousonturm,,,
node/48681884,50.1208723,8.5240393,affinitaet,kultur,Kinopolis,,,
node/5275837487,50.0530053,8.6909372,affinitaet,kultur,Kunstbühne Neu-Isenburg,,,
node/534311521,50.1314436,8.6261887,affinitaet,kultur,Kulturprojekt 21 e.V.,,,
node/5605256109,50.1017703,8.642339,affinitaet,kultur,Gallus Theater,,,
node/56419112,50.1183153,8.6792933,affinitaet,kultur,Cinestar Metropolis,CineStar,,
node/5755983812,50.1003088,8.5476511,affinitaet,kultur,Alte Schlosserei Höchst,,,
node/582860943,50.109177,8.677385,affinitaet,kultur,Die Schmiere,,,
node/588206943,50.1234891,8.6413833,affinitaet,kultur,Dramatische Bühne,,,
node/60268840,50.1058313,8.7520398,affinitaet,kultur,CinemaxX,Cinemaxx,,
node/6470161057,50.0993171,8.6288944,affinitaet,kultur,Güneş Theater,,,
node/6892872187,50.1136906,8.6957813,affinitaet,kultur,Internationales Theater Frankfurt,,,
node/6943534885,50.1106413,8.6920467,affinitaet,kultur,Theaterhaus,,,
node/7444801606,50.0979864,8.5471506,affinitaet,kultur,Schlosskeller Höchst,,,
node/8122112743,50.0966443,8.7539233,affinitaet,kultur,filmklubb,,,
node/8122166344,50.1057903,8.7772956,affinitaet,kultur,Parkside Studios,,,
node/8262355913,50.1047082,8.6878914,affinitaet,kultur,Theater Alte Brücke,,,
node/852934895,50.1028268,8.7640641,affinitaet,kultur,Theateratelier 14H,,,
node/853138113,50.1080097,8.765882,affinitaet,kultur,Waggon am Kulturgleis,,,
node/870551329,50.1019391,8.7673686,affinitaet,kultur,Theater t-raum,,,
node/871829666,50.1109886,8.747741,affinitaet,kultur,thema-studio,,,
node/886032168,50.1132555,8.7203164,affinitaet,kultur,Ensemble Modern,,,
node/928995105,50.1087858,8.6751931,affinitaet,kultur,Die Komödie,,,
node/9340874741,50.1085615,8.6744778,affinitaet,kultur,Schauspiel Frankfurt,,,
node/9574989892,50.0984151,8.5456876,affinitaet,kultur,Kulturkeller Höchst,,,
node/9823640152,50.1146133,8.7230588,affinitaet,kultur,Romanfabrik,,,
node/9864764990,50.1850096,8.7447621,affinitaet,kultur,Burgfestspiele,,,
node/9949542374,50.10898,8.6581501,affinitaet,kultur,Freiluftkino Frankfurt,,,
relation/1129917,50.1083194,8.674204,affinitaet,kultur,Städtische Bühnen Frankfurt,,,
way/101163499,50.121451,8.6550113,affinitaet,kultur,Papageno-Theater,,,
way/101928686,50.1216695,8.599499,affinitaet,kultur,DIE AU - autonomes Wohn- und Kulturzentrum,,,
way/10870297,50.0994964,8.5189652,affinitaet,kultur,Jahrhunderthalle,,,
way/119501689,50.098089,8.708983,affinitaet,kultur,Stiftungs.werk Alte Seilerei / Kulturbühne 2,,,
way/135306720,50.1229169,8.6991538,affinitaet,kultur,Jugendhaus Heideplatz,,,
way/13984368,50.1207891,8.6518603,affinitaet,kultur,Bockenheimer Depot,,,
way/1409305275,50.1034354,8.6190561,affinitaet,kultur,Kommunikationsfabrik,,,
way/147949892,50.1156295,8.6959647,affinitaet,kultur,Kulturhaus Frankfurt die katakombe,,,
way/286302963,50.0975295,8.7085705,affinitaet,kultur,stiftungs.werk alte seilerei - Ateliers,,,
way/286302968,50.0978702,8.709026,affinitaet,kultur,Kollektive Werkstätten,,,
way/286302975,50.097646,8.7090124,affinitaet,kultur,"Stiftungs.werk Alte Seilerei - Große Bühne, Alelier",,,
way/29590890,50.1251901,8.6423007,affinitaet,kultur,Titania,,,
way/30406345,50.1210096,8.6578826,affinitaet,kultur,Konzertmuschel,,,
way/33637709,50.1387618,8.6789418,affinitaet,kultur,Haus der Chöre,,,
way/377858845,50.0969612,8.6854802,affinitaet,kultur,Die Fabrik,,,
way/384153099,50.1160331,8.6719882,affinitaet,kultur,Alte Oper,,,
way/39383376,50.1080151,8.6873148,affinitaet,kultur,Portikus,,,
way/53183193,50.1273941,8.7457953,affinitaet,kultur,Antagon,,,
way/53219927,50.1323384,8.7457494,affinitaet,kultur,Kunstwerk Ost,,,
way/759406434,50.1240346,8.6856515,affinitaet,kultur,Mal Seh'n,,,
node/10032966273,50.0949502,8.6823213,wettbewerb_direkt,markthalle,Bauernmarkt,,,
node/11330761903,50.1766914,8.629191,wettbewerb_direkt,markthalle,Wochenmarkt Riedberg,,,
node/11900653830,50.1018484,8.6705594,wettbewerb_direkt,markthalle,Frankfurter Flohmarkt Schaumainkai,,,
node/11900653831,50.1111409,8.7144352,wettbewerb_direkt,markthalle,Frankfurter Flohmarkt Lindleystraße,,,
node/12309202470,50.1152663,8.6773068,wettbewerb_direkt,markthalle,Frankfurter Wertpapierbörse,,,
node/12406519513,50.1840427,8.6657456,wettbewerb_direkt,markthalle,Wochenmarkt Bonames,,,
node/12406522576,50.189588,8.6641496,wettbewerb_direkt,markthalle,Wochenmarkt Nieder-Eschbach,,,
node/12406555698,50.196732,8.6457602,wettbewerb_direkt,markthalle,Frischezentrum Frankfurt am Main - Großmarkt GmbH,,,
node/12406575366,50.1582013,8.6327891,wettbewerb_direkt,markthalle,Markt im Nordwestzentrum,,,
node/12406577720,50.1241961,8.6067529,wettbewerb_direkt,markthalle,Wochenmarkt Rödelheim,,,
node/12406615857,50.1147972,8.6784802,wettbewerb_direkt,markthalle,Wochenmarkt Schillermarkt,,,
node/1326788898,50.0997984,8.5459715,wettbewerb_direkt,markthalle,Höchster Marktplatz,,,
node/13401205521,50.1518131,8.8051381,wettbewerb_direkt,markthalle,Wochenmarkt Bischofsheim,,,
node/14041310724,50.1827433,8.5967004,wettbewerb_direkt,markthalle,,,,
node/1760419574,50.1234248,8.6925596,wettbewerb_direkt,markthalle,Friedberger Platz,,,
node/2402271906,50.1805898,8.7401928,wettbewerb_direkt,markthalle,Niddaplatz,,,
node/3584250191,50.0531933,8.6943143,wettbewerb_direkt,markthalle,Wochenmarkt,,,
node/5359111503,50.1081302,8.6674465,wettbewerb_direkt,markthalle,Kaisermarkt,,,
node/5526447301,50.1000342,8.6856125,wettbewerb_direkt,markthalle,Wochenmarkt Sachsenhausen,,,
node/5875287350,50.1072467,8.7513381,wettbewerb_direkt,markthalle,Das Märktchen,,,yes
node/635020668,50.1197976,8.6522285,wettbewerb_direkt,markthalle,Bücher-Flohmarkt,,,
node/6720407450,50.0059583,8.5775838,wettbewerb_direkt,markthalle,Wochenmarkt Walldorf,,,
node/7211180986,50.0865879,8.644544,wettbewerb_direkt,markthalle,Wochenmarkt Niederrad,,,
node/7216454901,50.1199723,8.6509021,wettbewerb_direkt,markthalle,Wochenmarkt Bockenheim,,,
node/7269688468,50.097056,8.498079,wettbewerb_direkt,markthalle,Jacob,,,
node/7720766101,50.1603186,8.6456415,wettbewerb_direkt,markthalle,Wochenmarkt Heddernheim,,,
node/8911148648,50.0607423,8.5322648,wettbewerb_direkt,markthalle,Wochenmarkt Kelsterbach,,,
way/174153208,50.0991806,8.5454812,wettbewerb_direkt,markthalle,Markthalle Höchst,,,
way/175749016,50.103614,8.7665019,wettbewerb_direkt,markthalle,Offenbacher Wochenmarkt,,,
way/250305231,50.155607,8.6983534,wettbewerb_direkt,markthalle,Bogen-Markt (Wochenmarkt),,,
way/391367266,50.1144927,8.6868373,wettbewerb_direkt,markthalle,Erzeugermarkt Konstablerwache,,,
way/449377753,50.1127381,8.6830867,wettbewerb_direkt,markthalle,Kleinmarkthalle,,,
way/4850350,50.1258439,8.7072496,wettbewerb_direkt,markthalle,Wochenmarkt Bornheim,,,
way/792042714,50.1154653,8.6782899,wettbewerb_direkt,markthalle,Schillermarkt,,,
way/817464938,50.1040237,8.6344394,wettbewerb_direkt,markthalle,Gallus Markt,,,
node/10226653171,50.1101374,8.6659338,wettbewerb_breit,metzger,Metzgerei Stürmer,,,
node/10731373115,50.1835643,8.7440902,wettbewerb_breit,metzger,Lukarsch,,,
node/10790810294,50.0852347,8.5831552,wettbewerb_breit,metzger,Fleischerei Wieseke,,,
node/11088916365,50.1106623,8.6839291,wettbewerb_breit,metzger,Dey Altstadtmetzgerei,,,
node/1119382808,50.1263654,8.6099643,wettbewerb_breit,metzger,Metzgerei Kerber,,,
node/11215714458,50.1740649,8.7334025,wettbewerb_breit,metzger,Dürr,,,
node/11435312078,50.1579832,8.6338804,wettbewerb_breit,metzger,Metzgerei Medina,,,
node/1237011650,50.168594,8.5743641,wettbewerb_breit,metzger,Metzgerei Birkert,,,
node/12521774022,50.1934124,8.7811331,wettbewerb_breit,metzger,Metzgerei Wenzel,,,
node/13010655612,50.0971076,8.5428497,wettbewerb_breit,metzger,Haxen-Reichert,,,
node/13078267461,50.1127526,8.6836661,wettbewerb_breit,metzger,,,,
node/1455056258,50.1888159,8.6365015,wettbewerb_breit,metzger,Feinkost Metzgerei Kaiser,,,
node/1619915533,50.1206129,8.6967169,wettbewerb_breit,metzger,Hoos,,,
node/1645446827,50.1046993,8.7639129,wettbewerb_breit,metzger,Robert Müller,,,
node/1704136977,50.0850161,8.4713961,wettbewerb_breit,metzger,Metzgerei Wüst,,,
node/1726324121,50.1019363,8.6871188,wettbewerb_breit,metzger,Metzgerei Thoma,,,
node/2077698352,50.0620245,8.5312599,wettbewerb_breit,metzger,Metzgerei Doğru,,,
node/2198071434,50.0856583,8.6472662,wettbewerb_breit,metzger,Ciao Mia Metzgerei,,,
node/2289202582,50.1267264,8.7087246,wettbewerb_breit,metzger,Josef's Bio,,,
node/2328161711,50.1023462,8.5907144,wettbewerb_breit,metzger,Benzkirch,,,
node/2464270410,50.1087768,8.5325571,wettbewerb_breit,metzger,Metzgerei Elzenheimer,,,
node/2647428556,50.102766,8.679745,wettbewerb_breit,metzger,Meyer,,,
node/2647428695,50.101872,8.6800208,wettbewerb_breit,metzger,Frischgeflügel am Schweizer Platz,,,
node/2676916915,50.1051367,8.687207,wettbewerb_breit,metzger,Metzgerei Tombers,,,
node/270463547,50.1212693,8.6805146,wettbewerb_breit,metzger,Feinkost Catering Herkert,,,
node/280226924,50.1503594,8.6915301,wettbewerb_breit,metzger,Metzgerei Martus,,,
node/292048762,50.1113758,8.7123947,wettbewerb_breit,metzger,Gref Völsing,,german,
node/2960963119,50.1109348,8.6825416,wettbewerb_breit,metzger,Main Würschtl,,regional,
node/338908953,50.1269511,8.6838676,wettbewerb_breit,metzger,Feinkost Herkert,,,
node/343086388,50.1378316,8.6709565,wettbewerb_breit,metzger,Metzgerei Gallo,,,
node/3658364026,50.1026587,8.7658709,wettbewerb_breit,metzger,Ikbal Kasap,,,
node/3822849930,50.1070443,8.667713,wettbewerb_breit,metzger,Fleischerei Göbel,,,
node/3845325180,50.1319514,8.7497738,wettbewerb_breit,metzger,Robert Müller,,,
node/4037207288,50.054623,8.6933372,wettbewerb_breit,metzger,Nolle Feinkost & Metzgerei,,,
node/4544606564,50.157816,8.6336101,wettbewerb_breit,metzger,Stadtmetzgerei Zeiss,,,
node/4881382408,50.0828133,8.4678119,wettbewerb_breit,metzger,Fleischerei Wolff,,,
node/494944243,50.1065466,8.6641225,wettbewerb_breit,metzger,Erich Zeiss,,,
node/5201601987,50.0701494,8.4902758,wettbewerb_breit,metzger,Metzgerei,,,
node/5587912176,50.127292,8.6126697,wettbewerb_breit,metzger,Metzgerei Heinrich,,,
node/5621187750,50.1837995,8.6915843,wettbewerb_breit,metzger,Alfred Quirin,,,
node/588365142,50.0866064,8.645765,wettbewerb_breit,metzger,Nolle,,,
node/6268120102,50.1126172,8.6830231,wettbewerb_breit,metzger,Biometzgerei Schick,,,
node/631005640,50.1209853,8.6486819,wettbewerb_breit,metzger,Metzgerei Waibel,,,
node/7139738247,50.1457184,8.7282809,wettbewerb_breit,metzger,Metzgerei Völp,,,
node/7140589554,50.1343771,8.5724062,wettbewerb_breit,metzger,Metzgerei Robert Müller,,,
node/768540804,50.1813674,8.6610627,wettbewerb_breit,metzger,Haase,,,
node/8617373318,50.1244961,8.768091,wettbewerb_breit,metzger,Anatolia Metzgerei,,,
node/9241010777,50.1080101,8.5412881,wettbewerb_breit,metzger,BALKAN suho meso,,,
node/9716343917,50.1215554,8.6701065,wettbewerb_breit,metzger,Metzgerei Illing,,,
way/1519671060,50.1125078,8.6811314,wettbewerb_breit,metzger,Heininger,,,
way/397916191,50.1147483,8.6879579,wettbewerb_breit,metzger,Metzgerei Robert Müller,,,
way/53059496,50.1626397,8.5701896,wettbewerb_breit,metzger,Marktmetzgerei Grabiger,,,
node/11262517729,50.1145847,8.6738696,wettbewerb_breit,obst_gemuese,Alexandros,,,
node/1581300017,50.1229841,8.6876687,wettbewerb_breit,obst_gemuese,Bettina's Obst und Gemüse,,,
node/1684467904,50.1248143,8.6077903,wettbewerb_breit,obst_gemuese,Früchte Haus,,,
node/1784401105,50.1073277,8.6690714,wettbewerb_breit,obst_gemuese,Zerouali GbR,,,
node/1809166256,50.0839318,8.4692645,wettbewerb_breit,obst_gemuese,,,,
node/2626046225,50.089325,8.6712451,wettbewerb_breit,obst_gemuese,Obstparadies,,,no
node/3256558048,50.0548799,8.6936724,wettbewerb_breit,obst_gemuese,Gemüsebau Krämer,,,
node/4120919135,50.1185083,8.7849712,wettbewerb_breit,obst_gemuese,Kraut & Rüben,,,
node/4217401436,50.1226583,8.6459921,wettbewerb_breit,obst_gemuese,Bauernladen,,,
node/4544606542,50.1578492,8.6330944,wettbewerb_breit,obst_gemuese,Paradiso della Frutta,,,
node/4694314832,50.0488512,8.6956231,wettbewerb_breit,obst_gemuese,Adem’s Früchte-Bazar,,,
node/5385264765,50.1260129,8.7074249,wettbewerb_breit,obst_gemuese,Obst und Gemüse,,,
node/6277223112,50.1190036,8.5267518,wettbewerb_breit,obst_gemuese,FrüchteParadies,,,
node/6402537226,50.0545323,8.6976423,wettbewerb_breit,obst_gemuese,Frey Gemüse,,,
node/6629021585,50.1228063,8.6455873,wettbewerb_breit,obst_gemuese,Bockenheimer Früchtekorb,,,
node/6799338480,50.094322,8.7009468,wettbewerb_breit,obst_gemuese,Gärtnerei Rappelt,,,
node/6850829454,50.0932992,8.7184844,wettbewerb_breit,obst_gemuese,Horst Krämer Hofladen,,,
node/7177459828,50.1026054,8.7627711,wettbewerb_breit,obst_gemuese,Oktay,,,
node/7342610484,50.1015401,8.5416691,wettbewerb_breit,obst_gemuese,Zariouhi,,,
node/8646638397,50.0937904,8.4740951,wettbewerb_breit,obst_gemuese,Straßenverkauf,,,
node/8646638398,50.0939982,8.4747719,wettbewerb_breit,obst_gemuese,Straßenverkauf,,,
node/8646638400,50.0934104,8.4731446,wettbewerb_breit,obst_gemuese,Straßenverkauf,,,
node/8847801283,50.1018932,8.5433914,wettbewerb_breit,obst_gemuese,Obst Karroum,,,
node/9880763545,50.1209131,8.6487986,wettbewerb_breit,obst_gemuese,Sultan‘s Garten,,,
way/173780723,50.1873707,8.6350189,wettbewerb_breit,obst_gemuese,Gärtnerei Betz,,,
way/38777581,50.2097043,8.6450717,wettbewerb_breit,obst_gemuese,Erdbeerhaus,,,
way/417157513,50.1018384,8.6801594,wettbewerb_breit,obst_gemuese,Isfahani,,,
way/441414724,50.1136599,8.6793002,wettbewerb_breit,obst_gemuese,Vitamin Insel,,,
node/10169921094,50.104001,8.6641292,milieu,pfandleiher,Pfandhaus Weber,,,
node/4603894346,50.1196623,8.6939478,milieu,pfandleiher,Goldankauf,,,
node/3176598263,50.104659,8.7571262,wettbewerb_direkt,reformhaus,Livell Reformhaus Herrmann,,,
node/6278507830,50.1189135,8.5258832,wettbewerb_direkt,reformhaus,Reformhaus Herrmann,,,
node/6320685998,50.140581,8.752038,wettbewerb_direkt,reformhaus,Herrmann / Liwell,,,
node/10026122274,50.1046329,8.6667585,affinitaet,restaurant,Burbank,,,
node/10029317308,50.0849309,8.7463133,affinitaet,restaurant,Balkanika,,,
node/10032444190,50.1165534,8.6516588,affinitaet,restaurant,Leib & Seele,,,
node/10045711891,50.1889575,8.6365516,affinitaet,restaurant,Papa's Tapas,,,
node/10057165706,50.1145589,8.6783389,affinitaet,restaurant,Dicke Butz,,american;burger,
node/10090133862,50.0777548,8.6285251,affinitaet,restaurant,Himmel Und Erde,,asian;chinese,
node/10090133863,50.0777433,8.6277447,affinitaet,restaurant,Imbisstro & more,,german;pizza;burger,
node/10090133864,50.0777397,8.6274187,affinitaet,restaurant,Asia Restaurant Hahaa,,asian,
node/10092562236,50.1084275,8.7314288,affinitaet,restaurant,Eastside,,,
node/10103111415,50.1190563,8.6406433,affinitaet,restaurant,Jemenitisches Restaurant Frankfurt,,,
node/10106883705,50.1135472,8.6889491,affinitaet,restaurant,Arepazón,,venezuelan,
node/10118582686,50.1299379,8.6682579,affinitaet,restaurant,Hoagascht,,,
node/10127743202,50.0042497,8.5663795,affinitaet,restaurant,Gasthaus Rot-Weiss XXL,,german,
node/1014383748,50.1208461,8.6995783,affinitaet,restaurant,Maruyasu,,japanese,
node/10155720602,50.103761,8.5269126,affinitaet,restaurant,Chicking,,,
node/10166918597,50.1098361,8.6905637,affinitaet,restaurant,Pizzeria O Marino,,pizza,
node/10170106592,50.105311,8.6635774,affinitaet,restaurant,Indian Curry,,,
node/10197797171,50.1367338,8.6716679,affinitaet,restaurant,Cosi Cosi,,,
node/10200141162,50.1083765,8.6641587,affinitaet,restaurant,Liu's Chong Qing Hot Pot,,chinese,
node/10200348977,50.106744,8.6666767,affinitaet,restaurant,Baba Darbari,,,
node/10211817500,50.0987583,8.4923189,affinitaet,restaurant,Coolibri,,,
node/10220002740,50.203647,8.7088175,affinitaet,restaurant,Alte Scheune,,regional,
node/10220887024,50.1124601,8.672261,affinitaet,restaurant,Main Tower Restaurant & Lounge,,,
node/1022242459,50.1819355,8.6259232,affinitaet,restaurant,Isolabella,,italian,
node/10222921155,50.1017676,8.5461042,affinitaet,restaurant,Damasquino,,syrisch,
node/10222937348,50.1011557,8.5493301,affinitaet,restaurant,Etihad,,afghan,
node/10235910436,50.1207106,8.7049006,affinitaet,restaurant,Pizzeria Mia,,pizza,
node/10274033512,50.1136175,8.6815179,affinitaet,restaurant,An Frankfurt - Authentic Vietnamese Cuisine,,vietnamese,
node/1029599725,50.1178865,8.6963986,affinitaet,restaurant,Mosebach,,regional,
node/1033446471,50.1143969,8.669329,affinitaet,restaurant,The Ivory Club,,indian,
node/1033446750,50.1131206,8.6655958,affinitaet,restaurant,Alte Kanzlei,,italian,
node/1033446975,50.1148731,8.6625249,affinitaet,restaurant,M-Steakhouse,,american,
node/1033448148,50.1155285,8.6627058,affinitaet,restaurant,La Scuderia,,italian,
node/1038790932,50.0626087,8.5293973,affinitaet,restaurant,Olivia Gastro Theory,,,
node/1046441975,50.1018051,8.686763,affinitaet,restaurant,Hummus Küch',,israeli,
node/1051808546,50.0636529,8.5295669,affinitaet,restaurant,Pizzeria Amalfi,,italian,
node/10537646061,50.1253192,8.7071631,affinitaet,restaurant,Giazzo,,pizza,
node/10539242146,50.1185754,8.6437243,affinitaet,restaurant,Con Cimino,,pizza,
node/10539242148,50.1180723,8.6431141,affinitaet,restaurant,Black Lion,,ethiopian,
node/10554090609,50.1330795,8.5683203,affinitaet,restaurant,Trinacria,,,
node/10574642941,50.1163847,8.6804566,affinitaet,restaurant,"TAQUERÍA - ""La original""",,mexican,
node/10576979878,50.1150469,8.6594194,affinitaet,restaurant,Restaurant Peysk,,fish,
node/10584621181,50.1144506,8.6813176,affinitaet,restaurant,BigChefs,BigChefs,,
node/10584621191,50.1148571,8.6818205,affinitaet,restaurant,Izu,,asian,
node/10584621192,50.1145822,8.681848,affinitaet,restaurant,ALEX,ALEX,steak_house,
node/10596204405,50.1157281,8.6774908,affinitaet,restaurant,Mutter Ernst,,german,
node/10601712914,50.1312642,8.5288839,affinitaet,restaurant,Taverna bei Dimi,,greek,
node/10602142105,50.2170853,8.6559016,affinitaet,restaurant,TV Ober-Eschbach,,,
node/10604256405,50.1136346,8.6725859,affinitaet,restaurant,Elaine's Greenhouse,,,
node/10606611633,50.1450899,8.7549694,affinitaet,restaurant,Restaurant Frankfurter Hof,,german,
node/10608573594,50.1269432,8.6944047,affinitaet,restaurant,"Blumen, nebenan",,,
node/10620163500,50.1138614,8.6866511,affinitaet,restaurant,IIMORI ICHIBA,,japanese,
node/1069307499,50.0630345,8.5294958,affinitaet,restaurant,Feuerreiterschänke,,,
node/10699361005,50.1052727,8.6879509,affinitaet,restaurant,CAGLA japanese cuisine,,japanese;sushi,
node/10719039368,50.0879088,8.6369231,affinitaet,restaurant,Jinda a la carte,,thai,
node/10728380684,50.1059959,8.6501523,affinitaet,restaurant,Tigray,,ethiopian,
node/10733946276,50.1072934,8.6713448,affinitaet,restaurant,aber,,,
node/10739665827,50.1071312,8.76038,affinitaet,restaurant,Pure,,,
node/10741869286,50.1136523,8.5374451,affinitaet,restaurant,Pizzeria Pantera,,,
node/10741879247,50.0981074,8.6210817,affinitaet,restaurant,Zum Laternchen,,chinese,
node/10770236174,50.1187917,8.6665522,affinitaet,restaurant,Knoblauch,,french,
node/1077180500,50.1763967,8.6086689,affinitaet,restaurant,Tandoori Villa,,indian,
node/10776276906,50.1092653,8.6673399,affinitaet,restaurant,Dal Rotti,,indian,
node/10785134430,50.0848797,8.5814814,affinitaet,restaurant,Pizzeria Dolce Vita,,,
node/10808012892,50.139732,8.745991,affinitaet,restaurant,Pizza Hut,Pizza Hut,pizza,
node/10825870505,50.1562947,8.6984578,affinitaet,restaurant,My Lokanta,,turkish,
node/10852531305,50.1886453,8.6374771,affinitaet,restaurant,Gaststätte Zum Kuhstall,,,
node/10873422749,50.1225187,8.6463902,affinitaet,restaurant,Da Nico,,italian,
node/1088236580,50.1832638,8.5964939,affinitaet,restaurant,Ristorante Pizzeria Pisa,,pizza,
node/1088525696,50.0588312,8.5260458,affinitaet,restaurant,Cafe Restaurant Athina,,greek,
node/1089256386,50.0590558,8.526613,affinitaet,restaurant,Osteria Nr. 1,,italian,
node/10893360391,50.1104605,8.673124,affinitaet,restaurant,SkyGarten,,,
node/10940439358,50.1008395,8.6684499,affinitaet,restaurant,Restaurant Lula beim FKV 1913 e.V.,,german,
node/10962273632,50.1130352,8.6741814,affinitaet,restaurant,bona'me,,kurdish,
node/10963163805,50.1101403,8.6737672,affinitaet,restaurant,Neue Kaiser,,,
node/10980792782,50.1421685,8.5664894,affinitaet,restaurant,Crown of India,,indian,
node/10981122971,50.1226975,8.7100304,affinitaet,restaurant,Malepartus,,regional,
node/10995575524,50.1092513,8.6614121,affinitaet,restaurant,Soi 22,,thai,
node/11014201181,50.1118253,8.6635055,affinitaet,restaurant,Pizzeria Sicilia,,pizza,
node/11018063755,50.0788383,8.6139091,affinitaet,restaurant,Zur Waldau,,greek,
node/11035732791,50.111619,8.6790434,affinitaet,restaurant,MoMo Roll,,korean,
node/11037867029,50.1080166,8.6399561,affinitaet,restaurant,Century China Restaurant & Bar,,chinese,
node/1104708470,50.1203617,8.6767374,affinitaet,restaurant,Ristorante Armonia,,italian,
node/1106069497,50.1040591,8.7631241,affinitaet,restaurant,Rooster Fried Chicken,,chicken;burger,
node/11063655711,50.1236632,8.641737,affinitaet,restaurant,MainBite,,,
node/11089049051,50.1112365,8.684875,affinitaet,restaurant,Rimini Pizza,,pizza,
node/1109278218,50.0545212,8.6959752,affinitaet,restaurant,Isenburger Schänke,,,
node/1109642801,50.1087485,8.6651855,affinitaet,restaurant,sushiedo,,sushi,
node/11097022737,50.0765932,8.6351908,affinitaet,restaurant,La Villageoise,,cameroonian;african,
node/11112630387,50.1171551,8.6668685,affinitaet,restaurant,Papa Napoli,,italian,
node/11112662577,50.1086978,8.6703417,affinitaet,restaurant,Loulan Food,,asian,
node/11116033073,50.1329069,8.569406,affinitaet,restaurant,MOMO Rolls,,korean,
node/11121699064,50.114215,8.6799273,affinitaet,restaurant,Frankfurt - The View,,,
node/11127532410,50.1076811,8.6707861,affinitaet,restaurant,Sommerfeld,,,
node/11137001583,50.1125896,8.6773142,affinitaet,restaurant,Kiichi Sushi Restaurant,,sushi;vietnamese,
node/11137682425,50.054657,8.5938406,affinitaet,restaurant,Asian Moon,,asian,
node/11140329582,50.0556847,8.595859,affinitaet,restaurant,Yazzo,,,
node/11140329583,50.0551779,8.5955909,affinitaet,restaurant,Bowls,,,
node/11141584214,50.0983453,8.6824615,affinitaet,restaurant,The Sakai,,japanese,
node/11141584215,50.1125785,8.7182669,affinitaet,restaurant,Lyf East Frankfurt,,,
node/11141584216,50.1162891,8.6873139,affinitaet,restaurant,Sushimoto,,japanese;sushi,
node/11163085745,50.1294517,8.6981436,affinitaet,restaurant,Matto,,,
node/11193921982,50.1072106,8.7340908,affinitaet,restaurant,Asia Sky Kaiserlei,,asian,
node/11208368041,50.1273134,8.7035232,affinitaet,restaurant,Tibet Ama Kitchen,,asian,
node/11215699382,50.1245523,8.704909,affinitaet,restaurant,Majka,,,
node/11215699970,50.1233154,8.7014803,affinitaet,restaurant,Shomal,,,
node/11226344054,50.1229785,8.6447742,affinitaet,restaurant,Rhulo Cigköfte,,turkish,
node/11235775559,50.1232644,8.7022314,affinitaet,restaurant,Pizzeria Dick & Doof,,pizza,
node/11235793165,50.1223804,8.6998427,affinitaet,restaurant,Cascata,,italian,
node/11263268195,50.0533293,8.67077,affinitaet,restaurant,BAB Marrakesch,,moroccan,
node/11264837445,50.1005637,8.5659058,affinitaet,restaurant,Misoga,,korean,
node/11288325611,50.0782849,8.6207977,affinitaet,restaurant,Tasquinha da Jacinta,,portuguese,
node/1129424951,50.1302836,8.7142912,affinitaet,restaurant,Zur Sonne,,regional,
node/1129426652,50.1281367,8.7106059,affinitaet,restaurant,Mai-Kai,,thai,
node/1129497035,50.1297542,8.6959391,affinitaet,restaurant,Hallgarten,,,
node/11297615118,50.1190023,8.7028638,affinitaet,restaurant,Asia Thai Imbiss am Zoo,,asian,
node/1130946790,50.1233711,8.7019662,affinitaet,restaurant,Mandou's,,,
node/1130951503,50.1236599,8.7103123,affinitaet,restaurant,Nudelhaus 小面馆,,chinese,
node/1130956969,50.1255722,8.7109414,affinitaet,restaurant,nella's kitchen,,,
node/1130959237,50.1255364,8.7097173,affinitaet,restaurant,Taverne Nico,,greek,
node/1130970695,50.1284233,8.7107399,affinitaet,restaurant,Bornheimer Dorfstadl,,german,
node/1130970911,50.1284287,8.7111799,affinitaet,restaurant,Apfelwein Solzer,,regional,
node/1130971287,50.1287704,8.711702,affinitaet,restaurant,Wirtshaus Gickelschlag,,german,
node/1131538315,50.1117421,8.7123399,affinitaet,restaurant,Hiroshi,,japanese,
node/1131538358,50.1127288,8.7152577,affinitaet,restaurant,Gudrun kocht,,soup,
node/11358744815,50.1157732,8.5013762,affinitaet,restaurant,Muskan Restaurant,,,
node/11373176909,50.0560336,8.5900057,affinitaet,restaurant,The Ramp,,,
node/11385094469,50.0996497,8.5505812,affinitaet,restaurant,Dayana,,persian,
node/11389953781,50.1178263,8.6859738,affinitaet,restaurant,Fontana City,,italian,
node/11393185631,50.0635693,8.495818,affinitaet,restaurant,Hattersheimer Ölmühle,,,
node/11409121864,50.127726,8.6862801,affinitaet,restaurant,Hikari An,,,
node/11415386831,50.1216193,8.6805959,affinitaet,restaurant,ALEJANDRO'S,,mexican,
node/11431811869,50.1199436,8.6799356,affinitaet,restaurant,eatDOORI,,indian,
node/11432196542,50.158387,8.6319019,affinitaet,restaurant,Restaurant | Cafe & Bistrorant Cavalli,,,
node/11435196816,50.1571203,8.6340439,affinitaet,restaurant,Die Eselei,,regional,
node/11435312073,50.1581057,8.6338125,affinitaet,restaurant,Mr Phung,,asian,
node/11435312076,50.1578853,8.6339319,affinitaet,restaurant,secondi pizza napoletana,,italian_pizza,
node/1143841672,50.1449076,8.6936978,affinitaet,restaurant,Forno D'Oro,,italian,
node/1143919831,50.1089598,8.6611831,affinitaet,restaurant,Sanku Maots'ai,,chinese,
node/1144086587,50.1146992,8.6919297,affinitaet,restaurant,Green Thai,,thai,
node/1147542014,50.1153329,8.6734914,affinitaet,restaurant,Pizza pasta e piu da Scialpi,,,
node/1147545300,50.1160972,8.6763069,affinitaet,restaurant,Ojo de Agua,,steak_house,
node/1154368322,50.1413501,8.6986424,affinitaet,restaurant,Alexanders,,,
node/11554886038,50.2283853,8.681227,affinitaet,restaurant,Apfelkern & Kolibri Oberhof,,,
node/11595163528,50.0553744,8.597065,affinitaet,restaurant,,,,
node/1163662505,50.1080511,8.6564516,affinitaet,restaurant,Meazas Place,,eritrean,
node/11650396591,50.1422386,8.5712383,affinitaet,restaurant,Mamma Rosa,,italian;pizza;seafood;pasta;salad,
node/1165268196,50.1501853,8.6903956,affinitaet,restaurant,Restaurant Haus Ronneburg,,kroatisch,
node/11722235515,50.1006502,8.5474654,affinitaet,restaurant,Vina Sushi,,sushi;asian,
node/11748541825,50.1785643,8.6225597,affinitaet,restaurant,Westside Café & Restaurant,,pizza;pasta,
node/1176756557,50.1248668,8.6055596,affinitaet,restaurant,Little Rice Sushi,,asian,
node/11778419553,50.1058856,8.6688875,affinitaet,restaurant,Zhuge Grill,,chinese,
node/11835789134,50.1153222,8.6808032,affinitaet,restaurant,L'Osteria,L'Osteria,italian,
node/11837622020,50.1175396,8.6638261,affinitaet,restaurant,Via Monte Napoleone,,italian,
node/11874167031,50.1071862,8.6579602,affinitaet,restaurant,IMIZU,,japanese,
node/11909434280,50.0814483,8.6333653,affinitaet,restaurant,Katomi,,japanese,
node/11919504305,50.126978,8.6918168,affinitaet,restaurant,Electric Pizzaland,,pizza,
node/11928194672,50.1612496,8.6559006,affinitaet,restaurant,Zur Golden Kron,,,
node/11932948801,50.1239571,8.769653,affinitaet,restaurant,5 Way Asia Food,,asian,
node/11939180092,50.0529575,8.6950789,affinitaet,restaurant,Keyf-I,,barbecue;turkish,
node/11958927735,50.1073973,8.668632,affinitaet,restaurant,Thai Phan,,vietnamese,
node/11985018525,50.0500275,8.5310288,affinitaet,restaurant,Platzhirsch Living,,,
node/1198672505,50.1402385,8.6349078,affinitaet,restaurant,Niddapark,,german,
node/12006713241,50.1266311,8.6834784,affinitaet,restaurant,Zur Stalburg,,regional;german,
node/1201086201,50.1501836,8.6219043,affinitaet,restaurant,Il Quadrifoglio,,italian;pizza,
node/12023230827,50.1148535,8.646082,affinitaet,restaurant,Tonkatsu Gonta,,japanese,
node/12049468362,50.1081422,8.732246,affinitaet,restaurant,Kaiser Pizza,,pizza;salad;italian,
node/12066693790,50.1112605,8.6788677,affinitaet,restaurant,XiangXiang Malatang,,chinese,
node/12066693791,50.1120518,8.6813367,affinitaet,restaurant,Jin's Haus,,chinese,
node/12067930916,50.1005013,8.681986,affinitaet,restaurant,Adolf Wagner,,,
node/12085157526,50.1205339,8.6491961,affinitaet,restaurant,Hoja Taiwanese Street Food,,,
node/12107888136,50.1583769,8.6343345,affinitaet,restaurant,Malamania (malatang & korean fried chicken),,korean;malatang,
node/1213812357,50.1134837,8.6618162,affinitaet,restaurant,azzurro,,italian,
node/1213812366,50.1136022,8.6621618,affinitaet,restaurant,Sushi am Main,,japanese,
node/12144211833,50.1148704,8.5373465,affinitaet,restaurant,Pizzeria Engel,,pizza,
node/12160014878,50.1142133,8.6772368,affinitaet,restaurant,Feinschmecker 好味道,,,
node/12190992401,50.1053363,8.6876427,affinitaet,restaurant,electric Pizzaland,,pizza,
node/12198676460,50.122534,8.6765517,affinitaet,restaurant,Villa Lauda,,italian;fine_dining,
node/12228343394,50.0846042,8.6720766,affinitaet,restaurant,Zur Buchscheer,,regional,
node/12229577101,50.107329,8.6739898,affinitaet,restaurant,Life Deli,,,
node/1225244006,50.1201479,8.6896158,affinitaet,restaurant,Hase und Wolfshund,,french;regional,
node/12258671585,50.1828591,8.6989376,affinitaet,restaurant,Carina Event Location,,,
node/12299025262,50.1142372,8.6767793,affinitaet,restaurant,Takahumi,,sushi,
node/12300003237,50.1206239,8.6407241,affinitaet,restaurant,China Haus,,chinese,
node/12301710408,50.1571384,8.6347105,affinitaet,restaurant,Seydioglu Baklavalari,,,
node/12307201684,50.1112189,8.7095649,affinitaet,restaurant,L'Osteria,L'Osteria,italian,
node/12311374604,50.0564602,8.6764599,affinitaet,restaurant,Restaurant Werners,,,
node/1231414139,50.1731064,8.7328571,affinitaet,restaurant,Ristorante Il Sorriso,,italian;pizza,
node/1231414156,50.1764443,8.7343642,affinitaet,restaurant,Restaurant Mongolei,,chinese;asian,
node/1231414158,50.173561,8.7325863,affinitaet,restaurant,Restaurant Alt Athen,,greek,
node/12320945803,50.1426174,8.610352,affinitaet,restaurant,Sushi Wave,,sushi,
node/12323795266,50.1213974,8.6983435,affinitaet,restaurant,480gradi,,pizza,
node/12334010157,50.1103471,8.6816336,affinitaet,restaurant,Weinstube im Römer,,regional,
node/1234676175,50.1658889,8.6214188,affinitaet,restaurant,Pizzeria Pisa,,italian,
node/12369678977,50.1554747,8.7541698,affinitaet,restaurant,Taverna Platea,,greek,
node/12373809602,50.0703953,8.4833568,affinitaet,restaurant,Genussgalerie,,italian,
node/12373810901,50.0725007,8.4857055,affinitaet,restaurant,Spondé,,greek,
node/12373827601,50.0697865,8.4896598,affinitaet,restaurant,Miraku,,asian,
node/12385989701,50.114493,8.6574266,affinitaet,restaurant,269 TwoSixNine Vegan Restaurant Frankfurt,,salad;dessert;italian;german;israeli,
node/12475602201,50.2115583,8.6536132,affinitaet,restaurant,Modu,,asian,
node/12497603264,50.1114157,8.6818564,affinitaet,restaurant,Isoletta,,italian,
node/12518560843,50.1153277,8.6799142,affinitaet,restaurant,Princess,,,
node/12533670622,50.097643,8.6800603,affinitaet,restaurant,Qualitäts-Eck,,greek,
node/12595214360,50.1227976,8.681045,affinitaet,restaurant,Cono Cimino 46,,pizza;italian,
node/12595214363,50.1226106,8.6810158,affinitaet,restaurant,Fischhaus Ohrmann,,fish,
node/12604288042,50.1072466,8.5438472,affinitaet,restaurant,Pizzeria PassaParola,,pizza,
node/12640941801,50.1221342,8.6689107,affinitaet,restaurant,Super Bros West,,pizza,
node/12645652167,50.1290034,8.7568303,affinitaet,restaurant,Gia Nguyen,,vietnamese,
node/12662109680,50.1154772,8.6644348,affinitaet,restaurant,Kitakata Ramen Ban Nai,,asian,
node/12700886138,50.0860378,8.5796058,affinitaet,restaurant,Swagat,,indian,
node/12702441896,50.014719,8.581175,affinitaet,restaurant,Martins Thai Bistro,,thai,
node/12718964342,50.1540856,8.7160257,affinitaet,restaurant,Neues Altes Zollhaus,,,
node/12800624508,50.098856,8.691419,affinitaet,restaurant,Minari,,korean,
node/12802900888,50.1174745,8.6799068,affinitaet,restaurant,Occhio d'oro,,italian,
node/12806004398,50.1184352,8.5255562,affinitaet,restaurant,Mosch Mosch,,japanese,
node/12806004399,50.1185474,8.5266005,affinitaet,restaurant,Umami,,asian,
node/12806004400,50.1188078,8.5262884,affinitaet,restaurant,Vegabar,,,
node/12806024603,50.1183536,8.5260663,affinitaet,restaurant,Traumkuh,,burger,
node/12806024604,50.1182424,8.5257127,affinitaet,restaurant,The Ash,,,
node/12806024605,50.1186902,8.5259094,affinitaet,restaurant,ALEX,ALEX,international,
node/12815173501,50.1126427,8.6857582,affinitaet,restaurant,Ramen Jun,,,
node/1282701026,50.1110687,8.7210732,affinitaet,restaurant,Zur Insel,,german,
node/12831688974,50.1324473,8.5683933,affinitaet,restaurant,Yumas,,mexican,
node/1283799201,50.1212283,8.6808496,affinitaet,restaurant,Fontana di Trevi,,italian,
node/1283802717,50.122282,8.6806138,affinitaet,restaurant,Thai Art,,thai,
node/12846818217,50.1066845,8.6936114,affinitaet,restaurant,Ambassel,,african,
node/1286798896,50.1676606,8.620389,affinitaet,restaurant,Mutz,,german;cake;coffee_shop,
node/1286837686,50.1993322,8.6722012,affinitaet,restaurant,Restaurant Darmstädter Hof,,international,
node/12896169844,50.1585675,8.6547471,affinitaet,restaurant,Naromi,,korean,
node/12896310354,50.1213005,8.6987157,affinitaet,restaurant,Sushimama,,sushi,
node/12896314633,50.1201856,8.6965112,affinitaet,restaurant,Swaad,,indian,
node/12917190210,50.1123534,8.7063663,affinitaet,restaurant,ONDO,,,
node/1292109936,50.0851313,8.6974576,affinitaet,restaurant,Waldcafe Dionysos,,greek,
node/12942285484,50.1140661,8.7466697,affinitaet,restaurant,Sleepy Bird,,,
node/12952973313,50.1041265,8.7661778,affinitaet,restaurant,Markthaus am Wilhelmsplatz,,regional,
node/1295978133,50.1528214,8.6769115,affinitaet,restaurant,Khadijas Stöppchen,,german;italian;moroccan,
node/12983073195,50.1014279,8.6792839,affinitaet,restaurant,Amore,,italian,
node/12986087402,50.0926157,8.4554873,affinitaet,restaurant,Saporita,,pizza,
node/12988425901,50.1059803,8.6808413,affinitaet,restaurant,Emma Metzler,,,
node/13016752534,50.1334533,8.5684457,affinitaet,restaurant,Safran Küche,,persian,
node/13031369855,50.135241,8.5600774,affinitaet,restaurant,Mömax Restaurant,,,
node/13043033991,50.1132851,8.6986279,affinitaet,restaurant,Phuong Dong,,vietnamese,
node/1307105587,50.1309322,8.5364454,affinitaet,restaurant,Zur Pferdetränke,,,
node/13084317933,50.101585,8.6392737,affinitaet,restaurant,Chicken Onda,,korean,
node/13104550701,50.109565,8.663645,affinitaet,restaurant,DAKOTA Pizza & Pasta,,pizza;pasta,
node/13115261760,50.1201429,8.6487632,affinitaet,restaurant,chidoba MEXICAN GRILL,,mexican,
node/13125224256,50.1050679,8.7652921,affinitaet,restaurant,Mr LE,,vietnamese,
node/1315405168,50.0123103,8.5867646,affinitaet,restaurant,Milano Aslan,,pizza;kebab;turkish,
node/13173791742,50.1219426,8.61528,affinitaet,restaurant,Divna's eat and drink,,,
node/13208797471,50.1274041,8.6908065,affinitaet,restaurant,Roja,,barbecue,
node/13241054701,50.1326859,8.565684,affinitaet,restaurant,Gaumenfreund,,,
node/13277761496,50.1275143,8.6045097,affinitaet,restaurant,Five Star Burger,,burger;pizza,
node/13324909501,50.1050606,8.7594987,affinitaet,restaurant,ChiKing Offenbach,,korean,
node/1334349105,50.1146115,8.6786662,affinitaet,restaurant,bb.q Chicken,bb.q Chicken,korean;chicken,
node/1334418562,50.1158008,8.6754095,affinitaet,restaurant,Buffalo,,steak_house,
node/13351180954,50.1168457,8.6339773,affinitaet,restaurant,Mina's Kitchen,,japanese,
node/13427104196,50.079457,8.6336644,affinitaet,restaurant,MoTaKi,,,
node/13440209574,50.0478484,8.5734244,affinitaet,restaurant,Anton & Anni,,bavarian,
node/13448133722,50.1832839,8.6706714,affinitaet,restaurant,,,pizza,
node/13448975626,50.1176108,8.6859801,affinitaet,restaurant,Sojubar Frankfurt,,korean,
node/1345229128,50.147436,8.7964328,affinitaet,restaurant,Landgasthof Alt Bischofsheim,,german,
node/13456316322,50.1132871,8.6737131,affinitaet,restaurant,Heidi und Paul,,,
node/13474529678,50.1164189,8.6850431,affinitaet,restaurant,Seoulmate,,korean,
node/13516456920,50.124516,8.6949245,affinitaet,restaurant,atm Deli & Grape,,,
node/13525064601,50.1892308,8.6364885,affinitaet,restaurant,Spice Village,,indian,
node/13541778699,50.1023171,8.6588291,affinitaet,restaurant,Mullex,,,
node/13564452084,50.1121976,8.6792376,affinitaet,restaurant,Harput,,turkish,
node/1356696993,50.1900524,8.6584834,affinitaet,restaurant,Chin-Thai-Haus,,asian,
node/13658305966,50.1160556,8.6789288,affinitaet,restaurant,JWD Handpulled Noodles 金味德法兰克福,,chinese,
node/13672823301,50.1633626,8.6848437,affinitaet,restaurant,Mr. You,,asian,
node/13676515395,50.1081416,8.6698896,affinitaet,restaurant,Dosa Bar,,indian,
node/13685358301,50.1148987,8.6753866,affinitaet,restaurant,60 seconds to napoli,60 seconds to napoli,pizza,
node/1370388287,50.0993357,8.5511657,affinitaet,restaurant,Mainod,,german,
node/1370939165,50.1433546,8.5702015,affinitaet,restaurant,Weinstube Alte Dorfschmiede,,,
node/13711415173,50.1254787,8.702365,affinitaet,restaurant,Pizzaria Il Maestro,,pizza,
node/1372483837,50.1388535,8.7169588,affinitaet,restaurant,Wolffhardts,,balkan;german,
node/1374490161,50.1115913,8.6786985,affinitaet,restaurant,Tequila,,,
node/13749426341,50.1091777,8.660342,affinitaet,restaurant,Metta Thai,,thai,
node/13758224355,50.1172713,8.6644517,affinitaet,restaurant,dean&david,,,
node/13758744186,50.1168539,8.6643477,affinitaet,restaurant,DELIkat,,,
node/13758755268,50.1033969,8.6458945,affinitaet,restaurant,Zen & Zest Restaurant,,nepalese,
node/13758778711,50.1168533,8.664747,affinitaet,restaurant,Lai,,vietnamese,
node/13758898424,50.1137523,8.6781522,affinitaet,restaurant,Bayreuther Brauhaus,,german,
node/1376638362,50.1012057,8.6416273,affinitaet,restaurant,DB Casino - Adlerwerke,,german;asian;italian,
node/13785508285,50.0992385,8.6595444,affinitaet,restaurant,Kombüse Westhafen,,burger;dessert;pancake;tapas,
node/13786986145,50.1817774,8.6401913,affinitaet,restaurant,DamDam,,korean,
node/13808263978,50.1379008,8.6390966,affinitaet,restaurant,La Cordobesa,,argentinian;pizza;pasta,
node/13814516448,50.1223138,8.6456146,affinitaet,restaurant,Erta Ale,,,
node/13815071665,50.1127635,8.689381,affinitaet,restaurant,Mamma Mia Che Pizza,,pizza,
node/13827010640,50.0915522,8.6795861,affinitaet,restaurant,The Blasky Restaurant,,,
node/13827035894,50.0919021,8.679519,affinitaet,restaurant,The Blasky,,,
node/13835603582,50.1042603,8.6455836,affinitaet,restaurant,Vipho to go,,asian,
node/13836640290,50.1097177,8.6779463,affinitaet,restaurant,Azalye Café,,ethiopian,
node/13839386743,50.1075522,8.6582369,affinitaet,restaurant,Aventura,,peruvian,
node/13873092938,50.0975455,8.6688508,affinitaet,restaurant,the dune,,,
node/13878633152,50.203041,8.7092829,affinitaet,restaurant,Lamuf,,,
node/13895432018,50.1128957,8.6716037,affinitaet,restaurant,Joy of Madhu,,,
node/13897199585,50.1173168,8.6802633,affinitaet,restaurant,Yūgen Sushi Omakase,,japanese,
node/13901629344,50.116193,8.6969352,affinitaet,restaurant,Bella sena,,italian,
node/13930974639,50.1357153,8.57124,affinitaet,restaurant,Tasty Day Eschborn,,,
node/13931026451,50.1024195,8.5506842,affinitaet,restaurant,Kiiroi Sushi,,,
node/13935145660,50.1089685,8.6751027,affinitaet,restaurant,L'Arôme,,,
node/13935146334,50.1107788,8.6784884,affinitaet,restaurant,Cresco,,,
node/13935736063,50.1321827,8.7370711,affinitaet,restaurant,Aha Food,,,
node/13937929340,50.1080417,8.6711397,affinitaet,restaurant,Lina Food,,,
node/13938254170,50.1061817,8.6958551,affinitaet,restaurant,ISOLETTA | Main Plaza,,italian;mediterranean,
node/13938484187,50.2144388,8.6488599,affinitaet,restaurant,Yam Yam Chicken,,asian;korean,
node/13944362639,50.1008317,8.5508144,affinitaet,restaurant,Go Eat,,,
node/13945523616,50.1000493,8.5472022,affinitaet,restaurant,Il Vecchio Muro,,,
node/1394952171,50.1251318,8.6110807,affinitaet,restaurant,Can Kebap Haus,,,
node/13954514421,50.1030954,8.6359398,affinitaet,restaurant,Ogano,,sushi;asian,
node/13962863549,50.1308929,8.5601215,affinitaet,restaurant,Ins Restaurant,,japanese,
node/13987577651,50.1763852,8.6283154,affinitaet,restaurant,Bonsai Deli,,sandwich;asian,
node/13988855501,50.1150961,8.674171,affinitaet,restaurant,Frau Fritz,,german,
node/13991897548,50.1127098,8.6565635,affinitaet,restaurant,Bombay Brasserie,,indian,
node/14004422471,50.1086943,8.6600486,affinitaet,restaurant,AfroChoice,,african,
node/14014761721,50.0856905,8.6472208,affinitaet,restaurant,Ciao Mia,,german;balkan,
node/14026607614,50.1074927,8.6671062,affinitaet,restaurant,Jaho Kitchen 家和厨房,,chinese,
node/14048821510,50.1123961,8.6744115,affinitaet,restaurant,ANNI,,,
node/14057463893,50.0549775,8.5925569,affinitaet,restaurant,The Aramaker Dine & Deli,,,
node/14084264042,50.0509693,8.6757741,affinitaet,restaurant,Rosso Bianco,,italian;german,
node/14094986836,50.1021204,8.5496024,affinitaet,restaurant,Mirella by Fresh Fisch,,,
node/14097757852,50.1060973,8.6897096,affinitaet,restaurant,Saki,,,
node/14101205327,50.1140869,8.6867618,affinitaet,restaurant,ZOI,,asian,
node/14131664743,50.1199865,8.6495631,affinitaet,restaurant,Sunbap Korean Vegan,,,
node/14142300080,50.0971476,8.6906629,affinitaet,restaurant,Tokymon Chay,,asian,
node/1417339380,50.1015223,8.6814373,affinitaet,restaurant,a tavola!,,,
node/14184425401,50.1142552,8.6742508,affinitaet,restaurant,Bidlabu,,,
node/14184425501,50.1083471,8.658983,affinitaet,restaurant,Freitagsküche,,,
node/14184589201,50.1093169,8.6696681,affinitaet,restaurant,Le petit royal,,french,
node/14197074760,50.1221079,8.7030103,affinitaet,restaurant,Ajda,,,
node/14209477336,50.1042069,8.7678633,affinitaet,restaurant,OKI,,,
node/14243426311,50.1120087,8.6690684,affinitaet,restaurant,Broed,,sandwich,
node/14249741564,50.0524488,8.5684502,affinitaet,restaurant,Little Italy,,italian,
node/1426837325,50.1096374,8.6867498,affinitaet,restaurant,Seven Swans,,fine_dining,
node/1431999532,50.1010302,8.6207937,affinitaet,restaurant,Balkan Haus,,balkan,
node/1433928555,50.0504528,8.5705296,affinitaet,restaurant,Asia Street Cooking,,,
node/1436451870,50.1133608,8.6978644,affinitaet,restaurant,Pizzeria Sardinien,,pizza,
node/1457723780,50.1820794,8.6644501,affinitaet,restaurant,Pizzeria Da Milano,,italian,
node/1463221960,50.1146764,8.6905137,affinitaet,restaurant,Lezz-Et,,kebab,
node/1463222016,50.1147077,8.6915281,affinitaet,restaurant,Palmo Fried Chicken,,,
node/1463230796,50.11408,8.6871839,affinitaet,restaurant,Buster Pasta,,pizza;pasta,
node/1468403053,50.2002225,8.6745524,affinitaet,restaurant,Zu den Hellenen,,,
node/1469617564,50.12718,8.6850811,affinitaet,restaurant,Bibis Baguettes & Burgers,,burger,
node/1472937838,50.1419085,8.7475175,affinitaet,restaurant,Restaurant Papageno,,international,
node/1477872831,50.2018859,8.6759785,affinitaet,restaurant,Markgraf,,,
node/1487407200,50.1008823,8.6806834,affinitaet,restaurant,Brasserie du Sud,,french,
node/1506758983,50.1102581,8.682677,affinitaet,restaurant,Zum Standesämtchen,,german,
node/1506768346,50.1110555,8.6781779,affinitaet,restaurant,Heimat,,,
node/1507240123,50.174114,8.6284333,affinitaet,restaurant,Level,,international,
node/1508475848,50.146132,8.6108493,affinitaet,restaurant,Belanti,,italian;pizza,
node/1508475852,50.1463384,8.6114001,affinitaet,restaurant,Enjoy Food,,chinese,
node/1510132666,50.1062783,8.7518096,affinitaet,restaurant,Köz Ocakbaşı,,turkish;pizza;kebab,
node/1510304142,50.1183987,8.6493888,affinitaet,restaurant,Heppy Green,,,
node/1510490548,50.1155962,8.6636884,affinitaet,restaurant,Szechuan,,chinese,
node/1513670356,50.08096,8.6289761,affinitaet,restaurant,Wisag,,,
node/1519279279,50.1200395,8.5256945,affinitaet,restaurant,Latina,,italian,
node/1519626958,50.1143758,8.6791365,affinitaet,restaurant,Conrad's,,german,
node/1545595045,50.1134052,8.5596993,affinitaet,restaurant,Am Brünnchen,,greek,
node/1579307310,50.1022449,8.6748019,affinitaet,restaurant,Städelschule Mensa,,regional,
node/1580420543,50.111425,8.7043247,affinitaet,restaurant,Frankfurter Küche,,regional,
node/1581300048,50.1217975,8.6802441,affinitaet,restaurant,Super Bro's,,pizza,
node/1590041842,50.101035,8.6334084,affinitaet,restaurant,Pizzeria La Strada,,italian,
node/1591630178,50.1155296,8.6890918,affinitaet,restaurant,Ariston,,greek,
node/1596679985,50.104512,8.6380053,affinitaet,restaurant,Maximilian's,,german,
node/1600240188,50.1242946,8.6748789,affinitaet,restaurant,KUMPELS Pizzeria,,,
node/1608028735,50.127535,8.6916179,affinitaet,restaurant,Little India,,indian,
node/1609890595,50.2271419,8.6777666,affinitaet,restaurant,Alte Kelterei,,german,
node/1609900298,50.2256312,8.681407,affinitaet,restaurant,Zur Alten Brücke,,german,
node/1609900299,50.2250651,8.6824008,affinitaet,restaurant,La Cantina,,mexican,
node/1611097300,50.1178594,8.6856658,affinitaet,restaurant,Savanna Restaurant,,african,
node/1614496996,50.1213479,8.6483728,affinitaet,restaurant,Ban Thai,,thai,
node/1616911562,50.0843088,8.6385636,affinitaet,restaurant,Nudelwerk Niederrad,,chinese,
node/1619915534,50.1222336,8.6988933,affinitaet,restaurant,Hue,,vietnamese,
node/1619915560,50.1204972,8.6955131,affinitaet,restaurant,Kupferstecher,,international,
node/1619915572,50.1224408,8.7005852,affinitaet,restaurant,Loco Loco Chicken Club,,chicken,
node/1619915589,50.1220559,8.6990789,affinitaet,restaurant,Gingko,,international,
node/1620320620,50.1100881,8.6689449,affinitaet,restaurant,incantina,,italian,
node/1620329023,50.1098852,8.6643851,affinitaet,restaurant,Hakuna matata,,african,
node/1625069687,50.128221,8.6954731,affinitaet,restaurant,Duble Meze Grill,,turkish,
node/1625069698,50.1286981,8.6998919,affinitaet,restaurant,Niewo,,regional,
node/1634474577,50.0838583,8.5156132,affinitaet,restaurant,Pizzeria Cassavia,,italian,
node/1635137519,50.1752445,8.734089,affinitaet,restaurant,Pearl of India,,indian,
node/1636907063,50.1120635,8.7012203,affinitaet,restaurant,Mu Kratha Thai BBQ,,thai,
node/1639294793,50.1104032,8.6995187,affinitaet,restaurant,time out,,,
node/1643399059,50.0244685,8.5910208,affinitaet,restaurant,Food Port,,thai;italian,no
node/1647258153,50.125457,8.7007632,affinitaet,restaurant,Rodizio,,brazilian,
node/1649025732,50.1279298,8.7102919,affinitaet,restaurant,Da Paolo,,pizza,
node/1649025753,50.1280562,8.7100666,affinitaet,restaurant,Schöneberger,,international,
node/1649391617,50.1101741,8.6787117,affinitaet,restaurant,China Garten,,chinese,
node/1652652105,50.125808,8.6903254,affinitaet,restaurant,Alebrijes - Latin plant based food,,mexican;peruvian,
node/1652652142,50.1190486,8.6927567,affinitaet,restaurant,Gennaro's Restaurant,,italian,
node/1657535640,50.1700358,8.7187126,affinitaet,restaurant,Soccer-Treff,,,
node/1657899165,50.1307654,8.7105569,affinitaet,restaurant,Turmstübchen,,german,
node/1657899184,50.1338334,8.7131762,affinitaet,restaurant,Restaurant Caravan,,uzbek,
node/1660988932,50.1685022,8.728675,affinitaet,restaurant,Zum Heilsberg,,international;regional,
node/1662265063,50.1727343,8.6276111,affinitaet,restaurant,Darwins,,international,
node/1662268654,50.0906995,8.6069602,affinitaet,restaurant,Pizzeria NicNac,,pizza,
node/1664121871,50.1693835,8.6220191,affinitaet,restaurant,Zum Lahmen Esel,,regional,
node/1665603215,50.0913038,8.5283309,affinitaet,restaurant,Kantine West,,,
node/1666284697,50.1240994,8.6741809,affinitaet,restaurant,L'Angolo di Luca,,,
node/1667541639,50.1078465,8.5414407,affinitaet,restaurant,Pizzeria Tavolara,,italian,
node/1669067964,50.0963102,8.6230376,affinitaet,restaurant,Daki's Sportcafe,,,
node/1669067989,50.095481,8.623656,affinitaet,restaurant,Zum Mirko,,,
node/1675937576,50.0816223,8.6520591,affinitaet,restaurant,La Stalla,,italian,
node/1678072333,50.1278991,8.6112399,affinitaet,restaurant,Captain's Inn,,,
node/1679739083,50.0907095,8.6121938,affinitaet,restaurant,MainGlück,,,
node/1681301172,50.1256554,8.6437119,affinitaet,restaurant,Da Giovanni,,,
node/1681301180,50.1239058,8.6393799,affinitaet,restaurant,De Luca,,italian,
node/1681301193,50.1230574,8.6439107,affinitaet,restaurant,Falafel & Freunde,,,
node/1681301250,50.1232973,8.6432348,affinitaet,restaurant,Kaprichos,,colombian,
node/1681398211,50.1247254,8.6130401,affinitaet,restaurant,Zum Goldenen Löwen,,chinese,
node/1684587287,50.1305935,8.591201,affinitaet,restaurant,LoftaGE,,,
node/1684587298,50.1296353,8.5940194,affinitaet,restaurant,Rödelheimer Hof am Wasserturm,,,
node/1692441188,50.138193,8.6703032,affinitaet,restaurant,Welcome Asia,,asian,
node/1693591053,50.1119062,8.7003025,affinitaet,restaurant,Buregdzinica Uma,,,
node/1701486110,50.082369,8.4750811,affinitaet,restaurant,Trattoria Aurora,,italian,
node/1702275331,50.084859,8.471144,affinitaet,restaurant,Restaurant Zagreb,,international,
node/1702497731,50.1027592,8.6253698,affinitaet,restaurant,Pizzeria L'Angolo,,italian,
node/1704489500,50.1763722,8.6419231,affinitaet,restaurant,Riedberg Side Kebab Haus,,,
node/1705477138,50.1565054,8.6907151,affinitaet,restaurant,Zum Stern,,,
node/1726311893,50.1019934,8.6872602,affinitaet,restaurant,Exenberger,,german,
node/1726325360,50.1011077,8.6847948,affinitaet,restaurant,La Traviata,,italian,
node/1726326003,50.1026281,8.6891526,affinitaet,restaurant,Bar de Tapas Tapas Locas,,spanish,
node/1735935670,50.110038,8.5785208,affinitaet,restaurant,Anglerheim,,,
node/1740551372,50.0859339,8.5814928,affinitaet,restaurant,Zum Zehnthof,,,
node/1746978628,50.1031107,8.6186355,affinitaet,restaurant,Pizzeria Bei Nadine,,pizza,
node/1746978631,50.1014426,8.6183638,affinitaet,restaurant,Pizzeria Picolo,,pizza,
node/1747746006,50.1196215,8.679976,affinitaet,restaurant,Gokio Bros.,,korean,
node/1759883944,50.1049595,8.6892363,affinitaet,restaurant,Safran & Sauerkraut,,,
node/1760091397,50.1111138,8.7112173,affinitaet,restaurant,Bun Bo,,vietnamese,
node/1771747080,50.1075488,8.6674381,affinitaet,restaurant,Kabul Restaurant,,afghan,
node/1771747083,50.1076058,8.6694795,affinitaet,restaurant,Istanbul Fish Grill,,,
node/1771747085,50.1073035,8.6694595,affinitaet,restaurant,Pak Choi,,chinese,
node/1771747087,50.1075466,8.6692033,affinitaet,restaurant,Bayram,,turkish,
node/1774920851,50.1025894,8.6644422,affinitaet,restaurant,Baseler Eck,,german,
node/1777965867,50.1023301,8.6634711,affinitaet,restaurant,Persia,,persian,
node/1784575413,50.1061724,8.6694293,affinitaet,restaurant,Klosterhof,,,
node/1788705158,50.1038865,8.6899874,affinitaet,restaurant,Pi-Nong,,thai,
node/1788706334,50.1041171,8.6890453,affinitaet,restaurant,Jasper's,,french,
node/1793233864,50.056635,8.6953497,affinitaet,restaurant,Pizza Party,,italian;pizza,
node/1793450585,50.0833538,8.4688059,affinitaet,restaurant,El Grecco,,greek,
node/1794344814,50.0829667,8.4730631,affinitaet,restaurant,Flammkuchen Restaurant,,pizza,
node/1794347595,50.1077868,8.6689129,affinitaet,restaurant,Weinbar,,,
node/1794347600,50.1077717,8.6685368,affinitaet,restaurant,Thai Fun,,thai,
node/1795999459,50.1012725,8.6636452,affinitaet,restaurant,L'Osteria,L'Osteria,italian,
node/1799780232,50.1145681,8.7582649,affinitaet,restaurant,Manoto,,persian,
node/1801605386,50.101005,8.6740763,affinitaet,restaurant,Parthenon,,greek,
node/1814805245,50.0871276,8.5464633,affinitaet,restaurant,Kantine Süd,,,
node/1845994522,50.1072828,8.6590065,affinitaet,restaurant,Panino,,italian,
node/1846487225,50.0965042,8.6948194,affinitaet,restaurant,Hankook,,asian,
node/1846835589,50.1081697,8.6599103,affinitaet,restaurant,Pizzeria 7 Bello,,italian,
node/1850361034,50.1197526,8.7785268,affinitaet,restaurant,Bootshaus Bürgel,,greek,
node/1862812591,50.123469,8.6995949,affinitaet,restaurant,Heroes Premium Burgers,,burger;friture,
node/1863310184,50.1542696,8.7556356,affinitaet,restaurant,Schöne Aussicht,,,
node/1864580004,50.1554202,8.7538225,affinitaet,restaurant,Stadtschänke,,,
node/1871269768,50.1478954,8.7538952,affinitaet,restaurant,The Boss,,,
node/1873990391,50.0828277,8.5800629,affinitaet,restaurant,Blaue Adria,,,
node/1873990411,50.0854386,8.5819833,affinitaet,restaurant,Kemtong,,thai,
node/1873990420,50.0862052,8.5815967,affinitaet,restaurant,Frankfurter Hof (Seppche),,,
node/1873990438,50.0865279,8.5820058,affinitaet,restaurant,A La Tandori,,indian,
node/1873990613,50.0867212,8.5821033,affinitaet,restaurant,Café Alt Schwanheim,,,
node/1873990628,50.0870066,8.579984,affinitaet,restaurant,Auos,,greek,
node/1878906986,50.1027806,8.6622099,affinitaet,restaurant,Injera - African Pearl,,african,
node/1878907001,50.1030161,8.6626816,affinitaet,restaurant,Hani,,persian,
node/1878907004,50.1016986,8.6599185,affinitaet,restaurant,La Gazella,,italian,
node/1878907007,50.1019334,8.6604061,affinitaet,restaurant,Mr. Lee,,korean,
node/1883650622,50.1182178,8.701321,affinitaet,restaurant,Leon d'oro,,italian,
node/1895101786,50.0498183,8.6750802,affinitaet,restaurant,Bistro im Hallenbad,,,
node/1897359702,50.0566688,8.6958505,affinitaet,restaurant,Alter Haferkasten,,italian,
node/1897359703,50.0556071,8.6972391,affinitaet,restaurant,Zum Grünen Baum,,regional,
node/1897359706,50.0559433,8.6950111,affinitaet,restaurant,Bella Vita,,pizza,
node/1901118629,50.1198056,8.6795732,affinitaet,restaurant,Vipho,,,
node/1901118637,50.1202029,8.680166,affinitaet,restaurant,Kisu Sushi Restaurant,,sushi,
node/1901984458,50.1077157,8.666502,affinitaet,restaurant,Der fette Bulle,,,
node/1910716491,50.1251316,8.706172,affinitaet,restaurant,Sonamu,,korean,
node/1910808418,50.0995426,8.6803618,affinitaet,restaurant,Sorriso,,international,
node/1932286029,50.1231815,8.6890131,affinitaet,restaurant,Pizzeria Riccione,,pizza,
node/1932848816,50.1137789,8.6872232,affinitaet,restaurant,Centro Cultural Gallego,,spanish;tapas,
node/1933419028,50.1139382,8.6951765,affinitaet,restaurant,Yichi,,,
node/1933706212,50.1116896,8.6861307,affinitaet,restaurant,The Dragon's City - Sushi Ramen Bowls,,japanese;vietnamese,
node/1934417550,50.1173868,8.6860199,affinitaet,restaurant,Smashed Köfte,,,
node/1937177542,50.0122919,8.5854522,affinitaet,restaurant,Yangtse,,asian,
node/1937996623,50.120658,8.7739941,affinitaet,restaurant,Bootshaus,,,
node/1938473853,50.1035299,8.6437851,affinitaet,restaurant,Bella Italia,Bella Italia,italian,
node/1941136327,50.1038262,8.6789402,affinitaet,restaurant,Schweizers Döner,,kebab,
node/1960365088,50.1184536,8.6630087,affinitaet,restaurant,BLOCK HOUSE,BLOCK HOUSE,steak_house,
node/1960863354,50.1152963,8.6869417,affinitaet,restaurant,Quattro,,italian,
node/1960863355,50.1155034,8.6865068,affinitaet,restaurant,Rustico,,italian,
node/1976912935,50.1078778,8.6705393,affinitaet,restaurant,Central Grill,,turkish,
node/1978535708,50.1093898,8.6676329,affinitaet,restaurant,Zagros Dorger,,pizza,
node/1978535712,50.1097258,8.6678272,affinitaet,restaurant,Yumas,,mexican,
node/1983503595,50.1083648,8.669627,affinitaet,restaurant,Du Liban,,lebanese,
node/1983503600,50.1081504,8.6702377,affinitaet,restaurant,Silk Bowls,,chinese,
node/1985040940,50.1830046,8.7438567,affinitaet,restaurant,Power Sushi,,japanese,
node/1985787042,50.1152513,8.6917978,affinitaet,restaurant,Pasta Davini,,italian,
node/2003914576,50.11817,8.6445521,affinitaet,restaurant,mai viên,,vietnamese,
node/2008339494,50.0822217,8.6464613,affinitaet,restaurant,Alexis Sorbas,,greek,
node/2027964505,50.1042013,8.7638089,affinitaet,restaurant,Wasabi Sushi Bar,,,
node/2031391673,50.1158152,8.7832218,affinitaet,restaurant,Die Post,,,
node/2032107523,50.0980944,8.7498817,affinitaet,restaurant,ess:zimmer,,,
node/2035221023,50.0598348,8.7227417,affinitaet,restaurant,Sonnenhof im Eichenbühl,,,
node/2056538582,50.1207032,8.564975,affinitaet,restaurant,Zum Taunus,,,
node/2058028997,50.1006329,8.7221715,affinitaet,restaurant,Pizzeria Al Capone,,italian,
node/2058213294,50.0638417,8.5310276,affinitaet,restaurant,Kristall Grill Kebap Restaurant,,kebab;turkish,
node/2058306021,50.114648,8.684568,affinitaet,restaurant,Nazar,,,
node/2058617694,50.1138975,8.6839188,affinitaet,restaurant,Thai Street,,thai,
node/2066014219,50.0830695,8.6507871,affinitaet,restaurant,Jaggis,,,
node/207143831,50.1137278,8.782299,affinitaet,restaurant,MainPromenade,,greek,
node/2076313097,50.1110561,8.5489152,affinitaet,restaurant,Höchst Relaxed,,,
node/2077698353,50.0616805,8.529169,affinitaet,restaurant,Der Grieche Taverna,,greek,
node/2087857720,50.1236456,8.6356014,affinitaet,restaurant,Restaurant Isha,,indian,
node/2112569139,50.07081,8.485411,affinitaet,restaurant,Müller Bistro,,spanish,
node/2112603113,50.0700854,8.4895908,affinitaet,restaurant,Sunny's Kitchen,,pizza;indian;burger,
node/2120527925,50.1037277,8.7626206,affinitaet,restaurant,ASIA Nr.1,,asian,
node/2120757058,50.0654673,8.5297881,affinitaet,restaurant,Alte Oberförsterei Trattoria,,italian,
node/2126993678,50.1090663,8.6497809,affinitaet,restaurant,MoschMosch,,japanese,
node/2135414071,50.1274195,8.7052318,affinitaet,restaurant,Bodega El Amigo,,spanish,
node/2144172795,50.1074996,8.6656442,affinitaet,restaurant,XiaoLongKan,XiaoLongKan,chinese;hot_pot,
node/2153585484,50.1104477,8.5327348,affinitaet,restaurant,Zum Goldenen Löwen,,,
node/2181518438,50.1111047,8.6560094,affinitaet,restaurant,Tridico,,italian,
node/2183344428,50.1017318,8.7551365,affinitaet,restaurant,White Elefant,,indian,
node/2192968827,50.1749445,8.6312202,affinitaet,restaurant,LabRestaurant,,,
node/2208221154,50.1025863,8.6370854,affinitaet,restaurant,Alim's frischer Fisch,,fish,
node/2216608060,50.112694,8.6769782,affinitaet,restaurant,MoschMosch,,japanese,
node/2225943856,50.1478543,8.7992658,affinitaet,restaurant,La Posata,,italian,
node/2229277394,50.0861669,8.6493117,affinitaet,restaurant,Cono Cimino 48,,italian,
node/224121626,50.1286349,8.7965305,affinitaet,restaurant,Bürgerhaus Rumpenheim,,german;greek,
node/2245235331,50.1198735,8.6945527,affinitaet,restaurant,Mika,,greek,
node/2252623986,50.118805,8.6927687,affinitaet,restaurant,Chi Chi Thai,,thai,
node/2269952999,50.1295283,8.712925,affinitaet,restaurant,Weisse Lilie,,spanish,
node/2273550653,50.1240006,8.7037531,affinitaet,restaurant,Lezizel,,turkish,
node/2273550659,50.123823,8.7033982,affinitaet,restaurant,My Pita,,,
node/2274924992,50.1263976,8.7076261,affinitaet,restaurant,bbq chicken,,korean,
node/2285744064,50.0498081,8.696096,affinitaet,restaurant,Restaurant Tonino,,italian;pizza,
node/2287688130,50.1074334,8.6611798,affinitaet,restaurant,Casino D-HA,,,
node/2289464584,50.1153787,8.6792747,affinitaet,restaurant,Buena Vista,,steak_house,
node/2293877484,50.0971204,8.5106234,affinitaet,restaurant,Ester's Restaurant,,italian,
node/2294693144,50.1260742,8.6103845,affinitaet,restaurant,Nile,,ethiopian;eritrean,
node/2295297548,50.1354336,8.5683107,affinitaet,restaurant,MoMo,,sushi,
node/2295764823,50.1268334,8.6087915,affinitaet,restaurant,Pizzeria Trattoria da Michele,,italian,
node/2298507118,50.0837496,8.6263525,affinitaet,restaurant,Bei Domenico,,pizza,
node/2302796651,50.0976755,8.4985095,affinitaet,restaurant,Momi's Biergrund,,german,
node/2315624544,50.1353124,8.6039985,affinitaet,restaurant,Saftladen,,,
node/2317184101,50.0839928,8.51527,affinitaet,restaurant,Topsis Burger,,burger,
node/2317188939,50.0808247,8.5167916,affinitaet,restaurant,Öz Antep Dönerhaus,,turkish,
node/2320005936,50.0058089,8.5674915,affinitaet,restaurant,Freudenpracht,,,
node/2337168532,50.0588562,8.695501,affinitaet,restaurant,Frankfurter Haus,,german,
node/2337168534,50.0515853,8.6954053,affinitaet,restaurant,Neuer Haferkasten,,italian,
node/2337512296,50.0873096,8.5078995,affinitaet,restaurant,Pizzeria Pomodoro,,pizza,
node/2339428569,50.0848234,8.5146811,affinitaet,restaurant,Indian Pepper,,indian,
node/2351460401,50.1046445,8.6390936,affinitaet,restaurant,Talbub,,,
node/2361993213,50.1267733,8.706959,affinitaet,restaurant,Da Franco,,italian,
node/2385038140,50.0070841,8.5742612,affinitaet,restaurant,Ciao,,italian,
node/2385038171,50.0068123,8.5736523,affinitaet,restaurant,'s Wirtshaus,,,
node/2386664779,50.0966161,8.4900232,affinitaet,restaurant,Restaurant Nassauer Hof,,international,
node/2394159264,50.1310138,8.6098996,affinitaet,restaurant,Fuchstanzklause,,german,
node/2395294160,50.1016268,8.6396579,affinitaet,restaurant,Chef's Flavour,,indian,
node/2402503475,50.1084858,8.7504222,affinitaet,restaurant,försters,,,
node/2408179319,50.1548502,8.749578,affinitaet,restaurant,Thai Dreams,,thai,
node/240903817,50.1161372,8.7102512,affinitaet,restaurant,Pizzeria Charly Braun,,pizza,
node/2418587996,50.1297701,8.6306342,affinitaet,restaurant,Zur Gießkanne,,german;indian,
node/2434796327,50.1248002,8.6860365,affinitaet,restaurant,Lazjan Restaurant,,uyghur,
node/2447052965,50.1174085,8.6342544,affinitaet,restaurant,Bella Vino,,,
node/2481446022,50.1253389,8.7074744,affinitaet,restaurant,Picknick,,oriental,
node/2495370203,50.1192129,8.6449896,affinitaet,restaurant,t-style,,japanese,
node/249664726,50.1326219,8.5277797,affinitaet,restaurant,Mamma Mia,,italian,
node/2500753373,50.1823248,8.6926348,affinitaet,restaurant,Hotel Harheimer Hof,,,
node/2501006112,50.1828878,8.6911739,affinitaet,restaurant,Da Aldo,,italian,
node/2517911563,50.1190238,8.4907908,affinitaet,restaurant,Ristorante Pizzeria Toni,,,
node/2523490696,50.1207247,8.6500058,affinitaet,restaurant,Lilium,,,
node/2531433329,50.1160793,8.6628473,affinitaet,restaurant,Der Thai,,thai,
node/2533462642,50.0946058,8.7253335,affinitaet,restaurant,Hensel's Felsenkeller,,german,
node/2536706361,50.1153942,8.6750032,affinitaet,restaurant,Der Grieche - Taverna,,greek,
node/2547525791,50.1064785,8.6903389,affinitaet,restaurant,Borsalino,,regional;italian,
node/2549551324,50.0031219,8.5739385,affinitaet,restaurant,Pizzeria La Capannina,,italian,
node/2550936894,50.1039064,8.6471857,affinitaet,restaurant,Kyo,,vietnamese,
node/2551095562,50.1045153,8.7655266,affinitaet,restaurant,Yugo 45,,,
node/2570264037,50.1433217,8.7550521,affinitaet,restaurant,Due Diavoli,,italian,
node/2579176064,50.1094535,8.663126,affinitaet,restaurant,Chez Ima,,,
node/2591446482,50.1058125,8.6918367,affinitaet,restaurant,Zum Grauen Bock,,,
node/2603024883,50.1050157,8.7584124,affinitaet,restaurant,Anatolia Restaurant,,turkish,
node/2624632271,50.1057389,8.6665422,affinitaet,restaurant,Le Méridien Brunch,,brunch,
node/2625363549,50.1010938,8.6580788,affinitaet,restaurant,Xiang,,chinese,
node/2626221394,50.1104946,8.69994,affinitaet,restaurant,Wirtshaus im Ostend,,regional,
node/2627682375,50.1206135,8.7058967,affinitaet,restaurant,La Margherita,,pizza,
node/262891434,50.1429665,8.5756513,affinitaet,restaurant,Goldene Krone,,chinese,
node/262891960,50.1426159,8.5755009,affinitaet,restaurant,Pizzeria Venezia,,pizza,
node/262891999,50.1424357,8.5753352,affinitaet,restaurant,Thong Thai,,thai,
node/264142632,50.1210722,8.6758684,affinitaet,restaurant,,,,
node/264143268,50.1202323,8.6860984,affinitaet,restaurant,Marinella,,italian,
node/2647302098,50.1035576,8.6791707,affinitaet,restaurant,Taj Mahal,,indian,
node/2647302211,50.1036855,8.6795212,affinitaet,restaurant,Jiyaa,,indian,
node/2647302223,50.1041594,8.6791253,affinitaet,restaurant,Pizzeria Dick & Doof,,pizza,
node/2647363797,50.104499,8.6782742,affinitaet,restaurant,La Tringa,,spanish,
node/2647428651,50.1026103,8.6803453,affinitaet,restaurant,Papa Napoli,,pizza,
node/2647751162,50.1053022,8.6781296,affinitaet,restaurant,Lohninger,,austrian,
node/2651846677,50.0975423,8.699078,affinitaet,restaurant,Kumba,,indian,
node/265561618,50.1170961,8.6864549,affinitaet,restaurant,Rama V,,thai,
node/265561658,50.1169003,8.6865766,affinitaet,restaurant,Curry Club,,indian,
node/2661220035,50.1028794,8.6786454,affinitaet,restaurant,Biondo,,italian,
node/266792904,50.1203628,8.6865888,affinitaet,restaurant,Seefeld,,,
node/266792956,50.1231669,8.6875514,affinitaet,restaurant,Pizzeria Il Cavallino,,italian_pizza;italian,
node/2671143832,50.1070062,8.6830017,affinitaet,restaurant,Zum Eisernen Steg,,lokal,
node/2671207583,50.1012663,8.6819627,affinitaet,restaurant,Bella Donna,,italian,
node/2672693279,50.0994519,8.682248,affinitaet,restaurant,Edelweiss,,austrian;german,
node/2672736708,50.100359,8.6821897,affinitaet,restaurant,Lua Cuisine,,vietnamese,
node/2672815303,50.10468,8.6842823,affinitaet,restaurant,Trattoria i Siciliani,,italian,
node/267282530,50.1421809,8.6477071,affinitaet,restaurant,Sanmaru,,korean;asian;japanese,
node/267286818,50.1458591,8.6764555,affinitaet,restaurant,Gasthaus Jahnvolk,,,
node/267289026,50.1308948,8.7086338,affinitaet,restaurant,Danji,,korean,
node/267289079,50.1286109,8.6946877,affinitaet,restaurant,L'isola Sarda,,italian,
node/267538016,50.120135,8.6796754,affinitaet,restaurant,Bistro Quer,,,
node/267538740,50.1183163,8.6799373,affinitaet,restaurant,Der Fette Bulle,,,
node/267543938,50.1314014,8.6260401,affinitaet,restaurant,KP21,,international,
node/268259091,50.1339016,8.6544491,affinitaet,restaurant,Restaurant ĆAĆA I SIN - Vater & Sohn am Europaturm,,balkan,
node/2683239351,50.107126,8.6838557,affinitaet,restaurant,Maaschanz,,french,
node/2683332105,50.1048823,8.6901035,affinitaet,restaurant,Struwwelpeter,,german,
node/2683495601,50.1052916,8.7064664,affinitaet,restaurant,Naša Kafana Frankfurt,,mediterranean,
node/2683677747,50.1044453,8.6925028,affinitaet,restaurant,Apfelwein Dax,,regional,
node/2683677757,50.1051652,8.6925683,affinitaet,restaurant,Zum Eichkatzerl,,regional,
node/2683677760,50.1048615,8.6904433,affinitaet,restaurant,Klaane Sachsehäuser,,regional,
node/2683677761,50.1048259,8.6922165,affinitaet,restaurant,Moti Mahal,,indian,
node/2683953145,50.1030857,8.6902972,affinitaet,restaurant,Lokalbahnhof,,,
node/2686568518,50.092125,8.673643,affinitaet,restaurant,Carisma,,italian,
node/269595103,50.1074288,8.6819432,affinitaet,restaurant,Bootshaus am Eisernen Steg,,,
node/269595104,50.1075582,8.682787,affinitaet,restaurant,Freigut,,,
node/2696336273,50.2193108,8.649051,affinitaet,restaurant,Gut Stubb,,greek,
node/2696906999,50.109073,8.6501776,affinitaet,restaurant,BLOCK HOUSE,BLOCK HOUSE,steak_house,
node/270456267,50.128598,8.6887285,affinitaet,restaurant,Cafe Groessenwahn,,,
node/2706991138,50.0966448,8.6843233,affinitaet,restaurant,Roma,,italian,
node/2706991161,50.0953931,8.681116,affinitaet,restaurant,Ristorante Colosseo,,italian,
node/2707752973,50.1009585,8.6919431,affinitaet,restaurant,Pizzeria Cimino,,italian,
node/2707752975,50.1010819,8.6915326,affinitaet,restaurant,Udon Thai Imbiss,,thai,
node/2708622495,50.1921693,8.7213358,affinitaet,restaurant,Ristorante Pizzeria Bella Italia,,italian;pizza,
node/2712358400,50.1511145,8.6235686,affinitaet,restaurant,Pizzeria Antico,,italian,
node/271242197,50.129121,8.7314983,affinitaet,restaurant,Il Doge,,italian,
node/2722086359,50.1298807,8.7135332,affinitaet,restaurant,Ristorante La Duchessa,,italian,
node/2724277150,50.1269639,8.7087173,affinitaet,restaurant,Viet PHO,,vietnamese,
node/2724277154,50.1267398,8.7083856,affinitaet,restaurant,Il Gambero Ristorante-Pizzeria,,italian,
node/2727292631,50.1499221,8.8012777,affinitaet,restaurant,Due Diavoli,,pasta;pizza,
node/2735800881,50.1090165,8.652836,affinitaet,restaurant,ALEX,ALEX,german;burger;ice_cream;breakfast;french;steak_house,
node/2737353184,50.0532662,8.6923224,affinitaet,restaurant,Pizzeria San Remo,,italian;pizza,
node/2743590538,50.1329066,8.7292434,affinitaet,restaurant,Diva,,mediterranean,
node/2745879219,50.1336891,8.7118484,affinitaet,restaurant,Trattoria Paparazzi,,italian,
node/275147709,50.1435266,8.5700885,affinitaet,restaurant,Bauernschänke,,,
node/2752157993,50.1079693,8.6607188,affinitaet,restaurant,Punto e Pasta,,pizza,
node/2752165880,50.1085235,8.663294,affinitaet,restaurant,Tatie,,moroccan,
node/2752188998,50.1080922,8.6679777,affinitaet,restaurant,La Mex Lounge,,mexican,
node/279289223,50.1847253,8.7463059,affinitaet,restaurant,Alte Mühle,,german;international,
node/2801580765,50.0989019,8.6933243,affinitaet,restaurant,Main Diner,,steak_house,
node/2801580766,50.1001355,8.6926934,affinitaet,restaurant,Espanita,,spanish;tapas,
node/280227317,50.1520708,8.6910899,affinitaet,restaurant,Asia Snack,,asian,
node/2811728001,50.1156428,8.6971828,affinitaet,restaurant,Home Ramen,,,
node/2819332854,50.052821,8.5682215,affinitaet,restaurant,ALEX,ALEX,international,
node/2819332857,50.0523799,8.5680719,affinitaet,restaurant,Paulaner,,bavarian,
node/2823666398,50.1296853,8.7155074,affinitaet,restaurant,Der Buchwald,,regional,
node/2824787960,50.0989022,8.7027355,affinitaet,restaurant,Pizzeria Artissima,,italian,
node/282654608,50.1266064,8.6744711,affinitaet,restaurant,Demera,,ethiopian,
node/2829277105,50.1227011,8.7004424,affinitaet,restaurant,Pho 97,,vietnamese,
node/2829882358,50.1305325,8.7375014,affinitaet,restaurant,Pizzeria Da Stefano,,pizza,
node/2830197212,50.1199098,8.6988582,affinitaet,restaurant,Shinjuku Sushi,,japanese,
node/2830219962,50.1209128,8.6967774,affinitaet,restaurant,Say Cheese,,pasta,
node/2830219968,50.121132,8.6977939,affinitaet,restaurant,Donaladn meat(&) Borgaladn,,,
node/2830219977,50.1220284,8.6996707,affinitaet,restaurant,Kebab'ry 100,,,
node/2830340731,50.1195124,8.6941969,affinitaet,restaurant,Bistro Bornheim,Die Kooperative eG,regional,
node/2830340732,50.1190287,8.6931829,affinitaet,restaurant,Tibet Dawa Momo,,asian,
node/2844961801,50.1305707,8.714194,affinitaet,restaurant,Pizzeria Markoni,,pizza,
node/2861772717,50.1070485,8.7617387,affinitaet,restaurant,Bambus,,chinese,
node/2863803707,50.1042537,8.7641136,affinitaet,restaurant,Omori Sushi,,japanese,
node/2864050601,50.0881154,8.6687038,affinitaet,restaurant,Pizzeria la Locanda,,pizza,
node/2865896538,50.1075464,8.7538397,affinitaet,restaurant,Kanouhou,,,
node/2866252501,50.0868433,8.6458959,affinitaet,restaurant,Mai fresh asia Bistro,,asian,
node/286821245,50.1837217,8.7435274,affinitaet,restaurant,Escudo Cantina y Bar,,mexican,
node/286822846,50.1827291,8.7437586,affinitaet,restaurant,Pizza Don Vito,,pizza,
node/2884932853,50.1124441,8.6668818,affinitaet,restaurant,The Lobby,,italian,
node/2884935679,50.1118738,8.6661029,affinitaet,restaurant,Isoletta,,italian;german,
node/2886595778,50.0870322,8.6920673,affinitaet,restaurant,Casa Isoletta,,italian,
node/2891403503,50.0996744,8.7159651,affinitaet,restaurant,Pizzeria Cravatta,,pizza,
node/2894252981,50.0644648,8.5362945,affinitaet,restaurant,Pizzeria Piccolo Mondo,,pizza,
node/290629233,50.1213271,8.6976345,affinitaet,restaurant,Usta & Capo,,,
node/290629234,50.1220593,8.6969288,affinitaet,restaurant,Shisan,,sushi,
node/290629235,50.122218,8.696135,affinitaet,restaurant,Forno d'Oro II,,italian,
node/290629238,50.1172466,8.6959453,affinitaet,restaurant,Bangkok,,thai,
node/290629239,50.1183671,8.697247,affinitaet,restaurant,Buchholz,,german,
node/290823696,50.1236398,8.6993248,affinitaet,restaurant,Krapao Thai Bistro,,thai,
node/2910974723,50.1300143,8.5931155,affinitaet,restaurant,Frankfurter Äpfelwein Botschaft,,regional,
node/2914927128,50.1437479,8.7263768,affinitaet,restaurant,Tarantella,,pizza,
node/2916568619,50.1411666,8.5661466,affinitaet,restaurant,Dalmatia,,croatian;argentinian;irish;regional;fish;salad,
node/2917378808,50.0980856,8.7315507,affinitaet,restaurant,Trattoria Pizzeria Garofalo,,italian;pizza,
node/2917456901,50.1004725,8.7265862,affinitaet,restaurant,Ulsan Ffm Korean Fried Chicken,,korean,
node/292045695,50.1113133,8.7122025,affinitaet,restaurant,Comai,,vietnamese,
node/292046702,50.1143939,8.7237687,affinitaet,restaurant,Starnberger Wirtshaus,,,
node/292047061,50.1145867,8.7228611,affinitaet,restaurant,Bar Alimentari,,,
node/292047525,50.1151819,8.7236282,affinitaet,restaurant,Das Leben ist schön,,italian,
node/292198843,50.1171978,8.6461296,affinitaet,restaurant,Immer Satt,,german,
node/292373304,50.1108398,8.6860874,affinitaet,restaurant,Paulaner am Dom,,regional;german,
node/292379406,50.1124331,8.6796531,affinitaet,restaurant,Paninoteca,,,
node/292406502,50.1478885,8.6818189,affinitaet,restaurant,Ni Hao Kaiser China Bistro,,chinese,
node/292406503,50.1494951,8.6808605,affinitaet,restaurant,La Case del Nonno,,italian,
node/292694135,50.1385707,8.670761,affinitaet,restaurant,Pizzeria Cimino,,italian,
node/2927099354,50.1422073,8.5646823,affinitaet,restaurant,Pizzeria Sorrento,,pizza,
node/292848706,50.0990003,8.5624834,affinitaet,restaurant,Der Goldene Wok,,asian,
node/2930751523,50.104458,8.6415051,affinitaet,restaurant,Eliá,,greek,
node/2931734735,50.0557058,8.5287642,affinitaet,restaurant,Hotel Lindenhof,,,
node/2935905171,50.1243005,8.709389,affinitaet,restaurant,Henscheid,,,
node/2937623752,50.069496,8.4870956,affinitaet,restaurant,Zum Engel,,spanish,
node/2948781962,50.1215598,8.6564711,affinitaet,restaurant,Restaurant Lafleur,,fine_dining;mediterranean,
node/2948787346,50.1089993,8.6701189,affinitaet,restaurant,Kabuki,,japanese,
node/2948877757,50.1156509,8.6719402,affinitaet,restaurant,Restaurant Opéra,,,
node/2949659233,50.1162237,8.6795448,affinitaet,restaurant,CoCo,,korean,
node/2959429495,50.1131734,8.6650052,affinitaet,restaurant,Matsuri,,fish,
node/2965822137,50.10461,8.6644216,affinitaet,restaurant,Molana,,persian,
node/296584913,50.1001594,8.544877,affinitaet,restaurant,Wunderbar,,international,
node/2970680800,50.1213061,8.6708494,affinitaet,restaurant,Dominion Food Revolution,,arab;burger;israeli,
node/2970680806,50.1207749,8.6742285,affinitaet,restaurant,Maria & Giovanni,,italian,
node/2970680823,50.1211811,8.6720894,affinitaet,restaurant,VaiVai,,,
node/2970680828,50.1210052,8.6750622,affinitaet,restaurant,Brizzis,,italian,
node/2970681136,50.120927,8.6722092,affinitaet,restaurant,Watra,,ukrainian,
node/298336787,50.0945314,8.4943455,affinitaet,restaurant,Der Löwe-Das Lokal,,,
node/2989330255,50.0946376,8.6823134,affinitaet,restaurant,carmelo greco,,italian,
node/2994383333,50.0824993,8.6089884,affinitaet,restaurant,Haus Goldstein,,croatian,
node/3004075414,50.2106967,8.7512275,affinitaet,restaurant,Trattoria Bella,,italian,
node/30131003,50.0144384,8.5762762,affinitaet,restaurant,Der Gundhof,,german,
node/301332530,50.1249001,8.6945369,affinitaet,restaurant,Essenza,,italian,
node/301333205,50.1305687,8.6460816,affinitaet,restaurant,Piri Piri | The Home of Fried and Grilled Chicken,,,
node/301814887,50.1548863,8.6009546,affinitaet,restaurant,"Markt, Café, Restaurant",,,
node/3025877866,50.1323261,8.7552583,affinitaet,restaurant,Exenberger - Die Werkskantine,,international,
node/302803335,50.1276004,8.6853662,affinitaet,restaurant,Papanova,,italian,
node/3029820629,50.1690354,8.5750323,affinitaet,restaurant,Restaurant GoGung,,korean,
node/3038923333,50.0974519,8.7543679,affinitaet,restaurant,Big Mama Pizza & Döner,,turkish,
node/3039152734,50.0935121,8.7523591,affinitaet,restaurant,Pizzeria Tevere,,pizza,
node/3039152735,50.0937214,8.7529551,affinitaet,restaurant,Antalya Döner & Pizza,,turkish,
node/3039152736,50.0939466,8.7531215,affinitaet,restaurant,Asia Imbiss Nja Trang,,asian,
node/304002576,50.1548071,8.7492707,affinitaet,restaurant,Rüan Mhai,,thai,
node/3040626482,50.1168083,8.6044526,affinitaet,restaurant,Kleingartenverein Kuhwald e.V. Frankfurt,,,
node/3040626505,50.2299189,8.6671137,affinitaet,restaurant,Zum Wingert,,indian,
node/304199749,50.1250464,8.6859719,affinitaet,restaurant,Mamma Gianna,,,
node/304199984,50.1250359,8.6863957,affinitaet,restaurant,Siettimo Cielo,,italian,
node/3042366067,50.1153786,8.6726748,affinitaet,restaurant,Amoroso an der Alten Oper,,,
node/3051707791,50.0575045,8.6985903,affinitaet,restaurant,Restaurant Troja,,greek,
node/3052171251,50.1114187,8.683338,affinitaet,restaurant,Margarete Restaurant,,german,
node/305591770,50.1261548,8.692286,affinitaet,restaurant,Carte blanche,,international,
node/3076594033,50.1072201,8.7467489,affinitaet,restaurant,Pizzeria Da Jassi,,pizza;pasta;indian,
node/3076676834,50.1057315,8.7497694,affinitaet,restaurant,Velluto,,italian,
node/3076818046,50.1505639,8.6872486,affinitaet,restaurant,Momok Sushi,,,
node/3087558799,50.0139657,8.5834864,affinitaet,restaurant,Medina,,moroccan,
node/3090778301,50.0497386,8.6973435,affinitaet,restaurant,El Sombrero,,mexican,
node/3093059607,50.1052376,8.7158221,affinitaet,restaurant,platzhirsch,,german,
node/310013239,50.1313001,8.684628,affinitaet,restaurant,Nibelungen-Schänke,,,
node/310664573,50.1024127,8.5968179,affinitaet,restaurant,Pizzeria L'Aurora,,italian;pizza;mediterranean,
node/311760839,50.116889,8.6796717,affinitaet,restaurant,Eschenheimer Turm,,,
node/3123147527,50.1078684,8.6622823,affinitaet,restaurant,Wirtshaus,,,
node/3125512242,50.1207848,8.7066383,affinitaet,restaurant,Viking,,kebab;pizza,
node/3125564029,50.1065987,8.7520256,affinitaet,restaurant,MR. HAI,,asian,
node/3125564930,50.1080094,8.7545668,affinitaet,restaurant,Trattodino in der Weinstube,,italian,
node/3129363093,50.1024961,8.6364363,affinitaet,restaurant,Anka Steak Kebap,,,
node/313178496,50.1611276,8.6777274,affinitaet,restaurant,Zur Kastanie,,,
node/313295585,50.1293168,8.6914987,affinitaet,restaurant,Schandis,,persian,
node/3136353397,50.1101392,8.6515466,affinitaet,restaurant,Hanako,,japanese,
node/3146403213,50.1785884,8.7363472,affinitaet,restaurant,Pizzeria Pisa,,italian;pizza,
node/3149228349,50.1781659,8.7358172,affinitaet,restaurant,Cô Kim,,vietnamese,
node/315864571,50.1069075,8.6678745,affinitaet,restaurant,Yaldy,,,
node/3159059461,50.145404,8.758884,affinitaet,restaurant,Pizzeria Dino,,italian,
node/3160972462,50.1025477,8.7652374,affinitaet,restaurant,Sultan Sofrasi,,turkish,
node/316234964,50.141438,8.6480086,affinitaet,restaurant,Pizzeria Jonny Frankfurt,,italian,
node/316268294,50.1029502,8.6737686,affinitaet,restaurant,Holbein's,,international,
node/316294225,50.1454071,8.6513025,affinitaet,restaurant,Pizza 6611,,italian,
node/3163267923,50.1036643,8.7658512,affinitaet,restaurant,Brasserie “beau d’eau”,,,
node/3163267924,50.1033658,8.7659221,affinitaet,restaurant,Fleischeslust,,,
node/3163267927,50.1037648,8.7669718,affinitaet,restaurant,Morleos,,international,
node/3166127547,50.1138161,8.6824887,affinitaet,restaurant,Shari Curry,,indian,
node/3168923284,50.1518641,8.6268138,affinitaet,restaurant,Pizzeria Vesuvio,,pizza,
node/317005845,50.1302734,8.6883866,affinitaet,restaurant,Curry & Tandoori House,,indian,
node/317191920,50.1371632,8.6707382,affinitaet,restaurant,Ristorante Bologna,,italian,
node/3176438769,50.1033935,8.7534042,affinitaet,restaurant,Die Zwei,,italian,
node/3176598162,50.1034514,8.7568026,affinitaet,restaurant,La Pineta Ristorante,,italian,
node/318675666,50.145548,8.6674926,affinitaet,restaurant,Zur kleinen Grotte,,,
node/3212214662,50.0932542,8.767766,affinitaet,restaurant,Bauenschänke,,,
node/3212214761,50.092958,8.7678087,affinitaet,restaurant,Zum Faß,,,
node/3213677883,50.1853555,8.6925888,affinitaet,restaurant,Perle,,indian;german,
node/322806293,50.1414872,8.6805942,affinitaet,restaurant,Pizzeria Fortunato,,pizza,
node/322816240,50.1409017,8.6779669,affinitaet,restaurant,Pizza Nostra,,pizza,
node/322816260,50.1405442,8.676623,affinitaet,restaurant,Trattoria Di Liberto,,,
node/322824297,50.1387829,8.6714722,affinitaet,restaurant,Eat 'n' Art,,,
node/3233282837,50.1129632,8.6859211,affinitaet,restaurant,Prik Thai Restaurant,,thai,
node/3241178322,50.1157121,8.6627704,affinitaet,restaurant,Arkadius,,polish,
node/3241518612,50.1152205,8.658762,affinitaet,restaurant,Fratello Deli & Bar,,italian;pizza,
node/32419989,50.1340104,8.6452608,affinitaet,restaurant,Shalom Makkabi,,jewish,
node/32419990,50.1440883,8.6492332,affinitaet,restaurant,Zum Adler,,balkan,
node/32419991,50.1456218,8.6438245,affinitaet,restaurant,Ginnheimer Wirtshaus,,,
node/32422167,50.1408102,8.6391523,affinitaet,restaurant,Restaurant Le Phenix,,international,
node/32599700,50.0570175,8.5307867,affinitaet,restaurant,Zum Siedlerhaus,,german;persian,
node/3279881340,50.0987392,8.5463522,affinitaet,restaurant,Da Vincenzo - Zur goldenen Rose,,italian,
node/3296334569,50.1234802,8.598261,affinitaet,restaurant,Kantine Beim Dicken Andi,,regional,
node/3296395513,50.1027347,8.774127,affinitaet,restaurant,Monte Cristo,,russian,
node/3296491261,50.1014336,8.7764233,affinitaet,restaurant,La Campanella,,italian,
node/330486185,50.1491184,8.657472,affinitaet,restaurant,Da Matteo,,italian,
node/330486290,50.1528122,8.6609643,affinitaet,restaurant,Nuraghe,,italian,
node/330486313,50.1510546,8.6633169,affinitaet,restaurant,Brighella,,,
node/330488812,50.1284702,8.7072197,affinitaet,restaurant,Chairs,,,
node/3306282851,50.1114962,8.6033023,affinitaet,restaurant,Gaststätte Löwenzahn,,,
node/3306282860,50.1143881,8.6061196,affinitaet,restaurant,Taverna Gefyra,,,
node/331455585,50.1343146,8.6529854,affinitaet,restaurant,Restaurant Feldbergblick,,international;regional,
node/331455586,50.1336394,8.6502649,affinitaet,restaurant,Zur Gartenklause,,german;balkan,
node/3321108494,50.0484442,8.5741303,affinitaet,restaurant,Deli Bros,,,
node/3321108539,50.0502654,8.5727133,affinitaet,restaurant,Käfer's,,,
node/3321108766,50.0492757,8.5730257,affinitaet,restaurant,Puro Gusto,,,
node/3339627738,50.1207679,8.6897497,affinitaet,restaurant,Napolimania,,italian,
node/3349677150,50.1226338,8.6466826,affinitaet,restaurant,Maison de Banh Mi,,vietnamese,
node/3370818493,50.120608,8.6704457,affinitaet,restaurant,Westend Döner & Pizza,,turkish,
node/3373876305,50.1071115,8.6664373,affinitaet,restaurant,Selera,,malaysian;chinese,
node/337401195,50.1275014,8.6847879,affinitaet,restaurant,Quan Van,,vietnamese,
node/3376565342,50.0643253,8.5307389,affinitaet,restaurant,Pizzeria Da Michele,,italian,
node/3376816593,50.118973,8.66587,affinitaet,restaurant,Ranch and sea,,steak_house,
node/3376821393,50.119568,8.665285,affinitaet,restaurant,Machiavelli,,italian,
node/338501248,50.1606977,8.6478566,affinitaet,restaurant,Pizzeria Da Cimino Da Rosa,,italian,
node/3387385746,50.1043782,8.757031,affinitaet,restaurant,Fischmarkt Mare Azzurro,,seafood,
node/3388355730,50.1052215,8.7589002,affinitaet,restaurant,Fantasia 1,,italian,
node/338908890,50.1276216,8.6830834,affinitaet,restaurant,Da Monica,,italian,
node/338908906,50.1274504,8.6845146,affinitaet,restaurant,Matcha Matcha Tokyo,,,
node/3389557508,50.0533784,8.694705,affinitaet,restaurant,Ristorante Di Piu,,italian,
node/339336522,50.1494016,8.6650312,affinitaet,restaurant,Ha Noi Cuisine,,vietnamese,
node/3397331262,50.0551233,8.6953756,affinitaet,restaurant,Bella Italia,,italian;pizza,
node/3397331270,50.0568378,8.69502,affinitaet,restaurant,Harmonie,,,
node/3397331283,50.0526444,8.6950672,affinitaet,restaurant,Nigiri Sushi,,sushi,
node/33978898,50.1406214,8.6992886,affinitaet,restaurant,Friedberger Warte,,,
node/3434549660,50.107501,8.6286121,affinitaet,restaurant,Kulayan,,nepalese,
node/3439701062,50.0954542,8.7601196,affinitaet,restaurant,Fantasia 2 Due,,pizza,
node/3439708804,50.1031068,8.7619841,affinitaet,restaurant,Chicken & Chicken,,chicken,
node/3444583644,50.1088796,8.6156988,affinitaet,restaurant,Wie Zuhause,,balkan,
node/3454255737,50.0489856,8.6950945,affinitaet,restaurant,AMAR Indisches Restaurant & Cocktailbar,,indian,
node/3454256873,50.0520418,8.6954255,affinitaet,restaurant,Ristorante Pizzeria Pinocchio,,italian;pizza,
node/34686317,50.109653,8.7658296,affinitaet,restaurant,Speisegaststätte Schlossblick,,greek,
node/3488506526,50.1123846,8.6818712,affinitaet,restaurant,Gusto,,italian,
node/34918767,50.1059986,8.7212984,affinitaet,restaurant,Gerbermühle,,regional,
node/3493053893,50.1175134,8.7812324,affinitaet,restaurant,Zur Schönen Aussicht,,,
node/3493072693,50.1154656,8.7833799,affinitaet,restaurant,Hellena,,italian,
node/3506154710,50.0498478,8.7002575,affinitaet,restaurant,Steakhouse El Paso,,steak_house;argentinian,
node/3508429515,50.0508281,8.6917606,affinitaet,restaurant,Pizzeria Da Capo,,pizza,
node/3547370204,50.109979,8.668522,affinitaet,restaurant,Tokygon,,japanese,
node/3549075041,50.0678612,8.6423349,affinitaet,restaurant,VierF,,,
node/3578180093,50.1050062,8.7526268,affinitaet,restaurant,Refinado,,maroccan,
node/3599904752,50.1011675,8.681481,affinitaet,restaurant,Sushiko,,sushi,
node/3602062980,50.1003441,8.6851396,affinitaet,restaurant,Marjan,,,
node/3610389327,50.1050359,8.6880204,affinitaet,restaurant,Coq au Vin,,french,
node/3611210449,50.1161725,8.6951727,affinitaet,restaurant,Tavernaki Taverna,,,
node/3615621838,50.1129064,8.6837813,affinitaet,restaurant,Markt-Stubb,,german,
node/3649317747,50.1916,8.7247,affinitaet,restaurant,Soho Tokyo,,,
node/3649317754,50.1770735,8.7354392,affinitaet,restaurant,Pizzeria Il Sorriso,,italian,
node/3649317757,50.171511,8.7386005,affinitaet,restaurant,Ristorante & Pizzaria Bella Vista,,german;italian;pizza;pasta,
node/3649317758,50.1819843,8.7425568,affinitaet,restaurant,Paso Doble,,steak;tapas,
node/3649317761,50.1803033,8.729111,affinitaet,restaurant,TC Bad Vilbel Clubhaus,,,
node/3649317765,50.1913,8.7225,affinitaet,restaurant,Zum Knoche,,regional,
node/3649317767,50.1825279,8.7435169,affinitaet,restaurant,Zur Krone,,croatian;regional,
node/3654113625,50.1743708,8.6299511,affinitaet,restaurant,Minerva,,,
node/3685495681,50.1155867,8.6727573,affinitaet,restaurant,Papa Enj,,international,
node/369312947,50.1295811,8.6726616,affinitaet,restaurant,Pizzeria Roma,,,
node/3704951549,50.1227046,8.6471795,affinitaet,restaurant,block 12,,chinese,
node/3705469193,50.0494869,8.6950695,affinitaet,restaurant,Phở House,,vietnamese,
node/3705471834,50.0473377,8.6950597,affinitaet,restaurant,S-Bar Wölfing,,regional,
node/3708981409,50.1083639,8.6477269,affinitaet,restaurant,The Noodlemaker,,asian;chinese;diner;noodles;oriental,
node/3732798250,50.1097819,8.6748494,affinitaet,restaurant,Kamon Sushi Bar,,sushi,
node/3732798251,50.1098966,8.6753779,affinitaet,restaurant,Iroha,,japanese,
node/3744016359,50.1267249,8.6853898,affinitaet,restaurant,napolissimo,,,
node/3752049003,50.113205,8.6561537,affinitaet,restaurant,Ramen Jun,,japanese,
node/3752051856,50.1130549,8.6773287,affinitaet,restaurant,Nomu Sushi Bar,,japanese,
node/3761145213,50.1044252,8.6886836,affinitaet,restaurant,Ebbelwoi Unser Apfelweinwirtschaft,,regional,
node/3768355403,50.1004853,8.5466885,affinitaet,restaurant,Hoechster Genuss Schmiede,,international,
node/3786683598,50.123923,8.6809533,affinitaet,restaurant,PATTAYA  Thai Restaurant,,,
node/3807113200,50.1032855,8.6440293,affinitaet,restaurant,90 Secondi,,pizza,
node/3807113206,50.1039738,8.6433932,affinitaet,restaurant,Asian Flavors,,chinese;asian,
node/3807113207,50.1077443,8.651563,affinitaet,restaurant,DaVinc Cucina e Vino,,italian,
node/3807114320,50.1038688,8.6361339,affinitaet,restaurant,Holzofenpizza ENGEL,,italian,
node/3828163457,50.1360175,8.571444,affinitaet,restaurant,Broadway Lounge,,,
node/3867733208,50.1118148,8.6787544,affinitaet,restaurant,Medici,,italian,
node/387771680,50.1555471,8.7544836,affinitaet,restaurant,Pizzeria Casadino,,italian,
node/3891486472,50.1128398,8.679996,affinitaet,restaurant,Cafe und Bar Celona,,spanish,
node/3893603374,50.1088067,8.6707027,affinitaet,restaurant,Mizu,,,
node/3894605191,50.1209691,8.5678424,affinitaet,restaurant,Pizzeria Acquario,,,
node/3900160085,50.1078974,8.6589253,affinitaet,restaurant,True Tasty,,chinese,
node/3906983263,50.1053349,8.6896803,affinitaet,restaurant,MyPita,,greek,
node/391210025,50.0753633,8.5210322,affinitaet,restaurant,Opatija,,croatian,
node/3927383319,50.20162,8.6738317,affinitaet,restaurant,Osteria Amici,,italian,
node/3932249669,50.1108417,8.6845849,affinitaet,restaurant,Cucina delle Grazie,,italian,
node/3977997924,50.1042702,8.7653718,affinitaet,restaurant,Boz Urfa Kebap,,turkish,
node/3983438557,50.1119555,8.6841523,affinitaet,restaurant,Fisch Franke,,seafood,
node/3993809887,50.1198058,8.6779055,affinitaet,restaurant,Quattro Stagioni,,pizza,
node/4004775094,50.1166394,8.6804352,affinitaet,restaurant,Aroydee,,thai,
node/4004794552,50.1224221,8.681345,affinitaet,restaurant,C.A. Sa ViP,,italian,
node/4007668730,50.0837894,8.6311506,affinitaet,restaurant,Consortium,,,
node/4011403765,50.1111604,8.7031452,affinitaet,restaurant,Pizzeria Mille Lire,,pizza,
node/4019451860,50.1211422,8.6702893,affinitaet,restaurant,Sushi am Main,,japanese,
node/4019606813,50.1118733,8.7051867,affinitaet,restaurant,Jesse James,,international,
node/4021621289,50.117156,8.6860187,affinitaet,restaurant,China Leckerbissen,,chinese,
node/4021659928,50.1169552,8.6851529,affinitaet,restaurant,,,,
node/4030016899,50.1207269,8.6736423,affinitaet,restaurant,Tre Stelle,,pizza,
node/4031701294,50.1617285,8.6403334,affinitaet,restaurant,Landhaus zum Stöffche,,,
node/4037207273,50.0577973,8.6967079,affinitaet,restaurant,Bobbestübche,,german,
node/4037207275,50.0487544,8.7042271,affinitaet,restaurant,Joe’s Burgers,,burger,
node/4037207279,50.0507069,8.695094,affinitaet,restaurant,Izz’ET Steinofen & Holzkohlegrill,,barbecue;turkish,
node/4037207287,50.0537753,8.6953851,affinitaet,restaurant,Meandros,,greek;mediterranean,
node/4037209291,50.0530915,8.6869593,affinitaet,restaurant,Pizzeria per Fratelli,,italian;pizza,
node/4043606260,50.149238,8.6652003,affinitaet,restaurant,Monte Bianco,,italian,
node/4047898590,50.1223338,8.6674043,affinitaet,restaurant,Koh Samui Kitchen,,thai,
node/4054714599,50.1148513,8.6760843,affinitaet,restaurant,Thong Thai,,thai,
node/4054927007,50.1222176,8.678452,affinitaet,restaurant,Vinesso,,italian,
node/4078041404,50.1086709,8.6402665,affinitaet,restaurant,Casino,,,
node/4078715290,50.1313156,8.6842893,affinitaet,restaurant,Oinotheke,,,
node/4080919227,50.1139874,8.7188641,affinitaet,restaurant,OST/viertel,,,
node/4083338228,50.1126009,8.7064001,affinitaet,restaurant,Himalaya Laternchen,,indian,
node/4083338229,50.1177667,8.6966411,affinitaet,restaurant,Tibet Bistro,,,
node/4083427513,50.1073757,8.6255322,affinitaet,restaurant,GORENSHI,,sushi;japanese;vietnamese,
node/4084633977,50.097566,8.5658708,affinitaet,restaurant,Gang Na Ru (Authentisches Korean Restaurant),,korean,
node/4086950122,50.1154375,8.5567193,affinitaet,restaurant,Asia Bistro Bao,,asian,
node/4086950141,50.1171829,8.5621329,affinitaet,restaurant,Pizzeria Piccolina,,pizza,
node/4086950144,50.0989407,8.5660708,affinitaet,restaurant,Ristorante Pizzeria Imola,,italian,
node/4087631676,50.1236374,8.5907402,affinitaet,restaurant,Bistro110,,,
node/4093361236,50.1059108,8.6924547,affinitaet,restaurant,Muku,,japanese,
node/4093366778,50.1120219,8.7131529,affinitaet,restaurant,Masa,,japanese,
node/4095041411,50.0645271,8.5286044,affinitaet,restaurant,Zum Schützenhof,,,
node/4095090890,50.0658921,8.5285758,affinitaet,restaurant,Vereinslokal BSC 47 Kelsterbach,,,
node/4109159591,50.0960697,8.6638684,affinitaet,restaurant,Ristorante Pizzeria Picasso,,italian,
node/4110115507,50.1276081,8.7099016,affinitaet,restaurant,Gambrinus am Eck,,,
node/411717979,50.1195306,8.6488857,affinitaet,restaurant,Sissi und Franz,,burger,
node/411722094,50.1185391,8.6475112,affinitaet,restaurant,Namaste India,,indian,
node/4120857798,50.1191558,8.7850621,affinitaet,restaurant,Pizzeria Primavera,,,
node/4120872860,50.116601,8.7832421,affinitaet,restaurant,Pizzeria Milano,,,
node/4121876967,50.1412043,8.5718663,affinitaet,restaurant,Ristorante Gavi,,italian,
node/4122539190,50.089191,8.6785958,affinitaet,restaurant,Rosisten 2 Gaststätte,,german,
node/412339267,50.1065201,8.6738006,affinitaet,restaurant,Main Nizza,,,
node/4125331526,50.1131622,8.7541919,affinitaet,restaurant,L'Osteria,L'Osteria,italian,
node/413110332,50.1401627,8.683157,affinitaet,restaurant,Kuli Alma,,israeli,
node/4138356464,50.1026973,8.6774714,affinitaet,restaurant,Yue Wei - kantonesische Spezialitäten,,cantonese,
node/4143236089,50.1156244,8.6757004,affinitaet,restaurant,Higematsu,,japanese,
node/4145086044,50.2172402,8.6508223,affinitaet,restaurant,Der Oberhof,,,
node/4157986409,50.1165428,8.6464821,affinitaet,restaurant,Onkel Lam,,vietnamese,
node/4157986889,50.1168394,8.6482349,affinitaet,restaurant,Pizzeria Saporito,,italian,
node/4157986989,50.1181577,8.6451247,affinitaet,restaurant,Pizzeria Paolo,,pizza,
node/4158432389,50.1985792,8.6701764,affinitaet,restaurant,Trattoria Da Mario,,italian,
node/4161896393,50.1932324,8.6560416,affinitaet,restaurant,Planet Sushi,,japanese,
node/416666802,50.1264415,8.6413409,affinitaet,restaurant,Andalucia,,spanish,
node/416666892,50.1239252,8.6403403,affinitaet,restaurant,K-Pocket,,korean,
node/416666893,50.124021,8.6406251,affinitaet,restaurant,Lhamo Bistro,,tibetan,
node/416666910,50.1244818,8.6417065,affinitaet,restaurant,Ouzeri Meraki,,greek,
node/4171731954,50.1249873,8.6107565,affinitaet,restaurant,Istanbul,,turkish,
node/4172507699,50.1129604,8.7303597,affinitaet,restaurant,Giulio,,pizza,
node/4175671089,50.1020788,8.6800726,affinitaet,restaurant,Lavorato,,italian,
node/4177158848,50.1140729,8.6691722,affinitaet,restaurant,Moriki,,japanese,
node/418164066,50.1104946,8.5375594,affinitaet,restaurant,Pizza Ciro,,italian,
node/418698086,50.1585545,8.6495575,affinitaet,restaurant,Gaststätte Momberger,,,
node/418698089,50.1573886,8.648403,affinitaet,restaurant,Speisekammer,,regional,
node/418751519,50.1562715,8.6455267,affinitaet,restaurant,Zum Clubhaus,,,
node/419849090,50.1337128,8.6246441,affinitaet,restaurant,Ellerfeldschänke,,greek,
node/4227289491,50.1149519,8.6733492,affinitaet,restaurant,Meyer's,,,
node/4229650876,50.1149424,8.6745792,affinitaet,restaurant,Gallo Nero,,italian,
node/4229650878,50.1151591,8.6746623,affinitaet,restaurant,Die Leiter,,,
node/4229650882,50.1146835,8.6749051,affinitaet,restaurant,die focacceria,,italian,
node/4229656290,50.1145468,8.6758385,affinitaet,restaurant,Pomodoro,,italian,
node/423205792,50.1238443,8.6452424,affinitaet,restaurant,La Tabla Rasa,,,
node/423205796,50.124232,8.64572,affinitaet,restaurant,"Gaststätte ""Graf 19""",,,
node/423205953,50.1211566,8.6493835,affinitaet,restaurant,Mezzanotte,,italian,
node/4233686881,50.110806,8.6821401,affinitaet,restaurant,Binding-Schirn,,regional,
node/4254777089,50.1673158,8.6774648,affinitaet,restaurant,Pizzeria Sun,,italian,
node/425855742,50.1605565,8.645551,affinitaet,restaurant,Nassauer Hof,,,
node/4268072817,50.0849569,8.5149883,affinitaet,restaurant,La Marina,,,
node/4276179231,50.1228805,8.7008309,affinitaet,restaurant,Tischlein deck dich,,,
node/4303464165,50.1234938,8.6376816,affinitaet,restaurant,Pizzeria Uno,,italian;pizza;indian,
node/431261872,50.1051969,8.6914692,affinitaet,restaurant,Frau Rauscher,,,
node/431261876,50.1052762,8.690589,affinitaet,restaurant,Sapo Rey – Froschkönig,,Colombian,
node/431266461,50.1054458,8.6912429,affinitaet,restaurant,Lorsbacher Thal,,regional,
node/431275460,50.1059108,8.6912797,affinitaet,restaurant,Mommona,,african,
node/431361507,50.1160902,8.6463226,affinitaet,restaurant,Isoletta,,italian,
node/431361515,50.1173135,8.6435048,affinitaet,restaurant,Bockenheimer Stubb,,,
node/4317026389,50.1374428,8.6676165,affinitaet,restaurant,Sushi Sensei,,japanese;sushi,
node/4318008302,50.0597497,8.5341022,affinitaet,restaurant,Frankies Steak & Burger,,,
node/4329571324,50.1275422,8.6867643,affinitaet,restaurant,La Cevi,,peruvian,
node/4330794624,50.1159279,8.6633541,affinitaet,restaurant,Das Nudel Ding,,chinese,
node/4333882310,50.116244,8.6849439,affinitaet,restaurant,Shiso,,asian,
node/4339342530,50.1267461,8.612112,affinitaet,restaurant,Tandoori,,indian,
node/4348356271,50.1056725,8.6653455,affinitaet,restaurant,Prince Of India,,indian,
node/4353371026,50.1089869,8.64826,affinitaet,restaurant,Caprilicious,,,
node/435771862,50.1237287,8.6815007,affinitaet,restaurant,African Violet,,ethiopian,
node/4384031948,50.1413362,8.5783523,affinitaet,restaurant,Kost Bar,,russian,
node/4387484040,50.1022805,8.6611168,affinitaet,restaurant,sebeta,,african,
node/4401065592,50.111677,8.6545204,affinitaet,restaurant,Cucina Mediterraneo,,italian,
node/440108113,50.1632341,8.641445,affinitaet,restaurant,Pizzeria Al Camino,,,
node/4408866451,50.1086913,8.6689348,affinitaet,restaurant,Ristorante Bacco,,italian,
node/4416495247,50.0947244,8.6827906,affinitaet,restaurant,Pizzeria Leonardo,,italian,
node/4417312200,50.0549041,8.5258658,affinitaet,restaurant,Zum Treffpunkt,,italian,
node/4421148512,50.1691438,8.7201477,affinitaet,restaurant,Restaurant Carl´s,,,
node/4430816505,50.1233139,8.6861753,affinitaet,restaurant,Pizzeria Metaponto,,italian,
node/4433087913,50.1223777,8.6460515,affinitaet,restaurant,Kaito Ramen,,japanese,
node/443399390,50.1689829,8.6384475,affinitaet,restaurant,Tutku,,turkish,
node/4436553997,50.0922998,8.6065587,affinitaet,restaurant,Pizzeria Diablo,,pizza,
node/4437090247,50.1090902,8.6704782,affinitaet,restaurant,Der Thai,,thai,
node/4437101879,50.1083465,8.6689251,affinitaet,restaurant,eatDOORI,,indian,
node/443917266,50.1197071,8.6547475,affinitaet,restaurant,Bistro 111,,,
node/443920915,50.1238851,8.6344209,affinitaet,restaurant,Dionysos,,greek,
node/443931996,50.1196946,8.6478351,affinitaet,restaurant,Pizzeria Peppino,,pizza,
node/4446440673,50.1090002,8.7634163,affinitaet,restaurant,Backschaft,,regional,
node/4446456892,50.1130595,8.7545116,affinitaet,restaurant,Heimathafen,,seafood,
node/4481675440,50.1175092,8.4968958,affinitaet,restaurant,Schöne Aussicht,,,
node/448641042,50.1306862,8.6199424,affinitaet,restaurant,Restaurant Nidda,,indian;german,
node/450535436,50.1329402,8.54117,affinitaet,restaurant,Wiesenhof Ponderosa,,,
node/4507825440,50.1261764,8.772088,affinitaet,restaurant,Gastätte Campingplatz,,,
node/4544606558,50.1579595,8.6342254,affinitaet,restaurant,Mola Berliner Döner Grill and more,,,
node/4544606577,50.1579014,8.633547,affinitaet,restaurant,Wunderling,,,
node/4560945080,50.1251595,8.6054023,affinitaet,restaurant,Lavin,,turkish,
node/4569125192,50.1247245,8.6865027,affinitaet,restaurant,Pizzeria Peppe,,pizza,
node/4588798772,50.1219762,8.6473522,affinitaet,restaurant,VietPho Cuisine,,vietnamese;chinese,
node/4588811906,50.1217009,8.6478047,affinitaet,restaurant,Palu Grill Haus,,turkish,
node/4593540890,50.1249453,8.6919656,affinitaet,restaurant,Ku´an Asia Bistro,,asian,
node/460993842,50.2265906,8.6800256,affinitaet,restaurant,Pizzeria da Guido,,pizza,
node/4611694561,50.1491465,8.7583753,affinitaet,restaurant,Himmel und Erde,,regional,
node/4612441923,50.1120686,8.7049297,affinitaet,restaurant,Stock Avenue 81,,mediterranean,
node/461722582,50.1235572,8.6065347,affinitaet,restaurant,Da Severino,,italian,
node/463199462,50.1170398,8.6489873,affinitaet,restaurant,Joe Peña’s Cantina y Bar,,spanish;mexican,
node/463201976,50.1194412,8.6485544,affinitaet,restaurant,African House,,african,
node/4640000469,50.1695228,8.5774734,affinitaet,restaurant,Pizzeria Italia,,italian,
node/4646087025,50.1441621,8.7551053,affinitaet,restaurant,Pizzeria Dick & Doof,,pizza,
node/4674704842,50.1129338,8.6821292,affinitaet,restaurant,Meet Mi,,vietnamese,
node/4678524838,50.1691504,8.6386772,affinitaet,restaurant,Thai Wok,,thai,
node/469370438,50.1315525,8.625112,affinitaet,restaurant,Seoulpocha,,korean,
node/470290654,50.1476509,8.6209747,affinitaet,restaurant,Schuch's Restaurant,,german,
node/4715575719,50.0857518,8.6360329,affinitaet,restaurant,Der Portugiese,,portuguese,
node/4721259313,50.1213936,8.7907931,affinitaet,restaurant,Paparazzi In,,italian;german,
node/4731774512,50.1014318,8.5458897,affinitaet,restaurant,Anita's Indian Cuisine,,indian,
node/4731774516,50.1018448,8.5467987,affinitaet,restaurant,Almast Kitchen,,,
node/4731865642,50.0998722,8.5491723,affinitaet,restaurant,Lezzet,,,
node/4731865646,50.0988088,8.5478518,affinitaet,restaurant,Gasthaus Zum Schwan,,regional,
node/4731865647,50.0987741,8.547495,affinitaet,restaurant,Alte Zollwache,,regional,
node/4734673226,50.1023821,8.6395699,affinitaet,restaurant,LULU Café & Brunch,,,
node/4746557309,50.031949,8.6175857,affinitaet,restaurant,Zeppelin‘s,,regional,
node/474684968,50.119986,8.7057814,affinitaet,restaurant,Diya,,indian,
node/4761977973,50.0971569,8.7633885,affinitaet,restaurant,Asia Palast,,japanese;chinese;thai;asian,
node/476678018,50.1180169,8.5639567,affinitaet,restaurant,Gasthaus Zum Löwen,,,
node/4769493611,50.1090935,8.6688603,affinitaet,restaurant,Bento Boutique,,sushi,
node/4778192082,50.1226462,8.7702467,affinitaet,restaurant,Fechenheimer Gaststätte,,,
node/4784993722,50.0973214,8.6650899,affinitaet,restaurant,Bagan Sushi,,japanese;sushi;ramen,
node/4785843575,50.0973277,8.6845923,affinitaet,restaurant,Trattoria Da Pasquale,,italian,
node/4787717321,50.1276589,8.6133867,affinitaet,restaurant,Aarappar Restaurant,,indian,
node/4802941850,50.1398988,8.5598984,affinitaet,restaurant,Pizzeria San Marco,,italian,
node/4811719729,50.1051757,8.7642757,affinitaet,restaurant,Ziyafat,,,
node/4816615924,50.1220055,8.6623465,affinitaet,restaurant,Ristorante Isoletta,,italian_pizza,
node/482615659,50.1193662,8.6596071,affinitaet,restaurant,The Black Bulls Steakhouse,,american,
node/483048228,50.1273569,8.68557,affinitaet,restaurant,Omonia,,greek,
node/4832498221,50.1085689,8.6698536,affinitaet,restaurant,chidoba,,mexican,
node/4839088715,50.1367787,8.6785324,affinitaet,restaurant,Kasino,,,
node/4854223190,50.1023062,8.638842,affinitaet,restaurant,Ramen Ikawa,,ramen,
node/485648582,50.0845598,8.6485344,affinitaet,restaurant,Da Cimino,,italian,
node/4858180727,50.1284338,8.6687582,affinitaet,restaurant,Dasein,,,
node/4861419652,50.1268213,8.6669575,affinitaet,restaurant,Mensa Casino,,,
node/4861466064,50.1281598,8.6668964,affinitaet,restaurant,Sturm und Drang,,,
node/4867667052,50.0484386,8.6776254,affinitaet,restaurant,Morjkawa Neuisenburg,,asian;sushi,
node/4867815105,50.1009483,8.6843626,affinitaet,restaurant,Don Juan Tapas-Bar,,spanish,
node/4870238846,50.1028503,8.7673903,affinitaet,restaurant,Nagoya,,japanese,
node/4876250242,50.1017603,8.6329545,affinitaet,restaurant,Balkan Grill,,balkan,
node/4879082622,50.1147017,8.6779758,affinitaet,restaurant,BLOCK HOUSE,BLOCK HOUSE,steak_house,
node/488322271,50.1236458,8.6385916,affinitaet,restaurant,Tonka,,,
node/488845882,50.1037157,8.6904978,affinitaet,restaurant,Pizzeria Dal Bianco,,pizza,
node/4897208616,50.0838213,8.4764868,affinitaet,restaurant,Bistrorante Tramonto,,italian,
node/4909588195,50.1039024,8.6365751,affinitaet,restaurant,Konamon,,japanese,
node/491077181,50.1097055,8.688193,affinitaet,restaurant,Bistro Salvatore,,,
node/491077229,50.1129268,8.6863603,affinitaet,restaurant,Sardegna,,italian,
node/491082759,50.1132221,8.6837429,affinitaet,restaurant,Römer Pils Brunnen,,german,
node/491098100,50.1136169,8.6870887,affinitaet,restaurant,Taverna Alexander's,,greek;german,
node/4925215256,50.1094086,8.6933881,affinitaet,restaurant,Restaurant Goldmund im Literaturhaus Frankfurt,,,
node/4935911783,50.101307,8.552277,affinitaet,restaurant,Pizzeria Luzzi,,pizza,
node/4935918293,50.1016448,8.5420387,affinitaet,restaurant,Pizzeria Calmedia,,pizza;italian,
node/494220179,50.1221106,8.6615667,affinitaet,restaurant,La Divina,,italian,
node/494997609,50.1028122,8.7669943,affinitaet,restaurant,Le Belge,,,
node/4958587246,50.1186687,8.6722973,affinitaet,restaurant,Thai & Turf Frankfurt,,,
node/4968558906,50.1285452,8.6928132,affinitaet,restaurant,Hokkaido Sushi & Nudel,,sushi,
node/498507153,50.0946422,8.6818613,affinitaet,restaurant,Marco's,,pizza,
node/5001046217,50.1248951,8.6100418,affinitaet,restaurant,Asia Wokstar,,asian,
node/5003289677,50.1501581,8.6911518,affinitaet,restaurant,Reiskönig,,asian,
node/503123413,50.1014035,8.6867359,affinitaet,restaurant,Depot 1899,,german,
node/504316685,50.1007042,8.6818571,affinitaet,restaurant,Zum Gemalten Haus,,regional,
node/504316686,50.1006073,8.6822508,affinitaet,restaurant,Apfelweinwirtschaft Wagner,,regional,
node/504317537,50.1046222,8.6890488,affinitaet,restaurant,Apfelweinwirtschaft Fichtekränzi,,regional,
node/505360451,50.1025537,8.6888705,affinitaet,restaurant,Zur Germania,,regional,
node/505360454,50.1025517,8.6884498,affinitaet,restaurant,Kanonesteppel,,regional,
node/505360455,50.102349,8.6882203,affinitaet,restaurant,Zum Feuerrädchen,,regional,
node/507067711,50.1256119,8.611384,affinitaet,restaurant,Pizzeria Rusticale,,italian,
node/5094240702,50.0693425,8.4878682,affinitaet,restaurant,Zum grünen Baum,,,
node/5105372158,50.053165,8.7182705,affinitaet,restaurant,Freddy’s Engwaad,,german,
node/5107797837,50.1165225,8.6867097,affinitaet,restaurant,Dim Sum Haus,,chinese,
node/513600947,50.1084094,8.7597973,affinitaet,restaurant,Frieda - einfach lecker,,,
node/514897453,50.1233765,8.6059185,affinitaet,restaurant,Trattoria Pizzeria Da Silvia,,italian,
node/515636224,50.0777541,8.6282341,affinitaet,restaurant,Tandori Taste,,indian,
node/5161580524,50.1088126,8.6769069,affinitaet,restaurant,Whats Beef,,,
node/5163575715,50.1083525,8.6561461,affinitaet,restaurant,Modu Three Brothers,,chinese,
node/5163577523,50.1084173,8.6573807,affinitaet,restaurant,Ruchi,,indian,
node/5165704298,50.1286684,8.7067179,affinitaet,restaurant,Steak Bro's,,steak_house,
node/5179805024,50.1035849,8.7634079,affinitaet,restaurant,Gözleme House,,turkish,
node/5186557321,50.1157685,8.676488,affinitaet,restaurant,Sakura Sushi,,sushi,
node/5201601976,50.0702307,8.490438,affinitaet,restaurant,Kim Long,,asian,
node/5208982891,50.1047654,8.7656933,affinitaet,restaurant,Little Greek Tavern,,greek,
node/521454561,50.1038018,8.6660099,affinitaet,restaurant,MoschMosch,,noodle,
node/522909830,50.1193345,8.6456647,affinitaet,restaurant,Pizzeria da Cimino,,italian,
node/526812610,50.0980205,8.5055863,affinitaet,restaurant,Da Angelo,,italian,
node/5271882391,50.1107885,8.6945073,affinitaet,restaurant,Pizzeria Palermo,,pizza,
node/5290459946,50.0982133,8.6344768,affinitaet,restaurant,Casino Galluspark I,,,
node/5330543946,50.1436503,8.5633221,affinitaet,restaurant,Sushi Maru,,sushi,
node/534705257,50.1816833,8.6638026,affinitaet,restaurant,Indisches Restaurant Indigo,,,
node/5351548224,50.1213056,8.74192,affinitaet,restaurant,Loc. 40,,,
node/5354438677,50.1089331,8.6947262,affinitaet,restaurant,Longobardi's,,italian,
node/5354458079,50.1094675,8.6968299,affinitaet,restaurant,Cocina Argentina,,argentinian,
node/5359023191,50.1081726,8.670677,affinitaet,restaurant,Club Michel,,,
node/5359046789,50.1094681,8.6962585,affinitaet,restaurant,Filipino Ese,,,
node/5359071136,50.1125761,8.7035405,affinitaet,restaurant,Aroydee,,thai,
node/5359076906,50.1128156,8.7043899,affinitaet,restaurant,Bei Frau Nanna,,international,
node/5381470871,50.0825656,8.6291452,affinitaet,restaurant,Suppenglück,,soup;international,
node/539544579,50.0816886,8.6387555,affinitaet,restaurant,Cono Cimino,,italian,
node/5404960822,50.1117784,8.7041077,affinitaet,restaurant,Yooki,,,
node/5414911021,50.1078016,8.7615897,affinitaet,restaurant,Vanak,,persian,
node/543662530,50.1048419,8.6889336,affinitaet,restaurant,Atschel,,german,
node/5455648139,50.1100374,8.6762863,affinitaet,restaurant,Restaurant Francais,,french,
node/5467107722,50.1130901,8.7197448,affinitaet,restaurant,KANTINE im AF,,,
node/549721251,50.1304549,8.6916799,affinitaet,restaurant,"Mensa ""Esswerk""",,,
node/5523470561,50.1132126,8.6921551,affinitaet,restaurant,Abadina,,ethiopian,
node/5523482103,50.112023,8.6855444,affinitaet,restaurant,Hans im Glück,Hans im Glück,burger,
node/5534421568,50.0481435,8.5730836,affinitaet,restaurant,Goethe Bar,,german,
node/5575575170,50.1209784,8.6974765,affinitaet,restaurant,70's Burger,,burger,
node/5578891970,50.1271979,8.6668574,affinitaet,restaurant,Mensa Anbau Casino,,,
node/5579880123,50.1280586,8.6031459,affinitaet,restaurant,Friends Kantine,,german;italian;italian_pizza;asian,
node/5614633441,50.0930871,8.607211,affinitaet,restaurant,L´Artista,,pizza,
node/5615371423,50.1098965,8.6873555,affinitaet,restaurant,Panamaa,,mediterranean,
node/5619048016,50.1249057,8.691505,affinitaet,restaurant,Trando,,vietnamese,
node/564720457,50.1222953,8.6681639,affinitaet,restaurant,Matildas Kitchen,,,
node/564720604,50.1234233,8.6701116,affinitaet,restaurant,Reuter's,,,
node/568435221,50.1227932,8.6717489,affinitaet,restaurant,Casa Rosa,,italian,
node/5719097634,50.116452,8.6795625,affinitaet,restaurant,Mangetsu,,japanese,
node/5725284421,50.1166185,8.6855013,affinitaet,restaurant,NAP - Neapolitan authentic pizza,,pizza,
node/5731091510,50.1021185,8.7763147,affinitaet,restaurant,Speise-Gaststätte,,german,
node/5731216955,50.1043649,8.7700201,affinitaet,restaurant,Amici,,pizza,
node/5731990840,50.1039512,8.7669041,affinitaet,restaurant,Tafelspitz & Söhne,,,
node/5737440468,50.1031794,8.7697802,affinitaet,restaurant,Club Italia Caffe & Bar,,italian,
node/5739604513,50.1043717,8.7667629,affinitaet,restaurant,Ernesto,,italian,
node/575639221,50.1154267,8.6741859,affinitaet,restaurant,Vinovum,,,
node/5776439453,50.1081603,8.6586774,affinitaet,restaurant,Ruchi,,indian,
node/5779566769,50.1091145,8.6510065,affinitaet,restaurant,Ziyafet,,,
node/5787768453,50.1094314,8.6685049,affinitaet,restaurant,Sen,,,
node/5862746232,50.1056405,8.6873727,affinitaet,restaurant,Mystery of Pizza,,pizza,
node/5903199566,50.1314735,8.5689286,affinitaet,restaurant,New Wave Lunch Restaurant,,regional;international;salad,
node/5911835448,50.1173174,8.6856697,affinitaet,restaurant,Vecchio Vicolo,,pizza,
node/5938875149,50.1114264,8.7125364,affinitaet,restaurant,MoMo,,korean,
node/597371365,50.1499978,8.621571,affinitaet,restaurant,Alt Praunheim,,,
node/5986404377,50.1094426,8.6597787,affinitaet,restaurant,Trattoria Wilma,,italian,
node/5990244569,50.0976548,8.6934874,affinitaet,restaurant,Henninger am Turm,,,
node/6005299601,50.1260257,8.7073722,affinitaet,restaurant,slap,,pizza,
node/600575768,50.105951,8.6904908,affinitaet,restaurant,Westafrican Grill,,barbecue;african,
node/600818172,50.1136353,8.4597197,affinitaet,restaurant,Restaurant im Herrenhaus,,,
node/6036170086,50.109285,8.6818238,affinitaet,restaurant,Frankfurter Wirtshaus,,regional,
node/603657284,50.1367678,8.6256418,affinitaet,restaurant,Bistro Okame,,japanese,
node/60465270,50.1507991,8.7270626,affinitaet,restaurant,Lohrberg-Schänke,,,
node/604949529,50.1205478,8.6790068,affinitaet,restaurant,Eintracht Frankfurt Sportgaststätte,,indian,
node/6049639885,50.1078716,8.6657651,affinitaet,restaurant,Sapôres,,thai,
node/6049640285,50.1094812,8.6648588,affinitaet,restaurant,Olympia restaurant,,,
node/605303220,50.1066525,8.76155,affinitaet,restaurant,Maman,,persian,
node/6081583441,50.1018243,8.6292706,affinitaet,restaurant,The Wave - Steaks & Seafood,,steak_house,
node/610903251,50.1270977,8.6258513,affinitaet,restaurant,Art of Naples,,pizza,
node/6116716259,50.1117859,8.6658506,affinitaet,restaurant,Aman,,indian,
node/613633994,50.1216632,8.6983207,affinitaet,restaurant,Il Tavolino,,italian,
node/6153964885,50.115637,8.6752892,affinitaet,restaurant,China Restaurant Höfchen,,,
node/615597503,50.1231502,8.7040804,affinitaet,restaurant,Platz im Herzen,,steak_house,
node/618358720,50.1054545,8.574149,affinitaet,restaurant,Nidda-Kampfbahn,,,
node/618675541,50.1013583,8.6367084,affinitaet,restaurant,Da Massimo,,pizza;italian,
node/619213955,50.1159552,8.6469054,affinitaet,restaurant,Mangetsu,,japanese,
node/619213992,50.1206518,8.6377085,affinitaet,restaurant,Arche Nova,,international;persian,
node/622485582,50.1280316,8.6866498,affinitaet,restaurant,Yemek,,,
node/623539112,50.1170658,8.648531,affinitaet,restaurant,NA Sushi & Nudelbar,,asian;sushi;noodle;vietnamese,
node/6236927494,50.1109948,8.6840051,affinitaet,restaurant,Wirtshaus am Hühnermarkt,,german,
node/623938799,50.1176364,8.6320579,affinitaet,restaurant,Thai Wok,,thai,
node/623942846,50.1174739,8.6336308,affinitaet,restaurant,Dein Stübchen,,chinese,
node/6246527103,50.1246617,8.6705431,affinitaet,restaurant,Tanoshi,,japanese,
node/626130029,50.1124481,8.6849374,affinitaet,restaurant,Medina,,steak_house,
node/626623990,50.1074395,8.6715464,affinitaet,restaurant,Im Herzen Afrikas,,african;ethiopian,
node/6266861024,50.1050694,8.6624313,affinitaet,restaurant,Intercity Hotel Restaurant,,international,
node/6266872911,50.0996664,8.6589298,affinitaet,restaurant,Chamäleon,,international,
node/6268283153,50.11047,8.6835585,affinitaet,restaurant,Schirn-Cafe,,,
node/6270059622,50.1099337,8.678062,affinitaet,restaurant,Indian Curry Castle,,indian,
node/6270059633,50.107095,8.6723294,affinitaet,restaurant,Alto,,,
node/6270161061,50.1122245,8.6569074,affinitaet,restaurant,Sandwicher,,sandwich,
node/6276666064,50.1159271,8.6599008,affinitaet,restaurant,Pizzeria la ZouZi,,pizza,
node/6276666066,50.1181614,8.6590047,affinitaet,restaurant,L'Unico,,italian,
node/6276669590,50.1161957,8.6576286,affinitaet,restaurant,Brenman's Deli,,,
node/6277223116,50.1186941,8.5269227,affinitaet,restaurant,bbq chicken,,chicken,
node/6278716826,50.1205411,8.5250191,affinitaet,restaurant,Tao Tao Ju,,chinese,
node/6284200200,50.1172524,8.6963084,affinitaet,restaurant,Asia Express,,asian,
node/6284200206,50.1166986,8.6959452,affinitaet,restaurant,Pizzeria La Flora,,italian,
node/6286767107,50.1523608,8.8027605,affinitaet,restaurant,Diner,,burger,
node/629101422,50.1334812,8.5769371,affinitaet,restaurant,Restaurant im Sportzentrum Eschborn,,regional,
node/6295316185,50.115695,8.6686975,affinitaet,restaurant,La Cantine,,,
node/629834490,50.1176071,8.6326848,affinitaet,restaurant,Arte,,italian,
node/629834496,50.1172727,8.6325705,affinitaet,restaurant,Franco's Cucina,,italian,
node/629834498,50.1170422,8.6317157,affinitaet,restaurant,La Famiglia,,italian,
node/6304510570,50.0940153,8.6213029,affinitaet,restaurant,DB Casino Frankfurt- Griesheim,,,
node/630623557,50.1181672,8.6791563,affinitaet,restaurant,Smochii,,yakiniku,
node/631427638,50.1133965,8.6851792,affinitaet,restaurant,BJU,,japanese,
node/631427640,50.1133795,8.6847957,affinitaet,restaurant,fit kitchen,,burger;pizza,
node/632466560,50.0878911,8.6400567,affinitaet,restaurant,Ebbelwoi Jost,,regional;hessian;german,
node/632506939,50.0841185,8.6491825,affinitaet,restaurant,Ristorante die matteo,,,
node/632506942,50.0870226,8.646435,affinitaet,restaurant,Dasarang,,korean;fried_chicken,
node/632512752,50.0850524,8.644352,affinitaet,restaurant,NTG Niederrad,,croatian;german,
node/6331225395,50.1654181,8.6570048,affinitaet,restaurant,La Paesana,,pizza,
node/6331421187,50.1048171,8.7604939,affinitaet,restaurant,Palmen Grill,,chicken,
node/633196794,50.116585,8.6439832,affinitaet,restaurant,Nudelmeister He,,chinese,
node/633264505,50.112424,8.6799835,affinitaet,restaurant,Helium,,,
node/6332852686,50.1044897,8.7624555,affinitaet,restaurant,Mr. Spicy,,,
node/634135286,50.1008782,8.6640651,affinitaet,restaurant,Frankfurter Botschaft,,,
node/6348293074,50.1256554,8.6922248,affinitaet,restaurant,Sunbap,,korean,
node/6348295521,50.1246424,8.69153,affinitaet,restaurant,Nakorn Thai,,thai,
node/634855082,50.0964492,8.5458535,affinitaet,restaurant,Schiffsmeldestelle,,,
node/6348853900,50.0973348,8.6935558,affinitaet,restaurant,Franziska,,german,
node/6355945502,50.1146807,8.689979,affinitaet,restaurant,Mamma Forno,,italian,
node/6370643218,50.132492,8.7094381,affinitaet,restaurant,Rialto,,pizza,
node/6375117255,50.1162511,8.694715,affinitaet,restaurant,Ong Tao Vegan,,vietnamese,
node/6385675116,50.1385132,8.6695305,affinitaet,restaurant,Man Jok - Koreanische Küche,,korean,
node/638589594,50.1244516,8.6820883,affinitaet,restaurant,Trattoria Osteria La Dolce Vita,,italian,
node/638589746,50.1258407,8.6856492,affinitaet,restaurant,Sampan,,asian,
node/638589748,50.126374,8.6853702,affinitaet,restaurant,Pizzeria La Botte 3,,italian;pasta;pizza,
node/6388029551,50.1033955,8.6800009,affinitaet,restaurant,Promis,,italian,
node/6389378864,50.1295996,8.6953776,affinitaet,restaurant,Gilgamesch,,,
node/6391301202,50.1161495,8.7067012,affinitaet,restaurant,El Nigo,,steak_house,
node/639588434,50.1108763,8.6743592,affinitaet,restaurant,Plaza,,,
node/6398049592,50.1084145,8.6692025,affinitaet,restaurant,Dicke Butz,,american,
node/6402537233,50.05451,8.6968748,affinitaet,restaurant,Valencia,,spanish,
node/6408736149,50.1298648,8.7079257,affinitaet,restaurant,Frajda,,Osteuropa,
node/6408736603,50.1237107,8.7026808,affinitaet,restaurant,Pizzeria Schlaflos 2,,pizza,
node/6432469185,50.1160767,8.6514399,affinitaet,restaurant,Oben Restaurant & Skybar,,,
node/6436238015,50.1163292,8.6830039,affinitaet,restaurant,Ciro,,italian;pizza,
node/6438795309,50.1153257,8.6886406,affinitaet,restaurant,Lijianger Restaurant,,chinese,
node/6448191609,50.1198115,8.6468881,affinitaet,restaurant,Vietnam Palmen,,vietnamese,
node/6448191761,50.1198012,8.6485324,affinitaet,restaurant,Hama Sushi,,sushi;japanese,
node/6470161061,50.0992724,8.62848,affinitaet,restaurant,Startorante,,german,
node/6488067150,50.1027811,8.6378694,affinitaet,restaurant,Novo Sarajevo,,balkan,
node/6489991080,50.1237809,8.6405519,affinitaet,restaurant,Hoang Anh Asia Imbiss,,asian,
node/6490674590,50.1202385,8.6645832,affinitaet,restaurant,Asia Thai Food,,thai,
node/650462407,50.1042274,8.6491584,affinitaet,restaurant,Delice,,,
node/6512253813,50.1120354,8.6825115,affinitaet,restaurant,Cereza,,pizza,
node/6517772587,50.1210064,8.6799211,affinitaet,restaurant,Dolomiti Pizzeria,,pizza;pasta;italian_pizza,
node/6517772600,50.1244186,8.681353,affinitaet,restaurant,Café Caramel,,,
node/6525161070,50.1060715,8.7646453,affinitaet,restaurant,Atelier,,,
node/6527929819,50.0483781,8.5677199,affinitaet,restaurant,Hausmann’s,,german,
node/6549803873,50.1228998,8.6452018,affinitaet,restaurant,Melis,,kebab;pizza,
node/6553681015,50.107377,8.6569655,affinitaet,restaurant,Ethiopia Restaurant & Bar,,ethiopian,
node/6587365980,50.1043301,8.4641229,affinitaet,restaurant,Bembel-Schänke,,regional,
node/660458860,50.1032001,8.6436067,affinitaet,restaurant,Central Grill,,kebab,
node/660458870,50.1070626,8.6564289,affinitaet,restaurant,Kilimanjaro,,african,
node/661060606,50.112497,8.7156729,affinitaet,restaurant,Vapiano,Vapiano,italian,
node/6610768736,50.1273224,8.7679743,affinitaet,restaurant,Armonia,,pizza,
node/663756296,50.1000466,8.5683703,affinitaet,restaurant,Holzkopp,,german,
node/667880775,50.1160754,8.6863384,affinitaet,restaurant,Koh Samui,,thai,
node/6709716679,50.1518083,8.6907339,affinitaet,restaurant,Treffpunkt bei Sabrina,,,
node/676750378,50.1280034,8.7133008,affinitaet,restaurant,Nummer 16,,italian,
node/677119072,50.1096783,8.7595724,affinitaet,restaurant,KiBi,,sushi;vietnamese,
node/677577534,50.124199,8.7041799,affinitaet,restaurant,Stage152,,chinese,
node/6789948389,50.1231414,8.6758439,affinitaet,restaurant,Onocubes,,fusion,
node/6792378552,50.0062777,8.5812126,affinitaet,restaurant,Pizzeria Roma,,pizza,
node/6795604973,50.1295194,8.6139791,affinitaet,restaurant,Zur Reifenburg,,international,
node/6819858854,50.1050292,8.7647623,affinitaet,restaurant,Pizza Hut,Pizza Hut,pizza,
node/683277974,50.1283617,8.6869395,affinitaet,restaurant,African House,,,
node/683278047,50.1253546,8.6914434,affinitaet,restaurant,Bellavista Ristorant & Pizzeria,,italian,
node/683278121,50.1280909,8.6910141,affinitaet,restaurant,Megaron,,greek,
node/6835607808,50.1089611,8.6598667,affinitaet,restaurant,Fennischfuchser,,german;regional,
node/6871165441,50.1111659,8.6653976,affinitaet,restaurant,Francis,,,
node/6871165442,50.1090765,8.6607159,affinitaet,restaurant,Metropol Kebap Haus,,kebab;falafel;pizza,
node/6871512786,50.1636298,8.6767314,affinitaet,restaurant,My Masala,,indian,
node/6928096364,50.124628,8.6396085,affinitaet,restaurant,Kushiya Ichikawa,,japanese,
node/692848319,50.0829096,8.467292,affinitaet,restaurant,Zum Hirsch,,,
node/692848328,50.0826304,8.4676119,affinitaet,restaurant,Zum Engel,,greek,
node/692850347,50.0825479,8.4744353,affinitaet,restaurant,Elio's Bistrorante,,,
node/692873654,50.0841172,8.4697026,affinitaet,restaurant,China Thai Bistro,,chinese,
node/692952897,50.1053116,8.717145,affinitaet,restaurant,Restaurant Borussia,,german,
node/692957110,50.1051602,8.7167588,affinitaet,restaurant,Main Curry House,,indian,
node/692964037,50.1052151,8.7161816,affinitaet,restaurant,Achter,,,
node/6934077253,50.1021455,8.5456174,affinitaet,restaurant,Urfa man,,turkish,
node/6934089673,50.1021077,8.5453026,affinitaet,restaurant,Antep Sofrasi,,turkish,
node/697864259,50.0831425,8.4689953,affinitaet,restaurant,YOU Asian Cuisine,,asian;sushi,
node/697884484,50.0838441,8.4688945,affinitaet,restaurant,Song Hak,,asian,
node/700125712,50.1028674,8.7661602,affinitaet,restaurant,Wabi Sabi,,asian,
node/7004564261,50.1000225,8.767981,affinitaet,restaurant,069 Corner,,,
node/7004599103,50.1047727,8.7620413,affinitaet,restaurant,Damaskus Falafel Haus,,falafel;middle_eastern,
node/7005870443,50.1041564,8.77495,affinitaet,restaurant,Divino,,,
node/700728172,50.1006226,8.6814395,affinitaet,restaurant,Del Bari,,afghan,
node/700728709,50.1003448,8.6826859,affinitaet,restaurant,Oppenheimer Sushi & Bar,,,
node/701165110,50.0995243,8.6595115,affinitaet,restaurant,Cron,,italian,
node/7024071231,50.1017519,8.7772132,affinitaet,restaurant,Gaststätte Stamm,,,
node/702807736,50.1667545,8.5759432,affinitaet,restaurant,Bürgerhaus Steinbach,,,
node/7052761766,50.104957,8.641997,affinitaet,restaurant,Rumi's,,afghan,
node/7055253131,50.1020131,8.596941,affinitaet,restaurant,Sushi Palace,,sushi,
node/7063097515,50.1247491,8.7053646,affinitaet,restaurant,Sindam Bistro & Cafe,,,
node/7079911725,50.1182855,8.6794469,affinitaet,restaurant,Peter Pane,Peter Pane,burger,
node/7083945102,50.1639868,8.6187211,affinitaet,restaurant,Sams Thai,,,
node/7117285980,50.1422538,8.5674198,affinitaet,restaurant,Ristorante amiconi,,italian,
node/7130600440,50.1169609,8.6635775,affinitaet,restaurant,Yumas,,mexican,
node/7142351638,50.1068868,8.7539859,affinitaet,restaurant,Eki,,balkan,
node/7147394685,50.1191165,8.6584849,affinitaet,restaurant,Oceans,,seafood,
node/7147433399,50.1243806,8.68656,affinitaet,restaurant,The Dragon's,,,
node/7147454799,50.1174322,8.682268,affinitaet,restaurant,Balance Deli,,breakfast,
node/7147464145,50.1054246,8.6872822,affinitaet,restaurant,Svea,,scandinavian,
node/7166414760,50.1217187,8.6609531,affinitaet,restaurant,Umbra,,asian,
node/7166427278,50.1225443,8.6647375,affinitaet,restaurant,,,,
node/7195472411,50.1138058,8.6889883,affinitaet,restaurant,Palmengrill,,,
node/7235766826,50.1068784,8.7543034,affinitaet,restaurant,Mykonos,,greek,
node/7237411508,50.1678147,8.5723615,affinitaet,restaurant,Pizzeria Da Nando,,italian;pizza,
node/7244669885,50.1160593,8.6583915,affinitaet,restaurant,Lamai Thai Cuisine,,,
node/7249269985,50.1108041,8.677527,affinitaet,restaurant,Don't f**k Goethe,,,
node/7251432353,50.1283724,8.7152823,affinitaet,restaurant,Bella Vista,,pizza,
node/727458673,50.1566772,8.6905217,affinitaet,restaurant,Pizzeria Salvatore,,italian,
node/7315796480,50.0973288,8.4996021,affinitaet,restaurant,Hello Pizza,,indian;pizza,
node/7340761985,50.1083408,8.6472582,affinitaet,restaurant,Pizzeria Montalto,,italian,
node/7348469065,50.1191489,8.6684446,affinitaet,restaurant,Restaurant gud,,,
node/7348469067,50.1191817,8.6662755,affinitaet,restaurant,Sushi 2 Go,,sushi,
node/7348708469,50.1051807,8.7531799,affinitaet,restaurant,Bedem,,balkan,
node/7353849061,50.1061144,8.6528635,affinitaet,restaurant,Chicago Williams BBQ,,american;barbecue,
node/738916820,50.0552884,8.6965071,affinitaet,restaurant,Da Luigi,,italian,
node/7392150707,50.1163285,8.6671386,affinitaet,restaurant,Mon Amie Maxi,,french,
node/7394973581,50.1271747,8.6909237,affinitaet,restaurant,sonora Taqueria,,,
node/7395437444,50.1241928,8.6080962,affinitaet,restaurant,Zur Haltestelle,,german;regional,
node/7395437448,50.1243256,8.6091635,affinitaet,restaurant,Namsan Pocha,,korean,
node/7401801147,50.1031516,8.6665664,affinitaet,restaurant,IG Metall Kantine,,,
node/741650425,50.1095279,8.6819311,affinitaet,restaurant,Haus Wertheym,,regional,
node/7438541585,50.1227506,8.665894,affinitaet,restaurant,Vetro Vero,,,
node/7471074069,50.1205687,8.6503108,affinitaet,restaurant,Mare Azzuro,,fish,
node/751805861,50.1316835,8.7084411,affinitaet,restaurant,Bankok Express,,sushi;thai,
node/7618217697,50.0941965,8.7642843,affinitaet,restaurant,Papi,,italian,
node/766698702,50.185351,8.6656973,affinitaet,restaurant,Eiscafé Lido,,ice_cream,
node/766706371,50.1198891,8.6450849,affinitaet,restaurant,Casablanca,,,
node/766778588,50.1604918,8.6474487,affinitaet,restaurant,Istanbul Kebap,,turkish,
node/768540798,50.1808083,8.66417,affinitaet,restaurant,Gasthaus Zum Einhorn,,,
node/768540811,50.1852024,8.6653094,affinitaet,restaurant,Ristorante Da Pino,,italian_pizza,
node/768540812,50.1855634,8.6647989,affinitaet,restaurant,Bonameser Stübchen,,german,
node/7705148923,50.1692566,8.5757605,affinitaet,restaurant,Pizzeria Loni,,italian,
node/771351545,50.1906518,8.6664062,affinitaet,restaurant,Burger AG,,burger,
node/7726308050,50.111876,8.7127478,affinitaet,restaurant,Isoletta,,italian,
node/7726308051,50.1114916,8.7101655,affinitaet,restaurant,Saravini,,italian,
node/7726365120,50.1124415,8.7128422,affinitaet,restaurant,Nithyanand Indische Spezialitäten,,indian,
node/7726506008,50.1146139,8.6815079,affinitaet,restaurant,Papa Napoli,,pizza,
node/772693806,50.0701239,8.52798,affinitaet,restaurant,Zum Grünen Baum,,greek,
node/772777571,50.0705762,8.4850678,affinitaet,restaurant,La Sila,,italian,
node/7732206754,50.0927595,8.7668666,affinitaet,restaurant,ViPiano,,italian,
node/7736540208,50.0972364,8.7629262,affinitaet,restaurant,Pizza Star,,italian;indian,
node/774571908,50.1072053,8.732438,affinitaet,restaurant,Mr.Pizza & Thai Express,,burger;pizza;thai;sandwich,
node/774588817,50.1040358,8.7600949,affinitaet,restaurant,Orchidee,,thai,
node/7773403327,50.1460937,8.6829248,affinitaet,restaurant,Royal Safran,,,
node/7791186481,50.1189581,8.679873,affinitaet,restaurant,BKK Thai Street Food,,thai,
node/7817558516,50.1004131,8.7246653,affinitaet,restaurant,Grüne Soße und mehr,,,
node/7817578413,50.0987407,8.7170532,affinitaet,restaurant,Rinaldo Rinaldini,,italian,
node/7832267447,50.1123369,8.6677922,affinitaet,restaurant,The ASH,,burger;steak,
node/7835217331,50.1231244,8.6484968,affinitaet,restaurant,Fujiwara,,japanese,
node/7862642281,50.1167822,8.7833175,affinitaet,restaurant,Heimat,,pizza;pasta,
node/7862805339,50.1833188,8.7441773,affinitaet,restaurant,Genüsschen,,,
node/7890249164,50.1029772,8.7614439,affinitaet,restaurant,Çiğköftecim & Baklavaci,,turkish,
node/7903285934,50.0880736,8.5112074,affinitaet,restaurant,Vier Kaiser,,pizza,
node/7931738233,50.0951963,8.6816718,affinitaet,restaurant,Lella Mozzarella,,,
node/7944304016,50.1156719,8.6734919,affinitaet,restaurant,Miller & Carter Frankfurt,,steak_house,
node/7962347812,50.1167073,8.6766022,affinitaet,restaurant,"Hudson Yards Lounge, Bar & Dining",,,
node/797404727,50.1258954,8.6153335,affinitaet,restaurant,Rödelheimer Parkterrasse,,greek,
node/797833487,50.1485611,8.6659595,affinitaet,restaurant,Ortlieb's Scheune,,,
node/7979681283,50.1170097,8.6721326,affinitaet,restaurant,Copper Bar & Restaurant,,,
node/800023162,50.2259139,8.6782865,affinitaet,restaurant,Imbiss Herr Wang,,chinese,
node/8000924246,50.087616,8.6459776,affinitaet,restaurant,Apfelweinwirtschaft Gass,,hessian;german,
node/8017134658,50.1277185,8.6942518,affinitaet,restaurant,Steak-Bro's,,steak_house,
node/8018210872,50.1052955,8.7632387,affinitaet,restaurant,Asia Wok - Bep Viet,,asian,
node/8018860073,50.1108531,8.7493564,affinitaet,restaurant,Il Bosco,,italian,
node/803016467,50.103668,8.69006,affinitaet,restaurant,Bombay Palace,,indian,
node/803019233,50.1062363,8.6925937,affinitaet,restaurant,Gemelli,,pizza,
node/8069932820,50.1825576,8.6951978,affinitaet,restaurant,Leon Harheim,,greek,
node/8070057438,50.1010428,8.635631,affinitaet,restaurant,Sushimama,,sushi,
node/8075366566,50.105027,8.7599228,affinitaet,restaurant,Leonardo,,,
node/807697874,50.1041437,8.6640107,affinitaet,restaurant,Melilla,,seafood,
node/8137552251,50.1124738,8.7176823,affinitaet,restaurant,Pastel,,international,
node/8230692091,50.0798952,8.6283189,affinitaet,restaurant,Choco Chilo,,,
node/8245759125,50.1217156,8.6796204,affinitaet,restaurant,Kaffeemacherei,,,
node/82696344,50.1719168,8.6969646,affinitaet,restaurant,Zum Lemp,,regional,
node/8339138046,50.0500689,8.5421961,affinitaet,restaurant,Tandoori-Lounge,,indian,
node/8349911995,50.1256641,8.700557,affinitaet,restaurant,άλφα Taverna,,greek,
node/8357367339,50.16852,8.5706851,affinitaet,restaurant,61Burger & more,,burger,
node/8396649817,50.1083382,8.6331218,affinitaet,restaurant,Franky's - Das Wirtshaus,,,
node/8432573272,50.106574,8.6487319,affinitaet,restaurant,GO by Steffen Henssler,,sushi,
node/843510962,50.1124397,8.6659004,affinitaet,restaurant,Cantina Divino,,italian,
node/8461611999,50.1181405,8.6947946,affinitaet,restaurant,Speisekneipe,,german,
node/8519642673,50.1550309,8.6400274,affinitaet,restaurant,Style of india,,indian,
node/8532718544,50.0838981,8.6387376,affinitaet,restaurant,Muko,,,
node/8579254025,50.1080767,8.6415741,affinitaet,restaurant,Nico's Kitchen,,italian,
node/8597508182,50.123833,8.648509,affinitaet,restaurant,Plaka,,greek,
node/861349930,50.1493804,8.7550168,affinitaet,restaurant,Zur Traube,,german,
node/8617429272,50.1232992,8.7705492,affinitaet,restaurant,Mano,,,
node/8656285919,50.0996006,8.5489333,affinitaet,restaurant,Ceylonilicous,,asian,
node/8676597722,50.2189762,8.6499937,affinitaet,restaurant,Pizzeria Bella Italia,,italian,
node/8719360378,50.1315571,8.7980243,affinitaet,restaurant,Stella Alpina Edelweiss,,italian,
node/8721000865,50.105073,8.655369,affinitaet,restaurant,Casino,,,
node/8765012614,50.1269388,8.6875577,affinitaet,restaurant,SOGUM,,korean,
node/8785043472,50.0920294,8.6645318,affinitaet,restaurant,Da Nicola,,italian,
node/8812001275,50.1009535,8.6577419,affinitaet,restaurant,Gudrun,,,yes
node/8813744575,50.1186562,8.6502704,affinitaet,restaurant,ADA Kantine,,,
node/8827866255,50.114956,8.6890606,affinitaet,restaurant,Saff-et,,steak_house;turkish,
node/8847618162,50.1422339,8.6684459,affinitaet,restaurant,Curry's Garden,,indian,
node/8855785249,50.1450192,8.6898529,affinitaet,restaurant,Feuer & Flamme,,,
node/8878095791,50.0823706,8.6249628,affinitaet,restaurant,Fratellis,,italian;pizza;steak_house,
node/8900993336,50.124318,8.7044391,affinitaet,restaurant,Meeresrausch,,fish,
node/8911777639,50.1174538,8.6656347,affinitaet,restaurant,Elaine's Restaurant,,,
node/8917007374,50.104533,8.7607546,affinitaet,restaurant,"Naan Dagh, Kabab Dagh",,,
node/8927361600,50.1055795,8.6501395,affinitaet,restaurant,Isoletta,,pizza,
node/897440316,50.110785,8.6599415,affinitaet,restaurant,Trattoria Amici,,italian,
node/897440692,50.1138663,8.6601728,affinitaet,restaurant,Sohar,,,
node/8988988001,50.1064364,8.7594439,affinitaet,restaurant,Thai Curry,,curry;chicken;rice;peanuts;fish,
node/8996707773,50.0710915,8.4854432,affinitaet,restaurant,Spice Tandoori,,indian,
node/9023579578,50.0965799,8.7553872,affinitaet,restaurant,Gemo,,georgian,
node/9026723484,50.1026965,8.6430316,affinitaet,restaurant,Tacos french,,,
node/9026901800,50.1207895,8.6492981,affinitaet,restaurant,Fukuro Sushi & Ramen,,japanese,
node/903953644,50.0994148,8.5889194,affinitaet,restaurant,Gourmet City,,asian,
node/903960446,50.0999544,8.5967975,affinitaet,restaurant,Thai Sawasdee,,asian,
node/903972278,50.0959949,8.6069089,affinitaet,restaurant,Pizzeria Trattoria San Marco,,italian,
node/9043719076,50.1270041,8.7065939,affinitaet,restaurant,Odami,,asian,
node/9043754016,50.1253428,8.6973806,affinitaet,restaurant,Rangoon,,asian,
node/9074648905,50.1094936,8.6613892,affinitaet,restaurant,Hunan,,chinese,
node/914395086,50.1195121,8.6984058,affinitaet,restaurant,Mera Masala,,indian,
node/914719630,50.1227017,8.7059255,affinitaet,restaurant,vadder Tisch + Tresen,,regional,
node/9156178339,50.1302026,8.7083023,affinitaet,restaurant,Mirch Masala,,indian,
node/9178007848,50.0549211,8.5942041,affinitaet,restaurant,the italian,,italian,
node/9230473184,50.1131173,8.7173815,affinitaet,restaurant,Nahar,,,
node/9241067916,50.1068404,8.5425192,affinitaet,restaurant,BALKON Restaurant,,,
node/924228309,50.112132,8.665817,affinitaet,restaurant,Il Vino,,italian,
node/924250801,50.1144885,8.6742413,affinitaet,restaurant,Centro Sabatini,,italian,
node/924265345,50.1271488,8.7069257,affinitaet,restaurant,Weida Im blauen Bock,,regional,
node/9250351607,50.1060101,8.7463476,affinitaet,restaurant,Lorys Gymfood,,,
node/9266245245,50.1451372,8.7442567,affinitaet,restaurant,Tandoori Garden,,indian,
node/926835145,50.1496849,8.6820188,affinitaet,restaurant,Homburger Hof,,regional,
node/928996682,50.1079196,8.6726286,affinitaet,restaurant,Chicago Meatpackers,,,
node/9290797908,50.122262,8.699567,affinitaet,restaurant,Pho Ha Noi,,vietnamese,
node/929816445,50.1179573,8.6785787,affinitaet,restaurant,Delhi Tandoori,,indian,
node/9338134717,50.1211704,8.6972789,affinitaet,restaurant,LAMLAM,,asian;sushi,
node/9338135617,50.1058922,8.7229247,affinitaet,restaurant,Blackstone,,steak_house,
node/9338206774,50.1121207,8.6822598,affinitaet,restaurant,Zum Alten Frankfurter,,german,
node/9338206776,50.1125756,8.6818966,affinitaet,restaurant,my Frankfurt,,burger;steak_house;tapas,
node/9385784734,50.1130817,8.6932481,affinitaet,restaurant,Tre Sapori,,,
node/9385818767,50.1137068,8.6898644,affinitaet,restaurant,Papay,,,
node/9385818769,50.1135263,8.6893228,affinitaet,restaurant,Emir‘ Et Grill,,,
node/9386145363,50.1522763,8.8035791,affinitaet,restaurant,Like Thai Kitchen,,thai,
node/946491120,50.1138973,8.662237,affinitaet,restaurant,Allgaiers,,german,
node/9499275576,50.0975656,8.7834123,affinitaet,restaurant,Pizzeria du Soleil,,pizza,
node/9516578176,50.1121576,8.6784596,affinitaet,restaurant,Kiyoto,,,
node/9522882318,50.1089062,8.66978,affinitaet,restaurant,beets&roots,Beets & Roots,bowl,
node/9522882417,50.1177272,8.6633256,affinitaet,restaurant,STADTSALAT,,beef_bowl;salad,
node/9522966262,50.097786,8.5980526,affinitaet,restaurant,To Steki,,,
node/9562733925,50.1373408,8.6706647,affinitaet,restaurant,Vegins,,,
node/9569240734,50.1124822,8.7504049,affinitaet,restaurant,Pizza Rimini,,pizza,
node/9578982398,50.1629969,8.6605408,affinitaet,restaurant,FV09-Gaststätte bei Massi,,,
node/959075354,50.1336112,8.567288,affinitaet,restaurant,Ventura,,italian;indian,
node/959089916,50.1413098,8.5722276,affinitaet,restaurant,Edessa Kebap Eschborn,,kebab,
node/9612103898,50.0811074,8.6040227,affinitaet,restaurant,Koban,,korean,
node/961685581,50.1186407,8.6305276,affinitaet,restaurant,A Casa Lamian,,chinese,
node/968452032,50.0063755,8.5772546,affinitaet,restaurant,Pizzeria Backo,,pizza,
node/9688106626,50.1597,8.7472432,affinitaet,restaurant,Leib & Wohl,,,
node/9689469417,50.1238545,8.6418209,affinitaet,restaurant,"Pizza, Brudi!",,pizza,
node/9704943452,50.1143605,8.6746492,affinitaet,restaurant,Ezim,,,
node/972108313,50.1768432,8.6295676,affinitaet,restaurant,Imizu,,sushi,
node/972238525,50.1408166,8.6982629,affinitaet,restaurant,Asia Diamond's,,chinese;thai,
node/9722739818,50.2335552,8.7132751,affinitaet,restaurant,Korea Garden,,korean,
node/9770355908,50.1671189,8.7266569,affinitaet,restaurant,Pizza Day n Night,,indian;italian;pasta;pizza,
node/9782469224,50.1076956,8.6566756,affinitaet,restaurant,beets&roots,Beets & Roots,bowl,
node/978254622,50.0558721,8.6967934,affinitaet,restaurant,Apfelwein Föhl,,german;regional,
node/9784033882,50.1208125,8.524985,affinitaet,restaurant,KOOGI Korean BBQ,,korean,
node/9819317073,50.1159768,8.6658713,affinitaet,restaurant,Remos,,italian;pizza,
node/9819317074,50.1150437,8.6656544,affinitaet,restaurant,Herr Franz,,german,
node/9828146663,50.1004148,8.6369087,affinitaet,restaurant,Mamma 'Ino,,pizza,
node/9830884213,50.1246531,8.6094433,affinitaet,restaurant,La Delizia,,pizza,
node/9836688267,50.1371738,8.6461144,affinitaet,restaurant,Limon,,mediterranean,
node/9837279723,50.0969978,8.653973,affinitaet,restaurant,Ommia,,asian,
node/9855636875,50.131562,8.6831904,affinitaet,restaurant,Rob’s Kulinarium,,international,
node/9862904789,50.0932583,8.6000452,affinitaet,restaurant,Delhi Roma,,international,
node/9863023412,50.131005,8.6518302,affinitaet,restaurant,Ginnheimer Höhe,,german;austrian;iranian,
node/9863298683,50.1548218,8.6916101,affinitaet,restaurant,Zushii,,sushi,
node/9863575905,50.1447711,8.7504811,affinitaet,restaurant,Pizzeria Sun,,pizza;pasta;thai;salad;hot_dog;burger;sandwich;indonesian;dessert,
node/9880906163,50.1221546,8.6467076,affinitaet,restaurant,La Vita,,italian,
node/9892989495,50.1169667,8.6653863,affinitaet,restaurant,eat DOORI Deli,,,
node/9945714455,50.108054,8.6575095,affinitaet,restaurant,Yoko Sushi,,japanese,
node/9946110256,50.0970128,8.6533313,affinitaet,restaurant,Abacco's Steakhouse,,steak_house,
node/9963738838,50.0460041,8.6818932,affinitaet,restaurant,Thong Thai,,thai,
node/9979011412,50.0970981,8.6638435,affinitaet,restaurant,Dorade,,fish;greek,
node/9981856750,50.0485153,8.5673982,affinitaet,restaurant,Piezzo di pane,,italian,
way/101377415,50.0986479,8.5668856,affinitaet,restaurant,Mardej,,,
way/104310974,50.1099108,8.5362283,affinitaet,restaurant,Mavka,,ukrainian,
way/106103396,50.0945926,8.5382706,affinitaet,restaurant,Kantine Ost,,,
way/1070032828,50.1107355,8.6293281,affinitaet,restaurant,Ong Tao,,vietnamese,
way/112218268,50.1295488,8.7189531,affinitaet,restaurant,Bornheimer Ratskeller,,regional;german,
way/114320559,50.057924,8.5894678,affinitaet,restaurant,Restaurant Unterschweinstiege,,regional,
way/116174625,50.1460907,8.7543149,affinitaet,restaurant,La Perla Nera,,italian,
way/120179872,50.082394,8.6731247,affinitaet,restaurant,Frankfurt Art Bar,,german,
way/1320384485,50.0666725,8.5479553,affinitaet,restaurant,AusZeit,,,
way/133296639,50.1254007,8.6375331,affinitaet,restaurant,Café Plazz,,indian,
way/133533552,50.1935381,8.7803883,affinitaet,restaurant,Il Sorriso,,italian,
way/140514744,50.0533151,8.6917549,affinitaet,restaurant,DAARO,,african,
way/141478678,50.0503869,8.5292869,affinitaet,restaurant,Zum Anglerheim,,german,
way/145174939,50.101465,8.6294126,affinitaet,restaurant,Gusti,,,
way/147988004,50.1152181,8.6988951,affinitaet,restaurant,Pizza Hut,Pizza Hut,pizza,
way/149620165,50.0662676,8.5430158,affinitaet,restaurant,Sportlertreff,,balkan,
way/1525336343,50.1140289,8.6717696,affinitaet,restaurant,The Nest,,regional,
way/1564778517,50.0536398,8.5725858,affinitaet,restaurant,Rise,,,
way/165387155,50.0960576,8.6428686,affinitaet,restaurant,Donpane,,pizza,
way/166444229,50.0801928,8.6440791,affinitaet,restaurant,Union Niederrad,,german;hessian,
way/174512173,50.1114187,8.6782039,affinitaet,restaurant,Salzkammer,,austrian,
way/180167035,50.087464,8.5946352,affinitaet,restaurant,Zum Nussbaum,,,
way/185488199,50.0758746,8.5750942,affinitaet,restaurant,Vereinsheim Germania Schwanheim,,italian;cake,
way/189307568,50.1199614,8.7905995,affinitaet,restaurant,B-kropolis,,,
way/190661844,50.0948903,8.7533673,affinitaet,restaurant,Little Hanoi,,vietnamese,
way/191305900,50.1001855,8.7682406,affinitaet,restaurant,Ye Babam Ye Kebaphaus,,kebab,
way/205610701,50.0742839,8.4802163,affinitaet,restaurant,Ristorante Luna Bianca,,italian,
way/207931195,50.109668,8.5452305,affinitaet,restaurant,Rodopa,,,
way/208119620,50.1077417,8.7027409,affinitaet,restaurant,Oosten,,international,
way/219680752,50.1530889,8.8027151,affinitaet,restaurant,Taverne Amphora,,greek,
way/282761289,50.086608,8.6422264,affinitaet,restaurant,Bambus Haus,,thai,
way/28802396,50.1378127,8.6530886,affinitaet,restaurant,Grillhaus Kastanien,,chinese,
way/28836784,50.1467394,8.6705795,affinitaet,restaurant,Cibus,,greek,
way/293712528,50.1073971,8.663873,affinitaet,restaurant,Uddin & Uddin Eis Cafe Restaurant,,,
way/29466281,50.1227375,8.6642216,affinitaet,restaurant,,,,
way/30393711,50.1642181,8.6539488,affinitaet,restaurant,platzeins,,croatian,
way/30616450,50.1630538,8.6509071,affinitaet,restaurant,Sandelmühle,,,
way/328416896,50.057727,8.7170191,affinitaet,restaurant,Reiterschänke,,,
way/341487927,50.0028311,8.5790657,affinitaet,restaurant,Taverna Knossos (vorübergehend geschlossen),,greek,
way/346618494,50.0749534,8.5743772,affinitaet,restaurant,Tennis-Club Schwanheim e.V.,,italian;pizza,
way/356054277,50.0529627,8.5708048,affinitaet,restaurant,Connection 5,,international,
way/373764545,50.1152099,8.6737732,affinitaet,restaurant,Ranch & Sea,,steak_house,
way/384566369,50.1193111,8.7335515,affinitaet,restaurant,Pizza Hut,Pizza Hut,pizza,
way/38666465,50.0898772,8.7229577,affinitaet,restaurant,Zum Fuchs,,german,
way/39383800,50.071736,8.6824071,affinitaet,restaurant,Wirtshaus Oberschweinstiege,,german,
way/397936134,50.1148145,8.687981,affinitaet,restaurant,Chilli & Lime Thai Kitchen,,thai,
way/41224246,50.1719759,8.6314253,affinitaet,restaurant,N101 Mensa π × Gaumen,,international,
way/43837376,50.0892125,8.7114778,affinitaet,restaurant,Goetheruh,,german;ice_cream,
way/441414745,50.1134235,8.6789188,affinitaet,restaurant,Pizza Hut,Pizza Hut,pizza,
way/52572469,50.1679694,8.5720146,affinitaet,restaurant,Zum Goldenen Stern,,,
way/52572482,50.1682841,8.5728931,affinitaet,restaurant,Alt Steinbach,,,
way/53060310,50.1673248,8.5760142,affinitaet,restaurant,Ratsstube in Steinbach,,german;indian;italian;pizza,
way/53176364,50.1113935,8.627999,affinitaet,restaurant,Zampano,,pizza,
way/53726447,50.1661019,8.5704184,affinitaet,restaurant,Bistro Ile De Ré,,,
way/54394835,50.1054986,8.770155,affinitaet,restaurant,Württemberger Hof,,,
way/579560993,50.0521716,8.5722355,affinitaet,restaurant,Internationales Restaurant Fl Aromen,,,
way/580602357,50.0521515,8.5729366,affinitaet,restaurant,Restaurant und Taverne,,,
way/618283007,50.096305,8.6182977,affinitaet,restaurant,Yuan Lai,,chinese,
way/62197759,50.1198541,8.6982749,affinitaet,restaurant,El Pacifico,,mexican,
way/633068781,50.1383313,8.7010993,affinitaet,restaurant,Gartenrestaurant KGV Cronberger,,turkish,
way/646021795,50.1775724,8.5810148,affinitaet,restaurant,Zur Sonne,,german,
way/92907589,50.1811579,8.5957521,affinitaet,restaurant,Gasthaus zur Linde,,regional,
way/92948135,50.182313,8.5958255,affinitaet,restaurant,Zum Rühl,,german;regional,
node/10118870690,50.0487027,8.5442532,milieu,spielhalle,Ky Spielhalle,,,
node/10143420497,50.0994023,8.5975072,milieu,spielhalle,,,,
node/10166945648,50.1137803,8.6876079,milieu,spielhalle,Storm,,,
node/10200171292,50.1072188,8.6668959,milieu,spielhalle,Spielhalle Winner,,,
node/10274048309,50.1134407,8.6817568,milieu,spielhalle,Europlay,,,
node/10712101159,50.1145294,8.7202797,milieu,spielhalle,Spielhalle Royal,,,
node/11036159158,50.109898,8.6652477,milieu,spielhalle,Spielhalle,,,
node/11053694006,50.105225,8.6444854,milieu,spielhalle,,,,
node/11592780419,50.1153837,8.6865223,milieu,spielhalle,Spielfabrik,,,
node/11835721134,50.1136473,8.6855486,milieu,spielhalle,Merkur,,,
node/11958899268,50.1075121,8.6680924,milieu,spielhalle,Merkur Spielhalle,,,
node/12764557762,50.1007343,8.6912596,milieu,spielhalle,Spielhalle,,,
node/13583194014,50.1139684,8.6829143,milieu,spielhalle,Apollo,,,
node/13944838654,50.1028706,8.5474159,milieu,spielhalle,Fair Play,,,
node/1794347598,50.1079833,8.6683511,milieu,spielhalle,Merkur,,,
node/1889764864,50.1089187,8.6656468,milieu,spielhalle,City Casino,,,
node/2830219963,50.1212349,8.6980162,milieu,spielhalle,Casino,,,
node/2833747445,50.116998,8.6957544,milieu,spielhalle,Golden Play,,,
node/292406531,50.1548442,8.6920114,milieu,spielhalle,Spielhalle,,,
node/3397332793,50.0557301,8.6950541,milieu,spielhalle,Tipwin,,,
node/3600749020,50.1038437,8.648461,milieu,spielhalle,X-tip,,,
node/3832542753,50.1137542,8.6867205,milieu,spielhalle,Spielhalle powerd by Ickenroth,,,
node/4082424983,50.1110471,8.7026561,milieu,spielhalle,Spielhalle,,,
node/4214628554,50.1249862,8.7077455,milieu,spielhalle,Merkur Spielhalle,,,
node/4215983160,50.1239386,8.6364203,milieu,spielhalle,Spielhalle,,,
node/5272153200,50.0519543,8.6953917,milieu,spielhalle,CR Spielhalle,,,
node/5728699590,50.1175965,8.6453055,milieu,spielhalle,Spielhalle Games and More,,,
node/6041094586,50.1093497,8.6667828,milieu,spielhalle,Wettarena,,,
node/6041094587,50.1095663,8.6673806,milieu,spielhalle,Apollo,,,
node/6041100785,50.1091446,8.6661155,milieu,spielhalle,Spielhall Atlantic,,,
node/6049605303,50.1096949,8.6646703,milieu,spielhalle,City Casino GmbH,,,
node/6049605589,50.1099569,8.6661944,milieu,spielhalle,Crystal Pearl,,,
node/6050976791,50.1080594,8.6678611,milieu,spielhalle,Merkur Spielhalle,,,
node/6282452002,50.1243606,8.6107895,milieu,spielhalle,Spielhalle,,,
node/6282452003,50.1248085,8.6117282,milieu,spielhalle,Spielhalle,,,
node/6320685969,50.1413213,8.7498236,milieu,spielhalle,Löwen Play,Löwen Play,,
node/6408736586,50.1244784,8.7011759,milieu,spielhalle,Spielhalle,,,
node/7251448693,50.1314171,8.7148585,milieu,spielhalle,CR Spielhalle,,,
node/7817558525,50.1007572,8.7230292,milieu,spielhalle,Black & Blue,,,
node/7817558529,50.1005942,8.7220402,milieu,spielhalle,V.I.P. Lounge,,,
node/8048100784,50.1262546,8.6106435,milieu,spielhalle,Spielhalle Rödelheim,,,
node/903939828,50.0994338,8.5893808,milieu,spielhalle,,,,
node/9465163830,50.1055504,8.7521925,milieu,spielhalle,,,,
way/123244713,50.1875106,8.7330794,milieu,spielhalle,City Spielhalle,,,
node/10013427033,50.1408673,8.7531729,wettbewerb_breit,supermarkt,EDEKA Langanki,Edeka,,
node/10143387938,50.0999029,8.6034865,wettbewerb_breit,supermarkt,Gida Markt,,,
node/10200195965,50.1053262,8.7669855,wettbewerb_breit,supermarkt,Lidl,Lidl,,
node/10658892568,50.1261541,8.7081778,wettbewerb_breit,supermarkt,Bornheimer Supermarkt,,,
node/10677258292,50.1194027,8.5273106,wettbewerb_breit,supermarkt,tegut teo,,,
node/10699899539,50.0977367,8.6907527,wettbewerb_breit,supermarkt,Netto Marken-Discount,Netto Marken-Discount,,
node/1092430373,50.1256492,8.6125672,wettbewerb_breit,supermarkt,PENNY,Penny,,yes
node/1092431382,50.1269385,8.6137674,wettbewerb_breit,supermarkt,REWE,Rewe,,
node/11014379136,50.0979269,8.627509,wettbewerb_breit,supermarkt,Gazi File Supermarkt,,,
node/110287104,50.1508915,8.6634842,wettbewerb_breit,supermarkt,PENNY,Penny,,
node/11044213371,50.0834605,8.4690598,wettbewerb_breit,supermarkt,Taunus Super Market,,,
node/1111897470,50.1153636,8.7218456,wettbewerb_breit,supermarkt,Lidl,Lidl,,
node/1120718989,50.053058,8.6954203,wettbewerb_breit,supermarkt,REWE,Rewe,,
node/11211790216,50.1268942,8.7089559,wettbewerb_breit,supermarkt,tegut,tegut,,
node/11212593044,50.123376,8.7024329,wettbewerb_breit,supermarkt,Asian River,,,
node/1126643115,50.1199735,8.6215937,wettbewerb_breit,supermarkt,Birtanem Supermarkt,,,
node/1131510215,50.1131701,8.7046323,wettbewerb_breit,supermarkt,Kasas Markt,,,
node/11377216771,50.1091397,8.5395341,wettbewerb_breit,supermarkt,Y mart,,,
node/1140915016,50.1083792,8.6690669,wettbewerb_breit,supermarkt,Asia Markt Yuan Fa,,,
node/11435188751,50.1579397,8.6342225,wettbewerb_breit,supermarkt,Main Markt,,,
node/11443200461,50.1574079,8.6333343,wettbewerb_breit,supermarkt,ProBro's - Späti,,,
node/11509502493,50.0994548,8.5876394,wettbewerb_breit,supermarkt,Kaufland,Kaufland,,
node/11513944709,50.1195402,8.69359,wettbewerb_breit,supermarkt,Penny Merianplatz,Penny,,
node/1154464382,50.1046128,8.7648271,wettbewerb_breit,supermarkt,REWE,Rewe,,
node/11570532379,50.1142275,8.6797169,wettbewerb_breit,supermarkt,Markthalle Galeria,,,
node/11670083168,50.1024509,8.6358735,wettbewerb_breit,supermarkt,JugoProm Balkanische Lebensmittel,,,
node/11879370191,50.0968768,8.5972761,wettbewerb_breit,supermarkt,Sediq Orient-Supermarkt,,middle_eastern;afghan,
node/11949954476,50.1203958,8.6250085,wettbewerb_breit,supermarkt,Lecker Olé,,,
node/11969126643,50.0843035,8.6435075,wettbewerb_breit,supermarkt,Özlem Markt,,turkish,
node/1200111981,50.0869264,8.6467645,wettbewerb_breit,supermarkt,M&M supermarket,,,
node/12016595213,50.1085128,8.6364602,wettbewerb_breit,supermarkt,Netto Marken-Discount,Netto Marken-Discount,,
node/12118171195,50.0471889,8.6920595,wettbewerb_breit,supermarkt,Edeka,Edeka,,yes
node/12436992507,50.1411658,8.5660523,wettbewerb_breit,supermarkt,Watan Bazaar,,,
node/12437696686,50.1192021,8.6784881,wettbewerb_breit,supermarkt,Netto Marken-Discount,Netto Marken-Discount,,
node/12608311905,50.1207939,8.6286664,wettbewerb_breit,supermarkt,tegut,tegut,,
node/12762181958,50.072775,8.4987364,wettbewerb_breit,supermarkt,Mix Markt,Mix Markt,,
node/12764557763,50.1006594,8.6910495,wettbewerb_breit,supermarkt,Esba Frischemarkt,,,
node/1276490800,50.1139705,8.6956223,wettbewerb_breit,supermarkt,PENNY Zoo-Passage,Penny,,
node/12798413772,50.1010776,8.5474631,wettbewerb_breit,supermarkt,Asia Afro Supermarkt & Kiosk,,,
node/12842344456,50.1150659,8.6816172,wettbewerb_breit,supermarkt,Go Asia,Go Asia,,
node/12868362988,50.1165022,8.6792461,wettbewerb_breit,supermarkt,y-mart city,,,
node/1291415323,50.0916372,8.6073113,wettbewerb_breit,supermarkt,REWE,Rewe,,
node/1306010090,50.1393025,8.7438511,wettbewerb_breit,supermarkt,Netto Marken-Discount,Netto Marken-Discount,,
node/13070454648,50.1063122,8.6516711,wettbewerb_breit,supermarkt,Beam Market - Lebensmittel & Klamotten,,,
node/1307708057,50.1444587,8.7265783,wettbewerb_breit,supermarkt,Nahkauf,Nahkauf,,
node/1309737100,50.1014186,8.5486331,wettbewerb_breit,supermarkt,REWE Alexander Kern,REWE,,
node/13290234388,50.1120996,8.6747062,wettbewerb_breit,supermarkt,Edeka Graf,Edeka,,
node/13348447485,50.159873,8.6482088,wettbewerb_breit,supermarkt,Mira Markt - Osteuropäische Spezialitäten,,,
node/13462283803,50.0532218,8.6830462,wettbewerb_breit,supermarkt,Desi Shop,,,
node/13514757110,50.1077518,8.6760155,wettbewerb_breit,supermarkt,tegut,tegut,,
node/1362132062,50.1079984,8.5408319,wettbewerb_breit,supermarkt,REWE,REWE,,
node/13725327892,50.1167722,8.6305483,wettbewerb_breit,supermarkt,Riku Asia  Supermarkt,,,
node/13766343453,50.0863928,8.6468749,wettbewerb_breit,supermarkt,Sunrise Supermarkt,,,
node/13899174320,50.1095568,8.7501888,wettbewerb_breit,supermarkt,LYLY - Asia Markt,,,
node/1398835277,50.121878,8.6994104,wettbewerb_breit,supermarkt,REWE City,Rewe,,
node/13998225723,50.1378885,8.5689675,wettbewerb_breit,supermarkt,Kim's Laden,,,
node/14051644969,50.1139961,8.721201,wettbewerb_breit,supermarkt,REWE express,Rewe,,
node/1417420407,50.1032197,8.6902259,wettbewerb_breit,supermarkt,Aldi Süd,Aldi Süd,,
node/1429368642,50.1155103,8.72621,wettbewerb_breit,supermarkt,Me.Ta Markt ital. Spezialitäten,,,
node/1431103977,50.1085181,8.7877911,wettbewerb_breit,supermarkt,Aldi Süd,Aldi Süd,,
node/147833590,50.1392074,8.6544512,wettbewerb_breit,supermarkt,Lidl,Lidl,,
node/147834376,50.133802,8.6712753,wettbewerb_breit,supermarkt,REWE,Rewe,,
node/158650517,50.1326027,8.6259922,wettbewerb_breit,supermarkt,REWE,Rewe,,
node/1608615465,50.213781,8.6494049,wettbewerb_breit,supermarkt,REWE,Rewe,,
node/1619915562,50.124777,8.6997972,wettbewerb_breit,supermarkt,Netto Marken-Discount,Netto Marken-Discount,,
node/1625069714,50.1299692,8.6955538,wettbewerb_breit,supermarkt,REWE,Rewe,,
node/1635577826,50.1187939,8.7097946,wettbewerb_breit,supermarkt,REWE,Rewe,,
node/1647259282,50.1260678,8.7074318,wettbewerb_breit,supermarkt,tegut,tegut,,
node/1667719998,50.1276016,8.671451,wettbewerb_breit,supermarkt,Rewe City,Rewe,,
node/1681301161,50.1229288,8.6443727,wettbewerb_breit,supermarkt,Zaitun,,,
node/1681301223,50.1231377,8.6436787,wettbewerb_breit,supermarkt,REWE,Rewe,,
node/1683567181,50.1276014,8.6068588,wettbewerb_breit,supermarkt,Lidl,Lidl,,
node/1684484367,50.1022987,8.6285076,wettbewerb_breit,supermarkt,PENNY,Penny,,
node/1685161769,50.0794765,8.604238,wettbewerb_breit,supermarkt,Rewe,Rewe,,
node/1740521694,50.0856869,8.5892557,wettbewerb_breit,supermarkt,,,,
node/1765953489,50.116199,8.6790985,wettbewerb_breit,supermarkt,Reformhaus Boermel-Ernst,,,
node/1769704962,50.1164029,8.7242322,wettbewerb_breit,supermarkt,Aldi Süd,Aldi Süd,,
node/1769704963,50.1143629,8.7156328,wettbewerb_breit,supermarkt,Scheck-In Center,Edeka,,
node/1828837646,50.1316767,8.7589941,wettbewerb_breit,supermarkt,Celik Center - Internationaler Supermarkt,,,
node/1901388910,50.1059453,8.6925107,wettbewerb_breit,supermarkt,,,,
node/1935890996,50.1392648,8.6707647,wettbewerb_breit,supermarkt,Reformhaus Freya,,,yes
node/1944577735,50.0113719,8.5848845,wettbewerb_breit,supermarkt,PENNY Mörfelden-Walldorf,Penny,,
node/1960863324,50.115808,8.6860781,wettbewerb_breit,supermarkt,Aldi Süd,Aldi Süd,,
node/1967205084,50.0874332,8.5813513,wettbewerb_breit,supermarkt,REWE,Rewe,,
node/1985040969,50.18341,8.7433231,wettbewerb_breit,supermarkt,Netto Marken-Discount,Netto Marken-Discount,,
node/2003909123,50.1541635,8.6638185,wettbewerb_breit,supermarkt,Nahkauf,Nahkauf,,
node/201306249,50.1608859,8.644712,wettbewerb_breit,supermarkt,REWE,Rewe,,
node/2038904316,50.1041086,8.7593416,wettbewerb_breit,supermarkt,PENNY,Penny,,
node/2053119298,50.1244251,8.5654288,wettbewerb_breit,supermarkt,PENNY Sossenheim,PENNY,,
node/206154059,50.1074887,8.5874003,wettbewerb_breit,supermarkt,Lidl,Lidl,,
node/2068688468,50.0890341,8.7556456,wettbewerb_breit,supermarkt,Mix Markt,Mix Markt,,
node/2076312989,50.1149318,8.5543371,wettbewerb_breit,supermarkt,Tanges,,,
node/2081447902,50.0988085,8.7312301,wettbewerb_breit,supermarkt,Nahkauf,Nahkauf,,
node/2087461552,50.1133534,8.6863476,wettbewerb_breit,supermarkt,Yuan Fa Asia Markt,,,
node/2126881691,50.108285,8.6285602,wettbewerb_breit,supermarkt,REWE,Rewe,,
node/2131344254,50.1243396,8.791173,wettbewerb_breit,supermarkt,Yaz Gülü,,,
node/2137269919,50.1094457,8.6953812,wettbewerb_breit,supermarkt,Aldi Süd,Aldi Süd,,
node/2152308288,50.108708,8.5280824,wettbewerb_breit,supermarkt,Aldi,Aldi,,
node/2152308294,50.1083923,8.5277122,wettbewerb_breit,supermarkt,Indische Lebensmittel,,,
node/224215470,50.1268376,8.7946825,wettbewerb_breit,supermarkt,REWE,Rewe,,
node/2273593731,50.126047,8.7078137,wettbewerb_breit,supermarkt,Reformhaus Bornheim,,,
node/2278966582,50.1400057,8.5635668,wettbewerb_breit,supermarkt,Alfa Supermarkt,,,
node/2294700697,50.1247947,8.6106233,wettbewerb_breit,supermarkt,Mai Thanh,,asian,
node/2337512300,50.0871522,8.5073059,wettbewerb_breit,supermarkt,Nahkauf,Nahkauf,,
node/2378262581,50.1107974,8.753205,wettbewerb_breit,supermarkt,Netto Marken-Discount,Netto Marken-Discount,,
node/2395294158,50.100149,8.6355175,wettbewerb_breit,supermarkt,Intermarkt,,,
node/2406820514,50.0122189,8.5872066,wettbewerb_breit,supermarkt,REWE,REWE,,
node/2422032815,50.1212063,8.7674847,wettbewerb_breit,supermarkt,Nahkauf,Nahkauf,,
node/2435304461,50.1095737,8.6533171,wettbewerb_breit,supermarkt,REWE City,Rewe,,
node/2445460947,50.0500292,8.6995764,wettbewerb_breit,supermarkt,REWE,Rewe,,
node/2469902853,50.1120328,8.7003415,wettbewerb_breit,supermarkt,Jadran Feinkost,,,
node/247748202,50.0828105,8.5808066,wettbewerb_breit,supermarkt,Norma,Norma,,
node/2505344462,50.0585203,8.5197644,wettbewerb_breit,supermarkt,REWE,Rewe,,yes
node/252412411,50.1479771,8.6651032,wettbewerb_breit,supermarkt,Nahkauf,Nahkauf,,
node/255495169,50.1632679,8.6382795,wettbewerb_breit,supermarkt,Lidl,Lidl,,
node/255895868,50.1582878,8.6333713,wettbewerb_breit,supermarkt,REWE,Rewe,,
node/25719016,50.1222519,8.5999352,wettbewerb_breit,supermarkt,Aldi Süd,Aldi Süd,,
node/259996387,50.1635014,8.6193962,wettbewerb_breit,supermarkt,Netto Marken-Discount,Netto Marken-Discount,,
node/2615977997,50.1073512,8.6684385,wettbewerb_breit,supermarkt,Alim Market,,,
node/2624508616,50.0963658,8.7562998,wettbewerb_breit,supermarkt,Hayatmarkt,,,
node/262518502,50.0888707,8.6712295,wettbewerb_breit,supermarkt,REWE,Rewe,,
node/264142791,50.1195772,8.6795224,wettbewerb_breit,supermarkt,REWE,Rewe,,
node/264143862,50.1224016,8.6885024,wettbewerb_breit,supermarkt,REWE City,Rewe,,
node/2648455457,50.1422762,8.6103588,wettbewerb_breit,supermarkt,PENNY Leylaland,Penny,,
node/267520768,50.193918,8.6563469,wettbewerb_breit,supermarkt,Lidl,Lidl,,
node/267520769,50.1935172,8.6576531,wettbewerb_breit,supermarkt,Aldi Süd,Aldi Süd,,
node/2676885629,50.1027384,8.6896961,wettbewerb_breit,supermarkt,Myeong Dong Asia Markt,,,
node/2686477110,50.0908127,8.6719877,wettbewerb_breit,supermarkt,PENNY,Penny,,
node/269693457,50.0979288,8.5900135,wettbewerb_breit,supermarkt,REWE Center,REWE,,
node/269693620,50.099097,8.5855006,wettbewerb_breit,supermarkt,ALDI Süd,ALDI Süd,,
node/269693625,50.1020938,8.5907321,wettbewerb_breit,supermarkt,Nahkauf,Nahkauf,,
node/269695706,50.0985945,8.5674285,wettbewerb_breit,supermarkt,REWE,REWE,,
node/269805791,50.1033678,8.6914599,wettbewerb_breit,supermarkt,REWE,REWE,,
node/2716337586,50.0498847,8.6993639,wettbewerb_breit,supermarkt,Aldi Süd,Aldi Süd,,
node/2752175665,50.1087203,8.6638295,wettbewerb_breit,supermarkt,REWE,Rewe,,
node/276295557,50.1053054,8.6962915,wettbewerb_breit,supermarkt,REWE,Rewe,,
node/276392394,50.100063,8.7238569,wettbewerb_breit,supermarkt,REWE,Rewe,,
node/280085217,50.1821657,8.5857829,wettbewerb_breit,supermarkt,Netto Marken-Discount,Netto Marken-Discount,,
node/280312888,50.208093,8.7434321,wettbewerb_breit,supermarkt,E-Center,EDEKA,,
node/28211139,50.1596746,8.6882156,wettbewerb_breit,supermarkt,REWE,Rewe,,
node/28212673,50.1679015,8.6804104,wettbewerb_breit,supermarkt,Netto Marken-Discount,Netto Marken-Discount,,
node/282654927,50.1260944,8.6855885,wettbewerb_breit,supermarkt,REWE Yakisik,Rewe,,
node/2828808541,50.1309486,8.7166664,wettbewerb_breit,supermarkt,REWE,Rewe,,
node/2828821468,50.1388513,8.6975826,wettbewerb_breit,supermarkt,Aldi Süd,Aldi Süd,,
node/286874066,50.191921,8.7423115,wettbewerb_breit,supermarkt,tegut,tegut,,
node/287242033,50.1411027,8.5669266,wettbewerb_breit,supermarkt,REWE,REWE,,
node/2877974501,50.0865428,8.6409153,wettbewerb_breit,supermarkt,PENNY Bruchfeldstraße,Penny,,
node/292406508,50.1464565,8.681758,wettbewerb_breit,supermarkt,PENNY Eckenheim,Penny,,
node/292406521,50.1537033,8.6824653,wettbewerb_breit,supermarkt,Hak Market,,,
node/292848700,50.0981119,8.574541,wettbewerb_breit,supermarkt,Nahkauf,Nahkauf,,
node/2932934156,50.1418144,8.5627397,wettbewerb_breit,supermarkt,Kmall Koreanische/Asiatische Lebensmittel,,,
node/298338180,50.0973249,8.4980042,wettbewerb_breit,supermarkt,REWE,REWE,,
node/301139086,50.1200388,8.6955056,wettbewerb_breit,supermarkt,tegut,tegut,,
node/301172308,50.1289675,8.6915419,wettbewerb_breit,supermarkt,REWE City,Rewe,,
node/3060404417,50.1029459,8.6801365,wettbewerb_breit,supermarkt,REWE City,Rewe,,
node/30762877,50.1447742,8.6504033,wettbewerb_breit,supermarkt,REWE,Rewe,,
node/312100327,50.1351407,8.5572189,wettbewerb_breit,supermarkt,Rewe,REWE,,
node/315842058,50.1407883,8.7182162,wettbewerb_breit,supermarkt,Lidl,Lidl,,
node/3160972761,50.1008786,8.7658897,wettbewerb_breit,supermarkt,Norma,Norma,,
node/3160972964,50.1034735,8.7638904,wettbewerb_breit,supermarkt,Aldi Süd,Aldi Süd,,
node/317083337,50.139685,8.6992279,wettbewerb_breit,supermarkt,tegut,tegut,,
node/3176598166,50.1044722,8.7565017,wettbewerb_breit,supermarkt,Delta Markt,,,
node/3207899061,50.116989,8.680146,wettbewerb_breit,supermarkt,tegut,tegut,,
node/3223059267,50.1012568,8.7788688,wettbewerb_breit,supermarkt,PENNY Bieberer Straße,Penny,,
node/322816228,50.1409396,8.6781326,wettbewerb_breit,supermarkt,Berham,,,
node/3247212261,50.1040944,8.7744348,wettbewerb_breit,supermarkt,REWE,Rewe,,
node/3296477422,50.0986398,8.7782889,wettbewerb_breit,supermarkt,Nahkauf,Nahkauf,,
node/330486316,50.1506003,8.663741,wettbewerb_breit,supermarkt,Reformhaus Andersch,,,
node/331635343,50.1132518,8.6914294,wettbewerb_breit,supermarkt,Netto Marken-Discount,Netto Marken-Discount,,
node/3350853577,50.1047629,8.7563131,wettbewerb_breit,supermarkt,Asia Mekong Tran Thanh,,,
node/3359548693,50.1681405,8.6809965,wettbewerb_breit,supermarkt,Hak-Market 2,,,
node/3389183594,50.0863538,8.7602414,wettbewerb_breit,supermarkt,Yazgülü,,,
node/340200699,50.1246568,8.6099287,wettbewerb_breit,supermarkt,tegut,tegut,,
node/34024216,50.204131,8.7023637,wettbewerb_breit,supermarkt,REWE,REWE,,
node/34160936,50.1489126,8.6570479,wettbewerb_breit,supermarkt,REWE,Rewe,,
node/34452860,50.1256452,8.7378383,wettbewerb_breit,supermarkt,Netto Marken-Discount,Netto Marken-Discount,,yes
node/34734249,50.1408602,8.6477909,wettbewerb_breit,supermarkt,REWE,Rewe,,
node/348345150,50.1549556,8.6291392,wettbewerb_breit,supermarkt,Nordwest Markt,,,
node/3508434194,50.1168279,8.7844831,wettbewerb_breit,supermarkt,Nahkauf,Nahkauf,,
node/360725055,50.1292766,8.6431049,wettbewerb_breit,supermarkt,PENNY Ginnheimer Landstraße,Penny,,
node/3646551706,50.1456118,8.796911,wettbewerb_breit,supermarkt,Netto Marken-Discount,Netto Marken-Discount,,
node/3795119048,50.1371448,8.6666141,wettbewerb_breit,supermarkt,PENNY,Penny,,
node/3818731569,50.1068067,8.6662556,wettbewerb_breit,supermarkt,Orient Asia Supermarkt,,,
node/3818737009,50.1065534,8.6666471,wettbewerb_breit,supermarkt,Shubab Supermarkt,,,
node/3818746466,50.1069197,8.6667044,wettbewerb_breit,supermarkt,Nazar Markt,,,
node/3874922853,50.1465969,8.6101608,wettbewerb_breit,supermarkt,REWE Center,REWE,,
node/3898076746,50.1230958,8.6010038,wettbewerb_breit,supermarkt,Netto Marken-Discount,Netto Marken-Discount,,
node/3898739614,50.1121815,8.7550428,wettbewerb_breit,supermarkt,REWE,Rewe,,
node/4031870539,50.11413,8.6881329,wettbewerb_breit,supermarkt,tegut,tegut,,
node/4055344544,50.1557988,8.6988793,wettbewerb_breit,supermarkt,tegut,tegut,,
node/4055388450,50.1137548,8.6265878,wettbewerb_breit,supermarkt,tegut,tegut,,
node/4124667270,50.0705045,8.4851227,wettbewerb_breit,supermarkt,Il Casale Italienische Feinkost,,,
node/418164058,50.109769,8.5398455,wettbewerb_breit,supermarkt,Yaz Supermarkt,,,
node/423205669,50.1232429,8.6439135,wettbewerb_breit,supermarkt,Penny auf der Leipziger,Penny,,
node/423205785,50.1234994,8.6443443,wettbewerb_breit,supermarkt,Aldi Süd,Aldi Süd,,
node/4264714414,50.133876,8.7372356,wettbewerb_breit,supermarkt,Atlas Supermarkt,,,
node/427549292,50.1039215,8.6367905,wettbewerb_breit,supermarkt,REWE,Rewe,,
node/4393299770,50.1129343,8.6859066,wettbewerb_breit,supermarkt,Junvin Asia Supermarkt,,,
node/4395785589,50.0916238,8.6884795,wettbewerb_breit,supermarkt,tegut,tegut,,
node/4494221834,50.1022146,8.6378069,wettbewerb_breit,supermarkt,PENNY Gallus,Penny,,
node/4504215744,50.1002217,8.5495796,wettbewerb_breit,supermarkt,Norma,Norma,,
node/4516114349,50.1124405,8.7051574,wettbewerb_breit,supermarkt,REWE an der alten Feuerwache,Rewe,,
node/453140995,50.1763067,8.6420709,wettbewerb_breit,supermarkt,Lidl,Lidl,,
node/457014556,50.1056345,8.7520909,wettbewerb_breit,supermarkt,Lidl,Lidl,,
node/4664448714,50.0966803,8.7633757,wettbewerb_breit,supermarkt,REWE,Rewe,,
node/467699533,50.0839231,8.6444406,wettbewerb_breit,supermarkt,PENNY,Penny,,
node/469196235,50.1200959,8.6484184,wettbewerb_breit,supermarkt,Netto Marken-Discount,Netto Marken-Discount,,
node/4704965516,50.1249312,8.7689529,wettbewerb_breit,supermarkt,Netto City,Netto City,,
node/471987028,50.0837294,8.649093,wettbewerb_breit,supermarkt,REWE,Rewe,,
node/476464737,50.1145545,8.5447347,wettbewerb_breit,supermarkt,Lidl,Lidl,,
node/477744961,50.1340938,8.6303714,wettbewerb_breit,supermarkt,Aldi Süd,Aldi Süd,,
node/4778192071,50.1245296,8.7691078,wettbewerb_breit,supermarkt,YOMA Asia Lebensmittel,,,
node/4787707921,50.1245359,8.6064362,wettbewerb_breit,supermarkt,REWE Markt,Rewe,,
node/4813179698,50.1021364,8.6319479,wettbewerb_breit,supermarkt,REWE Center,Rewe,,
node/4813179699,50.102191,8.6325646,wettbewerb_breit,supermarkt,Aldi Süd,Aldi Süd,,
node/482615653,50.1184595,8.662612,wettbewerb_breit,supermarkt,REWE,Rewe,,
node/4828838099,50.1300279,8.5587708,wettbewerb_breit,supermarkt,Shang-Lee Superstore,,,
node/494249107,50.1016442,8.5586779,wettbewerb_breit,supermarkt,Netto Marken-Discount,Netto Marken-Discount,,
node/503471618,50.1050334,8.6500867,wettbewerb_breit,supermarkt,PENNY Auf der Mainzer,Penny,,
node/5088131221,50.1653346,8.6249274,wettbewerb_breit,supermarkt,Nordwestmarkt 2,,,
node/512479935,50.1056801,8.7697145,wettbewerb_breit,supermarkt,Nahkauf,Nahkauf,,
node/5163575720,50.1078381,8.6569101,wettbewerb_breit,supermarkt,Zemen,,,
node/5186948661,50.0967105,8.6933806,wettbewerb_breit,supermarkt,Aldi Süd,Aldi Süd,,
node/5207175423,50.0616152,8.5322706,wettbewerb_breit,supermarkt,tegut,tegut,,
node/5224511009,50.1220642,8.7698718,wettbewerb_breit,supermarkt,tegut,tegut,,
node/528009386,50.101211,8.6323202,wettbewerb_breit,supermarkt,Lidl,Lidl,,
node/5289464336,50.0727035,8.5025701,wettbewerb_breit,supermarkt,Bak Lak,,,
node/5345153687,50.1897377,8.6673818,wettbewerb_breit,supermarkt,REWE Nihat Özgül,Rewe,,
node/5432163934,50.0531327,8.6925048,wettbewerb_breit,supermarkt,Kunar Bazar 2,,,
node/5455661873,50.1115027,8.6761315,wettbewerb_breit,supermarkt,Go Asia,Go Asia,,
node/5489225688,50.0506308,8.6954242,wettbewerb_breit,supermarkt,Kadir Market,,,
node/5497206610,50.1051244,8.6852114,wettbewerb_breit,supermarkt,tegut,tegut,,
node/5609349483,50.0819211,8.6337904,wettbewerb_breit,supermarkt,Aldi Süd,Aldi Süd,,
node/564720561,50.1218489,8.6705385,wettbewerb_breit,supermarkt,Penny,Penny,,
node/5688339277,50.1590608,8.6553802,wettbewerb_breit,supermarkt,REWE,Rewe,,
node/569566124,50.1264416,8.6860176,wettbewerb_breit,supermarkt,Aldi Süd,Aldi Süd,,
node/5723181116,50.0980839,8.7614517,wettbewerb_breit,supermarkt,PENNY,Penny,,
node/5726481605,50.0554004,8.6950592,wettbewerb_breit,supermarkt,Kerimler,,,
node/573367004,50.1210774,8.6740777,wettbewerb_breit,supermarkt,REWE,Rewe,,
node/5776592092,50.0972967,8.6934908,wettbewerb_breit,supermarkt,EDEKA,Edeka,,
node/5875303213,50.1050993,8.7468467,wettbewerb_breit,supermarkt,PENNY,Penny,,yes
node/59067158,50.047404,8.6775499,wettbewerb_breit,supermarkt,Rewe,Rewe,,
node/6049605293,50.1078564,8.6657181,wettbewerb_breit,supermarkt,Gutleut Asiamarkt,,,
node/6049605298,50.1082737,8.6646946,wettbewerb_breit,supermarkt,Asia land,,,
node/6050977688,50.1094482,8.6678436,wettbewerb_breit,supermarkt,Taraki Discount Shop,,,
node/6063592221,50.0817091,8.633855,wettbewerb_breit,supermarkt,Scheck-In Center,Edeka,,
node/6081587662,50.1032057,8.6259797,wettbewerb_breit,supermarkt,Europamarkt,,,
node/615605786,50.1001742,8.6591791,wettbewerb_breit,supermarkt,REWE,Rewe,,
node/615917851,50.1186074,8.6974126,wettbewerb_breit,supermarkt,Penny Sandweg,Penny,,
node/626131200,50.1145182,8.6816354,wettbewerb_breit,supermarkt,REWE,Rewe,,yes
node/6267439871,50.1082704,8.6672617,wettbewerb_breit,supermarkt,tegut,tegut,,
node/6310695543,50.1122889,8.5381777,wettbewerb_breit,supermarkt,PENNY,Penny,,
node/6378042422,50.1238004,8.7027009,wettbewerb_breit,supermarkt,REWE,Rewe,,
node/6389378860,50.1285662,8.6953876,wettbewerb_breit,supermarkt,Istanbul 34,,,
node/6420534550,50.1684641,8.6390331,wettbewerb_breit,supermarkt,Penny,Penny,,
node/644761308,50.1835675,8.6646631,wettbewerb_breit,supermarkt,PENNY,Penny,,
node/6511916788,50.1764691,8.6302724,wettbewerb_breit,supermarkt,EDEKA Georg,Edeka,,
node/678577844,50.0809454,8.5171756,wettbewerb_breit,supermarkt,Nahkauf,Nahkauf,,
node/6983710479,50.1569266,8.6349181,wettbewerb_breit,supermarkt,Aldi Süd,Aldi Süd,,
node/7003951461,50.1173111,8.6407076,wettbewerb_breit,supermarkt,REWE Andre Utay,Rewe,,
node/7015365385,50.054394,8.5941128,wettbewerb_breit,supermarkt,REWE,REWE,,
node/7038938491,50.0830621,8.6383826,wettbewerb_breit,supermarkt,Netto Marken-Discount,Netto Marken-Discount,,
node/7178836198,50.1133439,8.6827749,wettbewerb_breit,supermarkt,Aldi Süd,Aldi Süd,,yes
node/7194886757,50.1039491,8.764769,wettbewerb_breit,supermarkt,Yuniq nahkauf,Nahkauf,,
node/7213661217,50.1059793,8.7590851,wettbewerb_breit,supermarkt,Balkan Lebensmittel,JugoProM,,
node/7343457676,50.1343946,8.5723581,wettbewerb_breit,supermarkt,REWE Rainer Lapp,REWE,,
node/7509318999,50.0842756,8.6297473,wettbewerb_breit,supermarkt,Lidl,Lidl,,
node/751805871,50.1313283,8.7106535,wettbewerb_breit,supermarkt,Nahkauf,Nahkauf,,
node/767529840,50.1246755,8.5714552,wettbewerb_breit,supermarkt,Sahan Supermarkt,,,
node/768532397,50.1911548,8.66505,wettbewerb_breit,supermarkt,Netto Marken-Discount,Netto Marken-Discount,,
node/7734764940,50.1045731,8.7675251,wettbewerb_breit,supermarkt,M&S Foodhall,Marks & Spencer,,
node/7801581443,50.1051422,8.7602859,wettbewerb_breit,supermarkt,Netto Marken-Discount,Netto Marken-Discount,,
node/795334067,50.1667655,8.6801797,wettbewerb_breit,supermarkt,REWE Frankfurter Berg,Rewe,,
node/800525954,50.0870016,8.6473498,wettbewerb_breit,supermarkt,REWE,Rewe,,
node/8007577685,50.100795,8.5484742,wettbewerb_breit,supermarkt,Lebensmittel Tito,,,
node/805109742,50.0852879,8.7534426,wettbewerb_breit,supermarkt,Norma,Norma,,
node/8259490605,50.1059267,8.7443762,wettbewerb_breit,supermarkt,Scheck-In Center,Edeka,,
node/8262619229,50.1605734,8.6447979,wettbewerb_breit,supermarkt,Trung Hiêu,,,
node/8266701641,50.1606355,8.6475119,wettbewerb_breit,supermarkt,Klaa Karott Food Coop,,,
node/8281291804,50.1921929,8.5935237,wettbewerb_breit,supermarkt,Asia Paradies,,,
node/828586847,50.1107387,8.7490036,wettbewerb_breit,supermarkt,Norma,Norma,,
node/836126326,50.102753,8.7605837,wettbewerb_breit,supermarkt,Öz-Oruç,,,
node/8554375136,50.1033337,8.6389311,wettbewerb_breit,supermarkt,Hizar,,,
node/8561477002,50.1061013,8.7546969,wettbewerb_breit,supermarkt,tegut,tegut,,
node/8847620619,50.1388375,8.6651421,wettbewerb_breit,supermarkt,Negin Supermarket,,,
node/8913169620,50.1046362,8.7654216,wettbewerb_breit,supermarkt,Paradies International,,,
node/892673442,50.1171101,8.6355675,wettbewerb_breit,supermarkt,tegut,tegut,,
node/897440904,50.1156392,8.6597374,wettbewerb_breit,supermarkt,REWE,Rewe,,
node/902646082,50.0959534,8.5978972,wettbewerb_breit,supermarkt,Lidl,Lidl,,
node/903257063,50.1008662,8.5974144,wettbewerb_breit,supermarkt,Griesheimer Markt,,,
node/903979737,50.1025289,8.6188456,wettbewerb_breit,supermarkt,Aldi Süd,Aldi Süd,,
node/917454087,50.1184845,8.7021799,wettbewerb_breit,supermarkt,REWE City,Rewe,,
node/9241071620,50.1067207,8.5426857,wettbewerb_breit,supermarkt,WATAN MARKT,,,
node/9316341499,50.1248951,8.7051057,wettbewerb_breit,supermarkt,Aldi Süd,Aldi Süd,,
node/9322127064,50.1658389,8.5834377,wettbewerb_breit,supermarkt,Supermarkt Steinbach,,,
node/9404959453,50.1085519,8.752626,wettbewerb_breit,supermarkt,Istanbul Market,,,
node/950411512,50.1269865,8.6865297,wettbewerb_breit,supermarkt,PENNY,Penny,,
node/95110221,50.0871127,8.7607984,wettbewerb_breit,supermarkt,Rewe Center,Rewe,,
node/9548928487,50.101875,8.5507947,wettbewerb_breit,supermarkt,Sahan-Markt,,,
node/9569222649,50.1020904,8.5506711,wettbewerb_breit,supermarkt,Estrada Balkanski Specijaliteti,,,
node/959087758,50.1411091,8.5730437,wettbewerb_breit,supermarkt,REWE City Sallabas,REWE,,
node/9616198577,50.002742,8.5806559,wettbewerb_breit,supermarkt,Sabai Di Asia Shop,,,
node/975965482,50.0918186,8.6802155,wettbewerb_breit,supermarkt,Aldi Süd,Aldi Süd,,
node/9836511777,50.1400555,8.6472623,wettbewerb_breit,supermarkt,Ginnheimer Markt,,,
node/9863575906,50.1447562,8.7502021,wettbewerb_breit,supermarkt,NRS Impex,,,
way/100309072,50.0941065,8.6033572,wettbewerb_breit,supermarkt,Netto Marken-Discount,Netto Marken-Discount,,
way/102440928,50.2197764,8.6423432,wettbewerb_breit,supermarkt,REWE,Rewe,,
way/103699690,50.1042109,8.5547637,wettbewerb_breit,supermarkt,Aldi Süd,ALDI Süd,,
way/105512598,50.0922605,8.5027703,wettbewerb_breit,supermarkt,Aldi Süd,Aldi Süd,,
way/1061083796,50.17753,8.6291837,wettbewerb_breit,supermarkt,my Asia,,,
way/1061083803,50.1777719,8.6285558,wettbewerb_breit,supermarkt,Aldi Süd,Aldi Süd,,
way/1061083872,50.1772332,8.6287858,wettbewerb_breit,supermarkt,REWE,Rewe,,
way/109282259,50.1891612,8.6367385,wettbewerb_breit,supermarkt,BasraAsianFood,,,
way/110750215,50.1888627,8.6987565,wettbewerb_breit,supermarkt,Netto Marken-Discount,Netto Marken-Discount,,
way/110968416,50.2097673,8.7014371,wettbewerb_breit,supermarkt,Aldi Süd,Aldi Süd,,
way/1119270172,50.1209426,8.4800673,wettbewerb_breit,supermarkt,Rewe,Rewe,,
way/115533210,50.0049954,8.5667516,wettbewerb_breit,supermarkt,Aldi Süd,Aldi Süd,,
way/115651437,50.143343,8.7480598,wettbewerb_breit,supermarkt,REWE,Rewe,,
way/122271021,50.1682641,8.7269293,wettbewerb_breit,supermarkt,REWE,REWE,,
way/122271025,50.1678291,8.7293969,wettbewerb_breit,supermarkt,Lidl,Lidl,,
way/133520794,50.1279963,8.6843942,wettbewerb_breit,supermarkt,tegut,tegut,,
way/134405264,50.2018585,8.6747391,wettbewerb_breit,supermarkt,Nahkauf,Nahkauf,,
way/1360950715,50.1187695,8.5025308,wettbewerb_breit,supermarkt,REWE Familie Akay,Rewe,,
way/138344311,50.1522449,8.6276326,wettbewerb_breit,supermarkt,Nahkauf,Nahkauf,,
way/148216898,50.0528884,8.6691466,wettbewerb_breit,supermarkt,REWE,Rewe,,
way/152071476,50.1280029,8.7079354,wettbewerb_breit,supermarkt,REWE,Rewe,,
way/15239023,50.1423033,8.5814134,wettbewerb_breit,supermarkt,Globus,Globus,,
way/15239061,50.1404564,8.5830133,wettbewerb_breit,supermarkt,Lidl,Lidl,,
way/15239062,50.1418281,8.5799256,wettbewerb_breit,supermarkt,Aldi Süd,Aldi Süd,,
way/172440806,50.1065698,8.7657531,wettbewerb_breit,supermarkt,Sultan Market,,,
way/175765227,50.1451596,8.7551455,wettbewerb_breit,supermarkt,tegut,tegut,,
way/189376471,50.0504618,8.5630326,wettbewerb_breit,supermarkt,Ringeltaube Frankfurt Flughafen,,,
way/192755852,50.0842327,8.7447244,wettbewerb_breit,supermarkt,Aldi Süd,Aldi Süd,,
way/197484517,50.1864764,8.6003389,wettbewerb_breit,supermarkt,EDEKA Georg,Edeka,,
way/200077977,50.0879261,8.7505162,wettbewerb_breit,supermarkt,HIT,HIT,,
way/200078097,50.0868322,8.7514207,wettbewerb_breit,supermarkt,PENNY,Penny,,
way/200082239,50.0802503,8.7445149,wettbewerb_breit,supermarkt,Waurig-Mondo  Italienische Lebensmittel,,,
way/200989206,50.065827,8.4905685,wettbewerb_breit,supermarkt,EDEKA Buch,EDEKA,,
way/203700704,50.1218451,8.4783241,wettbewerb_breit,supermarkt,Lidl,Lidl,,
way/203751185,50.1209632,8.4787478,wettbewerb_breit,supermarkt,Aldi Süd,Aldi Süd,,
way/204939843,50.1093759,8.5365042,wettbewerb_breit,supermarkt,EDEKA Lich,EDEKA,,
way/217522681,50.1910998,8.6381542,wettbewerb_breit,supermarkt,Rewe,Rewe,,
way/23745176,50.1706233,8.5817518,wettbewerb_breit,supermarkt,REWE,Rewe,,
way/244264435,50.0582211,8.5210657,wettbewerb_breit,supermarkt,Aldi Süd,Aldi Süd,,yes
way/24513716,50.1483662,8.6783534,wettbewerb_breit,supermarkt,REWE,Rewe,,
way/25538793,50.0946687,8.6068668,wettbewerb_breit,supermarkt,PENNY Griesheim,Penny,,
way/25736627,50.0962096,8.4586572,wettbewerb_breit,supermarkt,Aldi Süd,Aldi Süd,,
way/263988900,50.096942,8.6820762,wettbewerb_breit,supermarkt,Lidl,Lidl,,
way/27182572,50.1868084,8.5864632,wettbewerb_breit,supermarkt,Rewe,Rewe,,yes
way/274024453,50.1883404,8.7328478,wettbewerb_breit,supermarkt,Aldi Süd,Aldi Süd,,
way/274026717,50.1889274,8.7336369,wettbewerb_breit,supermarkt,REWE Kaffenberger,REWE,,
way/28346976,50.1620869,8.6855722,wettbewerb_breit,supermarkt,Lidl,Lidl,,
way/28346994,50.1606353,8.6875168,wettbewerb_breit,supermarkt,Aldi Süd,Aldi Süd,,
way/28494441,50.1328678,8.6834333,wettbewerb_breit,supermarkt,REWE,Rewe,,yes
way/28633166,50.1410036,8.6622379,wettbewerb_breit,supermarkt,Aldi Süd,Aldi Süd,,
way/28785364,50.1376337,8.6463455,wettbewerb_breit,supermarkt,Promo Supermarkt,,,
way/28836437,50.1451092,8.6683955,wettbewerb_breit,supermarkt,Nahkauf,Nahkauf,,
way/30005178,50.1215816,8.640284,wettbewerb_breit,supermarkt,Lidl,Lidl,,
way/30476094,50.1539696,8.6923689,wettbewerb_breit,supermarkt,Netto Marken-Discount,Netto Marken-Discount,,
way/31341267,50.1445578,8.7472841,wettbewerb_breit,supermarkt,Aldi Süd,Aldi Süd,,
way/31341594,50.1432103,8.7474675,wettbewerb_breit,supermarkt,Lidl,Lidl,,
way/314650293,50.1638625,8.5716588,wettbewerb_breit,supermarkt,Edeka Baßler,Edeka,,
way/317229868,50.121376,8.6516688,wettbewerb_breit,supermarkt,REWE,Rewe,,
way/33472018,50.1666265,8.6442675,wettbewerb_breit,supermarkt,Aldi Süd,Aldi Süd,,
way/33847165,50.1551721,8.748798,wettbewerb_breit,supermarkt,Rewe,Rewe,,
way/33885289,50.1025511,8.6976496,wettbewerb_breit,supermarkt,Lidl,Lidl,,
way/363797323,50.0701814,8.4914599,wettbewerb_breit,supermarkt,REWE,REWE,,
way/381301370,50.1314355,8.7503476,wettbewerb_breit,supermarkt,Kaufland,Kaufland,,
way/38541622,50.095076,8.6826546,wettbewerb_breit,supermarkt,HIT,HIT,,
way/41186497,50.1013983,8.6872932,wettbewerb_breit,supermarkt,REWE,REWE,,
way/440792246,50.1139031,8.6780276,wettbewerb_breit,supermarkt,Nanapan Asia Market,,,
way/44105129,50.1331436,8.6958702,wettbewerb_breit,supermarkt,Lidl,Lidl,,
way/45032398,50.1312961,8.7605896,wettbewerb_breit,supermarkt,Lidl,Lidl,,
way/46039254,50.1271304,8.7095163,wettbewerb_breit,supermarkt,PENNY,Penny,,
way/4733951,50.0543835,8.5162021,wettbewerb_breit,supermarkt,Lidl,Lidl,,
way/4758611,50.0539434,8.5266945,wettbewerb_breit,supermarkt,EDEKA Helfrich,,,
way/47928243,50.1163787,8.7634736,wettbewerb_breit,supermarkt,Aldi Süd,Aldi Süd,,
way/48456725,50.2260207,8.6751686,wettbewerb_breit,supermarkt,Nahkauf,Nahkauf,,
way/50659266,50.0878927,8.574838,wettbewerb_breit,supermarkt,Aldi Süd,Aldi Süd,,
way/51983543,50.0872069,8.7466175,wettbewerb_breit,supermarkt,Lidl,Lidl,,
way/52067250,50.1703805,8.5823261,wettbewerb_breit,supermarkt,Aldi Süd,Aldi Süd,,
way/523997405,50.0533513,8.6834471,wettbewerb_breit,supermarkt,Nahkauf,Nahkauf,,
way/52518982,50.1203476,8.6223509,wettbewerb_breit,supermarkt,Venos,,,
way/525862307,50.0525951,8.5681463,wettbewerb_breit,supermarkt,REWE City,REWE,,
way/55271999,50.1052106,8.7750705,wettbewerb_breit,supermarkt,PENNY,Penny,,
way/55977133,50.1045397,8.7493341,wettbewerb_breit,supermarkt,REWE,Rewe,,yes
way/62000954,50.1256632,8.5644173,wettbewerb_breit,supermarkt,Lidl,Lidl,,
way/685807117,50.1665574,8.6207731,wettbewerb_breit,supermarkt,REWE,Rewe,,
way/717904819,50.0495294,8.7111335,wettbewerb_breit,supermarkt,Lidl,Lidl,,
way/83125241,50.124661,8.5851158,wettbewerb_breit,supermarkt,REWE,REWE,,
way/88628898,50.0626023,8.5313563,wettbewerb_breit,supermarkt,Kurt's Markt,,,
way/92352490,50.2015668,8.6750421,wettbewerb_breit,supermarkt,Netto Marken-Discount,Netto Marken-Discount,,
way/93061188,50.1835707,8.6021512,wettbewerb_breit,supermarkt,Inter Markt,,,
way/966645728,50.1358711,8.5580885,wettbewerb_breit,supermarkt,Aldi Süd,Aldi Süd,,
way/98210474,50.1037689,8.5792734,wettbewerb_breit,supermarkt,REWE,REWE,,
way/98429910,50.1360703,8.7144803,wettbewerb_breit,supermarkt,Aldi Süd,Aldi Süd,,
node/10890271528,50.1016611,8.6537612,frequenz,tram_ubahn,Heilbronner Straße,,,
node/11502587744,50.110725,8.6836678,frequenz,tram_ubahn,Dom/Römer,,,
node/115927733,50.0916458,8.6748386,frequenz,tram_ubahn,Beuthener Straße,,,
node/115927767,50.0891756,8.6716206,frequenz,tram_ubahn,Stresemannallee/Mörfelder Landstraße,,,
node/115927773,50.0839235,8.6708857,frequenz,tram_ubahn,Louisa Bahnhof,,,
node/115934535,50.0599903,8.6949009,frequenz,tram_ubahn,Neu-Isenburg Stadtgrenze,,,
node/115969880,50.1004776,8.7241831,frequenz,tram_ubahn,Buchrainplatz,,,
node/116865476,50.1019365,8.6996335,frequenz,tram_ubahn,Mühlberg,,,
node/117091061,50.1044881,8.6647942,frequenz,tram_ubahn,Baseler Platz,,,
node/117091087,50.1079413,8.6643974,frequenz,tram_ubahn,Hauptbahnhof,,,
node/117091092,50.1092791,8.6610064,frequenz,tram_ubahn,Platz der Republik,,,
node/117091105,50.1109059,8.6574625,frequenz,tram_ubahn,Hohenstaufenstraße,,,
node/117091111,50.112356,8.6541768,frequenz,tram_ubahn,Festhalle/Messe,,,
node/117100178,50.11538,8.6472426,frequenz,tram_ubahn,Varrentrappstraße,,,
node/117100180,50.1140988,8.6501592,frequenz,tram_ubahn,Ludwig-Erhard-Anlage,,,
node/117100181,50.116871,8.6439062,frequenz,tram_ubahn,Nauheimer Straße,,,
node/117444065,50.1366388,8.6457564,frequenz,tram_ubahn,Markus-Krankenhaus,,,
node/117444096,50.1401805,8.6466127,frequenz,tram_ubahn,Ginnheim Mitte,,,
node/117769317,50.1005288,8.6178891,frequenz,tram_ubahn,Mönchhofstraße,,,
node/117769405,50.1001583,8.590261,frequenz,tram_ubahn,Jägerallee,,,
node/117769444,50.1033857,8.6451041,frequenz,tram_ubahn,Galluswarte,,,
node/119662662,50.0999925,8.5781938,frequenz,tram_ubahn,Birminghamstraße,,,
node/119662734,50.0984354,8.5675594,frequenz,tram_ubahn,Nied Kirche,,,
node/119662819,50.1014862,8.5602552,frequenz,tram_ubahn,Tillystraße,,,
node/119662884,50.1031171,8.5526441,frequenz,tram_ubahn,Zuckschwerdtstraße,,,
node/119696708,50.1123751,8.6875381,frequenz,tram_ubahn,Börneplatz,,,
node/119696898,50.1129116,8.7012279,frequenz,tram_ubahn,Zobelstraße,,,
node/119706058,50.1116304,8.7053089,frequenz,tram_ubahn,Ostbahnhof/Sonnemannstraße,,,
node/119706077,50.1113724,8.709271,frequenz,tram_ubahn,Ostbahnhof/Honsellstraße,,,
node/119717299,50.1247523,8.7127248,frequenz,tram_ubahn,Saalburg-/Wittelsbacherallee,,,
node/119731966,50.1247763,8.7137667,frequenz,tram_ubahn,Saalburg-/Wittelsbacherallee,,,
node/119755893,50.1325741,8.7663969,frequenz,tram_ubahn,Mainkur Bahnhof,,,
node/119755952,50.1221225,8.7728677,frequenz,tram_ubahn,Schießhüttenstraße,,,
node/119756100,50.1250326,8.7698618,frequenz,tram_ubahn,Arthur-von-Weinberg-Steg,,,
node/119763907,50.1229292,8.6915958,frequenz,tram_ubahn,Friedberger Platz,,,
node/119801469,50.0921314,8.6530231,frequenz,tram_ubahn,Heinrich-Hoffmann-Straße/Blutspendedienst,,,
node/119801653,50.0862514,8.6361179,frequenz,tram_ubahn,Haardtwaldplatz,,,
node/119807691,50.0786095,8.6541422,frequenz,tram_ubahn,Oberforsthaus,,,
node/119807720,50.075425,8.6533446,frequenz,tram_ubahn,Stadion Straßenbahn,,,
node/119812537,50.0808307,8.6371361,frequenz,tram_ubahn,Niederrad Bahnhof,,,
node/119815040,50.0770509,8.6102309,frequenz,tram_ubahn,Waldau,,,
node/119827307,50.0826645,8.588257,frequenz,tram_ubahn,Ferdinand-Dirichs-Weg,,,
node/119827382,50.082324,8.5814124,frequenz,tram_ubahn,Rheinlandstraße,,,
node/1275812131,50.099936,8.7032804,frequenz,tram_ubahn,Lettigkautweg,,,
node/12920864650,50.0839346,8.6451377,frequenz,tram_ubahn,Gerauer Straße,,,
node/13691691631,50.0932402,8.6777457,frequenz,tram_ubahn,Breslauer Straße,,,
node/1463780027,50.1398083,8.6985174,frequenz,tram_ubahn,Friedberger Warte,,,
node/1463780028,50.1393738,8.69826,frequenz,tram_ubahn,Friedberger Warte,,,
node/1502803178,50.1326499,8.6951857,frequenz,tram_ubahn,Münzenberger Straße,,,
node/1502803179,50.1329029,8.6953251,frequenz,tram_ubahn,Münzenberger Straße,,,
node/1502803181,50.1300855,8.6941129,frequenz,tram_ubahn,Nibelungenplatz (UAS),,,
node/1502832902,50.1516538,8.6997969,frequenz,tram_ubahn,Alkmenestraße,,,
node/1502832904,50.1420848,8.7011975,frequenz,tram_ubahn,Bodenweg,,,
node/1502832938,50.1464968,8.7032273,frequenz,tram_ubahn,Walter-Kolb-Siedlung,,,
node/1502832939,50.1468119,8.7031811,frequenz,tram_ubahn,Walter-Kolb-Siedlung,,,
node/1505226360,50.135167,8.6962722,frequenz,tram_ubahn,Wasserpark,,,
node/1505226367,50.1361865,8.6968218,frequenz,tram_ubahn,Wasserpark,,,
node/1505704800,50.1274935,8.7029603,frequenz,tram_ubahn,Hartmann-Ibach-Straße,,,
node/1508406948,50.1287701,8.6996943,frequenz,tram_ubahn,Günthersburgpark (Jina-Mahsa-Amini-Platz),,,
node/1508406952,50.1288885,8.7001207,frequenz,tram_ubahn,Günthersburgpark (Jina-Mahsa-Amini-Platz),,,
node/1527550455,50.1551792,8.69864,frequenz,tram_ubahn,Gravensteiner-Platz,,,
node/158694790,50.1034153,8.6918695,frequenz,tram_ubahn,Lokalbahnhof,,,
node/158694809,50.1133252,8.6940053,frequenz,tram_ubahn,Allerheiligentor,,,
node/158694812,50.113289,8.6971227,frequenz,tram_ubahn,Ostendstraße,,,
node/158695644,50.1189002,8.6893769,frequenz,tram_ubahn,Hessendenkmal,,,
node/158697809,50.1219986,8.7097845,frequenz,tram_ubahn,Freiligrathstraße,,,
node/158697830,50.1270475,8.6920843,frequenz,tram_ubahn,Matthias-Beltz-Platz,,,
node/1851644023,50.1099982,8.6778897,frequenz,tram_ubahn,Karmeliterkloster,,,
node/1957545389,50.1126369,8.6898582,frequenz,tram_ubahn,Börneplatz/Stoltzestraße,,,
node/203523397,50.1119161,8.7134711,frequenz,tram_ubahn,Osthafenplatz,,,
node/203523413,50.1138833,8.7191854,frequenz,tram_ubahn,Schwedlerstraße,,,
node/203523423,50.1173228,8.7287589,frequenz,tram_ubahn,Riederhöfe,,,
node/203523438,50.1226603,8.7406807,frequenz,tram_ubahn,Daimlerstraße,,,
node/203523452,50.1243882,8.7448063,frequenz,tram_ubahn,Dieselstraße,,,
node/203523461,50.1275191,8.7532167,frequenz,tram_ubahn,Hugo-Junkers-Straße,,,
node/203523478,50.1294995,8.7591318,frequenz,tram_ubahn,Cassellastraße,,,
node/203523489,50.1284774,8.7677262,frequenz,tram_ubahn,Alt-Fechenheim,,,
node/205274812,50.0993131,8.5735035,frequenz,tram_ubahn,Luthmerstraße,,,
node/205276774,50.1002053,8.5965537,frequenz,tram_ubahn,Linnegraben,,,
node/205276778,50.1002669,8.6039626,frequenz,tram_ubahn,Waldschulstraße,,,
node/247748195,50.09607,8.6596605,frequenz,tram_ubahn,Universitätsklinikum,,,
node/247748196,50.0870891,8.6504878,frequenz,tram_ubahn,Triftstraße,,,
node/247748198,50.0817076,8.6395942,frequenz,tram_ubahn,Melibocusstraße,,,
node/247748199,50.0780531,8.627926,frequenz,tram_ubahn,Bürostadt Niederrad,,,
node/247748200,50.076511,8.6181467,frequenz,tram_ubahn,Kiesschneise,,,
node/2682026539,50.1134576,8.6269292,frequenz,tram_ubahn,Leonardo-da-Vinci-Allee,,,
node/2682026543,50.1136503,8.619313,frequenz,tram_ubahn,Rebstockbad,,,
node/2682026568,50.1154416,8.6992953,frequenz,tram_ubahn,Zoo,,,
node/2682026573,50.1168601,8.6407676,frequenz,tram_ubahn,Kuhwaldstraße,,,
node/2682026585,50.1208587,8.6507444,frequenz,tram_ubahn,Bockenheimer Warte,,,
node/2683735883,50.1090253,8.6740232,frequenz,tram_ubahn,Willy-Brandt-Platz,,,
node/2683735884,50.1089331,8.6736614,frequenz,tram_ubahn,Willy-Brandt-Platz,,,
node/2683735912,50.1203807,8.7060623,frequenz,tram_ubahn,Habsburger-/Wittelsbacherallee,,,
node/2683735920,50.1235475,8.7168988,frequenz,tram_ubahn,Eissporthalle/Festplatz,,,
node/2683735921,50.1236424,8.7166279,frequenz,tram_ubahn,Eissporthalle/Festplatz,,,
node/27612110,50.1438815,8.6918498,frequenz,tram_ubahn,Feuerwehrstraße,,,
node/27618747,50.1421988,8.6844969,frequenz,tram_ubahn,Marbachweg/Sozialzentrum,,,
node/28121239,50.1310808,8.6840203,frequenz,tram_ubahn,Deutsche Nationalbibliothek,,,
node/28783089,50.1093939,8.6749413,frequenz,tram_ubahn,Willy-Brandt-Platz,,,
node/29271563,50.1117146,8.6558163,frequenz,tram_ubahn,Festhalle/Messe,,,
node/29271568,50.1200336,8.6527636,frequenz,tram_ubahn,Bockenheimer Warte,,,
node/296241694,50.1446347,8.6823406,frequenz,tram_ubahn,Schwabstraße,,,
node/30049622,50.1137833,8.6792621,frequenz,tram_ubahn,Hauptwache,,,
node/30049623,50.1173865,8.679264,frequenz,tram_ubahn,Eschenheimer Tor,,,
node/30096205,50.1252224,8.6373458,frequenz,tram_ubahn,Kirchplatz,,,
node/30353880,50.1153052,8.6712366,frequenz,tram_ubahn,Alte Oper,,,
node/30606376,50.1226251,8.6455438,frequenz,tram_ubahn,Leipziger Straße,,,
node/30751055,50.1994882,8.6702584,frequenz,tram_ubahn,Nieder-Eschbach,,,
node/30883062,50.1285885,8.6298175,frequenz,tram_ubahn,Industriehof,,,
node/31079801,50.1277169,8.7257257,frequenz,tram_ubahn,Johanna-Tesch-Platz,,,
node/31079818,50.1336289,8.7411615,frequenz,tram_ubahn,Gwinnerstraße,,,
node/31263704,50.120065,8.7135633,frequenz,tram_ubahn,Parlamentsplatz,,,
node/31263705,50.1242674,8.7180761,frequenz,tram_ubahn,Eissporthalle/Festplatz,,,
node/31263709,50.1124459,8.7070817,frequenz,tram_ubahn,Ostbahnhof,,,
node/3391401027,50.1172466,8.6310353,frequenz,tram_ubahn,An der Dammheide,,,
node/340424587,50.1030098,8.692278,frequenz,tram_ubahn,Lokalbahnhof,,,
node/3812759357,50.0603187,8.6948957,frequenz,tram_ubahn,Neu-Isenburg Stadtgrenze,,,
node/391973067,50.1296881,8.6938769,frequenz,tram_ubahn,Nibelungenplatz (UAS),,,
node/4004408502,50.1273377,8.7246964,frequenz,tram_ubahn,Johanna-Tesch-Platz,,,
node/4009185163,50.1221348,8.7393166,frequenz,tram_ubahn,Daimlerstraße,,,
node/4020412931,50.1312718,8.7342609,frequenz,tram_ubahn,Schäfflestraße,,,
node/4111711989,50.1259875,8.7159618,frequenz,tram_ubahn,Ernst-May-Platz,,,
node/4114254366,50.1270333,8.7533116,frequenz,tram_ubahn,Hugo-Junkers-Straße,,,
node/4142758806,50.0760272,8.6532195,frequenz,tram_ubahn,Stadion Straßenbahn,,,
node/4483855346,50.1274598,8.6852144,frequenz,tram_ubahn,Glauburgstraße,,,
node/5207996801,50.1078732,8.6700377,frequenz,tram_ubahn,Weserstraße/Münchener Straße,,,
node/5208167966,50.1265694,8.691974,frequenz,tram_ubahn,Matthias-Beltz-Platz,,,
node/5214402264,50.1064718,8.6925014,frequenz,tram_ubahn,Frankensteiner Platz,,,
node/5215953752,50.1037356,8.6963189,frequenz,tram_ubahn,Heister-/Seehofstraße,,,
node/5217850709,50.0999534,8.6858249,frequenz,tram_ubahn,Südbahnhof,,,
node/5217850710,50.09985,8.6855118,frequenz,tram_ubahn,Südbahnhof,,,
node/5217850720,50.1129906,8.6521137,frequenz,tram_ubahn,Festhalle/Messe,,,
node/5239479220,50.1179126,8.7014759,frequenz,tram_ubahn,Waldschmidtstraße,,,
node/537913825,50.1275798,8.7049036,frequenz,tram_ubahn,Burgstraße,,,
node/5463571557,50.0943981,8.6711874,frequenz,tram_ubahn,Stresemannallee Bahnhof,,,
node/5463571558,50.0946507,8.6712181,frequenz,tram_ubahn,Stresemannallee Bahnhof,,,
node/5542474156,50.1265548,8.7163931,frequenz,tram_ubahn,Ernst-May-Platz,,,
node/559189,50.1192964,8.6445296,frequenz,tram_ubahn,Adalbert-/Schloßstraße,,,
node/560859559,50.1125523,8.6891937,frequenz,tram_ubahn,Börneplatz/Stoltzestraße,,,
node/569847040,50.098823,8.6692789,frequenz,tram_ubahn,Friedensbrücke,,,
node/5902586327,50.0992156,8.686705,frequenz,tram_ubahn,Südbahnhof,,,
node/5902639718,50.1219063,8.6757021,frequenz,tram_ubahn,Grüneburgweg,,,
node/5902639719,50.1266038,8.6738022,frequenz,tram_ubahn,Holzhausenstraße,,,
node/5902639720,50.131535,8.6721951,frequenz,tram_ubahn,Miquel-/Adickesallee,,,
node/5902639722,50.1533465,8.638148,frequenz,tram_ubahn,Römerstadt,,,
node/5912274445,50.1170421,8.7079003,frequenz,tram_ubahn,Habsburgerallee,,,
node/5912274446,50.1154467,8.6986254,frequenz,tram_ubahn,Zoo,,,
node/5912341583,50.1199769,8.6950815,frequenz,tram_ubahn,Merianplatz,,,
node/5912341584,50.1228696,8.7012626,frequenz,tram_ubahn,Höhenstraße,,,
node/5912341585,50.126098,8.7077502,frequenz,tram_ubahn,Bornheim Mitte,,,
node/613535266,50.1024094,8.6800572,frequenz,tram_ubahn,Schweizer Platz,,,
node/6137116587,50.1005462,8.6305489,frequenz,tram_ubahn,Gustavsburgplatz,,,
node/6137116589,50.0994029,8.6325988,frequenz,tram_ubahn,Ordnungsamt,,,
node/6138172059,50.0998529,8.6363296,frequenz,tram_ubahn,Galluspark,,,
node/6138172060,50.1002194,8.6371382,frequenz,tram_ubahn,Galluspark,,,
node/6138172061,50.1012426,8.6398642,frequenz,tram_ubahn,Kriegkstraße,,,
node/614877751,50.1192275,8.6534649,frequenz,tram_ubahn,Bockenheimer Warte,,,
node/6940220957,50.12205,8.6862198,frequenz,tram_ubahn,Musterschule,,,
node/760625016,50.1186146,8.6442837,frequenz,tram_ubahn,Adalbert-/Schloßstraße,,,
node/760646131,50.1107627,8.6577127,frequenz,tram_ubahn,Hohenstaufenstraße,,,
node/760646151,50.1121827,8.654498,frequenz,tram_ubahn,Festhalle/Messe,,,
node/760646153,50.1139554,8.6504116,frequenz,tram_ubahn,Ludwig-Erhard-Anlage,,,
node/760656552,50.1256411,8.6469957,frequenz,tram_ubahn,Juliusstraße,,,
node/760656565,50.1254101,8.6469765,frequenz,tram_ubahn,Juliusstraße,,,
node/760656572,50.128635,8.646522,frequenz,tram_ubahn,Frauenfriedenskirche,,,
node/760656592,50.1288186,8.646436,frequenz,tram_ubahn,Frauenfriedenskirche,,,
node/761117136,50.1008256,8.6815344,frequenz,tram_ubahn,Schwanthalerstraße,,,
node/761117164,50.1011645,8.681209,frequenz,tram_ubahn,Schwanthalerstraße,,,
node/761117168,50.0995363,8.6693475,frequenz,tram_ubahn,Friedensbrücke,,,
node/761117186,50.0995546,8.6685517,frequenz,tram_ubahn,Friedensbrücke,,,
node/761117212,50.0990195,8.6692209,frequenz,tram_ubahn,Friedensbrücke,,,
node/761117220,50.1018512,8.675623,frequenz,tram_ubahn,Otto-Hahn-Platz,,,
node/761117227,50.1031023,8.679772,frequenz,tram_ubahn,Schweizer-/Gartenstraße,,,
node/761117257,50.1075206,8.6648555,frequenz,tram_ubahn,Hauptbahnhof,,,
node/761117259,50.1032305,8.6792986,frequenz,tram_ubahn,Schweizer-/Gartenstraße,,,
node/761117290,50.108965,8.6616505,frequenz,tram_ubahn,Platz der Republik,,,
node/761128208,50.1033204,8.6931589,frequenz,tram_ubahn,Lokalbahnhof,,,
node/761128213,50.1026057,8.6896378,frequenz,tram_ubahn,Lokalbahnhof/Textorstraße,,,
node/761128246,50.1017428,8.6870046,frequenz,tram_ubahn,Brücken-/Textorstraße,,,
node/761128247,50.10269,8.6900698,frequenz,tram_ubahn,Lokalbahnhof/Textorstraße,,,
node/761140110,50.0996567,8.703802,frequenz,tram_ubahn,Lettigkautweg,,,
node/761140112,50.1018436,8.7448061,frequenz,tram_ubahn,Offenbach Stadtgrenze,,,
node/761140140,50.0994084,8.7148533,frequenz,tram_ubahn,Balduinstraße,,,
node/761140168,50.1003368,8.7360689,frequenz,tram_ubahn,Wiener Straße,,,
node/761140174,50.0998979,8.7187628,frequenz,tram_ubahn,Bleiweißstraße,,,
node/761140202,50.1034734,8.6973764,frequenz,tram_ubahn,Heister-/Seehofstraße,,,
node/761140206,50.1004464,8.737516,frequenz,tram_ubahn,Wiener Straße,,,
node/761140219,50.1004531,8.7311465,frequenz,tram_ubahn,Flaschenburgstraße,,,
node/761140235,50.100033,8.7194621,frequenz,tram_ubahn,Bleiweißstraße,,,
node/761140263,50.1004577,8.7305472,frequenz,tram_ubahn,Flaschenburgstraße,,,
node/762004997,50.1058471,8.6644675,frequenz,tram_ubahn,Hauptbahnhof Südseite,,,
node/762005007,50.1045286,8.6633842,frequenz,tram_ubahn,Hauptbahnhof/Pforzheimer Straße,,,
node/762005020,50.1069978,8.6665854,frequenz,tram_ubahn,Hauptbahnhof/Münchener Straße,,,
node/762005023,50.1068802,8.6659943,frequenz,tram_ubahn,Hauptbahnhof/Münchener Straße,,,
node/762005038,50.1055907,8.6637389,frequenz,tram_ubahn,Hauptbahnhof Südseite,,,
node/762172651,50.1133044,8.6935615,frequenz,tram_ubahn,Allerheiligentor,,,
node/762172659,50.1104554,8.6926716,frequenz,tram_ubahn,Hospital zum Heiligen Geist,,,
node/762172663,50.1059556,8.6923446,frequenz,tram_ubahn,Frankensteiner Platz,,,
node/762880598,50.0768584,8.6035003,frequenz,tram_ubahn,Waldfriedhof Goldstein,,,
node/762895123,50.1080141,8.67048,frequenz,tram_ubahn,Weserstraße/Münchener Straße,,,
node/762895131,50.1123897,8.6871697,frequenz,tram_ubahn,Börneplatz,,,
node/762895133,50.1109877,8.6823047,frequenz,tram_ubahn,Römer/Paulskirche,,,
node/762895173,50.1108443,8.6817461,frequenz,tram_ubahn,Römer/Paulskirche,,,
node/762919739,50.0976056,8.6651832,frequenz,tram_ubahn,Vogelweidstraße,,,
node/762919761,50.0886616,8.6516181,frequenz,tram_ubahn,Niederräder Landstraße,,,
node/762919790,50.0867504,8.6463438,frequenz,tram_ubahn,Schwarzwaldstraße,,,
node/762919797,50.0963263,8.6603489,frequenz,tram_ubahn,Universitätsklinikum,,,
node/762919802,50.0865247,8.6424438,frequenz,tram_ubahn,Odenwaldstraße,,,
node/762919810,50.0864473,8.6417215,frequenz,tram_ubahn,Odenwaldstraße,,,
node/762919843,50.0868431,8.6468822,frequenz,tram_ubahn,Schwarzwaldstraße,,,
node/762919859,50.0871813,8.6492415,frequenz,tram_ubahn,Frauenhofstraße,,,
node/762919862,50.0882841,8.6513363,frequenz,tram_ubahn,Niederräder Landstraße,,,
node/763016602,50.0835054,8.6511554,frequenz,tram_ubahn,DFB-Campus,,,
node/763016611,50.0830761,8.6513651,frequenz,tram_ubahn,DFB-Campus,,,
node/763027950,50.1020392,8.6545619,frequenz,tram_ubahn,Heilbronner Straße,,,
node/763027957,50.1032448,8.6573644,frequenz,tram_ubahn,Hafenstraße,,,
node/763046106,50.1055862,8.6507756,frequenz,tram_ubahn,Speyerer Straße,,,
node/763046253,50.107011,8.6544684,frequenz,tram_ubahn,Güterplatz,,,
node/763046265,50.1076532,8.6560304,frequenz,tram_ubahn,Güterplatz,,,
node/763046280,50.105246,8.6500083,frequenz,tram_ubahn,Speyerer Straße,,,
node/763067489,50.1016199,8.6291363,frequenz,tram_ubahn,Rebstöcker Straße,,,
node/763067498,50.1023226,8.6365649,frequenz,tram_ubahn,Schwalbacher Straße,,,
node/763067501,50.1022487,8.6360424,frequenz,tram_ubahn,Schwalbacher Straße,,,
node/763067605,50.1015165,8.6282985,frequenz,tram_ubahn,Rebstöcker Straße,,,
node/763080431,50.1000269,8.5787719,frequenz,tram_ubahn,Birminghamstraße,,,
node/763080542,50.0982851,8.566914,frequenz,tram_ubahn,Nied Kirche,,,
node/763080543,50.0990806,8.5720818,frequenz,tram_ubahn,Luthmerstraße,,,
node/763080549,50.100135,8.5906157,frequenz,tram_ubahn,Jägerallee,,,
node/763080553,50.1009823,8.6227247,frequenz,tram_ubahn,Wickerer Straße,,,
node/763080620,50.1002386,8.6043118,frequenz,tram_ubahn,Waldschulstraße,,,
node/763080632,50.1009154,8.6222555,frequenz,tram_ubahn,Wickerer Straße,,,
node/763080637,50.1005479,8.6181984,frequenz,tram_ubahn,Mönchhofstraße,,,
node/763083606,50.1017019,8.5528179,frequenz,tram_ubahn,Bolongaropalast,,,
node/763106600,50.1122238,8.7142945,frequenz,tram_ubahn,Osthafenplatz,,,
node/763106640,50.1140798,8.7196853,frequenz,tram_ubahn,Schwedlerstraße,,,
node/763113676,50.1261516,8.7541414,frequenz,tram_ubahn,Hugo-Junkers-Straße/Schleife,,,
node/763120166,50.1212967,8.7737094,frequenz,tram_ubahn,Schießhüttenstraße,,,
node/763120482,50.1299857,8.7603332,frequenz,tram_ubahn,Cassellastraße,,,
node/763157957,50.1184127,8.7018016,frequenz,tram_ubahn,Waldschmidtstraße,,,
node/763157996,50.1241024,8.7127786,frequenz,tram_ubahn,Saalburg-/Wittelsbacherallee,,,
node/763158001,50.1244724,8.713767,frequenz,tram_ubahn,Saalburg-/Wittelsbacherallee,,,
node/763176122,50.1186272,8.6890393,frequenz,tram_ubahn,Hessendenkmal,,,
node/763176177,50.1238054,8.691725,frequenz,tram_ubahn,Friedberger Platz,,,
node/763176249,50.114492,8.6878891,frequenz,tram_ubahn,Konstablerwache,,,
node/763176300,50.1142709,8.6878444,frequenz,tram_ubahn,Konstablerwache,,,
node/763176325,50.1262381,8.708374,frequenz,tram_ubahn,Bornheim Mitte,,,
node/763176327,50.1264957,8.7077263,frequenz,tram_ubahn,Bornheim Mitte,,,
node/763176340,50.1281194,8.695871,frequenz,tram_ubahn,Rothschildallee,,,
node/763176346,50.127753,8.6939571,frequenz,tram_ubahn,Rothschildallee,,,
node/763206441,50.0979893,8.6836755,frequenz,tram_ubahn,Südbahnhof/Schweizer Straße,,,
node/763206455,50.091296,8.6742637,frequenz,tram_ubahn,Beuthener Straße,,,
node/763206460,50.0953217,8.6814088,frequenz,tram_ubahn,Oppenheimer Landstraße,,,
node/763206480,50.0982204,8.68355,frequenz,tram_ubahn,Südbahnhof/Schweizer Straße,,,
node/763206505,50.094915,8.6805774,frequenz,tram_ubahn,Oppenheimer Landstraße,,,
node/763206514,50.0967141,8.6841365,frequenz,tram_ubahn,Schweizer Straße/Mörfelder Landstraße,,,
node/763211195,50.070651,8.6780101,frequenz,tram_ubahn,Oberschweinstiege,,,
node/763211201,50.0702258,8.6789709,frequenz,tram_ubahn,Oberschweinstiege,,,
node/763638482,50.0768343,8.6038934,frequenz,tram_ubahn,Waldfriedhof Goldstein,,,
node/763638559,50.0764907,8.6176289,frequenz,tram_ubahn,Kiesschneise,,,
node/763638614,50.0810211,8.5948018,frequenz,tram_ubahn,Harthweg,,,
node/767185754,50.1077355,8.6637933,frequenz,tram_ubahn,Hauptbahnhof,,,
node/769849577,50.1422435,8.7016037,frequenz,tram_ubahn,Bodenweg,,,
node/8091442470,50.165863,8.6452143,frequenz,tram_ubahn,Sandelmühle,,,
node/8091442471,50.1692038,8.6227387,frequenz,tram_ubahn,Niederursel,,,
node/8091442473,50.1611366,8.6501435,frequenz,tram_ubahn,Heddernheim,,,
node/8091442475,50.1427704,8.6687232,frequenz,tram_ubahn,Fritz-Tarnow-Straße,,,
node/8091442476,50.1796692,8.6353987,frequenz,tram_ubahn,Riedberg,,,
node/8100883741,50.1637967,8.6348005,frequenz,tram_ubahn,Heddernheimer Landstraße,,,
node/8100883742,50.137023,8.6710753,frequenz,tram_ubahn,Dornbusch,,,
node/8100883744,50.1754415,8.6282801,frequenz,tram_ubahn,Uni-Campus Riedberg,,,
node/8110961211,50.1478395,8.6664051,frequenz,tram_ubahn,Hügelstraße,,,
node/8110961213,50.1564973,8.6567156,frequenz,tram_ubahn,Weißer Stein,,,
node/8117627651,50.1523962,8.6617379,frequenz,tram_ubahn,Lindenbaum,,,
node/8244639303,50.1479234,8.6899125,frequenz,tram_ubahn,Theobald-Ziegler-Straße,,,
node/8443272206,50.2149909,8.6496021,frequenz,tram_ubahn,Ober-Eschbach,,,
node/8443367572,50.1668742,8.6297836,frequenz,tram_ubahn,Wiesenau,,,
node/8443367574,50.1856038,8.6026399,frequenz,tram_ubahn,Weißkirchen Ost,,,
node/8926333040,50.1513695,8.6881232,frequenz,tram_ubahn,Ronneburgstraße,,,
node/8926333041,50.1547945,8.6861706,frequenz,tram_ubahn,Sigmund-Freud-Straße,,,
node/8926333043,50.1585161,8.6874727,frequenz,tram_ubahn,Preungesheim,,,
node/10710739193,50.0486761,8.7035671,wettbewerb_direkt,wein,Jacques' Wein-Depot,Jacques' Wein-Depot,,
node/11215645032,50.1253872,8.7056322,wettbewerb_direkt,wein,Jacques' Wein-Depot,Jacques' Wein-Depot,,
node/11909279706,50.1126039,8.682946,wettbewerb_direkt,wein,Rollanderhof,,,
node/12066743024,50.1171988,8.6648271,wettbewerb_direkt,wein,Gregor's Boutique Vinothek,,,
node/12877681146,50.112231,8.6835514,wettbewerb_direkt,wein,Cool Climate,,,
node/13304866310,50.0987116,8.7705844,wettbewerb_direkt,wein,Le Midi Weine,,,
node/13808412777,50.1372382,8.6454849,wettbewerb_direkt,wein,Entkorkte Kunst,,,
node/14103760536,50.1336629,8.562678,wettbewerb_direkt,wein,Vino Meine Weine,,,
node/14175003761,50.1748113,8.7364067,wettbewerb_direkt,wein,Weingalerie,,,
node/1675934095,50.0817402,8.6518032,wettbewerb_direkt,wein,Jacques' Wein-Depot,Jacques' Wein-Depot,,
node/2344457504,50.1194637,8.6782443,wettbewerb_direkt,wein,Jacques' Wein-Depot,Jacques' Wein-Depot,,
node/2600572743,50.1150651,8.5064212,wettbewerb_direkt,wein,Badisches Weinhaus Werner,,,
node/2960963124,50.1126174,8.6822658,wettbewerb_direkt,wein,Rollanderhof auf der Kleinmarkt-Terrasse,,,
node/3163267933,50.1039921,8.7657606,wettbewerb_direkt,wein,Berdux Weine,,,
node/3170248738,50.1095461,8.7418486,wettbewerb_direkt,wein,Jacques' Wein-Depot,Jacques' Wein-Depot,,
node/3599922560,50.1000747,8.6827032,wettbewerb_direkt,wein,Bubbles & Pickels,,,
node/3728307200,50.0473547,8.6975443,wettbewerb_direkt,wein,Jacques' Wein-Depot,Jacques' Wein-Depot,,
node/388590805,50.1693335,8.6190746,wettbewerb_direkt,wein,Jacques' Wein-Depot,Jacques' Wein-Depot,,
node/3908912125,50.1089501,8.7001378,wettbewerb_direkt,wein,Wine & Bubbles,,,
node/4172507692,50.1154099,8.7244982,wettbewerb_direkt,wein,Mövenpick Weinkeller Frankfurt,,,
node/4193525005,50.1026234,8.6794231,wettbewerb_direkt,wein,Jacques' Wein-Depot,Jacques' Wein-Depot,,
node/4213348336,50.0076045,8.5744996,wettbewerb_direkt,wein,Jacques’ Wein-Depot,Jacques’ Wein-Depot,,
node/4784997192,50.1002174,8.671589,wettbewerb_direkt,wein,Kava Oinos,,,
node/4946985580,50.1678358,8.7273784,wettbewerb_direkt,wein,Jacques’ Wein-Depot,Jacques’ Wein-Depot,,
node/5034525167,50.1048355,8.6883962,wettbewerb_direkt,wein,Apfelweinkontor,,,
node/5521972818,50.1067248,8.7575461,wettbewerb_direkt,wein,La Bottega del Vino,,,
node/5732441525,50.0947541,8.6814932,wettbewerb_direkt,wein,Die Weinrebe,,,
node/6348295525,50.1273114,8.6918492,wettbewerb_direkt,wein,Entkorkte Kunst,,,
node/6353819016,50.1217158,8.6481575,wettbewerb_direkt,wein,Jacques' Wein-Depot,Jacques' Wein-Depot,,
node/6852515098,50.1056203,8.6876237,wettbewerb_direkt,wein,Apfelweinhandlung JB,,,
node/7752769195,50.1070756,8.7554791,wettbewerb_direkt,wein,Tour des Vins,,,
node/8494143731,50.1073817,8.7320252,wettbewerb_direkt,wein,Mundo Mediterraneo,,,
node/8617429271,50.1224529,8.7707966,wettbewerb_direkt,wein,Schwan Weinkontor,,,
node/9048793849,50.1230275,8.7011815,wettbewerb_direkt,wein,Villa Vinum,,,
node/10166945650,50.1132255,8.6875851,milieu,wettbuero,Fröhlich,,,
node/10200171289,50.1068984,8.6655783,milieu,wettbuero,Bet 3000,,,
node/10606649024,50.1433315,8.7553437,milieu,wettbuero,Tipico,Tipico,,
node/10822754210,50.1078242,8.6693064,milieu,wettbuero,Tipico,Tipico,,
node/10960215147,50.1026875,8.6381802,milieu,wettbuero,tipwin,,,
node/10998357124,50.1552811,8.6912564,milieu,wettbuero,Tipico,Tipico,,
node/11235793166,50.1246696,8.7083619,milieu,wettbuero,Tipico,Tipico,,
node/11260936922,50.1186399,8.678282,milieu,wettbuero,Tipico,Tipico,,
node/11262959513,50.108958,8.6699919,milieu,wettbuero,Xtip Wetten,,,
node/11288240149,50.0840524,8.6385751,milieu,wettbuero,Tipico,Tipico,,
node/11685046666,50.1225502,8.7001991,milieu,wettbuero,tipwin,,,
node/12709756781,50.1022771,8.6339799,milieu,wettbuero,Tiptorro,,,
node/13094970769,50.0616021,8.5309012,milieu,wettbuero,Tipico,,,
node/13300069418,50.1029294,8.7650612,milieu,wettbuero,tipwin,,,
node/13462278883,50.0530653,8.6809121,milieu,wettbuero,tipwin,,,
node/13583194013,50.1138698,8.68263,milieu,wettbuero,tipwin,,,
node/13758725407,50.1207762,8.6440922,milieu,wettbuero,Tipico,Tipico,,
node/1784401102,50.1072052,8.6691841,milieu,wettbuero,Bet 3000 Sportwetten,,,
node/3424624095,50.1175333,8.685709,milieu,wettbuero,tipwin,,,
node/4031361052,50.1113138,8.703888,milieu,wettbuero,Tipico,Tipico,,
node/5370452697,50.0492265,8.6955059,milieu,wettbuero,Have A Break,,,
node/5370452698,50.0491682,8.6951046,milieu,wettbuero,Tipico,Tipico,,
node/6282452004,50.1259551,8.6101337,milieu,wettbuero,Sportscafé,,,
node/6385675115,50.1386846,8.670014,milieu,wettbuero,Tipico,Tipico,,
node/6508682413,50.1218688,8.6475099,milieu,wettbuero,Happybet,,,
node/7247904555,50.1275228,8.7070834,milieu,wettbuero,tipwin,,,
node/7817558524,50.1007404,8.7229179,milieu,wettbuero,Tipico,,,
node/8617429274,50.1240218,8.7696159,milieu,wettbuero,Tipico,Tipico,,
node/8988811428,50.1061363,8.759478,milieu,wettbuero,,,,
node/9689153734,50.1666564,8.6793736,milieu,wettbuero,tipster,,,
node/9794239675,50.1045766,8.6428786,milieu,wettbuero,Tipico,Tipico,,
