h3,lat,lon,stadt,in_stadt,einwohner,miete_qm,mietwohnungen,miete_geschaetzt,anteil_20_49,alter_geschaetzt,haushalte,anteil_hh_1_3,poi_markthalle,poi_bio_markt,poi_reformhaus,poi_deli,poi_feinkost_kaese,poi_wein,poi_pasta,poi_supermarkt,poi_obst_gemuese,poi_metzger,poi_baecker,poi_fisch,poi_cafe,poi_restaurant,poi_bar,poi_buchhandlung,poi_interior,poi_boutique,poi_blumen,poi_fitness_yoga,poi_kultur,poi_galerie_museum,poi_coworking,poi_fahrradladen,poi_tram_ubahn,poi_bahnhof,poi_bus,poi_hochschule,poi_buero
891fae169a7ffff,50.0893,8.46066,frankfurt,False,211,5.10216,97,False,0.374408,False,96,0.745283,0,0,0,0,0,0,0,0,0,0,0,0,0,0,0,0,0,0,0,0,0,0,0,0,0,0,0,0,0
891fae169b7ffff,50.0916,8.45793,frankfurt,False,388,6.48658,114,False,0.33244,False,177,0.8,0,0,0,0,0,0,0,0,0,0,0,0,0,0,0,0,0,0,0,0,0,0,0,0,0,0,2,0,1
891faea0003ffff,50.1963,8.68447,frankfurt,True,0,,0,False,0.459599,False,0,0.873724,0,0,0,0,0,0,0,0,0,0,0,0,0,0,0,0,0,0,0,0,0,0,0,0,0,0,0,0,0
891faea0007ffff,50.1968,8.68923,frankfurt,True,0,,0,False,0.459599,False,0,0.873724,0,0,0,0,0,0,0,0,0,0,0,0,0,0,0,0,0,0,0,0,0,0,0,0,0,0,0,0,0
891faea000bffff,50.1936,8.68243,frankfurt,True,0,,0,False,0.459599,False,0,0.873724,0,0,0,0,0,0,0,0,0,0,0,0,0,0,0,0,0,0,0,0,0,0,0,0,0,0,0,0,0
891faea000fffff,50.1941,8.68719,frankfurt,True,0,,0,False,0.459599,False,0,0.873724,0,0,0,0,0,0,0,0,0,0,0,0,0,0,0,0,0,0,0,0,0,0,0,0,0,0,0,0,0
891faea0013ffff,50.1986,8.68175,frankfurt,True,7,10.0539,0,True,0,False,4,1,0,0,0,0,0,0,0,0,0,0,0,0,0,0,0,0,0,0,0,0,0,0,0,0,0,0,0,0,0
891faea0017ffff,50.1991,8.68651,frankfurt,True,0,,0,False,0.459599,False,0,0.873724,0,0,0,0,0,0,0,0,0,0,0,0,0,0,0,0,0,0,0,0,0,0,0,0,0,0,0,0,0
891faea001bffff,50.1958,8.67971,frankfurt,True,0,,0,False,0.459599,False,0,0.873724,0,0,0,0,0,0,0,0,0,0,0,0,0,0,0,0,0,0,0,0,0,0,0,0,0,0,0,0,0
891faea0023ffff,50.1951,8.69671,frankfurt,True,0,,0,False,0.459599,False,0,0.873724,0,0,0,0,0,0,0,0,0,0,0,0,0,0,0,0,0,0,0,0,0,0,0,0,0,0,0,0,0
891faea0027ffff,50.1955,8.70147,frankfurt,True,12,9.29731,0,True,0.5,False,4,0.873724,0,0,0,0,0,0,0,0,0,0,0,0,0,0,0,0,0,0,0,0,0,0,0,0,0,0,0,0,0
891faea002bffff,50.1923,8.69468,frankfurt,True,8,9.86,8,False,0.459599,True,12,1,0,0,0,0,0,0,0,0,0,0,0,0,0,0,0,0,0,0,0,0,0,0,0,0,0,0,0,0,0
891faea002fffff,50.1928,8.69944,frankfurt,True,7,9.48765,0,True,0.5,False,3,0.873724,0,0,0,0,0,0,0,0,0,0,0,0,0,0,0,0,0,0,0,0,0,0,0,0,0,0,0,0,0
891faea0033ffff,50.1973,8.69399,frankfurt,True,0,,0,False,0.459599,False,0,0.873724,0,0,0,0,0,0,0,0,0,0,0,0,0,0,0,0,0,0,0,0,0,0,0,0,0,0,0,0,0
891faea0037ffff,50.1978,8.69875,frankfurt,True,0,,0,False,0.459599,False,0,0.873724,0,0,0,0,0,0,0,0,0,0,0,0,0,0,0,0,0,0,0,0,0,0,0,0,0,0,0,0,0
891faea003bffff,50.1946,8.69195,frankfurt,True,0,,0,False,0.459599,False,0,0.873724,0,0,0,0,0,0,0,0,0,0,0,0,0,0,0,0,0,0,0,0,0,0,0,0,0,0,0,0,0
891faea0043ffff,50.1904,8.67564,frankfurt,True,7,8.82647,0,True,0.454545,False,3,0.873724,0,0,0,0,0,0,0,0,0,0,0,0,0,0,0,0,0,0,0,0,0,0,0,0,0,0,0,0,0
891faea0047ffff,50.1908,8.6804,frankfurt,True,0,,0,False,0.459599,False,0,0.873724,0,0,0,0,0,0,0,0,0,0,0,0,0,0,0,0,0,0,0,0,0,0,0,0,0,0,0,0,0
891faea004bffff,50.1876,8.6736,frankfurt,True,0,,0,False,0.459599,False,0,0.873724,0,0,0,0,0,0,0,0,0,0,0,0,0,0,0,0,0,0,0,0,0,0,0,0,0,0,0,0,0
891faea004fffff,50.1881,8.67836,frankfurt,True,0,,0,False,0.459599,False,0,0.873724,0,0,0,0,0,0,0,0,0,0,0,0,0,0,0,0,0,0,0,0,0,0,0,0,0,0,0,0,0
891faea0053ffff,50.1926,8.67292,frankfurt,True,6,8.78831,0,True,0.459599,True,4,1,0,0,0,0,0,0,0,0,0,0,0,0,0,0,0,0,0,0,0,0,0,0,0,0,0,0,0,0,0
891faea0057ffff,50.1931,8.67768,frankfurt,True,32,7.86,3,False,0.1,False,12,0.823529,0,0,0,0,0,0,0,0,0,0,0,0,0,0,0,0,0,0,0,0,0,0,0,0,0,0,0,0,0
891faea005bffff,50.1899,8.67088,frankfurt,True,124,9.31,6,False,0.209677,False,49,0.860465,0,0,0,0,0,0,0,0,0,0,0,0,0,0,0,0,0,0,0,0,0,0,0,0,0,0,0,0,0
891faea0063ffff,50.1891,8.68788,frankfurt,True,0,,0,False,0.459599,False,0,0.873724,0,0,0,0,0,0,0,0,0,0,0,0,0,0,0,0,0,0,0,0,0,0,0,0,0,0,0,0,0
891faea0067ffff,50.1896,8.69264,frankfurt,True,21,9.47185,0,True,0.478261,False,5,1,0,0,0,0,0,0,0,0,0,0,0,0,0,0,0,0,0,0,0,0,0,0,0,0,0,0,0,0,0
891faea006bffff,50.1863,8.68584,frankfurt,True,33,9.27381,0,True,0.34375,False,9,0.873724,0,0,0,0,0,0,0,0,0,0,0,0,0,0,0,0,0,0,0,0,0,0,0,0,0,0,0,0,0
891faea006fffff,50.1868,8.6906,frankfurt,True,214,9.67278,54,False,0.369748,False,114,0.89916,0,0,0,0,0,0,0,0,0,0,0,0,0,0,0,0,0,0,0,0,0,0,0,0,0,0,0,0,0
891faea0073ffff,50.1913,8.68516,frankfurt,True,0,,0,False,0.459599,False,0,0.873724,0,0,0,0,0,0,0,0,0,0,0,0,0,0,0,0,0,0,0,0,0,0,0,0,0,0,0,0,0
891faea0077ffff,50.1918,8.68992,frankfurt,True,0,,0,False,0.459599,False,0,0.873724,0,0,0,0,0,0,0,0,0,0,0,0,0,0,0,0,0,0,0,0,0,0,0,0,0,0,0,0,0
891faea007bffff,50.1886,8.68312,frankfurt,True,0,,0,False,0.459599,False,0,0.873724,0,0,0,0,0,0,0,0,0,0,0,0,0,0,0,0,0,0,0,0,0,0,0,0,0,0,0,0,0
891faea0083ffff,50.2036,8.68106,frankfurt,True,12,10.1836,0,True,0.2,False,5,0.873724,0,0,0,0,0,0,0,0,0,0,0,0,0,0,0,0,0,0,0,0,0,0,0,0,0,0,0,0,0
891faea0087ffff,50.2041,8.68582,frankfurt,True,0,,0,False,0.459599,False,0,0.873724,0,0,0,0,0,0,0,0,0,0,0,0,0,0,0,0,0,0,0,0,0,0,0,0,0,0,0,0,0
891faea008bffff,50.2008,8.67903,frankfurt,True,443,8.66878,74,False,0.325635,False,191,0.801105,0,0,0,0,0,0,0,0,0,0,0,0,0,0,0,0,0,0,0,0,0,0,0,0,0,0,0,0,0
891faea008fffff,50.2013,8.68379,frankfurt,True,0,,0,False,0.459599,False,0,0.873724,0,0,0,0,0,0,0,0,0,0,0,0,0,0,0,0,0,0,0,0,0,0,0,0,0,0,0,0,0
891faea0093ffff,50.2059,8.67834,frankfurt,True,0,,0,False,0.459599,False,0,0.873724,0,0,0,0,0,0,0,0,0,0,0,0,0,0,0,0,0,0,0,0,0,0,0,0,0,0,0,0,0
891faea0097ffff,50.2063,8.6831,frankfurt,True,0,,0,False,0.459599,False,0,0.873724,0,0,0,0,0,0,0,0,0,0,0,0,0,0,0,0,0,0,0,0,0,0,0,0,0,0,0,0,0
891faea009bffff,50.2031,8.6763,frankfurt,True,389,10.9355,98,False,0.397368,False,199,0.827586,0,0,0,0,0,0,0,0,0,0,0,0,0,1,0,0,0,0,0,0,0,0,0,0,0,0,1,0,0
891faea00a3ffff,50.2023,8.69331,frankfurt,True,0,,0,False,0.459599,False,0,0.873724,0,0,0,0,0,0,0,0,0,0,0,0,0,0,0,0,0,0,0,0,0,0,0,0,0,0,0,0,0
891faea00a7ffff,50.2028,8.69807,frankfurt,True,0,,0,False,0.459599,False,0,0.873724,0,0,0,0,0,0,0,0,0,0,0,0,0,0,0,0,0,0,0,0,0,0,0,0,0,0,0,0,0
891faea00abffff,50.1996,8.69127,frankfurt,True,0,,0,False,0.459599,False,0,0.873724,0,0,0,0,0,0,0,0,0,0,0,0,0,0,0,0,0,0,0,0,0,0,0,0,0,0,0,0,0
891faea00afffff,50.2001,8.69603,frankfurt,True,17,9.64789,0,True,0.538462,False,5,0.873724,0,0,0,0,0,0,0,0,0,0,0,0,0,0,0,0,0,0,0,0,0,0,0,0,0,0,1,0,0
891faea00b3ffff,50.2046,8.69058,frankfurt,True,0,,0,False,0.459599,False,0,0.873724,0,0,0,0,0,0,0,0,0,0,0,0,0,0,0,0,0,0,0,0,0,0,0,0,0,0,0,0,0
891faea00b7ffff,50.2051,8.69534,frankfurt,True,0,,0,False,0.459599,False,0,0.873724,0,0,0,0,0,0,0,0,0,0,0,0,0,0,0,0,0,0,0,0,0,0,0,0,0,0,0,0,0
891faea00bbffff,50.2018,8.68855,frankfurt,True,0,,0,False,0.459599,False,0,0.873724,0,0,0,0,0,0,0,0,0,0,0,0,0,0,0,0,0,0,0,0,0,0,0,0,0,0,0,0,0
891faea00c3ffff,50.1976,8.67223,frankfurt,True,577,9.63796,181,False,0.403716,False,294,0.900685,0,0,0,0,0,0,0,0,0,0,0,0,0,0,0,0,0,0,0,0,0,0,0,0,0,0,0,0,0
891faea00c7ffff,50.1981,8.67699,frankfurt,True,280,9.65101,79,False,0.345725,False,141,0.827068,0,0,0,0,0,0,0,0,0,0,0,0,0,0,0,0,0,0,0,0,0,0,0,0,0,0,0,0,0
891faea00cbffff,50.1949,8.67019,frankfurt,True,100,9.71731,26,False,0.390805,False,56,0.875,0,0,0,0,0,0,0,0,0,0,0,0,0,0,0,0,0,0,0,0,0,0,0,0,0,0,0,0,0
891faea00cfffff,50.1954,8.67495,frankfurt,True,136,9.28298,57,False,0.41844,False,77,0.915493,0,0,0,0,0,0,0,0,0,0,0,0,0,0,0,0,0,0,0,0,0,0,0,0,0,0,0,0,0
891faea00d3ffff,50.1999,8.66951,frankfurt,True,993,7.91358,355,False,0.387836,False,483,0.828571,0,0,0,0,0,0,0,0,0,0,1,0,1,1,1,0,0,0,0,0,0,0,0,0,1,0,4,0,0
891faea00d7ffff,50.2004,8.67427,frankfurt,True,666,10.9055,204,False,0.426883,False,341,0.840841,0,0,0,0,0,0,0,2,0,0,0,0,0,3,0,0,0,1,0,0,0,0,0,0,0,0,2,0,0
891faea00dbffff,50.1971,8.66747,frankfurt,True,477,8.28213,127,False,0.350109,False,204,0.770408,0,0,0,0,0,0,0,0,0,0,0,0,0,0,0,0,0,0,0,0,0,0,0,0,0,0,3,0,0
891faea0103ffff,50.1998,8.71779,frankfurt,True,142,9.84783,23,False,0.268116,False,58,0.938776,0,0,0,0,0,0,0,0,0,0,0,0,0,0,0,0,0,0,0,0,0,0,0,0,0,0,0,0,0
891faea0107ffff,50.2002,8.72255,frankfurt,True,0,,0,False,0.459599,False,0,0.873724,0,0,0,0,0,0,0,0,0,0,0,0,0,0,0,0,0,0,0,0,0,0,0,0,0,0,0,0,0
891faea010bffff,50.197,8.71575,frankfurt,True,6,9.40362,0,True,0,False,5,0.873724,0,0,0,0,0,0,0,0,0,0,0,0,0,0,0,0,0,0,0,0,0,0,0,0,0,0,1,0,0
891faea010fffff,50.1975,8.72052,frankfurt,False,0,,0,False,0.459599,False,0,0.873724,0,0,0,0,0,0,0,0,0,0,0,0,0,0,0,0,0,0,0,0,0,0,0,0,0,0,0,0,0
891faea0113ffff,50.202,8.71507,frankfurt,True,281,9.48267,60,False,0.282443,False,134,0.910345,0,0,0,0,0,0,0,0,0,0,0,0,0,0,0,0,0,0,0,0,0,0,0,0,0,0,1,0,0
891faea0117ffff,50.2025,8.71983,frankfurt,True,17,8.98,3,False,0.6,False,12,1,0,0,0,0,0,0,0,0,0,0,0,0,0,0,1,0,0,0,0,0,0,0,0,0,0,0,0,0,0
891faea011bffff,50.1993,8.71303,frankfurt,True,159,8.633,30,False,0.234177,False,71,0.953125,0,0,0,0,0,0,0,0,0,0,0,0,0,0,0,0,0,0,0,0,0,0,0,0,0,0,0,0,0
891faea0123ffff,50.1985,8.73004,frankfurt,False,0,,0,False,0.459599,False,0,0.873724,0,0,0,0,0,0,0,0,0,0,0,0,0,0,0,0,0,0,0,0,0,0,0,0,0,0,0,0,0
891faea0127ffff,50.199,8.7348,frankfurt,False,0,,0,False,0.459599,False,0,0.873724,0,0,0,0,0,0,0,0,0,0,0,0,0,0,0,0,0,0,0,0,0,0,0,0,0,0,0,0,0
891faea012bffff,50.1957,8.728,frankfurt,False,0,,0,False,0.459599,False,0,0.873724,0,0,0,0,0,0,0,0,0,0,0,0,0,0,0,0,0,0,0,0,0,0,0,0,0,0,0,0,0
891faea012fffff,50.1962,8.73276,frankfurt,False,0,,0,False,0.459599,False,0,0.873724,0,0,0,0,0,0,0,0,0,0,0,0,0,0,0,0,0,0,0,0,0,0,0,0,0,0,0,0,0
891faea0133ffff,50.2007,8.72732,frankfurt,False,0,,0,False,0.459599,False,0,0.873724,0,0,0,0,0,0,0,0,0,0,0,0,0,0,0,0,0,0,0,0,0,0,0,0,0,0,0,0,0
891faea0137ffff,50.2012,8.73208,frankfurt,False,0,,0,False,0.459599,False,0,0.873724,0,0,0,0,0,0,0,0,0,0,0,0,0,0,0,0,0,0,0,0,0,0,0,0,0,0,0,0,0
891faea013bffff,50.198,8.72528,frankfurt,False,0,,0,False,0.459599,False,0,0.873724,0,0,0,0,0,0,0,0,0,0,0,0,0,0,0,0,0,0,0,0,0,0,0,0,0,0,0,0,0
891faea0143ffff,50.1938,8.70896,frankfurt,True,0,,0,False,0.459599,False,0,0.873724,0,0,0,0,0,0,0,0,0,0,0,0,0,0,0,0,0,0,0,0,0,0,0,0,0,0,0,0,0
891faea0147ffff,50.1943,8.71372,frankfurt,False,0,,0,False,0.459599,False,0,0.873724,0,0,0,0,0,0,0,0,0,0,0,0,0,0,0,0,0,0,0,0,0,0,0,0,0,0,0,0,0
891faea014bffff,50.191,8.70692,frankfurt,True,8,9.20763,0,True,0.459599,True,0,0.873724,0,0,0,0,0,0,0,0,0,0,0,0,0,0,0,0,0,0,0,0,0,0,0,0,0,0,0,0,0
891faea014fffff,50.1915,8.71168,frankfurt,False,0,,0,False,0.459599,False,0,0.873724,0,0,0,0,0,0,0,0,0,0,0,0,0,0,0,0,0,0,0,0,0,0,0,0,0,0,0,0,0
891faea0153ffff,50.196,8.70623,frankfurt,True,24,9.56693,0,True,0.576923,False,0,0.873724,0,0,0,0,0,0,0,0,0,0,0,0,0,0,0,0,0,0,0,0,0,0,0,0,0,0,1,0,0
891faea0157ffff,50.1965,8.71099,frankfurt,True,43,9.54321,0,True,0.390244,False,13,0.5,0,0,0,0,0,0,0,0,0,0,0,0,0,0,0,0,0,0,0,0,0,0,0,0,0,0,0,0,0
891faea015bffff,50.1933,8.7042,frankfurt,True,4,9.95,3,False,0.459599,True,3,0.873724,0,0,0,0,0,0,0,0,0,0,0,0,0,0,0,0,0,0,0,0,0,0,0,0,0,0,0,0,0
891faea0163ffff,50.1925,8.7212,frankfurt,False,342,8.63184,87,False,0.377644,False,173,0.792683,0,0,0,0,0,0,0,0,0,0,0,0,0,1,0,0,0,0,0,0,0,0,0,0,0,0,2,0,0
891faea0167ffff,50.193,8.72596,frankfurt,False,19,9.75936,0,True,0.459599,True,10,0.873724,0,0,0,0,0,0,0,0,0,0,0,0,0,0,0,0,0,0,0,0,0,0,0,0,0,0,0,0,0
891faea016bffff,50.1897,8.71916,frankfurt,False,281,9.3769,58,False,0.315789,False,138,0.852941,0,0,0,0,0,0,0,0,0,0,0,0,0,0,0,0,0,0,0,0,0,0,0,0,0,0,1,0,0
891faea016fffff,50.1902,8.72392,frankfurt,False,588,9.69156,154,False,0.384886,False,284,0.848797,0,0,0,0,0,0,0,0,0,0,0,0,0,2,0,0,0,0,0,0,0,1,0,0,0,0,3,0,0
891faea0173ffff,50.1947,8.71848,frankfurt,False,80,8.99,24,False,0.2125,False,46,0.925,0,0,0,0,0,0,0,0,0,0,0,0,0,0,1,0,0,0,0,0,0,0,0,0,0,0,0,0,0
891faea0177ffff,50.1952,8.72324,frankfurt,False,10,9.44431,0,True,0.25,False,3,0.873724,0,0,0,0,0,0,0,0,0,0,0,1,0,0,0,0,0,0,0,0,0,0,0,1,0,0,0,0,0
891faea017bffff,50.192,8.71644,frankfurt,False,128,9.87,15,False,0.279412,False,54,0.779661,0,0,0,0,0,0,0,0,0,0,0,0,0,0,0,0,0,0,0,0,0,0,0,0,0,0,0,0,0
891faea0183ffff,50.207,8.71439,frankfurt,True,96,10.284,15,False,0.339806,False,35,0.666667,0,0,0,0,0,0,0,0,0,0,0,0,0,0,0,0,0,0,0,0,0,0,0,0,0,0,0,0,0
891faea0187ffff,50.2075,8.71915,frankfurt,True,0,,0,False,0.459599,False,0,0.873724,0,0,0,0,0,0,0,0,0,0,0,0,0,0,0,0,0,0,0,0,0,0,0,0,0,0,0,0,0
891faea018bffff,50.2043,8.71235,frankfurt,True,310,9.08213,141,False,0.286184,False,173,0.914773,0,0,0,0,0,0,0,0,0,0,0,0,0,0,0,0,0,0,0,0,0,0,0,0,0,0,0,0,0
891faea018fffff,50.2048,8.71711,frankfurt,True,226,8.84951,41,False,0.253333,False,105,0.909091,0,0,0,0,0,0,0,0,0,0,0,0,0,0,0,0,0,0,0,0,0,0,0,0,0,0,0,0,0
891faea0193ffff,50.2093,8.71166,frankfurt,True,0,,0,False,0.459599,False,0,0.873724,0,0,0,0,0,0,0,0,0,0,0,0,0,0,0,0,0,0,0,0,0,0,0,0,0,0,0,0,0
891faea0197ffff,50.2098,8.71643,frankfurt,True,4,9.0966,0,True,0,False,0,0.873724,0,0,0,0,0,0,0,0,0,0,0,0,0,0,0,0,0,0,0,0,0,0,0,0,0,0,0,0,0
891faea019bffff,50.2065,8.70963,frankfurt,True,332,8.95902,41,False,0.253125,False,140,0.753425,0,0,0,0,0,0,0,0,0,0,0,0,0,0,0,0,0,0,0,0,0,0,0,0,0,0,0,0,0
891faea01a3ffff,50.2057,8.72663,frankfurt,True,0,,0,False,0.459599,False,0,0.873724,0,0,0,0,0,0,0,0,0,0,0,0,0,0,0,0,0,0,0,0,0,0,0,0,0,0,0,0,0
891faea01a7ffff,50.2062,8.73139,frankfurt,True,0,,0,False,0.459599,False,0,0.873724,0,0,0,0,0,0,0,0,0,0,0,0,0,0,0,0,0,0,0,0,0,0,0,0,0,0,0,0,0
891faea01abffff,50.203,8.72459,frankfurt,True,4,9.33252,0,True,0,False,0,0.873724,0,0,0,0,0,0,0,0,0,0,0,0,0,0,0,0,0,0,0,0,0,0,0,0,0,0,0,0,0
891faea01afffff,50.2035,8.72935,frankfurt,True,0,,0,False,0.459599,False,0,0.873724,0,0,0,0,0,0,0,0,0,0,0,0,0,0,0,0,0,0,0,0,0,0,0,0,0,0,0,0,0
891faea01b3ffff,50.208,8.72391,frankfurt,True,0,,0,False,0.459599,False,0,0.873724,0,0,0,0,0,0,0,0,0,0,0,0,0,0,0,0,0,0,0,0,0,0,0,0,0,0,0,0,0
891faea01b7ffff,50.2085,8.72867,frankfurt,True,0,,0,False,0.459599,False,0,0.873724,0,0,0,0,0,0,0,0,0,0,0,0,0,0,0,0,0,0,0,0,0,0,0,0,0,0,0,0,0
891faea01bbffff,50.2052,8.72187,frankfurt,True,7,9.2582,0,True,0,False,3,1,0,0,0,0,0,0,0,0,0,0,0,0,0,0,0,0,0,0,0,0,0,0,0,0,0,0,0,0,0
891faea01c3ffff,50.201,8.70555,frankfurt,True,286,9.26786,42,False,0.408163,False,121,0.784615,0,0,0,0,0,0,0,0,0,0,0,0,0,0,0,0,0,0,0,0,0,0,0,0,0,0,0,0,0
891faea01c7ffff,50.2015,8.71031,frankfurt,True,868,9.90371,224,False,0.326316,False,416,0.892344,0,0,0,0,0,0,0,0,0,0,0,0,0,0,0,0,0,0,0,0,0,0,0,1,0,0,0,0,0
891faea01cbffff,50.1983,8.70351,frankfurt,True,0,,0,False,0.459599,False,0,0.873724,0,0,0,0,0,0,0,0,0,0,0,0,0,0,0,0,0,0,0,0,0,0,0,0,0,0,0,0,0
891faea01cfffff,50.1988,8.70827,frankfurt,True,278,8.59075,40,False,0.314607,False,116,0.760331,0,0,0,0,0,0,0,0,0,0,0,0,0,0,0,0,0,0,0,0,0,0,0,0,0,0,2,0,0
891faea01d3ffff,50.2033,8.70283,frankfurt,True,207,9.46541,37,False,0.340102,False,104,0.885417,0,0,0,0,0,0,0,1,0,0,1,0,0,0,0,0,0,0,0,0,0,0,0,0,0,0,2,0,0
891faea01d7ffff,50.2038,8.70759,frankfurt,True,633,9.59994,160,False,0.3273,False,291,0.841924,0,0,0,0,0,0,0,0,0,0,1,0,0,2,1,0,0,0,0,0,0,0,0,0,0,0,3,0,0
891faea01dbffff,50.2005,8.70079,frankfurt,True,0,,0,False,0.459599,False,0,0.873724,0,0,0,0,0,0,0,0,0,0,0,0,0,0,0,0,0,0,0,0,0,0,0,0,0,0,0,0,0
891faea0203ffff,50.1771,8.67022,frankfurt,True,0,,0,False,0.459599,False,0,0.873724,0,0,0,0,0,0,0,0,0,0,0,0,0,0,0,0,0,0,0,0,0,0,0,0,0,0,0,0,0
891faea0207ffff,50.1776,8.67497,frankfurt,True,0,,0,False,0.459599,False,0,0.873724,0,0,0,0,0,0,0,0,0,0,0,0,0,0,0,0,0,0,0,0,0,0,0,0,0,0,0,0,0
891faea020bffff,50.1744,8.66818,frankfurt,True,0,,0,False,0.459599,False,0,0.873724,0,0,0,0,0,0,0,0,0,0,0,0,0,0,0,0,0,0,0,0,0,0,0,0,0,0,0,0,0
891faea020fffff,50.1748,8.67294,frankfurt,True,0,,0,False,0.459599,False,0,0.873724,0,0,0,0,0,0,0,0,0,0,0,0,0,0,0,0,0,0,0,0,0,0,0,0,0,0,1,0,0
891faea0213ffff,50.1794,8.66749,frankfurt,True,0,,0,False,0.459599,False,0,0.873724,0,0,0,0,0,0,0,0,0,0,0,0,0,0,0,0,0,0,0,0,0,0,0,0,0,0,0,0,0
891faea0217ffff,50.1799,8.67225,frankfurt,True,4,9.28264,0,True,0.459599,True,3,0.873724,0,0,0,0,0,0,0,0,0,0,0,0,0,0,0,0,0,0,0,0,0,0,0,0,0,0,0,0,0
891faea021bffff,50.1766,8.66546,frankfurt,True,0,,0,False,0.459599,False,0,0.873724,0,0,0,0,0,0,0,0,0,0,0,0,0,0,0,0,0,0,0,0,0,0,0,0,0,0,2,0,0
891faea0223ffff,50.1758,8.68245,frankfurt,True,0,,0,False,0.459599,False,0,0.873724,0,0,0,0,0,0,0,0,0,0,0,0,0,0,0,0,0,0,0,0,0,0,0,0,0,0,0,0,0
891faea0227ffff,50.1763,8.68721,frankfurt,True,0,,0,False,0.459599,False,0,0.873724,0,0,0,0,0,0,0,0,0,0,0,0,0,0,0,0,0,0,0,0,0,0,0,0,0,0,0,0,0
891faea022bffff,50.1731,8.68042,frankfurt,True,0,,0,False,0.459599,False,0,0.873724,0,0,0,0,0,0,0,0,0,0,0,0,0,0,0,0,0,0,0,0,0,0,0,0,0,0,0,0,0
891faea022fffff,50.1736,8.68518,frankfurt,True,0,,0,False,0.459599,False,0,0.873724,0,0,0,0,0,0,0,0,0,0,0,0,0,0,0,0,0,0,0,0,0,0,0,0,0,0,0,0,0
891faea0233ffff,50.1781,8.67973,frankfurt,True,0,,0,False,0.459599,False,0,0.873724,0,0,0,0,0,0,0,0,0,0,0,0,0,0,0,0,0,0,0,0,0,0,0,0,0,0,0,0,0
891faea0237ffff,50.1786,8.68449,frankfurt,True,0,,0,False,0.459599,False,0,0.873724,0,0,0,0,0,0,0,0,0,0,0,0,0,0,0,0,0,0,0,0,0,0,0,0,0,0,0,0,0
891faea023bffff,50.1753,8.6777,frankfurt,True,0,,0,False,0.459599,False,0,0.873724,0,0,0,0,0,0,0,0,0,0,0,0,0,0,0,0,0,0,0,0,0,0,0,0,0,0,0,0,0
891faea0243ffff,50.1711,8.66139,frankfurt,True,72,7.47,6,False,0.39726,False,24,0.583333,0,0,0,0,0,0,0,0,0,0,0,0,0,0,0,0,0,0,0,0,0,0,0,0,0,0,0,0,0
891faea0247ffff,50.1716,8.66615,frankfurt,True,0,,0,False,0.459599,False,0,0.873724,0,0,0,0,0,0,0,0,0,0,0,0,0,0,0,0,0,0,0,0,0,0,0,0,0,0,0,0,0
891faea024bffff,50.1684,8.65935,frankfurt,True,91,8.33,52,False,0.470588,False,52,0.862745,0,0,0,0,0,0,0,0,0,0,0,0,0,0,0,0,0,0,0,0,0,0,0,0,0,0,0,0,0
891faea024fffff,50.1689,8.66411,frankfurt,True,0,,0,False,0.459599,False,0,0.873724,0,0,0,0,0,0,0,0,0,0,0,0,0,0,0,0,0,0,0,0,0,0,0,0,0,0,0,0,0
891faea0253ffff,50.1734,8.65867,frankfurt,True,0,,0,False,0.459599,False,0,0.873724,0,0,0,0,0,0,0,0,0,0,0,0,0,0,0,0,0,0,0,0,0,0,0,0,0,0,0,0,0
891faea0257ffff,50.1739,8.66342,frankfurt,True,0,,0,False,0.459599,False,0,0.873724,0,0,0,0,0,0,0,0,0,0,0,0,0,0,0,0,0,0,0,0,0,0,0,0,0,0,0,0,0
891faea025bffff,50.1706,8.65663,frankfurt,True,0,,0,False,0.459599,False,0,0.873724,0,0,0,0,0,0,0,0,0,0,0,0,0,0,0,0,0,0,0,0,0,0,0,0,0,0,0,0,0
891faea0263ffff,50.1698,8.67362,frankfurt,True,674,11.1485,40,False,0.393759,False,269,0.725564,0,0,0,0,0,0,0,0,0,0,0,0,0,0,0,0,0,0,0,0,0,0,0,0,0,0,1,0,0
891faea0267ffff,50.1703,8.67838,frankfurt,True,168,7.62326,43,False,0.385417,False,61,0.716667,0,0,0,0,0,0,0,0,0,0,0,0,0,0,0,0,0,0,0,0,0,0,0,0,0,1,1,0,0
891faea026bffff,50.1671,8.67159,frankfurt,True,621,10.2383,84,False,0.348259,False,278,0.772388,0,0,0,0,0,0,0,0,0,0,1,0,0,0,1,0,0,0,0,0,0,0,0,0,0,0,3,0,0
891faea026fffff,50.1676,8.67635,frankfurt,True,460,12.7727,147,False,0.465665,False,273,0.909434,0,0,0,0,0,0,0,0,0,0,0,0,0,1,0,0,0,0,0,0,0,0,0,0,0,0,3,0,0
891faea0273ffff,50.1721,8.6709,frankfurt,True,147,11.1374,0,True,0.352941,False,46,0.542857,0,0,0,0,0,0,0,0,0,0,0,0,0,0,0,0,0,0,0,0,0,0,0,0,0,0,0,0,0
891faea0277ffff,50.1726,8.67566,frankfurt,True,85,10.6,10,False,0.4,False,29,0.766667,0,0,0,0,0,0,0,0,0,0,0,0,0,0,0,0,0,0,0,0,0,0,0,0,0,0,0,0,0
891faea027bffff,50.1694,8.66887,frankfurt,True,339,10.7009,22,False,0.316239,False,142,0.769784,0,0,0,0,0,0,0,0,0,0,0,0,0,0,0,0,0,0,0,0,0,0,0,0,0,0,0,0,0
891faea0283ffff,50.1844,8.66681,frankfurt,True,832,9.95971,209,False,0.414663,False,404,0.868613,1,0,0,0,0,0,0,1,0,0,2,0,0,2,0,0,0,0,0,0,0,0,0,0,0,0,3,0,0
891faea0287ffff,50.1849,8.67157,frankfurt,True,457,9.56341,85,False,0.353741,False,206,0.886598,0,0,0,0,0,0,0,0,0,0,0,0,0,0,0,0,0,0,0,0,0,0,0,0,0,0,0,0,0
891faea028bffff,50.1816,8.66477,frankfurt,True,385,9.70513,119,False,0.414439,False,181,0.910615,0,0,0,0,0,0,0,0,0,0,0,0,0,3,0,0,0,0,0,0,0,0,0,0,0,0,3,0,1
891faea028fffff,50.1821,8.66953,frankfurt,True,185,8.66568,44,False,0.420765,False,86,0.86747,0,0,0,0,0,0,0,0,0,0,0,0,0,1,0,0,0,0,0,0,0,0,0,0,0,0,0,0,0
891faea0293ffff,50.1866,8.66409,frankfurt,True,1397,8.79813,562,False,0.406227,False,719,0.858956,0,0,0,0,0,0,0,0,0,0,0,0,0,1,0,0,0,0,0,0,0,0,0,0,0,1,1,0,0
891faea0297ffff,50.1871,8.66884,frankfurt,True,154,9.86123,73,False,0.289655,False,91,0.932584,0,0,0,0,0,0,0,0,0,0,0,0,0,0,0,0,0,0,0,0,0,0,0,0,0,0,0,0,0
891faea029bffff,50.1839,8.66205,frankfurt,True,702,9.84263,171,False,0.371429,False,332,0.830508,0,0,0,0,0,0,0,0,0,0,0,0,0,0,0,0,1,0,0,0,0,0,0,0,0,0,1,0,1
891faea02a3ffff,50.1831,8.67905,frankfurt,True,0,,0,False,0.459599,False,0,0.873724,0,0,0,0,0,0,0,0,0,0,0,0,0,0,0,0,0,0,0,0,0,0,0,0,0,0,0,0,0
891faea02a7ffff,50.1836,8.68381,frankfurt,True,255,8.12754,61,False,0.323404,False,105,0.794118,0,0,0,0,0,0,0,0,0,0,0,0,0,0,0,0,0,0,0,0,0,0,0,0,0,0,1,0,0
891faea02abffff,50.1803,8.67701,frankfurt,True,0,,0,False,0.459599,False,0,0.873724,0,0,0,0,0,0,0,0,0,0,0,0,0,0,0,0,0,0,0,0,0,0,0,0,0,0,0,0,0
891faea02afffff,50.1808,8.68177,frankfurt,True,0,,0,False,0.459599,False,0,0.873724,0,0,0,0,0,0,0,0,0,0,0,0,0,0,0,0,0,0,0,0,0,0,0,0,0,0,0,0,0
891faea02b3ffff,50.1853,8.67632,frankfurt,True,0,,0,False,0.459599,False,0,0.873724,0,0,0,0,0,0,0,0,0,0,0,0,0,0,0,0,0,0,0,0,0,0,0,0,0,0,0,0,0
891faea02b7ffff,50.1858,8.68108,frankfurt,True,0,,0,False,0.459599,False,0,0.873724,0,0,0,0,0,0,0,0,0,0,0,0,0,0,0,0,0,0,0,0,0,0,0,0,0,0,0,0,0
891faea02bbffff,50.1826,8.67429,frankfurt,True,95,7.90286,21,False,0.517647,False,50,1,0,0,0,0,0,0,0,0,0,0,0,0,0,0,0,0,0,0,0,0,0,0,0,0,0,0,1,0,0
891faea02c3ffff,50.1784,8.65798,frankfurt,True,0,,0,False,0.459599,False,0,0.873724,0,0,0,0,0,0,0,0,0,0,0,0,1,0,0,0,0,0,0,0,0,0,0,0,0,0,0,0,0
891faea02c7ffff,50.1789,8.66274,frankfurt,True,247,7.3606,83,False,0.41453,False,124,0.819549,0,0,0,0,0,0,0,0,0,0,0,0,0,0,0,0,0,0,0,0,0,1,0,0,0,0,0,0,0
891faea02cbffff,50.1756,8.65594,frankfurt,True,0,,0,False,0.459599,False,0,0.873724,0,0,0,0,0,0,0,0,0,0,0,0,0,0,0,0,0,0,0,0,0,0,0,0,0,0,0,0,0
891faea02cfffff,50.1761,8.6607,frankfurt,True,0,,0,False,0.459599,False,0,0.873724,0,0,0,0,0,0,0,0,0,0,0,0,0,0,0,0,0,0,0,0,0,0,0,0,0,0,0,0,0
891faea02d3ffff,50.1806,8.65526,frankfurt,True,0,,0,False,0.459599,False,0,0.873724,0,0,0,0,0,0,0,0,0,0,0,0,0,0,0,0,0,0,0,0,0,0,0,0,0,0,0,0,0
891faea02d7ffff,50.1811,8.66001,frankfurt,True,778,9.3131,197,False,0.391521,False,305,0.794788,0,0,0,0,0,0,0,0,0,1,0,0,0,0,0,0,0,0,0,0,0,0,0,0,0,0,0,0,0
891faea02dbffff,50.1779,8.65322,frankfurt,True,0,,0,False,0.459599,False,0,0.873724,0,0,0,0,0,0,0,0,0,0,0,0,0,0,0,0,0,0,0,0,0,0,0,0,0,0,0,0,0
891faea0303ffff,50.1805,8.70353,frankfurt,False,0,,0,False,0.459599,False,0,0.873724,0,0,0,0,0,0,0,0,0,0,0,0,0,0,0,0,0,0,0,0,0,0,0,0,0,0,0,0,0
891faea0307ffff,50.181,8.70829,frankfurt,False,0,,0,False,0.459599,False,0,0.873724,0,0,0,0,0,0,0,0,0,0,0,0,0,0,0,0,0,0,0,0,0,0,0,0,0,0,0,0,0
891faea030bffff,50.1778,8.70149,frankfurt,True,0,,0,False,0.459599,False,0,0.873724,0,0,0,0,0,0,0,0,0,0,0,0,0,0,0,0,0,0,0,0,0,0,0,0,0,0,0,0,0
891faea030fffff,50.1783,8.70625,frankfurt,True,0,,0,False,0.459599,False,0,0.873724,0,0,0,0,0,0,0,0,0,0,0,0,0,0,0,0,0,0,0,0,0,0,0,0,0,0,0,0,0
891faea0313ffff,50.1828,8.7008,frankfurt,True,0,,0,False,0.459599,False,0,0.873724,0,0,0,0,0,0,0,0,0,0,0,0,0,1,0,0,0,0,0,0,0,0,0,0,0,0,0,0,0
891faea0317ffff,50.1833,8.70556,frankfurt,False,0,,0,False,0.459599,False,0,0.873724,0,0,0,0,0,0,0,0,0,0,0,0,0,0,0,0,0,0,0,0,0,0,0,0,0,0,0,0,0
891faea031bffff,50.18,8.69877,frankfurt,True,18,9.36,7,False,0.210526,False,9,1,0,0,0,0,0,0,0,0,0,0,0,0,0,0,0,0,0,0,0,0,0,0,0,0,0,0,0,0,0
891faea0323ffff,50.1792,8.71577,frankfurt,False,0,,0,False,0.459599,False,0,0.873724,0,0,0,0,0,0,0,0,0,0,0,0,0,0,0,0,0,0,0,0,0,0,0,0,0,0,0,0,0
891faea0327ffff,50.1797,8.72053,frankfurt,False,0,,0,False,0.459599,False,0,0.873724,0,0,0,0,0,0,0,0,0,0,0,0,0,0,0,0,0,0,0,0,0,0,0,0,0,0,0,0,0
891faea032bffff,50.1765,8.71373,frankfurt,False,11,9.72935,0,True,0.470588,False,4,0.873724,0,0,0,0,0,0,0,0,0,0,0,0,0,0,0,0,0,0,0,0,0,0,0,0,0,0,0,0,0
891faea032fffff,50.177,8.71849,frankfurt,False,84,9.67752,0,True,0,False,0,0.873724,0,0,0,0,0,0,0,0,0,0,0,0,0,0,0,0,0,0,0,0,0,0,0,0,0,0,0,0,0
891faea0333ffff,50.1815,8.71305,frankfurt,False,0,,0,False,0.459599,False,0,0.873724,0,0,0,0,0,0,0,0,0,0,0,0,0,0,0,0,0,0,0,0,0,0,0,0,0,0,0,0,0
891faea0337ffff,50.182,8.7178,frankfurt,False,0,,0,False,0.459599,False,0,0.873724,0,0,0,0,0,0,0,0,0,0,0,0,0,0,0,0,0,0,0,0,0,0,0,0,0,0,0,0,0
891faea033bffff,50.1788,8.71101,frankfurt,False,0,,0,False,0.459599,False,0,0.873724,0,0,0,0,0,0,0,0,0,0,0,0,0,0,0,0,0,0,0,0,0,0,0,0,0,0,0,0,0
891faea0343ffff,50.1745,8.69469,frankfurt,True,84,10.0377,30,False,0.349398,False,46,0.863636,0,0,0,0,0,0,0,0,0,0,0,0,0,0,0,0,0,0,0,0,0,0,0,0,0,0,0,0,0
891faea0347ffff,50.175,8.69945,frankfurt,True,420,11.0552,71,False,0.37123,False,201,0.820513,0,0,0,0,0,0,0,0,0,0,0,0,0,0,0,0,0,0,0,0,0,0,0,0,0,0,0,0,0
891faea034bffff,50.1718,8.69266,frankfurt,True,134,11.0821,80,False,0.458333,False,94,0.965517,0,0,0,0,0,0,0,0,0,0,0,0,0,0,0,0,0,0,0,0,0,0,0,0,0,0,0,0,0
891faea034fffff,50.1723,8.69741,frankfurt,True,577,8.40901,162,False,0.395659,False,277,0.858209,0,0,0,0,0,0,0,0,0,0,0,0,0,1,0,0,0,0,0,0,1,0,0,0,0,0,0,0,0
891faea0353ffff,50.1768,8.69197,frankfurt,True,0,,0,False,0.459599,False,0,0.873724,0,0,0,0,0,0,0,0,0,0,0,0,0,0,0,0,0,0,0,0,0,0,0,0,0,0,0,0,0
891faea0357ffff,50.1773,8.69673,frankfurt,True,7,9.66481,0,True,0.333333,False,4,0.873724,0,0,0,0,0,0,0,0,0,0,0,0,0,0,0,0,0,0,0,0,0,0,0,0,0,1,1,0,0
891faea035bffff,50.1741,8.68993,frankfurt,True,0,,0,False,0.459599,False,0,0.873724,0,0,0,0,0,0,0,0,0,0,0,0,0,0,0,0,0,0,0,0,0,0,0,0,0,0,0,0,0
891faea0363ffff,50.1733,8.70693,frankfurt,True,0,,0,False,0.459599,False,0,0.873724,0,0,0,0,0,0,0,0,0,0,0,0,0,0,0,0,0,0,0,0,0,0,0,0,0,0,0,0,0
891faea0367ffff,50.1738,8.71169,frankfurt,False,207,9.323,30,False,0.38191,False,82,0.817073,0,0,0,0,0,0,0,0,0,0,0,0,0,0,0,0,0,0,0,0,0,0,0,0,0,0,1,0,0
891faea036bffff,50.1705,8.70489,frankfurt,True,0,,0,False,0.459599,False,0,0.873724,0,0,0,0,0,0,0,0,0,0,0,0,0,0,0,0,0,0,0,0,0,0,0,0,0,0,0,0,0
891faea036fffff,50.171,8.70965,frankfurt,True,0,,0,False,0.459599,False,0,0.873724,0,0,0,0,0,0,0,0,0,0,0,0,0,0,0,0,0,0,0,0,0,0,0,0,0,0,0,0,0
891faea0373ffff,50.1755,8.70421,frankfurt,True,0,,0,False,0.459599,False,0,0.873724,0,0,0,0,0,0,0,0,0,0,0,0,0,0,0,0,0,0,0,0,0,0,0,0,0,0,0,0,0
891faea0377ffff,50.176,8.70897,frankfurt,True,3,10.2496,0,True,0.459599,True,0,0.873724,0,0,0,0,0,0,0,0,0,0,0,0,0,0,0,0,0,0,0,0,0,0,0,0,0,0,0,0,0
891faea037bffff,50.1728,8.70217,frankfurt,True,133,9.64455,33,False,0.212598,False,74,0.958904,0,0,0,0,0,0,0,0,0,0,0,0,0,0,0,0,0,0,0,0,0,0,0,0,0,0,0,0,0
891faea0383ffff,50.1878,8.70012,frankfurt,True,430,9.23012,81,False,0.37037,False,174,0.766467,0,0,0,0,0,0,0,1,0,0,0,0,0,0,0,0,0,0,0,0,0,0,0,0,0,0,3,0,0
891faea0387ffff,50.1883,8.70488,frankfurt,True,66,8.82182,11,False,0.242857,False,25,0.8,0,0,0,0,0,0,0,0,0,0,0,0,0,0,0,0,0,0,0,0,0,0,0,0,0,0,0,0,0
891faea038bffff,50.185,8.69808,frankfurt,True,445,9.3539,100,False,0.374459,False,204,0.831633,0,0,0,0,0,0,0,0,0,0,0,0,0,0,0,0,0,0,0,0,0,0,0,0,0,0,2,0,0
891faea038fffff,50.1855,8.70284,frankfurt,True,186,8.55135,52,False,0.348837,False,97,0.909091,0,0,0,0,0,0,0,0,0,0,0,0,0,0,0,0,0,0,0,0,0,0,0,0,0,0,0,0,0
891faea0393ffff,50.19,8.6974,frankfurt,True,109,10.8967,12,False,0.394495,False,39,0.75,0,0,0,0,0,0,0,0,0,0,1,0,0,0,0,0,0,0,0,0,0,0,0,0,0,0,1,0,0
891faea0397ffff,50.1905,8.70216,frankfurt,True,11,10.58,3,False,0.25,False,5,1,0,0,0,0,0,0,0,0,0,0,0,0,0,0,0,0,0,0,0,0,0,0,0,0,0,0,3,0,0
891faea039bffff,50.1873,8.69536,frankfurt,True,435,9.60484,31,False,0.268868,False,161,0.678363,0,0,0,0,0,0,0,0,0,0,0,0,0,0,0,0,0,0,0,0,0,0,0,0,0,0,0,0,0
891faea03a3ffff,50.1865,8.71236,frankfurt,False,0,,0,False,0.459599,False,0,0.873724,0,0,0,0,0,0,0,0,0,0,0,0,0,0,0,0,0,0,0,0,0,0,0,0,0,0,0,0,0
891faea03a7ffff,50.187,8.71712,frankfurt,False,19,8.72,4,False,0.176471,False,13,0.823529,0,0,0,0,0,0,0,0,0,0,0,0,0,0,0,0,0,0,0,0,0,0,0,0,0,0,0,0,0
891faea03abffff,50.1838,8.71032,frankfurt,False,12,8.84,0,True,0.4,False,0,0.873724,0,0,0,0,0,0,0,0,0,0,0,0,0,0,0,0,0,0,0,0,0,0,0,0,0,0,0,0,0
891faea03afffff,50.1843,8.71508,frankfurt,False,0,,0,False,0.459599,False,0,0.873724,0,0,0,0,0,0,0,0,0,0,0,0,0,0,0,0,0,0,0,0,0,0,0,0,0,0,0,0,0
891faea03b3ffff,50.1888,8.70964,frankfurt,True,6,9.153,0,True,0.459599,True,0,0.873724,0,0,0,0,0,0,0,0,0,0,0,0,1,0,0,0,0,0,0,0,0,0,0,0,0,0,0,0,0
891faea03b7ffff,50.1893,8.7144,frankfurt,False,0,,0,False,0.459599,False,0,0.873724,0,0,0,0,0,0,0,0,0,0,0,0,0,0,0,0,0,0,0,0,0,0,0,0,0,0,0,0,0
891faea03bbffff,50.186,8.7076,frankfurt,True,0,,0,False,0.459599,False,0,0.873724,0,0,0,0,0,0,0,0,0,0,0,0,0,0,0,0,0,0,0,0,0,0,0,0,0,0,0,0,0
891faea03c3ffff,50.1818,8.69129,frankfurt,True,546,9.29709,175,False,0.404255,False,274,0.890511,0,0,0,0,0,0,0,0,0,0,0,0,0,2,0,0,0,0,0,0,0,0,0,0,0,0,2,0,0
891faea03c7ffff,50.1823,8.69605,frankfurt,True,422,9.16358,109,False,0.365796,False,187,0.874346,0,0,0,0,0,0,0,0,0,0,0,0,0,1,0,0,0,0,0,0,0,0,0,1,0,0,1,0,0
891faea03cbffff,50.1791,8.68925,frankfurt,True,121,9.98,13,False,0.346457,False,44,0.785714,0,0,0,0,0,0,0,0,0,0,0,0,0,0,0,0,0,0,0,0,0,0,0,0,0,0,0,0,0
891faea03cfffff,50.1795,8.69401,frankfurt,True,481,10.6148,103,False,0.444681,False,202,0.748718,0,0,0,0,0,0,0,0,0,0,0,0,0,0,0,0,0,0,0,0,0,0,0,0,0,0,0,0,1
891faea03d3ffff,50.1841,8.68856,frankfurt,True,630,9.65013,156,False,0.359813,False,295,0.850174,0,0,0,0,0,0,0,0,0,0,1,0,0,0,0,0,0,0,0,0,0,0,0,0,0,0,1,0,0
891faea03d7ffff,50.1846,8.69332,frankfurt,True,346,9.06082,85,False,0.38674,False,162,0.784314,0,0,0,0,0,0,0,0,0,1,0,0,0,1,0,0,0,0,0,0,0,0,0,0,0,0,0,0,0
891faea03dbffff,50.1813,8.68653,frankfurt,True,410,9.06226,31,False,0.39599,False,125,0.625,0,0,0,0,0,0,0,0,0,0,0,0,0,0,0,0,0,0,0,0,0,0,0,0,0,0,0,0,0
891faea0403ffff,50.2121,8.66541,frankfurt,True,3,,0,False,0.459599,True,0,0.873724,0,0,0,0,0,0,0,0,0,0,0,0,0,0,0,0,0,0,0,0,0,0,0,0,0,0,0,0,0
891faea0407ffff,50.2126,8.67017,frankfurt,True,0,,0,False,0.459599,False,0,0.873724,0,0,0,0,0,0,0,0,0,0,0,0,0,0,0,0,0,0,0,0,0,0,0,0,0,0,0,0,0
891faea040bffff,50.2094,8.66337,frankfurt,True,0,,0,False,0.459599,False,0,0.873724,0,0,0,0,0,0,0,0,0,0,0,0,0,0,0,0,0,0,0,0,0,0,0,0,0,0,0,0,0
891faea040fffff,50.2099,8.66813,frankfurt,True,0,,0,False,0.459599,False,0,0.873724,0,0,0,0,0,0,0,0,0,0,0,0,0,0,0,0,0,0,0,0,0,0,0,0,0,0,0,0,0
891faea0413ffff,50.2144,8.66269,frankfurt,False,0,,0,False,0.459599,False,0,0.873724,0,0,0,0,0,0,0,0,0,0,0,0,0,0,0,0,0,0,0,0,0,0,0,0,0,0,0,0,0
891faea0417ffff,50.2149,8.66745,frankfurt,True,0,,0,False,0.459599,False,0,0.873724,0,0,0,0,0,0,0,0,0,0,0,0,0,0,0,0,0,0,0,0,0,0,0,0,0,0,0,0,0
891faea041bffff,50.2116,8.66065,frankfurt,False,0,,0,False,0.459599,False,0,0.873724,0,0,0,0,0,0,0,0,0,0,0,0,0,0,0,0,0,0,0,0,0,0,0,0,0,0,0,0,0
891faea0423ffff,50.2109,8.67765,frankfurt,True,0,,0,False,0.459599,False,0,0.873724,0,0,0,0,0,0,0,0,0,0,0,0,0,0,0,0,0,0,0,0,0,0,0,0,0,0,0,0,0
891faea0427ffff,50.2113,8.68241,frankfurt,True,0,,0,False,0.459599,False,0,0.873724,0,0,0,0,0,0,0,0,0,0,0,0,0,0,0,0,0,0,0,0,0,0,0,0,0,0,0,0,0
891faea042bffff,50.2081,8.67562,frankfurt,True,0,,0,False,0.459599,False,0,0.873724,0,0,0,0,0,0,0,0,0,0,0,0,0,0,0,0,0,0,0,0,0,0,0,0,0,0,0,0,0
891faea042fffff,50.2086,8.68038,frankfurt,True,0,,0,False,0.459599,False,0,0.873724,0,0,0,0,0,0,0,0,0,0,0,0,0,0,0,0,0,0,0,0,0,0,0,0,0,0,0,0,0
891faea0433ffff,50.2131,8.67493,frankfurt,True,0,,0,False,0.459599,False,0,0.873724,0,0,0,0,0,0,0,0,0,0,0,0,0,0,0,0,0,0,0,0,0,0,0,0,0,0,0,0,0
891faea0437ffff,50.2136,8.67969,frankfurt,True,0,,0,False,0.459599,False,0,0.873724,0,0,0,0,0,0,0,0,0,0,0,0,0,0,0,0,0,0,0,0,0,0,0,0,0,0,0,0,0
891faea043bffff,50.2104,8.67289,frankfurt,True,0,,0,False,0.459599,False,0,0.873724,0,0,0,0,0,0,0,0,0,0,0,0,0,0,0,0,0,0,0,0,0,0,0,0,0,0,0,0,0
891faea0443ffff,50.2061,8.65658,frankfurt,True,4,10.5844,0,True,0.459599,True,0,0.873724,0,0,0,0,0,0,0,0,0,0,0,0,0,0,0,0,0,0,0,0,0,0,0,0,0,0,0,0,0
891faea0447ffff,50.2066,8.66134,frankfurt,True,8,9.99124,0,True,0.459599,True,0,0.873724,0,0,0,0,0,0,0,0,0,0,0,0,0,0,0,0,0,0,0,0,0,0,0,0,0,0,0,0,0
891faea044bffff,50.2034,8.65454,frankfurt,True,0,,0,False,0.459599,False,0,0.873724,0,0,0,0,0,0,0,0,0,0,0,0,0,0,0,0,0,0,0,0,0,0,0,0,0,0,0,0,0
891faea044fffff,50.2039,8.6593,frankfurt,True,0,,0,False,0.459599,False,0,0.873724,0,0,0,0,0,0,0,0,0,0,0,0,0,0,0,0,0,0,0,0,0,0,0,0,0,0,0,0,0
891faea0453ffff,50.2084,8.65385,frankfurt,True,0,,0,False,0.459599,False,0,0.873724,0,0,0,0,0,0,0,0,0,0,0,0,0,0,0,0,0,0,0,0,0,0,0,0,0,0,0,0,0
891faea0457ffff,50.2089,8.65861,frankfurt,True,13,10.317,0,True,0.352941,False,7,1,0,0,0,0,0,0,0,0,0,0,0,0,0,0,0,0,0,0,0,0,0,0,0,0,0,0,0,0,0
891faea045bffff,50.2057,8.65182,frankfurt,True,0,,0,False,0.459599,False,0,0.873724,0,0,0,0,0,0,0,0,0,0,0,0,0,0,0,0,0,0,0,0,0,0,0,0,0,0,0,0,0
891faea0463ffff,50.2049,8.66882,frankfurt,True,223,8.99659,44,False,0.315315,False,106,0.881818,0,0,0,0,0,0,0,0,0,0,0,0,0,0,0,0,0,0,0,0,0,0,0,0,0,0,0,0,0
891faea0467ffff,50.2054,8.67358,frankfurt,True,129,9.4431,29,False,0.34127,False,64,0.87037,0,0,0,0,0,0,0,0,0,0,0,0,0,0,0,0,0,0,0,0,0,0,0,0,0,0,0,0,0
891faea046bffff,50.2021,8.66678,frankfurt,True,514,10.0266,97,False,0.33996,False,233,0.837004,0,0,0,0,0,0,0,0,0,0,0,0,0,0,0,0,0,0,0,0,0,0,0,0,0,0,1,0,0
891faea046fffff,50.2026,8.67154,frankfurt,True,432,9.60256,78,False,0.307329,False,208,0.818182,0,0,0,0,0,0,0,0,0,0,0,0,0,0,0,1,0,0,0,0,0,0,0,0,0,0,1,0,0
891faea0473ffff,50.2071,8.6661,frankfurt,True,3,9.845,0,True,0.459599,True,0,0.873724,0,0,0,0,0,0,0,0,0,0,0,0,0,0,0,0,0,0,0,0,0,0,0,0,0,0,0,0,0
891faea0477ffff,50.2076,8.67086,frankfurt,True,0,,0,False,0.459599,False,0,0.873724,0,0,0,0,0,0,0,0,0,0,0,0,0,0,0,0,0,0,0,0,0,0,0,0,0,0,0,0,0
891faea047bffff,50.2044,8.66406,frankfurt,True,269,9.79053,38,False,0.323194,False,114,0.779528,0,0,0,0,0,0,0,0,0,0,0,0,0,0,0,0,0,0,0,0,0,0,0,0,0,0,0,0,0
891faea0483ffff,50.2194,8.662,frankfurt,False,0,,0,False,0.459599,False,0,0.873724,0,0,0,0,0,0,0,0,0,0,0,0,0,0,0,0,0,0,0,0,0,0,0,0,0,0,0,0,0
891faea0487ffff,50.2199,8.66676,frankfurt,False,0,,0,False,0.459599,False,0,0.873724,0,0,0,0,0,0,0,0,0,0,0,0,0,0,0,0,0,0,0,0,0,0,0,0,0,0,0,0,0
891faea048bffff,50.2166,8.65996,frankfurt,False,6,9.80134,0,True,0,False,6,1,0,0,0,0,0,0,0,0,0,0,0,0,0,0,0,0,0,0,0,0,0,0,0,0,0,0,0,0,0
891faea048fffff,50.2171,8.66472,frankfurt,False,0,,0,False,0.459599,False,0,0.873724,0,0,0,0,0,0,0,0,0,0,0,0,0,0,0,0,0,0,0,0,0,0,0,0,0,0,0,0,0
891faea0493ffff,50.2216,8.65927,frankfurt,False,0,,0,False,0.459599,False,0,0.873724,0,0,0,0,0,0,0,0,0,0,0,0,0,0,0,0,0,0,0,0,0,0,0,0,0,0,0,0,0
891faea0497ffff,50.2221,8.66404,frankfurt,False,0,,0,False,0.459599,False,0,0.873724,0,0,0,0,0,0,0,0,0,0,0,0,0,0,0,0,0,0,0,0,0,0,0,0,0,0,0,0,0
891faea049bffff,50.2189,8.65724,frankfurt,False,108,10.085,36,False,0.365385,False,54,0.924528,0,0,0,0,0,0,0,0,0,0,0,0,0,0,0,0,0,0,0,0,0,0,0,0,0,0,1,0,0
891faea04a3ffff,50.2181,8.67424,frankfurt,False,0,,0,False,0.459599,False,0,0.873724,0,0,0,0,0,0,0,0,0,0,0,0,0,0,0,0,0,0,0,0,0,0,0,0,0,0,0,0,0
891faea04a7ffff,50.2186,8.679,frankfurt,False,0,,0,False,0.459599,False,0,0.873724,0,0,0,0,0,0,0,0,0,0,0,0,0,0,0,0,0,0,0,0,0,0,0,0,0,0,0,0,0
891faea04abffff,50.2154,8.67221,frankfurt,True,0,,0,False,0.459599,False,0,0.873724,0,0,0,0,0,0,0,0,0,0,0,0,0,0,0,0,0,0,0,0,0,0,0,0,0,0,0,0,0
891faea04afffff,50.2159,8.67697,frankfurt,False,0,,0,False,0.459599,False,0,0.873724,0,0,0,0,0,0,0,0,0,0,0,0,0,0,0,0,0,0,0,0,0,0,0,0,0,0,0,0,0
891faea04b3ffff,50.2204,8.67152,frankfurt,False,0,,0,False,0.459599,False,0,0.873724,0,0,0,0,0,0,0,0,0,0,0,0,0,0,0,0,0,0,0,0,0,0,0,0,0,0,0,0,0
891faea04b7ffff,50.2209,8.67628,frankfurt,False,103,9.61,29,False,0.346154,False,49,0.857143,0,0,0,0,0,0,0,0,0,0,0,0,0,0,0,0,0,0,0,0,0,0,0,0,0,0,0,0,1
891faea04bbffff,50.2176,8.66948,frankfurt,False,0,,0,False,0.459599,False,0,0.873724,0,0,0,0,0,0,0,0,0,0,0,0,0,0,0,0,0,0,0,0,0,0,0,0,0,0,0,0,0
891faea04c3ffff,50.2134,8.65317,frankfurt,False,136,11.0314,28,False,0.580882,False,47,0.816327,0,0,0,0,0,0,0,0,0,0,0,0,0,0,0,0,0,0,0,0,0,0,0,0,0,0,3,0,2
891faea04c7ffff,50.2139,8.65793,frankfurt,False,15,9.81163,0,True,0.157895,False,7,1,0,0,0,0,0,0,0,0,0,0,0,0,0,0,0,0,0,0,0,0,0,0,0,0,0,0,0,0,0
891faea04cbffff,50.2107,8.65113,frankfurt,False,0,,0,False,0.459599,False,0,0.873724,0,0,0,0,0,0,0,0,0,0,0,0,0,0,0,0,0,0,0,0,0,0,0,0,0,0,0,0,0
891faea04cfffff,50.2112,8.65589,frankfurt,False,19,9.75062,0,True,0.294118,False,7,1,0,0,0,0,0,0,0,0,0,0,0,0,0,1,0,0,0,0,0,0,0,0,0,0,0,0,0,0,0
891faea04d3ffff,50.2157,8.65044,frankfurt,False,569,9.33554,139,False,0.370766,False,277,0.853571,0,0,0,0,0,0,0,0,0,0,0,0,1,1,0,0,0,0,0,0,0,0,0,0,1,0,4,0,0
891faea04d7ffff,50.2162,8.6552,frankfurt,False,311,9.97422,102,False,0.402778,False,162,0.841463,0,0,0,0,0,0,0,0,0,0,0,0,0,1,0,0,0,0,0,0,0,1,0,0,0,0,0,0,0
891faea04dbffff,50.2129,8.64841,frankfurt,False,487,9.74081,99,False,0.384766,False,224,0.785714,0,0,0,0,0,0,0,1,0,0,0,0,0,0,1,0,0,0,0,0,0,0,0,0,0,0,1,1,1
891faea0503ffff,50.2156,8.69873,frankfurt,True,0,,0,False,0.459599,False,0,0.873724,0,0,0,0,0,0,0,0,0,0,0,0,0,0,0,0,0,0,0,0,0,0,0,0,0,0,0,0,0
891faea0507ffff,50.216,8.7035,frankfurt,True,0,,0,False,0.459599,False,0,0.873724,0,0,0,0,0,0,0,0,0,0,0,0,0,0,0,0,0,0,0,0,0,0,0,0,0,0,0,0,0
891faea050bffff,50.2128,8.6967,frankfurt,True,0,,0,False,0.459599,False,0,0.873724,0,0,0,0,0,0,0,0,0,0,0,0,0,0,0,0,0,0,0,0,0,0,0,0,0,0,0,0,0
891faea050fffff,50.2133,8.70146,frankfurt,True,0,,0,False,0.459599,False,0,0.873724,0,0,0,0,0,0,0,0,0,0,0,0,0,0,0,0,0,0,0,0,0,0,0,0,0,0,0,0,0
891faea0513ffff,50.2178,8.69601,frankfurt,False,0,,0,False,0.459599,False,0,0.873724,0,0,0,0,0,0,0,0,0,0,0,0,0,0,0,0,0,0,0,0,0,0,0,0,0,0,0,0,0
891faea0517ffff,50.2183,8.70077,frankfurt,False,0,,0,False,0.459599,False,0,0.873724,0,0,0,0,0,0,0,0,0,0,0,0,0,0,0,0,0,0,0,0,0,0,0,0,0,0,0,0,0
891faea051bffff,50.2151,8.69397,frankfurt,True,0,,0,False,0.459599,False,0,0.873724,0,0,0,0,0,0,0,0,0,0,0,0,0,0,0,0,0,0,0,0,0,0,0,0,0,0,0,0,0
891faea0523ffff,50.2143,8.71098,frankfurt,True,0,,0,False,0.459599,False,0,0.873724,0,0,0,0,0,0,0,0,0,0,0,0,0,0,0,0,0,0,0,0,0,0,0,0,0,0,0,0,0
891faea0527ffff,50.2148,8.71574,frankfurt,True,0,,0,False,0.459599,False,0,0.873724,0,0,0,0,0,0,0,0,0,0,0,0,0,0,0,0,0,0,0,0,0,0,0,0,0,0,0,0,0
891faea052bffff,50.2115,8.70894,frankfurt,True,0,,0,False,0.459599,False,0,0.873724,0,0,0,0,0,0,0,0,0,0,0,0,0,0,0,0,0,0,0,0,0,0,0,0,0,0,0,0,0
891faea052fffff,50.212,8.7137,frankfurt,True,0,,0,False,0.459599,False,0,0.873724,0,0,0,0,0,0,0,0,0,0,0,0,0,0,0,0,0,0,0,0,0,0,0,0,0,0,0,0,0
891faea0533ffff,50.2165,8.70826,frankfurt,True,0,,0,False,0.459599,False,0,0.873724,0,0,0,0,0,0,0,0,0,0,0,0,0,0,0,0,0,0,0,0,0,0,0,0,0,0,0,0,0
891faea0537ffff,50.217,8.71302,frankfurt,True,0,,0,False,0.459599,False,0,0.873724,0,0,0,0,0,0,0,0,0,0,0,0,0,0,0,0,0,0,0,0,0,0,0,0,0,0,0,0,0
891faea053bffff,50.2138,8.70622,frankfurt,True,9,13.38,9,False,0,False,9,1,0,0,0,0,0,0,0,0,0,0,0,0,0,0,0,0,0,0,0,0,0,0,0,0,0,0,0,0,0
891faea0543ffff,50.2096,8.6899,frankfurt,True,0,,0,False,0.459599,False,0,0.873724,0,0,0,0,0,0,0,0,0,0,0,0,0,0,0,0,0,0,0,0,0,0,0,0,0,0,0,0,0
891faea0547ffff,50.2101,8.69466,frankfurt,True,0,,0,False,0.459599,False,0,0.873724,0,0,0,0,0,0,0,0,0,0,0,0,0,0,0,0,0,0,0,0,0,0,0,0,0,0,0,0,0
891faea054bffff,50.2068,8.68786,frankfurt,True,0,,0,False,0.459599,False,0,0.873724,0,0,0,0,0,0,0,0,0,0,0,0,0,0,0,0,0,0,0,0,0,0,0,0,0,0,0,0,0
891faea054fffff,50.2073,8.69262,frankfurt,True,0,,0,False,0.459599,False,0,0.873724,0,0,0,0,0,0,0,0,0,0,0,0,0,0,0,0,0,0,0,0,0,0,0,0,0,0,0,0,0
891faea0553ffff,50.2118,8.68717,frankfurt,True,0,,0,False,0.459599,False,0,0.873724,0,0,0,0,0,0,0,0,0,0,0,0,0,0,0,0,0,0,0,0,0,0,0,0,0,0,0,0,0
891faea0557ffff,50.2123,8.69194,frankfurt,True,0,,0,False,0.459599,False,0,0.873724,0,0,0,0,0,0,0,0,0,0,0,0,0,0,0,0,0,0,0,0,0,0,0,0,0,0,0,0,0
891faea055bffff,50.2091,8.68514,frankfurt,True,0,,0,False,0.459599,False,0,0.873724,0,0,0,0,0,0,0,0,0,0,0,0,0,0,0,0,0,0,0,0,0,0,0,0,0,0,0,0,0
891faea0563ffff,50.2083,8.70214,frankfurt,True,64,12.36,27,False,0.41791,False,40,0.828571,0,0,0,0,0,0,0,0,0,0,0,0,0,0,0,0,0,0,0,0,0,0,0,0,0,0,3,0,0
891faea0567ffff,50.2088,8.7069,frankfurt,True,51,9.78956,0,True,0.280702,False,3,0.873724,0,0,0,0,0,0,0,0,0,0,0,0,0,0,0,0,0,0,0,0,0,0,0,0,0,0,0,0,0
891faea056bffff,50.2056,8.7001,frankfurt,True,318,11.0675,16,False,0.456522,False,100,0.660194,0,0,0,0,0,0,0,0,0,0,0,0,0,0,0,0,0,0,0,0,0,0,0,0,0,0,0,0,0
891faea056fffff,50.206,8.70487,frankfurt,True,399,10.4186,74,False,0.334197,False,155,0.903704,0,0,0,0,0,0,0,0,0,0,0,0,0,0,0,0,0,0,0,0,0,0,0,0,0,0,3,0,0
891faea0573ffff,50.2106,8.69942,frankfurt,True,4,11.1286,0,True,0.459599,True,0,0.873724,0,0,0,0,0,0,0,1,0,0,0,0,0,0,0,0,0,0,0,0,0,0,0,0,0,0,0,0,0
891faea0577ffff,50.211,8.70418,frankfurt,True,0,,0,False,0.459599,False,0,0.873724,0,0,0,0,0,0,0,0,0,0,0,0,0,0,0,0,0,0,0,0,0,0,0,0,0,0,0,0,0
891faea057bffff,50.2078,8.69738,frankfurt,True,4,10.5974,0,True,0.459599,True,0,0.873724,0,0,0,0,0,0,0,0,0,0,0,0,0,0,0,0,0,0,0,0,0,0,0,0,0,0,0,0,0
891faea0583ffff,50.2228,8.69533,frankfurt,False,3,9.58559,0,True,0.459599,True,0,0.873724,0,0,0,0,0,0,0,0,0,0,0,0,0,0,0,0,0,0,0,0,0,0,0,0,0,0,0,0,0
891faea0587ffff,50.2233,8.70009,frankfurt,False,0,,0,False,0.459599,False,0,0.873724,0,0,0,0,0,0,0,0,0,0,0,0,0,0,0,0,0,0,0,0,0,0,0,0,0,0,0,0,0
891faea058bffff,50.2201,8.69329,frankfurt,False,0,,0,False,0.459599,False,0,0.873724,0,0,0,0,0,0,0,0,0,0,0,0,0,0,0,0,0,0,0,0,0,0,0,0,0,0,0,0,0
891faea058fffff,50.2206,8.69805,frankfurt,False,0,,0,False,0.459599,False,0,0.873724,0,0,0,0,0,0,0,0,0,0,0,0,0,0,0,0,0,0,0,0,0,0,0,0,0,0,0,0,0
891faea0593ffff,50.2251,8.6926,frankfurt,False,0,,0,False,0.459599,False,0,0.873724,0,0,0,0,0,0,0,0,0,0,0,0,0,0,0,0,0,0,0,0,0,0,0,0,0,0,0,0,0
891faea0597ffff,50.2256,8.69736,frankfurt,False,0,,0,False,0.459599,False,0,0.873724,0,0,0,0,0,0,0,0,0,0,0,0,0,0,0,0,0,0,0,0,0,0,0,0,0,0,0,0,0
891faea059bffff,50.2223,8.69056,frankfurt,False,6,5.42,4,False,0.6,False,4,1,0,0,0,0,0,0,0,0,0,0,0,0,0,0,0,0,0,0,0,0,0,0,0,0,0,0,0,0,0
891faea05a3ffff,50.2215,8.70757,frankfurt,False,0,,0,False,0.459599,False,0,0.873724,0,0,0,0,0,0,0,0,0,0,0,0,0,0,0,0,0,0,0,0,0,0,0,0,0,0,0,0,0
891faea05a7ffff,50.222,8.71234,frankfurt,True,0,,0,False,0.459599,False,0,0.873724,0,0,0,0,0,0,0,0,0,0,0,0,0,0,0,0,0,0,0,0,0,0,0,0,0,0,0,0,0
891faea05abffff,50.2188,8.70553,frankfurt,True,0,,0,False,0.459599,False,0,0.873724,0,0,0,0,0,0,0,0,0,0,0,0,0,0,0,0,0,0,0,0,0,0,0,0,0,0,0,0,0
891faea05afffff,50.2193,8.7103,frankfurt,True,0,,0,False,0.459599,False,0,0.873724,0,0,0,0,0,0,0,0,0,0,0,0,0,0,0,0,0,0,0,0,0,0,0,0,0,0,0,0,0
891faea05b3ffff,50.2238,8.70485,frankfurt,False,0,,0,False,0.459599,False,0,0.873724,0,0,0,0,0,0,0,0,0,0,0,0,0,0,0,0,0,0,0,0,0,0,0,0,0,0,0,0,0
891faea05b7ffff,50.2243,8.70961,frankfurt,False,0,,0,False,0.459599,False,0,0.873724,0,0,0,0,0,0,0,0,0,0,0,0,0,0,0,0,0,0,0,0,0,0,0,0,0,0,0,0,0
891faea05bbffff,50.2211,8.70281,frankfurt,False,0,,0,False,0.459599,False,0,0.873724,0,0,0,0,0,0,0,0,0,0,0,0,0,0,0,0,0,0,0,0,0,0,0,0,0,0,0,0,0
891faea05c3ffff,50.2168,8.68649,frankfurt,False,0,,0,False,0.459599,False,0,0.873724,0,0,0,0,0,0,0,0,0,0,0,0,0,0,0,0,0,0,0,0,0,0,0,0,0,0,0,0,0
891faea05c7ffff,50.2173,8.69125,frankfurt,False,0,,0,False,0.459599,False,0,0.873724,0,0,0,0,0,0,0,0,0,0,0,0,0,0,0,0,0,0,0,0,0,0,0,0,0,0,0,0,0
891faea05cbffff,50.2141,8.68445,frankfurt,True,0,,0,False,0.459599,False,0,0.873724,0,0,0,0,0,0,0,0,0,0,0,0,0,0,0,0,0,0,0,0,0,0,0,0,0,0,0,0,0
891faea05cfffff,50.2146,8.68921,frankfurt,True,0,,0,False,0.459599,False,0,0.873724,0,0,0,0,0,0,0,0,0,0,0,0,0,0,0,0,0,0,0,0,0,0,0,0,0,0,0,0,0
891faea05d3ffff,50.2191,8.68377,frankfurt,False,78,10.16,4,False,0.435294,False,20,0.176471,0,0,0,0,0,0,0,0,0,0,0,0,0,0,0,0,0,0,0,0,0,0,0,0,0,0,0,0,0
891faea05d7ffff,50.2196,8.68853,frankfurt,False,39,11.4677,0,True,0.484848,False,9,0.3,0,0,0,0,0,0,0,0,0,0,0,0,0,0,0,0,0,0,0,0,0,0,0,0,0,0,0,0,0
891faea05dbffff,50.2163,8.68173,frankfurt,False,0,,0,False,0.459599,False,0,0.873724,0,0,0,0,0,0,0,0,0,0,0,0,0,0,0,0,0,0,0,0,0,0,0,0,0,0,0,0,0
891faea0603ffff,50.1929,8.65116,frankfurt,True,3,9.45085,0,True,0.459599,True,0,0.873724,0,0,0,0,0,0,0,0,0,0,0,0,0,0,0,0,0,0,0,0,0,0,0,0,0,0,0,0,0
891faea0607ffff,50.1934,8.65592,frankfurt,True,0,,0,False,0.459599,False,3,1,0,0,0,0,0,0,0,2,0,0,0,0,0,1,0,0,0,0,0,0,0,0,0,1,0,0,1,1,1
891faea060bffff,50.1902,8.64912,frankfurt,True,29,9.04,4,False,0.444444,False,5,0.873724,0,0,0,0,0,0,0,0,0,0,0,0,0,0,0,0,0,0,0,1,0,0,0,0,0,0,2,0,0
891faea060fffff,50.1906,8.65388,frankfurt,True,0,,0,False,0.459599,False,0,0.873724,0,0,0,0,0,0,0,0,0,0,0,0,0,0,0,0,0,0,0,0,0,0,0,0,0,0,2,0,0
891faea0613ffff,50.1952,8.64844,frankfurt,True,0,,0,False,0.459599,False,0,0.873724,0,0,0,0,0,0,0,0,0,0,0,0,0,0,0,0,0,0,0,0,0,0,0,0,0,0,1,0,0
891faea0617ffff,50.1957,8.65319,frankfurt,True,0,,0,False,0.459599,False,0,0.873724,0,0,0,0,0,0,0,0,0,0,0,0,0,0,0,0,0,0,0,0,0,0,0,0,0,0,0,0,0
891faea061bffff,50.1924,8.6464,frankfurt,True,0,,0,False,0.459599,False,0,0.873724,0,0,0,0,0,0,0,0,0,0,0,0,0,0,0,0,0,0,0,0,0,0,0,0,0,0,2,0,0
891faea0623ffff,50.1916,8.6634,frankfurt,True,439,8.21243,222,False,0.609113,False,230,0.88,0,0,0,0,0,0,0,1,0,0,0,0,0,0,0,0,0,0,0,0,0,0,0,0,0,0,4,0,0
891faea0627ffff,50.1921,8.66816,frankfurt,True,220,9.4502,50,False,0.422727,False,109,0.818182,0,0,0,0,0,0,0,0,0,0,0,0,0,0,0,0,0,0,0,0,0,0,0,0,0,0,0,0,0
891faea062bffff,50.1889,8.66136,frankfurt,True,1984,9.3797,840,False,0.3512,False,925,0.802116,0,0,0,0,0,0,0,0,0,0,0,0,0,0,0,0,0,0,0,0,0,0,0,0,0,0,0,0,1
891faea062fffff,50.1894,8.66612,frankfurt,True,1174,8.29602,412,False,0.380706,False,544,0.805147,1,0,0,0,0,0,0,1,0,0,1,0,0,1,0,0,0,0,0,0,0,0,0,0,0,0,3,0,0
891faea0633ffff,50.1939,8.66068,frankfurt,True,7,9.06487,0,True,0.459599,True,0,0.873724,0,0,0,0,0,0,0,0,0,0,0,0,0,0,0,0,0,0,0,0,0,0,0,0,0,0,3,0,1
891faea0637ffff,50.1944,8.66543,frankfurt,True,50,9.382,15,False,0.266667,False,22,0.888889,0,0,0,0,0,0,0,0,0,0,0,0,0,0,0,0,0,0,0,0,0,0,0,0,0,0,0,0,0
891faea063bffff,50.1911,8.65864,frankfurt,True,492,9.25118,237,False,0.558233,False,246,0.839357,0,0,0,0,0,0,0,0,0,0,0,0,0,1,0,1,0,0,0,1,0,0,0,0,0,0,4,0,0
891faea0643ffff,50.1869,8.64233,frankfurt,True,253,9.42411,90,False,0.419355,False,139,0.893939,0,0,0,0,0,0,0,0,0,0,0,0,0,0,0,0,0,0,0,0,0,0,0,0,0,0,1,0,0
891faea0647ffff,50.1874,8.64709,frankfurt,True,642,8.08995,212,False,0.385937,False,281,0.783972,0,0,0,0,0,0,0,0,0,0,0,0,0,0,0,0,0,0,0,0,0,0,0,0,0,0,0,0,0
891faea064bffff,50.1842,8.6403,frankfurt,True,0,,0,False,0.459599,False,0,0.873724,0,0,0,0,0,0,0,0,0,0,0,0,0,0,0,0,0,0,0,0,0,0,0,0,0,0,0,0,0
891faea064fffff,50.1847,8.64505,frankfurt,True,83,9.96231,26,False,0.427083,False,38,0.869565,0,0,0,0,0,0,0,0,0,0,0,0,0,0,0,0,0,0,0,0,0,0,0,0,0,0,1,0,0
891faea0653ffff,50.1892,8.63961,frankfurt,True,709,10.1058,218,False,0.422254,False,347,0.882353,0,0,0,0,0,0,0,0,0,0,1,0,0,1,1,0,0,1,1,0,0,0,0,0,0,0,2,0,1
891faea0657ffff,50.1897,8.64437,frankfurt,True,475,11.4352,120,False,0.444681,False,218,0.848889,0,0,0,0,0,0,0,0,0,0,0,0,0,0,0,0,0,0,0,0,0,0,0,0,0,0,0,0,0
891faea065bffff,50.1864,8.63757,frankfurt,True,433,9.98628,78,False,0.370288,False,170,0.744048,0,0,0,0,0,0,0,0,0,0,0,0,0,0,0,0,0,0,0,0,0,0,0,0,0,0,0,0,0
891faea0663ffff,50.1856,8.65457,frankfurt,True,30,8.69,4,False,0.458333,False,15,1,0,0,0,0,0,0,0,0,0,0,0,0,0,0,0,0,0,0,0,0,0,0,0,0,0,0,0,0,0
891faea0667ffff,50.1861,8.65933,frankfurt,True,968,5.55723,376,False,0.351042,False,375,0.736,0,0,0,0,0,0,0,0,0,0,0,0,0,0,0,0,0,0,0,0,0,0,0,0,0,0,3,0,0
891faea066bffff,50.1829,8.65253,frankfurt,True,16,8.48168,0,True,0.125,False,6,1,0,0,0,0,0,0,0,0,0,0,0,0,0,0,0,0,0,0,0,0,0,0,0,0,0,0,2,0,0
891faea066fffff,50.1834,8.65729,frankfurt,True,146,11.8476,70,False,0.460938,False,93,0.9,0,0,0,0,0,0,0,0,0,0,0,0,0,0,0,0,0,0,1,0,0,0,0,0,0,1,3,0,0
891faea0673ffff,50.1879,8.65185,frankfurt,True,61,8.79596,0,True,0.438596,False,36,0.921053,0,0,0,0,0,0,0,0,0,0,0,0,0,0,0,0,0,0,0,0,0,0,0,0,0,0,1,0,0
891faea0677ffff,50.1884,8.6566,frankfurt,True,0,,0,False,0.459599,False,0,0.873724,0,0,0,0,0,0,0,0,0,0,0,0,0,0,0,0,0,0,0,0,0,0,0,0,0,0,2,0,0
891faea067bffff,50.1852,8.64981,frankfurt,True,370,10.7888,76,False,0.347826,False,166,0.856209,0,0,0,0,0,0,0,0,0,0,0,0,0,0,0,0,0,0,0,0,0,0,0,0,0,0,1,0,0
891faea0683ffff,50.2002,8.64775,frankfurt,True,0,,0,False,0.459599,False,0,0.873724,0,0,0,0,0,0,0,0,0,0,0,0,0,0,0,0,0,0,0,0,0,0,0,0,0,0,0,0,0
891faea0687ffff,50.2007,8.65251,frankfurt,True,0,,0,False,0.459599,False,0,0.873724,0,0,0,0,0,0,0,0,0,0,0,0,0,0,0,0,0,0,0,0,0,0,0,0,0,0,0,0,0
891faea068bffff,50.1974,8.64571,frankfurt,True,0,,0,False,0.459599,False,0,0.873724,1,0,0,0,0,0,0,0,0,0,0,0,0,0,0,0,0,0,0,0,0,0,0,0,0,0,0,0,0
891faea068fffff,50.1979,8.65047,frankfurt,True,0,,0,False,0.459599,False,0,0.873724,0,0,0,0,0,0,0,0,0,0,0,0,0,0,0,0,0,0,0,0,0,0,0,0,0,0,0,0,0
891faea0693ffff,50.2024,8.64502,frankfurt,True,0,,0,False,0.459599,False,0,0.873724,0,0,0,0,0,0,0,0,0,0,0,0,0,0,0,0,0,0,0,0,0,0,0,0,0,0,0,0,0
891faea0697ffff,50.2029,8.64978,frankfurt,True,0,,0,False,0.459599,False,0,0.873724,0,0,0,0,0,0,0,0,0,0,0,0,0,0,0,0,0,0,0,0,0,0,0,0,0,0,0,0,0
891faea069bffff,50.1997,8.64299,frankfurt,True,0,,0,False,0.459599,False,0,0.873724,0,0,0,0,0,0,0,0,0,0,0,0,0,0,0,0,0,0,0,0,0,0,0,0,0,0,0,0,0
891faea06a3ffff,50.1989,8.65999,frankfurt,True,0,,0,False,0.459599,False,0,0.873724,0,0,0,0,0,0,0,0,0,0,0,0,0,0,0,0,0,0,0,0,0,0,0,0,0,0,0,0,0
891faea06a7ffff,50.1994,8.66475,frankfurt,True,870,10.0756,259,False,0.404133,False,452,0.847639,0,0,0,0,0,0,0,0,0,0,0,0,0,0,0,0,0,0,0,0,0,0,0,0,0,0,2,0,0
891faea06abffff,50.1961,8.65795,frankfurt,True,3,9.16713,0,True,0.5,False,0,0.873724,0,0,0,0,0,0,0,0,0,0,0,0,0,0,0,0,0,0,0,0,0,0,0,0,0,0,0,0,0
891faea06afffff,50.1966,8.66271,frankfurt,True,37,8.32,8,False,0.324324,False,12,0.571429,0,0,0,0,0,0,0,0,0,0,0,0,0,0,0,0,0,0,0,0,0,0,0,0,0,0,0,0,0
891faea06b3ffff,50.2011,8.65726,frankfurt,True,0,,0,False,0.459599,False,0,0.873724,0,0,0,0,0,0,0,0,0,0,0,0,0,0,0,0,0,0,0,0,0,0,0,0,0,0,0,0,0
891faea06b7ffff,50.2016,8.66202,frankfurt,True,133,11.59,30,False,0.428571,False,52,0.672414,0,0,0,0,0,0,0,0,0,0,0,0,0,0,0,0,0,0,0,0,0,0,0,0,0,0,0,0,0
891faea06bbffff,50.1984,8.65523,frankfurt,True,0,,0,False,0.459599,False,0,0.873724,0,0,0,0,0,0,0,0,0,0,0,0,0,0,0,0,0,0,0,0,0,0,0,0,0,0,0,0,0
891faea06c3ffff,50.1942,8.63892,frankfurt,True,3,10.4371,0,True,0.459599,True,0,0.873724,0,0,0,0,0,0,0,0,0,0,0,0,0,0,0,0,0,0,0,0,0,0,0,0,0,0,0,0,0
891faea06c7ffff,50.1947,8.64368,frankfurt,True,0,,0,False,0.459599,False,0,0.873724,0,0,0,0,0,0,0,0,0,0,0,0,0,0,0,0,0,0,0,0,0,0,0,0,0,0,2,0,0
891faea06cbffff,50.1914,8.63688,frankfurt,True,266,10.8624,63,False,0.396887,False,118,0.807339,0,0,0,0,0,0,0,1,0,0,0,0,0,0,0,0,0,0,0,0,0,0,0,0,0,0,0,0,1
891faea06cfffff,50.1919,8.64164,frankfurt,True,183,12.1359,37,False,0.425414,False,83,0.866667,0,0,0,0,0,0,0,0,0,0,0,0,0,0,0,0,0,0,0,0,0,0,0,0,0,0,0,0,0
891faea06d3ffff,50.1964,8.6362,frankfurt,True,0,,0,False,0.459599,False,0,0.873724,0,0,0,0,0,0,0,0,0,0,0,0,0,0,0,0,0,0,0,0,0,0,0,0,0,0,0,0,0
891faea06d7ffff,50.1969,8.64095,frankfurt,True,3,11.3336,0,True,1,False,0,0.873724,0,0,0,0,0,0,0,0,0,0,0,0,0,0,0,0,0,0,0,0,0,0,0,0,0,0,0,0,0
891faea06dbffff,50.1937,8.63416,frankfurt,True,0,,0,False,0.459599,False,0,0.873724,0,0,0,0,0,0,0,0,0,0,0,0,0,0,0,0,0,0,0,0,0,0,0,0,0,0,0,0,0
891faea0803ffff,50.1873,8.77017,frankfurt,False,0,,0,False,0.459599,False,0,0.873724,0,0,0,0,0,0,0,0,0,0,0,0,0,0,0,0,0,0,0,0,0,0,0,0,0,0,0,0,0
891faea0807ffff,50.1878,8.77494,frankfurt,False,0,,0,False,0.459599,False,0,0.873724,0,0,0,0,0,0,0,0,0,0,0,0,0,0,0,0,0,0,0,0,0,0,0,0,0,0,0,0,0
891faea080bffff,50.1846,8.76813,frankfurt,False,0,,0,False,0.459599,False,0,0.873724,0,0,0,0,0,0,0,0,0,0,0,0,0,0,0,0,0,0,0,0,0,0,0,0,0,0,0,0,0
891faea080fffff,50.1851,8.77289,frankfurt,False,0,,0,False,0.459599,False,0,0.873724,0,0,0,0,0,0,0,0,0,0,0,0,0,0,0,0,0,0,0,0,0,0,0,0,0,0,0,0,0
891faea0813ffff,50.1896,8.76745,frankfurt,False,0,,0,False,0.459599,False,0,0.873724,0,0,0,0,0,0,0,0,0,0,0,0,0,0,0,0,0,0,0,0,0,0,0,0,0,0,0,0,0
891faea0817ffff,50.1901,8.77221,frankfurt,False,0,,0,False,0.459599,False,0,0.873724,0,0,0,0,0,0,0,0,0,0,0,0,0,0,0,0,0,0,0,0,0,0,0,0,0,0,0,0,0
891faea081bffff,50.1869,8.76541,frankfurt,False,0,,0,False,0.459599,False,0,0.873724,0,0,0,0,0,0,0,0,0,0,0,0,0,0,0,0,0,0,0,0,0,0,0,0,0,0,0,0,0
891faea0823ffff,50.1861,8.78242,frankfurt,False,0,,0,False,0.459599,False,0,0.873724,0,0,0,0,0,0,0,0,0,0,0,0,0,0,0,0,0,0,0,0,0,0,0,0,0,0,0,0,0
891faea0827ffff,50.1865,8.78718,frankfurt,False,0,,0,False,0.459599,False,0,0.873724,0,0,0,0,0,0,0,0,0,0,0,0,0,0,0,0,0,0,0,0,0,0,0,0,0,0,0,0,0
891faea082bffff,50.1833,8.78038,frankfurt,False,0,,0,False,0.459599,False,0,0.873724,0,0,0,0,0,0,0,0,0,0,0,0,0,0,0,0,0,0,0,0,0,0,0,0,0,0,0,0,0
891faea082fffff,50.1838,8.78514,frankfurt,False,0,,0,False,0.459599,False,0,0.873724,0,0,0,0,0,0,0,0,0,0,0,0,0,0,0,0,0,0,0,0,0,0,0,0,0,0,0,0,0
891faea0833ffff,50.1883,8.7797,frankfurt,False,0,,0,False,0.459599,False,0,0.873724,0,0,0,0,0,0,0,0,0,0,0,0,0,0,0,0,0,0,0,0,0,0,0,0,0,0,0,0,0
891faea0837ffff,50.1888,8.78446,frankfurt,False,0,,0,False,0.459599,False,0,0.873724,0,0,0,0,0,0,0,0,0,0,0,0,0,0,0,0,0,0,0,0,0,0,0,0,0,0,0,0,0
891faea083bffff,50.1856,8.77766,frankfurt,False,0,,0,False,0.459599,False,0,0.873724,0,0,0,0,0,0,0,0,0,0,0,0,0,0,0,0,0,0,0,0,0,0,0,0,0,0,0,0,0
891faea0843ffff,50.1814,8.76133,frankfurt,False,0,,0,False,0.459599,False,0,0.873724,0,0,0,0,0,0,0,0,0,0,0,0,0,0,0,0,0,0,0,0,0,0,0,0,0,0,0,0,0
891faea0847ffff,50.1819,8.76609,frankfurt,False,0,,0,False,0.459599,False,0,0.873724,0,0,0,0,0,0,0,0,0,0,0,0,0,0,0,0,0,0,0,0,0,0,0,0,0,0,0,0,0
891faea084bffff,50.1786,8.75929,frankfurt,False,0,,0,False,0.459599,False,0,0.873724,0,0,0,0,0,0,0,0,0,0,0,0,0,0,0,0,0,0,0,0,0,0,0,0,0,0,0,0,0
891faea084fffff,50.1791,8.76405,frankfurt,True,0,,0,False,0.459599,False,0,0.873724,0,0,0,0,0,0,0,0,0,0,0,0,0,0,0,0,0,0,0,0,0,0,0,0,0,0,0,0,0
891faea0853ffff,50.1836,8.75861,frankfurt,False,0,,0,False,0.459599,False,0,0.873724,0,0,0,0,0,0,0,0,0,0,0,0,0,0,0,0,0,0,0,0,0,0,0,0,0,0,0,0,0
891faea0857ffff,50.1841,8.76337,frankfurt,False,0,,0,False,0.459599,False,0,0.873724,0,0,0,0,0,0,0,0,0,0,0,0,0,0,0,0,0,0,0,0,0,0,0,0,0,0,0,0,0
891faea085bffff,50.1809,8.75657,frankfurt,False,0,,0,False,0.459599,False,0,0.873724,0,0,0,0,0,0,0,0,0,0,0,0,0,0,0,0,0,0,0,0,0,0,0,0,0,0,0,0,0
891faea0863ffff,50.1801,8.77357,frankfurt,False,0,,0,False,0.459599,False,0,0.873724,0,0,0,0,0,0,0,0,0,0,0,0,0,0,0,0,0,0,0,0,0,0,0,0,0,0,0,0,0
891faea0867ffff,50.1806,8.77834,frankfurt,False,0,,0,False,0.459599,False,0,0.873724,0,0,0,0,0,0,0,0,0,0,0,0,0,0,0,0,0,0,0,0,0,0,0,0,0,0,0,0,0
891faea086bffff,50.1773,8.77153,frankfurt,True,0,,0,False,0.459599,False,0,0.873724,0,0,0,0,0,0,0,0,0,0,0,0,0,0,0,0,0,0,0,0,0,0,0,0,0,0,0,0,0
891faea086fffff,50.1778,8.77629,frankfurt,True,0,,0,False,0.459599,False,0,0.873724,0,0,0,0,0,0,0,0,0,0,0,0,0,0,0,0,0,0,0,0,0,0,0,0,0,0,0,0,0
891faea0873ffff,50.1823,8.77085,frankfurt,False,0,,0,False,0.459599,False,0,0.873724,0,0,0,0,0,0,0,0,0,0,0,0,0,0,0,0,0,0,0,0,0,0,0,0,0,0,0,0,0
891faea0877ffff,50.1828,8.77561,frankfurt,False,0,,0,False,0.459599,False,0,0.873724,0,0,0,0,0,0,0,0,0,0,0,0,0,0,0,0,0,0,0,0,0,0,0,0,0,0,0,0,0
891faea087bffff,50.1796,8.76881,frankfurt,False,0,,0,False,0.459599,False,0,0.873724,0,0,0,0,0,0,0,0,0,0,0,0,0,0,0,0,0,0,0,0,0,0,0,0,0,0,0,0,0
891faea088bffff,50.1919,8.76473,frankfurt,False,0,,0,False,0.459599,False,0,0.873724,0,0,0,0,0,0,0,0,0,0,0,0,0,0,0,0,0,0,0,0,0,0,0,0,0,0,0,0,0
891faea088fffff,50.1924,8.76949,frankfurt,False,0,,0,False,0.459599,False,0,0.873724,0,0,0,0,0,0,0,0,0,0,0,0,0,0,0,0,0,0,0,0,0,0,0,0,0,0,0,0,0
891faea08a3ffff,50.1933,8.77902,frankfurt,False,746,8.57703,209,False,0.403485,False,355,0.851852,0,0,0,0,0,0,0,0,0,1,0,0,0,1,0,0,0,0,0,0,0,0,0,0,0,0,1,0,0
891faea08abffff,50.1906,8.77698,frankfurt,False,100,8.74214,28,False,0.442308,False,60,0.916667,0,0,0,0,0,0,0,0,0,0,0,0,0,0,0,0,0,0,0,0,0,0,0,0,0,0,0,0,0
891faea08afffff,50.1911,8.78174,frankfurt,False,172,8.91698,43,False,0.411429,False,98,0.882979,0,0,0,0,0,0,0,0,0,0,0,0,0,0,0,0,0,0,0,0,0,0,0,0,0,1,0,0,0
891faea08bbffff,50.1928,8.77426,frankfurt,False,298,8.79667,15,False,0.37377,False,98,0.526316,0,0,0,0,0,0,0,0,0,0,0,0,0,0,0,0,0,0,0,0,0,0,0,0,0,0,0,0,0
891faea08c3ffff,50.1886,8.75793,frankfurt,False,16,10.1206,0,True,0,False,6,1,0,0,0,0,0,0,0,0,0,0,0,0,0,0,0,0,0,0,0,0,0,0,0,0,0,0,0,0,0
891faea08c7ffff,50.1891,8.76269,frankfurt,False,0,,0,False,0.459599,False,0,0.873724,0,0,0,0,0,0,0,0,0,0,0,0,0,0,0,0,0,0,0,0,0,0,0,0,0,0,0,0,0
891faea08cbffff,50.1859,8.75589,frankfurt,False,0,,0,False,0.459599,False,0,0.873724,0,0,0,0,0,0,0,0,0,0,0,0,0,0,0,0,0,0,0,0,0,0,0,0,0,0,0,0,0
891faea08cfffff,50.1864,8.76065,frankfurt,False,0,,0,False,0.459599,False,0,0.873724,0,0,0,0,0,0,0,0,0,0,0,0,0,0,0,0,0,0,0,0,0,0,0,0,0,0,0,0,0
891faea08d3ffff,50.1909,8.75521,frankfurt,False,159,10.799,30,False,0.278409,False,81,0.925,0,0,0,0,0,0,0,0,0,0,0,0,0,0,0,0,0,0,0,0,0,0,0,0,0,0,1,0,0
891faea08d7ffff,50.1914,8.75997,frankfurt,False,0,,0,False,0.459599,False,0,0.873724,0,0,0,0,0,0,0,0,0,0,0,0,0,0,0,0,0,0,0,0,0,0,0,0,0,0,0,0,0
891faea08dbffff,50.1881,8.75317,frankfurt,False,320,10.027,46,False,0.205212,False,153,0.894366,0,0,0,0,0,0,0,0,0,0,0,0,0,0,0,0,0,0,0,0,0,0,0,0,0,0,0,0,0
891faea0943ffff,50.1848,8.79466,frankfurt,False,0,,0,False,0.459599,False,0,0.873724,0,0,0,0,0,0,0,0,0,0,0,0,0,0,0,0,0,0,0,0,0,0,0,0,0,0,0,0,0
891faea0947ffff,50.1853,8.79943,frankfurt,False,0,,0,False,0.459599,False,0,0.873724,0,0,0,0,0,0,0,0,0,0,0,0,0,0,0,0,0,0,0,0,0,0,0,0,0,0,0,0,0
891faea094bffff,50.182,8.79262,frankfurt,False,0,,0,False,0.459599,False,0,0.873724,0,0,0,0,0,0,0,0,0,0,0,0,0,0,0,0,0,0,0,0,0,0,0,0,0,0,0,0,0
891faea094fffff,50.1825,8.79738,frankfurt,False,0,,0,False,0.459599,False,0,0.873724,0,0,0,0,0,0,0,0,0,0,0,0,0,0,0,0,0,0,0,0,0,0,0,0,0,0,0,0,0
891faea0953ffff,50.187,8.79194,frankfurt,False,0,,0,False,0.459599,False,0,0.873724,0,0,0,0,0,0,0,0,0,0,0,0,0,0,0,0,0,0,0,0,0,0,0,0,0,0,0,0,0
891faea0957ffff,50.1875,8.79671,frankfurt,False,5,,0,False,0,False,3,0.873724,0,0,0,0,0,0,0,0,0,0,0,0,0,0,0,0,0,0,0,0,0,0,0,0,0,0,0,0,0
891faea095bffff,50.1843,8.7899,frankfurt,False,0,,0,False,0.459599,False,0,0.873724,0,0,0,0,0,0,0,0,0,0,0,0,0,0,0,0,0,0,0,0,0,0,0,0,0,0,0,0,0
891faea0963ffff,50.1835,8.80691,frankfurt,False,0,,0,False,0.459599,False,0,0.873724,0,0,0,0,0,0,0,0,0,0,0,0,0,0,0,0,0,0,0,0,0,0,0,0,0,0,0,0,0
891faea0967ffff,50.184,8.81167,frankfurt,False,0,,0,False,0.459599,False,0,0.873724,0,0,0,0,0,0,0,0,0,0,0,0,0,0,0,0,0,0,0,0,0,0,0,0,0,0,0,0,0
891faea096bffff,50.1807,8.80487,frankfurt,False,0,,0,False,0.459599,False,0,0.873724,0,0,0,0,0,0,0,0,0,0,0,0,0,0,0,0,0,0,0,0,0,0,0,0,0,0,0,0,0
891faea096fffff,50.1812,8.80963,frankfurt,False,0,,0,False,0.459599,False,0,0.873724,0,0,0,0,0,0,0,0,0,0,0,0,0,0,0,0,0,0,0,0,0,0,0,0,0,0,0,0,0
891faea0973ffff,50.1857,8.80419,frankfurt,False,0,,0,False,0.459599,False,0,0.873724,0,0,0,0,0,0,0,0,0,0,0,0,0,0,0,0,0,0,0,0,0,0,0,0,0,0,0,0,0
891faea097bffff,50.183,8.80215,frankfurt,False,0,,0,False,0.459599,False,0,0.873724,0,0,0,0,0,0,0,0,0,0,0,0,0,0,0,0,0,0,0,0,0,0,0,0,0,0,0,0,0
891faea09cbffff,50.1893,8.78922,frankfurt,False,0,,0,False,0.459599,False,0,0.873724,0,0,0,0,0,0,0,0,0,0,0,0,0,0,0,0,0,0,0,0,0,0,0,0,0,0,0,0,0
891faea09dbffff,50.1916,8.7865,frankfurt,False,138,9.51733,30,False,0.277311,False,65,0.863636,0,0,0,0,0,0,0,0,0,0,0,0,0,0,0,0,0,0,0,0,0,0,0,0,0,0,0,0,0
891faea0a03ffff,50.1681,8.75589,frankfurt,True,0,,0,False,0.459599,False,0,0.873724,0,0,0,0,0,0,0,0,0,0,0,0,0,0,0,0,0,0,0,0,0,0,0,0,0,0,0,0,0
891faea0a07ffff,50.1686,8.76065,frankfurt,True,0,,0,False,0.459599,False,0,0.873724,0,0,0,0,0,0,0,0,0,0,0,0,0,0,0,0,0,0,0,0,0,0,0,0,0,0,0,0,0
891faea0a0bffff,50.1654,8.75385,frankfurt,True,0,,0,False,0.459599,False,0,0.873724,0,0,0,0,0,0,0,0,0,0,0,0,0,0,0,0,0,0,0,0,0,0,0,0,0,0,0,0,0
891faea0a0fffff,50.1659,8.75861,frankfurt,True,0,,0,False,0.459599,False,0,0.873724,0,0,0,0,0,0,0,0,0,0,0,0,0,0,0,0,0,0,0,0,0,0,0,0,0,0,0,0,0
891faea0a13ffff,50.1704,8.75317,frankfurt,False,0,,0,False,0.459599,False,0,0.873724,0,0,0,0,0,0,0,0,0,0,0,0,0,0,0,0,0,0,0,0,0,0,0,0,0,0,0,0,0
891faea0a17ffff,50.1709,8.75793,frankfurt,True,0,,0,False,0.459599,False,0,0.873724,0,0,0,0,0,0,0,0,0,0,0,0,0,0,0,0,0,0,0,0,0,0,0,0,0,0,0,0,0
891faea0a1bffff,50.1676,8.75113,frankfurt,True,0,,0,False,0.459599,False,0,0.873724,0,0,0,0,0,0,0,0,0,0,0,0,0,0,0,0,0,0,0,0,0,0,0,0,0,0,0,0,0
891faea0a23ffff,50.1668,8.76813,frankfurt,True,0,,0,False,0.459599,False,0,0.873724,0,0,0,0,0,0,0,0,0,0,0,0,0,0,0,0,0,0,0,0,0,0,0,0,0,0,0,0,0
891faea0a27ffff,50.1673,8.77289,frankfurt,True,3,10.57,0,True,0.459599,True,0,0.873724,0,0,0,0,0,0,0,0,0,0,0,0,0,0,0,0,0,0,0,0,0,0,0,0,0,0,0,0,0
891faea0a2bffff,50.1641,8.76609,frankfurt,True,0,,0,False,0.459599,False,0,0.873724,0,0,0,0,0,0,0,0,0,0,0,0,0,0,0,0,0,0,0,0,0,0,0,0,0,0,0,0,0
891faea0a2fffff,50.1646,8.77085,frankfurt,True,0,,0,False,0.459599,False,0,0.873724,0,0,0,0,0,0,0,0,0,0,0,0,0,0,0,0,0,0,0,0,0,0,0,0,0,0,0,0,0
891faea0a33ffff,50.1691,8.76541,frankfurt,True,0,,0,False,0.459599,False,0,0.873724,0,0,0,0,0,0,0,0,0,0,0,0,0,0,0,0,0,0,0,0,0,0,0,0,0,0,0,0,0
891faea0a37ffff,50.1696,8.77017,frankfurt,True,0,,0,False,0.459599,False,0,0.873724,0,0,0,0,0,0,0,0,0,0,0,0,0,0,0,0,0,0,0,0,0,0,0,0,0,0,0,0,0
891faea0a3bffff,50.1663,8.76337,frankfurt,True,0,,0,False,0.459599,False,0,0.873724,0,0,0,0,0,0,0,0,0,0,0,0,0,0,0,0,0,0,0,0,0,0,0,0,0,0,0,0,0
891faea0a43ffff,50.1621,8.74705,frankfurt,True,0,,0,False,0.459599,False,0,0.873724,0,0,0,0,0,0,0,0,0,0,0,0,0,0,0,0,0,0,0,0,0,0,0,0,0,0,0,0,0
891faea0a47ffff,50.1626,8.75181,frankfurt,True,0,,0,False,0.459599,False,0,0.873724,0,0,0,0,0,0,0,0,0,0,0,0,0,0,0,0,0,0,0,0,0,0,0,0,0,0,0,0,0
891faea0a4bffff,50.1594,8.74501,frankfurt,True,5,9.88525,0,True,0.666667,False,3,0.873724,0,0,0,0,0,0,0,0,0,0,0,0,0,1,0,0,0,0,0,0,0,0,0,0,0,0,0,0,0
891faea0a4fffff,50.1599,8.74977,frankfurt,True,31,11.915,14,False,0.37931,False,21,0.875,0,0,0,0,0,0,0,0,0,0,0,0,0,0,0,0,0,0,0,0,0,0,0,0,0,0,0,0,0
891faea0a53ffff,50.1644,8.74433,frankfurt,True,0,,0,False,0.459599,False,0,0.873724,0,0,0,0,0,0,0,0,0,0,0,0,0,0,0,0,0,0,0,0,0,0,0,0,0,0,0,0,0
891faea0a57ffff,50.1649,8.74909,frankfurt,True,0,,0,False,0.459599,False,0,0.873724,0,0,0,0,0,0,0,0,0,0,0,0,0,0,0,0,0,0,0,0,0,0,0,0,0,0,0,0,0
891faea0a5bffff,50.1617,8.74229,frankfurt,True,0,,0,False,0.459599,False,0,0.873724,0,0,0,0,0,0,0,0,0,0,0,0,0,0,0,0,0,0,0,0,0,0,0,0,0,0,0,0,0
891faea0a63ffff,50.1609,8.75929,frankfurt,True,5,9.68042,0,True,0.459599,True,3,1,0,0,0,0,0,0,0,0,0,0,0,0,0,0,0,0,0,0,0,0,0,0,0,0,0,0,0,0,0
891faea0a67ffff,50.1613,8.76405,frankfurt,True,0,,0,False,0.459599,False,0,0.873724,0,0,0,0,0,0,0,0,0,0,0,0,0,0,0,0,0,0,0,0,0,0,0,0,0,0,0,0,0
891faea0a6bffff,50.1581,8.75725,frankfurt,True,563,9.64692,133,False,0.339623,False,277,0.882979,0,0,0,0,0,0,0,0,0,0,0,0,0,0,0,0,0,0,0,1,0,0,0,0,0,0,3,0,0
891faea0a6fffff,50.1586,8.76201,frankfurt,True,450,10.6389,66,False,0.251765,False,180,0.751381,0,0,0,0,0,0,0,0,0,0,0,0,0,0,0,0,0,0,0,0,0,0,0,0,0,0,1,0,0
891faea0a73ffff,50.1631,8.75657,frankfurt,True,0,,0,False,0.459599,False,0,0.873724,0,0,0,0,0,0,0,0,0,0,0,0,0,0,0,0,0,0,0,0,0,0,0,0,0,0,0,0,0
891faea0a77ffff,50.1636,8.76133,frankfurt,True,0,,0,False,0.459599,False,0,0.873724,0,0,0,0,0,0,0,0,0,0,0,0,0,0,0,0,0,0,0,0,0,0,0,0,0,0,0,0,0
891faea0a7bffff,50.1604,8.75453,frankfurt,True,74,8.2225,8,False,0.442857,False,29,0.71875,0,0,0,0,0,0,0,0,0,0,0,0,0,0,0,0,0,0,0,0,0,0,0,0,0,0,1,0,0
891faea0a83ffff,50.1754,8.75249,frankfurt,False,0,,0,False,0.459599,False,0,0.873724,0,0,0,0,0,0,0,0,0,0,0,0,0,0,0,0,0,0,0,0,0,0,0,0,0,0,0,0,0
891faea0a87ffff,50.1759,8.75725,frankfurt,False,0,,0,False,0.459599,False,0,0.873724,0,0,0,0,0,0,0,0,0,0,0,0,0,0,0,0,0,0,0,0,0,0,0,0,0,0,0,0,0
891faea0a8bffff,50.1726,8.75045,frankfurt,False,0,,0,False,0.459599,False,0,0.873724,0,0,0,0,0,0,0,0,0,0,0,0,0,0,0,0,0,0,0,0,0,0,0,0,0,0,0,0,0
891faea0a8fffff,50.1731,8.75521,frankfurt,False,0,,0,False,0.459599,False,0,0.873724,0,0,0,0,0,0,0,0,0,0,0,0,0,0,0,0,0,0,0,0,0,0,0,0,0,0,0,0,0
891faea0a93ffff,50.1776,8.74977,frankfurt,False,138,9.73786,14,False,0.25,False,62,0.872727,0,0,0,0,0,0,0,0,0,0,0,0,0,0,0,0,0,0,0,0,0,0,0,0,0,0,0,0,0
891faea0a97ffff,50.1781,8.75453,frankfurt,False,0,,0,False,0.459599,False,0,0.873724,0,0,0,0,0,0,0,0,0,0,0,0,0,0,0,0,0,0,0,0,0,0,0,0,0,0,0,0,0
891faea0a9bffff,50.1749,8.74773,frankfurt,False,3,9.48259,0,True,0.459599,True,0,0.873724,0,0,0,0,0,0,0,0,0,0,0,0,0,0,0,0,0,0,0,0,0,0,0,0,0,0,0,0,0
891faea0aa3ffff,50.1741,8.76473,frankfurt,True,0,,0,False,0.459599,False,0,0.873724,0,0,0,0,0,0,0,0,0,0,0,0,0,0,0,0,0,0,0,0,0,0,0,0,0,0,0,0,0
891faea0aa7ffff,50.1746,8.76949,frankfurt,True,0,,0,False,0.459599,False,0,0.873724,0,0,0,0,0,0,0,0,0,0,0,0,0,0,0,0,0,0,0,0,0,0,0,0,0,0,0,0,0
891faea0aabffff,50.1714,8.76269,frankfurt,True,0,,0,False,0.459599,False,0,0.873724,0,0,0,0,0,0,0,0,0,0,0,0,0,0,0,0,0,0,0,0,0,0,0,0,0,0,0,0,0
891faea0aafffff,50.1718,8.76745,frankfurt,True,0,,0,False,0.459599,False,0,0.873724,0,0,0,0,0,0,0,0,0,0,0,0,0,0,0,0,0,0,0,0,0,0,0,0,0,0,0,0,0
891faea0ab3ffff,50.1764,8.76201,frankfurt,False,0,,0,False,0.459599,False,0,0.873724,0,0,0,0,0,0,0,0,0,0,0,0,0,0,0,0,0,0,0,0,0,0,0,0,0,0,0,0,0
891faea0ab7ffff,50.1768,8.76677,frankfurt,True,0,,0,False,0.459599,False,0,0.873724,0,0,0,0,0,0,0,0,0,0,0,0,0,0,0,0,0,0,0,0,0,0,0,0,0,0,0,0,0
891faea0abbffff,50.1736,8.75997,frankfurt,False,0,,0,False,0.459599,False,0,0.873724,0,0,0,0,0,0,0,0,0,0,0,0,0,0,0,0,0,0,0,0,0,0,0,0,0,0,0,0,0
891faea0ac3ffff,50.1694,8.74365,frankfurt,False,0,,0,False,0.459599,False,0,0.873724,0,0,0,0,0,0,0,0,0,0,0,0,0,0,0,0,0,0,0,0,0,0,0,0,0,0,0,0,0
891faea0ac7ffff,50.1699,8.74841,frankfurt,False,0,,0,False,0.459599,False,0,0.873724,0,0,0,0,0,0,0,0,0,0,0,0,0,0,0,0,0,0,0,0,0,0,0,0,0,0,0,0,0
891faea0acbffff,50.1667,8.74161,frankfurt,False,0,,0,False,0.459599,False,0,0.873724,0,0,0,0,0,0,0,0,0,0,0,0,0,0,0,0,0,0,0,0,0,0,0,0,0,0,0,0,0
891faea0acfffff,50.1671,8.74637,frankfurt,False,0,,0,False,0.459599,False,0,0.873724,0,0,0,0,0,0,0,0,0,0,0,0,0,0,0,0,0,0,0,0,0,0,0,0,0,0,0,0,0
891faea0ad3ffff,50.1717,8.74093,frankfurt,False,0,,0,False,0.459599,False,0,0.873724,0,0,0,0,0,0,0,0,0,0,0,0,0,1,0,0,0,0,0,0,0,0,0,0,0,0,0,0,0
891faea0ad7ffff,50.1722,8.74569,frankfurt,False,0,,0,False,0.459599,False,0,0.873724,0,0,0,0,0,0,0,0,0,0,0,0,0,0,0,0,0,0,0,0,0,0,0,0,0,0,0,0,0
891faea0adbffff,50.1689,8.73889,frankfurt,False,0,,0,False,0.459599,False,0,0.873724,0,0,0,0,0,0,0,0,0,0,0,0,0,0,0,0,0,0,0,0,0,0,0,0,0,0,0,0,0
891faea0b03ffff,50.1715,8.78922,frankfurt,True,0,,0,False,0.459599,False,0,0.873724,0,0,0,0,0,0,0,0,0,0,0,0,0,0,0,0,0,0,0,0,0,0,0,0,0,0,0,0,0
891faea0b07ffff,50.172,8.79398,frankfurt,True,0,,0,False,0.459599,False,0,0.873724,0,0,0,0,0,0,0,0,0,0,0,0,0,0,0,0,0,0,0,0,0,0,0,0,0,0,0,0,0
891faea0b0bffff,50.1688,8.78717,frankfurt,True,0,,0,False,0.459599,False,0,0.873724,0,0,0,0,0,0,0,0,0,0,0,0,0,0,0,0,0,0,0,0,0,0,0,0,0,0,0,0,0
891faea0b0fffff,50.1693,8.79194,frankfurt,True,0,,0,False,0.459599,False,0,0.873724,0,0,0,0,0,0,0,0,0,0,0,0,0,0,0,0,0,0,0,0,0,0,0,0,0,0,0,0,0
891faea0b13ffff,50.1738,8.7865,frankfurt,True,0,,0,False,0.459599,False,0,0.873724,0,0,0,0,0,0,0,0,0,0,0,0,0,0,0,0,0,0,0,0,0,0,0,0,0,0,0,0,0
891faea0b17ffff,50.1743,8.79126,frankfurt,True,0,,0,False,0.459599,False,0,0.873724,0,0,0,0,0,0,0,0,0,0,0,0,0,0,0,0,0,0,0,0,0,0,0,0,0,0,0,0,0
891faea0b1bffff,50.171,8.78445,frankfurt,True,0,,0,False,0.459599,False,0,0.873724,0,0,0,0,0,0,0,0,0,0,0,0,0,0,0,0,0,0,0,0,0,0,0,0,0,0,0,0,0
891faea0b23ffff,50.1702,8.80146,frankfurt,False,0,,0,False,0.459599,False,0,0.873724,0,0,0,0,0,0,0,0,0,0,0,0,0,0,0,0,0,0,0,0,0,0,0,0,0,0,0,0,0
891faea0b27ffff,50.1707,8.80622,frankfurt,False,0,,0,False,0.459599,False,0,0.873724,0,0,0,0,0,0,0,0,0,0,0,0,0,0,0,0,0,0,0,0,0,0,0,0,0,0,0,0,0
891faea0b2bffff,50.1675,8.79942,frankfurt,False,0,,0,False,0.459599,False,0,0.873724,0,0,0,0,0,0,0,0,0,0,0,0,0,0,0,0,0,0,0,0,0,0,0,0,0,0,0,0,0
891faea0b2fffff,50.168,8.80418,frankfurt,False,0,,0,False,0.459599,False,0,0.873724,0,0,0,0,0,0,0,0,0,0,0,0,0,0,0,0,0,0,0,0,0,0,0,0,0,0,0,0,0
891faea0b33ffff,50.1725,8.79874,frankfurt,True,0,,0,False,0.459599,False,0,0.873724,0,0,0,0,0,0,0,0,0,0,0,0,0,0,0,0,0,0,0,0,0,0,0,0,0,0,0,0,0
891faea0b37ffff,50.173,8.8035,frankfurt,False,0,,0,False,0.459599,False,0,0.873724,0,0,0,0,0,0,0,0,0,0,0,0,0,0,0,0,0,0,0,0,0,0,0,0,0,0,0,0,0
891faea0b3bffff,50.1697,8.7967,frankfurt,True,0,,0,False,0.459599,False,0,0.873724,0,0,0,0,0,0,0,0,0,0,0,0,0,0,0,0,0,0,0,0,0,0,0,0,0,0,0,0,0
891faea0b43ffff,50.1655,8.78037,frankfurt,True,0,,0,False,0.459599,False,0,0.873724,0,0,0,0,0,0,0,0,0,0,0,0,0,0,0,0,0,0,0,0,0,0,0,0,0,0,0,0,0
891faea0b47ffff,50.166,8.78513,frankfurt,True,0,,0,False,0.459599,False,0,0.873724,0,0,0,0,0,0,0,0,0,0,0,0,0,0,0,0,0,0,0,0,0,0,0,0,0,0,0,0,0
891faea0b4bffff,50.1628,8.77833,frankfurt,True,3,10.57,0,True,0.459599,True,0,0.873724,0,0,0,0,0,0,0,0,0,0,0,0,0,0,0,0,0,0,0,0,0,0,0,0,0,0,0,0,0
891faea0b4fffff,50.1633,8.78309,frankfurt,True,3,10.57,0,True,0.5,False,0,0.873724,0,0,0,0,0,0,0,0,0,0,0,0,0,0,0,0,0,0,0,0,0,0,0,0,0,0,0,0,0
891faea0b53ffff,50.1678,8.77765,frankfurt,True,0,10.57,3,False,0.459599,False,3,0.873724,0,0,0,0,0,0,0,0,0,0,0,0,0,0,0,0,0,0,0,0,0,0,0,0,0,0,0,0,0
891faea0b57ffff,50.1683,8.78241,frankfurt,True,3,10.57,0,True,0.5,False,3,1,0,0,0,0,0,0,0,0,0,0,0,0,0,0,0,0,0,0,0,0,0,0,0,0,0,0,0,0,0
891faea0b5bffff,50.1651,8.77561,frankfurt,True,0,,0,False,0.459599,False,0,0.873724,0,0,0,0,0,0,0,0,0,0,0,0,0,0,0,0,0,0,0,0,0,0,0,0,0,0,0,0,0
891faea0b63ffff,50.1643,8.79261,frankfurt,True,0,,0,False,0.459599,False,0,0.873724,0,0,0,0,0,0,0,0,0,0,0,0,0,0,0,0,0,0,0,0,0,0,0,0,0,0,0,0,0
891faea0b67ffff,50.1647,8.79737,frankfurt,False,0,,0,False,0.459599,False,0,0.873724,0,0,0,0,0,0,0,0,0,0,0,0,0,0,0,0,0,0,0,0,0,0,0,0,0,0,0,0,0
891faea0b6bffff,50.1615,8.79057,frankfurt,False,0,,0,False,0.459599,False,0,0.873724,0,0,0,0,0,0,0,0,0,0,0,0,0,0,0,0,0,0,0,0,0,0,0,0,0,0,0,0,0
891faea0b6fffff,50.162,8.79533,frankfurt,False,0,,0,False,0.459599,False,0,0.873724,0,0,0,0,0,0,0,0,0,0,0,0,0,0,0,0,0,0,0,0,0,0,0,0,0,0,0,0,0
891faea0b73ffff,50.1665,8.78989,frankfurt,True,0,,0,False,0.459599,False,0,0.873724,0,0,0,0,0,0,0,0,0,0,0,0,0,0,0,0,0,0,0,0,0,0,0,0,0,0,0,0,0
891faea0b77ffff,50.167,8.79465,frankfurt,True,0,,0,False,0.459599,False,0,0.873724,0,0,0,0,0,0,0,0,0,0,0,0,0,0,0,0,0,0,0,0,0,0,0,0,0,0,0,0,0
891faea0b7bffff,50.1638,8.78785,frankfurt,True,0,,0,False,0.459599,False,0,0.873724,0,0,0,0,0,0,0,0,0,0,0,0,0,0,0,0,0,0,0,0,0,0,0,0,0,0,0,0,0
891faea0b83ffff,50.1788,8.78582,frankfurt,False,0,,0,False,0.459599,False,0,0.873724,0,0,0,0,0,0,0,0,0,0,0,0,0,0,0,0,0,0,0,0,0,0,0,0,0,0,0,0,0
891faea0b87ffff,50.1793,8.79058,frankfurt,False,0,,0,False,0.459599,False,0,0.873724,0,0,0,0,0,0,0,0,0,0,0,0,0,0,0,0,0,0,0,0,0,0,0,0,0,0,0,0,0
891faea0b8bffff,50.176,8.78378,frankfurt,True,0,,0,False,0.459599,False,0,0.873724,0,0,0,0,0,0,0,0,0,0,0,0,0,0,0,0,0,0,0,0,0,0,0,0,0,0,0,0,0
891faea0b8fffff,50.1765,8.78854,frankfurt,False,0,,0,False,0.459599,False,0,0.873724,0,0,0,0,0,0,0,0,0,0,0,0,0,0,0,0,0,0,0,0,0,0,0,0,0,0,0,0,0
891faea0b93ffff,50.1811,8.7831,frankfurt,False,0,,0,False,0.459599,False,0,0.873724,0,0,0,0,0,0,0,0,0,0,0,0,0,0,0,0,0,0,0,0,0,0,0,0,0,0,0,0,0
891faea0b97ffff,50.1815,8.78786,frankfurt,False,0,,0,False,0.459599,False,0,0.873724,0,0,0,0,0,0,0,0,0,0,0,0,0,0,0,0,0,0,0,0,0,0,0,0,0,0,0,0,0
891faea0b9bffff,50.1783,8.78106,frankfurt,False,0,,0,False,0.459599,False,0,0.873724,0,0,0,0,0,0,0,0,0,0,0,0,0,0,0,0,0,0,0,0,0,0,0,0,0,0,0,0,0
891faea0ba3ffff,50.1775,8.79806,frankfurt,False,0,,0,False,0.459599,False,0,0.873724,0,0,0,0,0,0,0,0,0,0,0,0,0,0,0,0,0,0,0,0,0,0,0,0,0,0,0,0,0
891faea0ba7ffff,50.178,8.80282,frankfurt,False,0,,0,False,0.459599,False,0,0.873724,0,0,0,0,0,0,0,0,0,0,0,0,0,0,0,0,0,0,0,0,0,0,0,0,0,0,0,0,0
891faea0babffff,50.1748,8.79602,frankfurt,False,0,,0,False,0.459599,False,0,0.873724,0,0,0,0,0,0,0,0,0,0,0,0,0,0,0,0,0,0,0,0,0,0,0,0,0,0,0,0,0
891faea0bafffff,50.1752,8.80078,frankfurt,False,0,,0,False,0.459599,False,0,0.873724,0,0,0,0,0,0,0,0,0,0,0,0,0,0,0,0,0,0,0,0,0,0,0,0,0,0,0,0,0
891faea0bb3ffff,50.1798,8.79534,frankfurt,False,0,,0,False,0.459599,False,0,0.873724,0,0,0,0,0,0,0,0,0,0,0,0,0,0,0,0,0,0,0,0,0,0,0,0,0,0,0,0,0
891faea0bb7ffff,50.1802,8.8001,frankfurt,False,0,,0,False,0.459599,False,0,0.873724,0,0,0,0,0,0,0,0,0,0,0,0,0,0,0,0,0,0,0,0,0,0,0,0,0,0,0,0,0
891faea0bbbffff,50.177,8.7933,frankfurt,False,0,,0,False,0.459599,False,0,0.873724,0,0,0,0,0,0,0,0,0,0,0,0,0,0,0,0,0,0,0,0,0,0,0,0,0,0,0,0,0
891faea0bc3ffff,50.1728,8.77697,frankfurt,True,0,,0,False,0.459599,False,0,0.873724,0,0,0,0,0,0,0,0,0,0,0,0,0,0,0,0,0,0,0,0,0,0,0,0,0,0,0,0,0
891faea0bc7ffff,50.1733,8.78173,frankfurt,True,7,10.57,0,True,0.3,False,0,0.873724,0,0,0,0,0,0,0,0,0,0,0,0,0,0,0,0,0,0,0,0,0,0,0,0,0,0,0,0,0
891faea0bcbffff,50.1701,8.77493,frankfurt,True,0,,0,False,0.459599,False,0,0.873724,0,0,0,0,0,0,0,0,0,0,0,0,0,0,0,0,0,0,0,0,0,0,0,0,0,0,0,0,0
891faea0bcfffff,50.1706,8.77969,frankfurt,True,0,,0,False,0.459599,False,0,0.873724,0,0,0,0,0,0,0,0,0,0,0,0,0,0,0,0,0,0,0,0,0,0,0,0,0,0,0,0,0
891faea0bd3ffff,50.1751,8.77425,frankfurt,True,0,,0,False,0.459599,False,0,0.873724,0,0,0,0,0,0,0,0,0,0,0,0,0,0,0,0,0,0,0,0,0,0,0,0,0,0,0,0,0
891faea0bd7ffff,50.1756,8.77901,frankfurt,True,0,,0,False,0.459599,False,0,0.873724,0,0,0,0,0,0,0,0,0,0,0,0,0,0,0,0,0,0,0,0,0,0,0,0,0,0,0,0,0
891faea0bdbffff,50.1723,8.77221,frankfurt,True,6,10.57,0,True,0,False,3,1,0,0,0,0,0,0,0,0,0,0,0,0,0,0,0,0,0,0,0,0,0,0,0,0,0,0,0,0,0
891faea0c03ffff,50.2032,8.75112,frankfurt,False,0,,0,False,0.459599,False,0,0.873724,0,0,0,0,0,0,0,0,0,0,0,0,0,0,0,0,0,0,0,0,0,0,0,0,0,0,0,0,0
891faea0c0bffff,50.2004,8.74908,frankfurt,False,0,,0,False,0.459599,False,0,0.873724,0,0,0,0,0,0,0,0,0,0,0,0,0,0,0,0,0,0,0,0,0,0,0,0,0,0,0,0,0
891faea0c13ffff,50.2054,8.7484,frankfurt,False,300,9.36333,36,False,0.346154,False,119,0.732759,0,0,0,0,0,0,0,0,0,0,1,0,0,0,0,0,0,0,0,0,0,0,0,0,0,0,0,0,0
891faea0c1bffff,50.2027,8.74636,frankfurt,False,254,9.12929,28,False,0.392996,False,108,0.672269,0,0,0,0,0,0,0,0,0,0,0,0,0,0,0,0,0,0,0,0,0,0,0,0,0,0,2,0,0
891faea0c43ffff,50.1972,8.74228,frankfurt,False,61,10.5494,0,True,0.476923,False,7,0.873724,0,0,0,0,0,0,0,0,0,0,0,0,0,0,0,0,0,0,0,0,0,0,0,0,0,0,0,0,0
891faea0c47ffff,50.1977,8.74704,frankfurt,False,0,,0,False,0.459599,False,0,0.873724,0,0,0,0,0,0,0,0,0,0,0,0,0,0,0,0,0,0,0,0,0,0,0,0,0,0,0,0,0
891faea0c4bffff,50.1944,8.74024,frankfurt,False,591,12.0598,63,False,0.564019,False,253,0.806084,0,0,0,0,0,0,0,0,0,0,0,0,0,0,0,0,0,0,0,0,0,0,0,0,0,0,0,0,0
891faea0c4fffff,50.1949,8.745,frankfurt,False,4,9.13,4,False,0.459599,True,4,1,0,0,0,0,0,0,0,0,0,0,0,0,0,0,0,0,0,0,0,0,0,0,0,0,0,0,0,0,0
891faea0c53ffff,50.1994,8.73956,frankfurt,False,0,,0,False,0.459599,False,0,0.873724,0,0,0,0,0,0,0,0,0,0,0,0,0,0,0,0,0,0,0,0,0,0,0,0,0,0,0,0,0
891faea0c57ffff,50.1999,8.74432,frankfurt,False,0,,0,False,0.459599,False,0,0.873724,0,0,0,0,0,0,0,0,0,0,0,0,0,0,0,0,0,0,0,0,0,0,0,0,0,0,0,0,0
891faea0c5bffff,50.1967,8.73752,frankfurt,False,9,7.97,7,False,0.666667,False,7,1,0,0,0,0,0,0,0,0,0,0,0,0,0,0,0,0,0,0,0,0,0,0,0,0,0,0,0,0,0
891faea0c83ffff,50.2104,8.74772,frankfurt,False,40,9.15875,0,True,0.35,False,19,0.684211,0,0,0,0,0,0,0,0,0,0,0,0,0,0,0,0,0,0,0,0,0,0,0,0,0,0,2,0,2
891faea0c87ffff,50.2109,8.75248,frankfurt,False,71,5.36,3,False,0.418182,False,28,1,0,0,0,0,0,0,0,0,0,0,0,0,0,1,0,0,0,0,0,0,0,0,0,0,0,0,1,0,0
891faea0c8bffff,50.2077,8.74568,frankfurt,False,74,8.09,11,False,0.428571,False,21,0.873724,0,0,0,0,0,0,0,1,0,0,3,0,0,0,0,1,0,1,0,1,0,0,0,0,0,0,2,0,2
891faea0c8fffff,50.2082,8.75044,frankfurt,False,283,8.49576,33,False,0.329966,False,130,0.780303,0,0,0,0,0,0,0,0,0,0,0,0,0,0,0,0,0,0,1,0,0,0,0,0,0,1,1,0,0
891faea0c93ffff,50.2127,8.745,frankfurt,False,5,9.17348,0,True,0.459599,True,0,0.873724,0,0,0,0,0,0,0,0,0,0,0,0,0,0,0,0,0,0,0,0,0,0,0,0,0,0,0,0,0
891faea0c97ffff,50.2132,8.74976,frankfurt,False,0,,0,False,0.459599,False,0,0.873724,0,0,0,0,0,0,0,0,0,0,0,0,0,0,0,0,0,0,0,0,0,0,0,0,0,0,0,0,0
891faea0c9bffff,50.2099,8.74296,frankfurt,False,523,11.272,10,False,0.301818,False,205,0.715686,0,0,0,0,0,0,0,0,0,0,0,0,0,0,0,0,0,0,0,0,0,0,0,0,0,0,1,0,0
891faea0cc3ffff,50.2045,8.73888,frankfurt,False,708,11.3054,78,False,0.368046,False,273,0.697761,0,0,0,0,0,0,0,0,0,0,0,0,0,0,0,0,0,0,0,0,0,0,0,0,0,0,2,0,0
891faea0cc7ffff,50.2049,8.74364,frankfurt,False,519,8.87721,43,False,0.255952,False,205,0.815534,0,0,0,0,0,0,0,0,0,0,0,0,0,0,0,0,0,0,0,0,0,0,0,0,0,0,0,0,1
891faea0ccbffff,50.2017,8.73684,frankfurt,False,0,,0,False,0.459599,False,0,0.873724,0,0,0,0,0,0,0,0,0,0,0,0,0,0,0,0,0,0,0,0,0,0,0,0,0,0,0,0,0
891faea0ccfffff,50.2022,8.7416,frankfurt,False,192,9.21842,19,False,0.315508,False,73,0.710526,0,0,0,0,0,0,0,0,0,0,0,0,0,0,0,0,0,0,0,0,0,0,0,0,0,0,0,0,1
891faea0cd3ffff,50.2067,8.73616,frankfurt,False,225,11.31,5,False,0.278027,False,77,0.62069,0,0,0,0,0,0,0,0,0,0,0,0,0,0,0,0,0,0,0,0,0,0,0,0,0,0,0,0,0
891faea0cd7ffff,50.2072,8.74092,frankfurt,False,890,7.92242,132,False,0.371041,False,360,0.741935,0,0,0,0,0,0,0,0,0,0,0,0,0,0,0,0,0,0,0,0,0,0,0,0,0,0,1,0,0
891faea0cdbffff,50.204,8.73412,frankfurt,False,0,,0,False,0.459599,False,0,0.873724,0,0,0,0,0,0,0,0,0,0,0,0,0,0,0,0,0,0,0,0,0,0,0,0,0,0,0,0,0
891faea0e23ffff,50.1827,8.74909,frankfurt,False,97,10.03,17,False,0.368932,False,41,0.771429,0,0,0,0,0,0,0,0,0,0,0,0,0,0,0,0,0,0,0,0,0,0,0,0,0,0,0,0,0
891faea0e27ffff,50.1831,8.75385,frankfurt,False,0,,0,False,0.459599,False,0,0.873724,0,0,0,0,0,0,0,0,0,0,0,0,0,0,0,0,0,0,0,0,0,0,0,0,0,0,0,0,0
891faea0e2bffff,50.1799,8.74705,frankfurt,False,460,9.6302,98,False,0.254697,False,217,0.875536,0,0,0,0,0,0,0,0,0,0,0,0,0,0,0,0,0,0,0,0,0,0,0,0,0,0,1,0,1
891faea0e2fffff,50.1804,8.75181,frankfurt,False,40,9.82,9,False,0.3,False,19,0.833333,0,0,0,0,0,0,0,0,0,0,0,0,0,0,0,0,0,0,0,0,0,0,0,0,0,0,0,0,0
891faea0e33ffff,50.1849,8.74637,frankfurt,False,275,12.2728,175,False,0.211538,False,130,0.883721,0,0,0,0,0,0,0,0,0,0,0,0,0,1,0,0,0,0,0,0,2,0,0,0,0,0,0,0,1
891faea0e37ffff,50.1854,8.75113,frankfurt,False,130,9.314,15,False,0.228814,False,54,0.811321,0,0,0,0,0,0,0,0,0,0,0,0,0,0,0,0,0,0,0,0,0,0,0,0,0,0,0,0,0
891faea0e3bffff,50.1822,8.74433,frankfurt,False,861,9.66799,283,False,0.378664,False,480,0.921971,0,0,0,0,0,0,0,1,0,1,1,0,3,5,1,1,2,1,1,0,0,1,0,0,0,0,2,0,2
891faea0e43ffff,50.178,8.72801,frankfurt,False,98,11.2353,19,False,0.540816,False,61,0.946429,0,0,0,0,0,0,0,0,0,0,0,0,0,0,0,0,0,0,0,0,0,0,0,0,0,0,1,0,0
891faea0e4bffff,50.1752,8.72597,frankfurt,False,650,8.69692,237,False,0.301973,False,345,0.889552,0,0,0,0,0,0,0,0,0,0,0,0,0,0,0,0,0,0,0,0,0,0,0,0,0,0,2,0,0
891faea0e4fffff,50.1757,8.73073,frankfurt,False,521,9.63589,107,False,0.309859,False,243,0.842795,0,0,0,0,0,0,0,0,0,0,0,0,0,0,0,0,0,0,0,0,0,0,0,0,0,0,0,0,1
891faea0e53ffff,50.1802,8.72529,frankfurt,False,98,11.0758,38,False,0.526882,False,55,0.833333,0,0,0,0,0,0,0,0,0,0,0,0,0,0,0,0,0,0,0,0,0,0,0,0,0,0,0,0,0
891faea0e5bffff,50.1775,8.72325,frankfurt,False,160,6.06733,75,False,0.305732,False,86,0.950617,0,0,0,0,0,0,0,0,0,0,0,0,0,0,0,0,0,0,0,0,0,0,0,0,0,0,0,0,0
891faea0e63ffff,50.1767,8.74025,frankfurt,False,555,10.2656,128,False,0.282332,False,274,0.835821,0,0,0,0,0,0,0,0,0,0,0,0,0,0,0,0,0,0,0,0,0,0,0,0,0,0,1,0,0
891faea0e67ffff,50.1772,8.74501,frankfurt,False,459,10.0064,107,False,0.263043,False,195,0.808612,0,0,0,0,0,0,0,0,0,0,0,0,0,0,0,0,0,0,0,0,0,0,0,0,0,0,1,0,0
891faea0e6bffff,50.1739,8.73821,frankfurt,False,509,8.79983,172,False,0.363636,False,252,0.830116,0,0,0,0,0,1,0,0,0,0,0,0,0,0,0,0,0,0,0,0,0,0,0,0,0,0,1,0,1
891faea0e6fffff,50.1744,8.74297,frankfurt,False,202,10.4209,45,False,0.321839,False,101,0.857143,0,0,0,0,0,0,0,0,0,0,0,0,0,0,0,0,0,0,0,0,0,0,0,0,0,0,0,0,0
891faea0e73ffff,50.1789,8.73753,frankfurt,False,682,9.48665,206,False,0.421203,False,359,0.859551,0,0,0,0,0,0,0,0,0,0,1,0,0,2,1,0,0,1,1,0,0,0,0,0,0,0,1,0,5
891faea0e77ffff,50.1794,8.74229,frankfurt,False,602,9.02453,223,False,0.3367,False,347,0.912181,0,0,0,0,0,0,0,0,0,0,0,0,0,0,0,0,0,0,0,1,0,1,0,1,0,0,0,0,1
891faea0e7bffff,50.1762,8.73549,frankfurt,False,991,9.90587,298,False,0.398,False,517,0.889943,0,0,0,0,0,0,0,0,0,0,0,0,0,3,1,0,0,1,0,1,0,0,0,0,0,0,1,0,1
891faea0e83ffff,50.1912,8.73344,frankfurt,False,0,,0,False,0.459599,False,0,0.873724,0,0,0,0,0,0,0,0,0,0,0,0,0,0,0,0,0,0,0,0,0,0,0,0,0,0,0,0,0
891faea0e87ffff,50.1917,8.7382,frankfurt,False,255,10.4167,48,False,0.560311,False,97,0.610526,0,0,0,0,0,0,0,0,0,0,0,0,0,0,0,0,0,0,0,0,0,0,0,0,0,0,0,0,0
891faea0e8bffff,50.1885,8.7314,frankfurt,False,159,12.0516,50,False,0.488764,False,83,0.861111,0,0,0,0,0,0,0,2,0,0,1,0,0,0,0,0,0,0,0,2,0,0,0,0,0,0,0,0,1
891faea0e93ffff,50.1935,8.73072,frankfurt,False,0,,0,False,0.459599,False,0,0.873724,0,0,0,0,0,0,0,0,0,0,1,0,0,0,0,0,0,0,0,0,0,0,0,1,0,0,0,0,0
891faea0e97ffff,50.194,8.73548,frankfurt,False,0,,0,False,0.459599,False,0,0.873724,0,0,0,0,0,0,0,0,0,0,0,0,0,0,0,0,0,0,0,0,0,0,0,0,0,0,0,0,0
891faea0e9bffff,50.1907,8.72868,frankfurt,False,124,10.12,47,False,0.419847,False,52,0.764706,0,0,0,0,0,0,0,0,0,0,0,0,0,0,0,0,0,0,0,0,0,0,0,0,0,0,0,0,0
891faea0eafffff,50.1877,8.74841,frankfurt,False,290,10.008,35,False,0.251799,False,189,0.954315,0,0,0,0,0,0,0,0,0,0,0,0,0,0,0,0,0,0,0,0,0,0,0,0,0,0,0,0,0
891faea0ec3ffff,50.1852,8.7246,frankfurt,False,112,8.0575,16,False,0.349515,False,49,0.928571,0,0,0,0,0,0,0,0,0,0,0,0,0,0,0,0,0,0,0,0,0,0,0,0,0,0,0,0,0
891faea0ec7ffff,50.1857,8.72936,frankfurt,False,88,11.71,16,False,0.417722,False,26,0.580645,0,0,0,0,0,0,0,0,0,0,0,0,0,0,0,0,0,0,0,0,0,0,0,0,0,0,0,0,0
891faea0ecbffff,50.1825,8.72256,frankfurt,False,0,,0,False,0.459599,False,0,0.873724,0,0,0,0,0,0,0,0,0,0,0,0,0,0,0,0,0,0,0,0,0,0,0,0,0,0,0,0,0
891faea0ecfffff,50.183,8.72732,frankfurt,False,0,,0,False,0.459599,False,0,0.873724,0,0,0,0,0,0,0,0,0,0,0,0,0,0,0,0,0,0,0,0,0,0,0,0,0,0,0,0,0
891faea0ed3ffff,50.1875,8.72188,frankfurt,False,346,9.41947,75,False,0.311429,False,171,0.881356,0,0,0,0,0,0,0,0,0,0,0,0,0,0,0,0,0,0,0,0,0,0,0,0,0,0,0,0,0
891faea0ed7ffff,50.188,8.72664,frankfurt,False,489,10.5131,55,False,0.391304,False,168,0.596273,0,0,0,0,0,0,0,0,0,0,0,0,0,0,0,0,0,0,0,0,0,0,0,0,0,0,2,0,0
891faea0edbffff,50.1847,8.71984,frankfurt,False,136,9.363,30,False,0.289474,False,60,0.809524,0,0,0,0,0,0,0,0,0,0,0,0,0,0,0,0,0,0,0,0,0,0,0,0,0,0,0,0,0
891faea1003ffff,50.1544,8.62268,frankfurt,True,581,8.42397,257,False,0.263866,False,343,0.910145,0,0,0,0,0,0,0,0,0,0,0,0,0,0,0,0,0,0,0,0,0,0,0,0,0,0,2,0,0
891faea1007ffff,50.1549,8.62744,frankfurt,True,1071,6.86112,349,False,0.362782,False,438,0.754386,0,0,0,0,0,0,0,1,0,0,0,0,0,0,0,0,0,0,0,0,0,0,0,0,0,0,0,0,0
891faea100bffff,50.1517,8.62065,frankfurt,True,415,10.5084,148,False,0.449412,False,211,0.855814,0,0,0,0,0,0,0,0,0,0,0,0,0,0,0,0,0,0,1,0,0,0,0,0,0,0,2,0,1
891faea100fffff,50.1522,8.6254,frankfurt,True,654,9.84642,257,False,0.38864,False,354,0.897281,0,0,0,0,0,0,0,1,0,0,0,0,1,2,0,0,0,0,0,0,0,0,0,0,0,0,1,0,0
891faea1013ffff,50.1567,8.61996,frankfurt,True,427,7.5731,145,False,0.357309,False,181,0.745946,0,0,0,0,0,0,0,0,0,0,0,0,0,0,0,0,0,0,0,0,0,0,0,0,0,0,2,0,0
891faea1017ffff,50.1572,8.62472,frankfurt,True,1008,9.49087,355,False,0.362463,False,457,0.820675,0,0,0,0,0,0,0,0,0,0,0,0,0,0,0,0,0,0,0,0,0,0,0,0,0,0,0,0,0
891faea101bffff,50.1539,8.61793,frankfurt,True,3,8.6336,0,True,0.5,False,0,0.873724,0,0,0,0,0,0,0,0,0,0,0,0,0,0,0,0,0,0,0,0,0,0,0,0,0,0,0,0,0
891faea1023ffff,50.1532,8.63491,frankfurt,True,716,7.35553,347,False,0.3397,False,350,0.869186,0,0,0,0,0,0,0,0,0,0,0,0,0,0,0,0,0,0,1,0,0,0,0,1,0,0,1,0,2
891faea1027ffff,50.1536,8.63967,frankfurt,True,638,8.49032,280,False,0.322169,False,303,0.869128,0,0,0,0,0,0,0,0,0,0,0,0,0,1,0,0,0,0,0,1,0,0,0,0,1,0,1,0,0
891faea102bffff,50.1504,8.63288,frankfurt,True,199,8.42731,93,False,0.282927,False,93,0.908046,0,0,0,0,0,0,0,0,0,0,0,0,0,0,0,0,0,0,0,0,0,0,0,0,0,0,0,0,0
891faea102fffff,50.1509,8.63764,frankfurt,True,65,8.236,30,False,0.373134,False,30,0.833333,0,0,0,0,0,0,0,0,0,0,0,0,0,0,0,0,0,0,0,0,0,0,0,0,0,0,0,0,0
891faea1033ffff,50.1554,8.63219,frankfurt,True,740,6.12917,312,False,0.379032,False,331,0.843077,0,0,0,0,0,0,0,0,0,0,0,0,1,0,0,0,0,3,0,0,0,0,0,0,0,0,1,0,0
891faea1037ffff,50.1559,8.63695,frankfurt,True,1102,6.73737,520,False,0.360254,False,537,0.865699,0,0,0,0,0,0,0,0,0,0,0,0,0,0,0,0,0,0,0,0,0,0,0,0,0,0,0,0,0
891faea103bffff,50.1527,8.63016,frankfurt,True,1566,7.47618,718,False,0.344806,False,718,0.863764,0,0,0,0,0,0,0,0,0,0,0,0,0,0,0,0,0,1,0,0,0,1,0,0,0,0,2,0,0
891faea1043ffff,50.1484,8.61386,frankfurt,True,308,10.3541,105,False,0.381579,False,155,0.850649,0,0,0,0,0,0,0,0,0,0,0,0,0,0,0,0,0,0,0,1,0,0,0,0,0,0,2,0,0
891faea1047ffff,50.1489,8.61862,frankfurt,True,630,8.71408,201,False,0.345853,False,323,0.863777,0,0,0,0,0,0,0,0,0,0,0,0,0,0,0,0,0,0,0,0,0,0,0,1,0,0,1,0,1
891faea104bffff,50.1457,8.61183,frankfurt,True,422,9.6675,28,False,0.286747,False,200,0.843575,0,0,0,0,0,0,0,1,0,0,0,0,1,2,0,0,0,0,1,0,0,0,0,0,0,0,2,0,0
891faea104fffff,50.1462,8.61659,frankfurt,True,384,9.8851,49,False,0.261905,False,162,0.782313,0,0,0,0,0,0,0,0,0,0,0,0,0,0,0,0,0,0,0,0,0,0,0,0,0,0,0,0,0
891faea1053ffff,50.1507,8.61114,frankfurt,True,58,11.32,17,False,0.269231,False,28,0.85,0,0,0,0,0,0,0,0,0,0,0,0,0,0,0,0,0,0,0,0,0,0,0,0,0,0,0,0,0
891faea1057ffff,50.1512,8.6159,frankfurt,True,513,9.29347,173,False,0.457086,False,258,0.862745,0,0,0,0,0,0,0,0,0,0,0,0,0,0,0,0,0,0,0,0,0,0,0,0,0,0,0,0,0
891faea105bffff,50.148,8.60911,frankfurt,True,74,8.73398,0,True,0.506849,False,25,0.75,0,0,0,0,0,0,0,0,0,0,1,0,0,0,0,0,0,0,0,0,0,0,0,0,0,0,0,0,0
891faea1063ffff,50.1472,8.62609,frankfurt,True,296,8.91784,74,False,0.334416,False,139,0.868056,0,0,0,0,0,0,0,0,0,0,0,0,0,0,0,0,0,0,0,0,0,0,0,0,0,0,0,0,0
891faea1067ffff,50.1477,8.63085,frankfurt,True,0,,0,False,0.459599,False,0,0.873724,0,0,0,0,0,0,0,0,0,0,0,0,0,0,0,0,0,0,0,0,0,0,0,0,0,0,0,0,0
891faea106bffff,50.1444,8.62406,frankfurt,True,252,10.211,67,False,0.390947,False,122,0.736,0,0,0,0,0,0,0,0,0,0,0,0,0,0,0,0,0,0,0,0,0,0,0,0,0,0,2,0,0
891faea106fffff,50.1449,8.62882,frankfurt,True,12,9.67,5,False,1,False,6,0.873724,0,0,0,0,0,0,0,0,0,0,0,0,0,0,0,0,0,0,0,0,0,0,0,0,0,0,0,0,0
891faea1073ffff,50.1494,8.62337,frankfurt,True,724,7.59576,191,False,0.482615,False,432,0.955399,0,0,0,0,0,0,0,0,0,0,2,0,0,2,0,0,0,0,0,0,0,0,0,0,0,0,2,0,0
891faea1077ffff,50.1499,8.62813,frankfurt,True,91,8.27512,41,False,0.243902,False,41,0.875,0,0,0,0,0,0,0,0,0,0,0,0,0,0,0,0,0,0,0,0,0,0,0,0,0,0,0,0,0
891faea107bffff,50.1467,8.62134,frankfurt,True,277,9.12849,73,False,0.322807,False,133,0.838462,0,0,0,0,0,0,0,0,0,0,0,0,0,1,0,0,0,0,0,0,0,0,0,0,0,0,0,0,0
891faea1083ffff,50.1617,8.61927,frankfurt,True,1262,8.0257,502,False,0.407031,False,587,0.817863,0,0,0,0,0,0,0,0,0,0,0,0,0,0,0,0,0,0,0,0,0,0,0,0,0,0,2,0,0
891faea1087ffff,50.1622,8.62403,frankfurt,True,446,6.77077,182,False,0.38322,False,217,0.830357,0,0,0,0,0,0,0,0,0,0,0,0,0,0,0,0,0,0,0,0,0,0,0,0,0,0,0,0,0
891faea108bffff,50.1589,8.61724,frankfurt,True,669,7.43352,253,False,0.393985,False,310,0.794212,0,0,0,0,0,0,0,0,0,0,0,0,0,0,0,0,0,0,0,0,0,0,0,0,0,0,0,0,0
891faea108fffff,50.1594,8.62199,frankfurt,True,329,8.45842,101,False,0.383929,False,138,0.885496,0,0,0,0,0,0,0,0,0,0,0,0,0,0,0,0,0,0,0,0,0,0,0,0,0,0,0,0,0
891faea1093ffff,50.164,8.61655,frankfurt,True,1173,7.16626,567,False,0.415046,False,602,0.84065,0,0,0,0,0,0,0,0,0,0,0,0,0,1,0,0,0,0,0,0,0,0,0,0,0,0,1,0,0
891faea1097ffff,50.1644,8.6213,frankfurt,True,890,10.3217,439,False,0.444318,False,518,0.885277,0,0,0,0,0,0,0,1,0,0,0,0,1,1,2,0,0,0,0,0,0,0,0,1,0,0,2,0,1
891faea109bffff,50.1612,8.61452,frankfurt,True,940,7.69825,291,False,0.365751,False,395,0.778351,0,0,0,0,0,0,0,0,0,0,0,0,0,0,0,0,0,0,0,0,0,0,0,0,0,0,0,0,0
891faea10a3ffff,50.1604,8.6315,frankfurt,True,798,9.02375,331,False,0.406289,False,414,0.825359,0,0,0,0,0,0,0,0,0,0,0,0,0,0,0,0,0,0,0,0,0,0,0,0,0,0,0,0,0
891faea10a7ffff,50.1609,8.63626,frankfurt,True,216,8.6729,69,False,0.353234,False,101,0.835165,0,0,0,0,0,0,0,0,0,0,0,0,0,0,0,0,0,0,0,0,0,0,0,0,0,0,0,0,0
891faea10abffff,50.1577,8.62947,frankfurt,True,1265,7.88123,455,False,0.375594,False,532,0.778409,0,0,0,0,0,0,0,0,0,0,0,0,0,0,0,0,0,0,0,0,0,0,0,0,0,0,1,0,0
891faea10afffff,50.1582,8.63423,frankfurt,True,185,8.51811,122,False,0.476684,False,126,0.952,1,0,0,1,0,0,0,4,1,2,5,0,5,8,1,1,2,13,1,0,0,0,0,0,0,1,2,2,4
891faea10b3ffff,50.1627,8.62878,frankfurt,True,1093,9.5824,321,False,0.36489,False,453,0.825607,0,0,0,0,0,0,0,0,0,0,0,0,0,0,0,0,0,0,0,0,0,0,0,0,0,0,2,0,0
891faea10b7ffff,50.1632,8.63354,frankfurt,True,652,9.22199,201,False,0.372457,False,299,0.818471,0,0,0,0,0,0,0,0,0,0,0,0,0,0,0,0,0,0,0,1,0,0,0,0,1,0,1,0,0
891faea10bbffff,50.1599,8.62675,frankfurt,True,136,5.6012,25,False,0.402778,False,62,0.872727,0,0,0,0,0,0,0,0,0,0,0,0,0,0,0,0,0,0,0,0,0,0,0,0,0,0,0,0,0
891faea10c3ffff,50.1557,8.61045,frankfurt,True,12,3.86,6,False,0.459599,True,6,1,0,0,0,0,0,0,0,0,0,0,0,0,0,0,0,0,0,0,0,0,0,0,0,0,0,0,0,0,0
891faea10c7ffff,50.1562,8.61521,frankfurt,True,0,,0,False,0.459599,False,0,0.873724,0,0,0,0,0,0,0,0,0,0,0,0,0,0,0,0,0,0,0,0,0,0,0,0,0,0,0,0,0
891faea10cbffff,50.153,8.60842,frankfurt,True,19,8.48,3,False,0.428571,False,7,0.873724,0,0,0,0,0,0,0,0,0,0,0,0,0,0,0,0,0,0,0,0,0,0,0,0,0,0,0,0,0
891faea10cfffff,50.1534,8.61317,frankfurt,True,284,10.0672,87,False,0.552448,False,189,0.925532,0,0,0,0,0,0,0,0,0,0,0,0,0,0,0,0,0,0,0,0,0,0,0,0,0,0,0,0,0
891faea10d3ffff,50.158,8.60773,frankfurt,True,0,,0,False,0.459599,False,0,0.873724,0,0,0,0,0,0,0,0,0,0,0,0,0,0,0,0,0,0,0,0,0,0,0,0,0,0,0,0,0
891faea10d7ffff,50.1585,8.61248,frankfurt,True,0,,0,False,0.459599,False,0,0.873724,0,0,0,0,0,0,0,0,0,0,0,0,0,0,0,0,0,0,0,0,0,0,0,0,0,0,0,0,0
891faea10dbffff,50.1552,8.6057,frankfurt,True,0,,0,False,0.459599,False,0,0.873724,0,0,0,0,0,0,0,0,0,0,0,0,0,0,0,0,0,0,0,0,0,0,0,0,0,0,0,0,0
891faea1103ffff,50.1579,8.65597,frankfurt,True,760,10.3166,345,False,0.529566,False,447,0.903803,0,1,0,0,0,0,0,1,0,0,0,0,0,1,1,0,0,0,0,0,0,0,0,0,1,1,8,0,0
891faea1107ffff,50.1584,8.66073,frankfurt,True,620,11.8938,198,False,0.429739,False,314,0.875776,0,0,0,0,0,0,0,0,0,0,0,0,0,0,0,0,0,0,0,0,0,0,0,0,0,0,2,0,0
891faea110bffff,50.1551,8.65394,frankfurt,True,453,11.4609,124,False,0.396996,False,196,0.816667,0,0,0,0,0,0,0,0,0,0,0,0,0,0,0,0,0,0,0,0,0,0,0,0,0,0,0,0,0
891faea110fffff,50.1556,8.65869,frankfurt,True,844,10.6527,342,False,0.432727,False,453,0.89842,0,1,0,0,0,0,0,0,0,0,1,0,2,0,0,0,0,0,0,0,0,0,0,0,0,0,0,0,0
891faea1113ffff,50.1601,8.65325,frankfurt,True,228,10.2538,97,False,0.466387,False,112,0.825,0,0,0,0,0,0,0,0,0,0,0,0,0,0,0,0,0,0,0,0,0,0,0,0,0,0,1,0,0
891faea1117ffff,50.1606,8.65801,frankfurt,True,563,10.9274,207,False,0.5,False,312,0.876972,0,0,0,0,0,0,0,0,0,0,0,0,0,1,0,0,0,0,0,0,0,0,0,0,0,0,2,0,0
891faea111bffff,50.1574,8.65121,frankfurt,True,812,11.0246,349,False,0.483476,False,457,0.900862,0,0,0,0,0,0,0,0,0,0,0,0,0,0,0,0,0,0,0,0,0,0,0,0,0,0,0,0,1
891faea1123ffff,50.1566,8.6682,frankfurt,True,477,9.53569,209,False,0.401274,False,275,0.885017,0,0,0,0,0,0,0,0,0,0,0,0,0,0,0,0,0,0,0,0,0,0,0,0,0,0,3,0,0
891faea1127ffff,50.1571,8.67296,frankfurt,True,0,,0,False,0.459599,False,0,0.873724,0,0,0,0,0,0,0,0,0,0,0,0,0,0,0,0,0,0,0,0,0,0,0,0,0,0,0,0,0
891faea112bffff,50.1538,8.66617,frankfurt,True,960,9.5679,424,False,0.424528,False,558,0.910233,0,0,0,0,0,0,0,1,0,0,0,0,0,0,1,0,0,0,0,0,0,0,0,0,0,0,2,0,0
891faea112fffff,50.1543,8.67093,frankfurt,True,885,9.08326,304,False,0.395349,False,404,0.784314,0,0,0,0,0,0,0,0,0,0,0,0,0,0,0,0,0,0,1,0,0,0,0,0,0,0,0,0,0
891faea1133ffff,50.1588,8.66548,frankfurt,True,715,9.90997,399,False,0.439306,False,480,0.946352,0,0,0,0,0,0,0,0,0,0,0,0,0,0,0,0,0,0,0,0,0,0,0,0,0,0,0,0,0
891faea1137ffff,50.1593,8.67024,frankfurt,True,0,,0,False,0.459599,False,0,0.873724,0,0,0,0,0,0,0,0,0,0,0,0,0,0,0,0,0,0,0,0,0,0,0,0,0,0,0,0,0
891faea113bffff,50.1561,8.66345,frankfurt,True,684,10.4071,374,False,0.463811,False,396,0.906566,0,0,0,0,0,0,0,0,0,0,0,0,0,0,0,0,0,0,0,0,0,0,0,0,0,0,2,0,0
891faea1143ffff,50.1519,8.64715,frankfurt,True,11,9.95052,0,True,0,False,8,0.873724,0,0,0,0,0,0,0,0,0,0,0,0,0,0,0,0,0,0,0,0,0,0,0,0,0,0,0,0,0
891faea1147ffff,50.1524,8.6519,frankfurt,True,124,7.73,56,False,0.44,False,56,0.839286,0,0,0,0,0,0,0,0,0,0,0,0,0,0,0,0,0,0,0,0,0,0,0,0,0,0,0,0,0
891faea114bffff,50.1491,8.64511,frankfurt,True,0,,0,False,0.459599,False,0,0.873724,0,0,0,0,0,0,0,0,0,0,0,0,0,0,0,0,0,0,0,0,0,0,0,0,0,0,0,0,0
891faea114fffff,50.1496,8.64987,frankfurt,True,0,,0,False,0.459599,False,0,0.873724,0,0,0,0,0,0,0,0,0,0,0,0,0,0,0,0,0,0,0,0,0,0,0,0,0,0,0,0,0
891faea1153ffff,50.1541,8.64442,frankfurt,True,253,8.36054,111,False,0.280632,False,109,0.868421,0,0,0,0,0,0,0,0,0,0,0,0,0,0,0,0,0,0,0,0,0,0,0,0,0,0,0,0,0
891faea1157ffff,50.1546,8.64918,frankfurt,True,562,8.97845,238,False,0.392157,False,238,0.840336,0,0,0,0,0,0,0,0,0,0,0,0,0,0,0,0,0,0,0,0,0,0,0,0,0,0,0,0,0
891faea115bffff,50.1514,8.64239,frankfurt,True,96,8.82141,64,False,0.387755,False,64,1,0,0,0,0,0,0,0,0,0,0,0,0,0,0,0,0,0,0,0,0,0,0,0,0,0,0,0,0,0
891faea1163ffff,50.1506,8.65938,frankfurt,True,622,11.746,176,False,0.361465,False,305,0.828859,0,0,0,0,0,0,0,0,0,0,0,0,0,0,0,0,0,0,0,0,0,0,0,0,0,0,0,0,0
891faea1167ffff,50.1511,8.66414,frankfurt,True,820,10.3953,304,False,0.425718,False,426,0.855478,0,0,0,0,0,0,0,2,0,0,1,0,0,1,0,0,0,0,0,0,0,0,0,0,0,0,0,0,0
891faea116bffff,50.1479,8.65734,frankfurt,True,1009,10.4356,366,False,0.365328,False,543,0.890485,0,0,0,0,0,0,0,1,0,0,0,0,0,1,0,0,0,0,1,1,0,0,0,0,0,0,4,0,2
891faea116fffff,50.1483,8.6621,frankfurt,True,1113,11.0683,318,False,0.391226,False,551,0.815412,0,0,0,0,0,0,0,0,0,0,1,0,0,0,0,0,0,0,0,0,0,0,0,0,0,0,0,0,0
891faea1173ffff,50.1529,8.65666,frankfurt,True,737,11.9927,214,False,0.316438,False,375,0.875989,0,0,0,0,0,0,0,0,0,0,0,0,0,0,0,0,0,0,0,0,0,0,0,0,0,0,3,0,0
891faea1177ffff,50.1534,8.66141,frankfurt,True,824,10.6713,363,False,0.450957,False,443,0.891705,0,0,0,0,0,0,0,0,0,0,1,0,2,1,0,0,0,0,0,0,0,0,0,1,1,0,2,0,1
891faea117bffff,50.1501,8.65462,frankfurt,True,374,11.5899,76,False,0.319035,False,169,0.76506,0,0,0,0,0,0,0,0,0,0,0,0,0,0,0,0,0,0,0,0,0,0,0,0,0,0,1,0,0
891faea1183ffff,50.1651,8.65256,frankfurt,True,105,10.5996,27,False,0.297872,False,51,0.84,0,0,0,0,0,0,0,0,0,0,0,0,0,1,0,0,0,0,0,0,0,0,0,0,0,0,0,0,0
891faea1187ffff,50.1656,8.65732,frankfurt,True,1073,9.30416,440,False,0.451461,False,546,0.837383,0,0,0,0,0,0,0,0,0,0,0,0,0,1,0,0,0,0,0,0,0,0,0,0,0,0,2,0,0
891faea118bffff,50.1624,8.65053,frankfurt,True,213,9.93774,53,False,0.415842,False,94,0.853933,0,0,0,0,0,0,0,0,0,0,0,0,1,1,0,0,0,0,0,0,0,0,0,0,1,0,4,0,0
891faea118fffff,50.1629,8.65528,frankfurt,True,593,10.1623,209,False,0.434483,False,310,0.879085,0,0,0,0,0,0,0,0,0,0,0,0,0,0,0,0,0,0,0,0,0,0,0,0,0,0,2,0,0
891faea1193ffff,50.1674,8.64984,frankfurt,True,0,,0,False,0.459599,False,0,0.873724,0,0,0,0,0,0,0,0,0,0,0,0,0,0,0,0,0,0,0,0,0,0,0,0,0,0,0,0,0
891faea1197ffff,50.1679,8.6546,frankfurt,True,106,10.995,8,False,0.1875,False,41,0.769231,0,0,0,0,0,0,0,0,0,0,0,0,0,0,0,0,0,0,0,0,0,0,0,0,0,0,0,0,0
891faea119bffff,50.1646,8.64781,frankfurt,True,332,8.97321,109,False,0.321767,False,150,0.781955,0,0,0,0,0,0,0,0,0,0,0,0,0,0,0,0,0,0,0,0,0,0,0,0,0,0,0,0,1
891faea11a3ffff,50.1639,8.6648,frankfurt,True,284,10.97,3,False,0.21843,False,63,0.555556,0,0,0,0,0,0,0,0,0,0,0,0,0,0,0,0,0,0,0,0,0,0,0,0,0,0,2,0,0
891faea11a7ffff,50.1643,8.66955,frankfurt,True,363,11.5363,30,False,0.290698,False,151,0.826923,0,0,0,0,0,0,0,0,0,0,0,0,0,0,0,0,0,0,0,0,0,0,0,0,0,0,1,0,0
891faea11abffff,50.1611,8.66276,frankfurt,True,1018,11.3026,282,False,0.404715,False,480,0.817582,0,0,0,0,0,0,0,0,0,0,1,0,0,0,0,0,0,0,0,0,0,0,0,0,0,0,0,0,1
891faea11afffff,50.1616,8.66752,frankfurt,True,193,12.7187,31,False,0.386598,False,86,0.784091,0,0,0,0,0,0,0,0,0,0,0,0,0,0,0,0,0,0,0,0,0,0,0,0,0,0,0,0,0
891faea11b3ffff,50.1661,8.66207,frankfurt,True,377,8.87621,174,False,0.492228,False,205,0.882653,0,0,0,0,0,0,0,0,0,0,0,0,0,0,0,0,0,0,0,0,0,0,0,0,0,0,0,0,0
891faea11b7ffff,50.1666,8.66683,frankfurt,True,130,12.1283,23,False,0.344,False,62,0.754386,0,0,0,0,0,0,0,0,0,0,0,0,0,0,0,0,0,0,0,0,0,0,0,0,0,0,0,0,0
891faea11bbffff,50.1634,8.66004,frankfurt,True,423,10.3668,142,False,0.441805,False,218,0.874419,0,0,0,0,0,0,0,0,0,0,0,0,0,1,0,0,0,0,0,0,0,0,0,0,0,0,1,0,0
891faea11c3ffff,50.1591,8.64374,frankfurt,True,1243,9.59182,490,False,0.425203,False,696,0.909483,0,0,0,0,0,0,0,0,0,0,0,0,0,0,0,0,0,0,0,0,0,0,0,0,0,0,1,0,1
891faea11c7ffff,50.1596,8.64849,frankfurt,True,1097,10.0378,419,False,0.507748,False,562,0.883275,0,0,0,0,0,0,0,2,0,0,1,0,0,3,1,1,0,0,0,0,0,0,0,0,0,0,1,0,2
891faea11cbffff,50.1564,8.6417,frankfurt,True,807,8.68338,293,False,0.374846,False,368,0.810056,0,0,0,0,0,0,0,0,0,0,0,0,0,0,0,0,0,0,0,0,0,0,0,0,0,0,2,0,0
891faea11cfffff,50.1569,8.64646,frankfurt,True,753,9.97484,217,False,0.395288,False,365,0.86612,0,0,0,0,0,0,0,0,0,0,1,0,1,2,0,0,0,0,1,0,0,0,0,0,0,0,1,0,0
891faea11d3ffff,50.1614,8.64102,frankfurt,True,1072,9.23147,484,False,0.461962,False,636,0.932813,0,0,0,0,0,0,0,0,0,0,0,0,0,1,0,0,0,0,0,0,0,0,0,0,0,0,2,0,0
891faea11d7ffff,50.1619,8.64577,frankfurt,True,839,9.98407,324,False,0.457788,False,424,0.880952,1,0,0,0,0,0,0,2,0,0,0,0,0,1,2,0,0,0,0,0,0,0,0,0,0,0,1,0,0
891faea11dbffff,50.1587,8.63898,frankfurt,True,1203,8.19504,379,False,0.321488,False,528,0.824197,0,0,0,0,0,0,0,0,0,0,0,0,0,0,0,0,0,0,0,0,0,0,0,0,0,0,0,0,1
891faea1203ffff,50.1352,8.60846,frankfurt,True,259,8.26359,39,False,0.268382,False,124,0.874016,0,0,0,0,0,0,0,0,0,0,0,0,0,0,0,0,0,0,1,0,0,0,0,0,0,0,0,0,0
891faea1207ffff,50.1357,8.61321,frankfurt,True,779,8.76223,372,False,0.389323,False,421,0.904412,0,0,0,0,0,0,0,0,0,0,0,0,0,0,0,0,0,0,0,0,0,0,0,0,0,1,2,0,0
891faea120bffff,50.1324,8.60643,frankfurt,True,0,,0,False,0.459599,False,0,0.873724,0,0,0,0,0,0,0,0,0,0,0,0,0,0,0,0,0,0,1,0,0,0,0,0,0,0,0,0,0
891faea120fffff,50.1329,8.61118,frankfurt,True,551,9.67092,251,False,0.467772,False,274,0.848921,0,0,0,0,0,0,0,0,0,0,0,0,0,0,0,0,0,0,0,0,0,0,0,0,0,0,0,0,0
891faea1213ffff,50.1374,8.60574,frankfurt,True,117,10.7933,27,False,0.288136,False,58,0.876923,0,0,0,0,0,0,0,0,0,0,0,0,0,0,0,0,0,0,1,0,0,0,0,0,0,0,0,0,0
891faea1217ffff,50.1379,8.61049,frankfurt,True,399,6.84672,125,False,0.357143,False,200,0.87766,0,0,0,0,0,0,0,0,0,0,0,0,0,0,0,0,0,0,0,0,0,0,0,0,0,1,0,0,0
891faea121bffff,50.1347,8.6037,frankfurt,True,0,,0,False,0.459599,False,0,0.873724,0,0,0,0,0,0,0,0,0,0,0,0,0,1,0,0,0,0,0,0,0,0,0,0,0,0,0,0,0
891faea1223ffff,50.1339,8.62069,frankfurt,True,267,11.4239,31,False,0.5,False,43,0.8125,0,0,0,0,0,0,0,0,0,0,0,0,0,0,0,0,0,0,0,0,0,0,0,0,0,0,0,0,0
891faea1227ffff,50.1344,8.62544,frankfurt,True,624,8.12115,270,False,0.377517,False,313,0.872549,0,0,0,0,0,0,0,0,0,0,0,0,0,1,1,0,0,0,0,0,0,0,0,0,0,0,2,0,2
891faea122bffff,50.1312,8.61865,frankfurt,True,1081,8.31354,469,False,0.461179,False,542,0.850534,0,0,0,0,0,0,0,0,0,0,1,0,1,1,0,0,0,0,1,0,0,0,0,0,0,1,1,0,0
891faea122fffff,50.1317,8.62341,frankfurt,True,892,8.72997,301,False,0.419209,False,420,0.839161,0,0,0,0,0,0,0,0,0,0,1,0,0,1,1,0,0,0,0,0,0,0,0,0,0,0,0,0,0
891faea1233ffff,50.1362,8.61796,frankfurt,True,223,9.0627,89,False,0.39726,False,110,0.852941,0,0,0,0,0,0,0,0,0,0,0,0,0,0,0,0,0,0,0,0,0,0,0,0,0,0,0,0,0
891faea1237ffff,50.1367,8.62272,frankfurt,True,608,11.8086,147,False,0.368159,False,269,0.792727,0,0,0,0,0,0,0,0,0,0,0,0,0,0,0,0,0,0,0,0,0,0,0,0,0,1,0,0,0
891faea123bffff,50.1334,8.61593,frankfurt,True,577,10.0626,225,False,0.458262,False,258,0.787313,0,0,0,0,0,0,0,0,0,0,0,0,0,0,0,0,0,0,0,0,0,0,0,0,0,0,0,0,0
891faea1243ffff,50.1292,8.59964,frankfurt,True,9,7.92,6,False,0.461538,False,3,1,0,0,0,0,0,0,0,0,0,0,0,0,0,0,0,0,0,0,0,0,0,0,0,0,0,0,0,0,1
891faea1247ffff,50.1297,8.6044,frankfurt,True,0,,0,False,0.459599,False,0,0.873724,0,0,0,0,0,0,0,0,0,0,0,0,0,0,0,0,0,0,0,0,0,0,0,0,0,0,0,0,0
891faea124bffff,50.1264,8.59761,frankfurt,True,390,7.53512,129,False,0.466837,False,156,0.810458,0,0,0,0,0,0,0,0,0,0,0,0,0,0,0,0,0,0,0,0,0,0,0,0,0,0,0,0,0
891faea124fffff,50.1269,8.60236,frankfurt,True,817,7.89301,219,False,0.349754,False,343,0.836676,0,0,0,0,0,0,0,0,0,0,0,0,0,2,0,0,0,0,0,0,0,0,1,0,0,0,2,0,2
891faea1253ffff,50.1315,8.59692,frankfurt,True,0,,0,False,0.459599,False,0,0.873724,0,0,0,0,0,0,0,0,0,0,0,0,0,0,0,0,0,0,0,0,0,0,0,0,0,0,0,0,0
891faea1257ffff,50.1319,8.60167,frankfurt,True,0,,0,False,0.459599,False,0,0.873724,0,0,0,0,0,0,0,0,0,0,0,0,0,0,0,0,0,0,0,0,0,0,0,0,0,0,0,0,0
891faea125bffff,50.1287,8.59489,frankfurt,True,187,11.4061,66,False,0.480447,False,98,0.930233,0,0,0,0,0,0,0,0,0,0,1,0,0,1,0,0,0,0,0,0,0,0,0,0,0,0,1,0,2
891faea1263ffff,50.1279,8.61187,frankfurt,True,1660,11.1497,687,False,0.528313,False,869,0.870011,0,0,0,0,0,0,0,0,0,1,0,0,1,3,0,0,0,1,0,0,0,0,0,0,0,0,0,0,0
891faea1267ffff,50.1284,8.61662,frankfurt,True,1108,9.10456,614,False,0.413357,False,708,0.924051,0,0,0,0,0,0,0,0,0,0,0,0,0,0,1,0,0,0,0,0,0,0,0,0,0,0,2,0,1
891faea126bffff,50.1252,8.60984,frankfurt,True,1885,11.0679,934,False,0.525867,False,1087,0.909594,0,1,0,1,0,0,0,2,1,1,1,0,6,8,0,1,0,0,1,0,0,0,0,1,0,0,4,0,2
891faea126fffff,50.1257,8.61459,frankfurt,True,1038,10.0728,460,False,0.481268,False,524,0.853933,0,0,0,0,0,0,0,2,0,0,1,0,0,2,2,0,0,0,0,1,0,0,0,0,0,0,0,0,0
891faea1273ffff,50.1302,8.60915,frankfurt,True,97,11.07,27,False,0.361905,False,40,0.918919,0,0,0,0,0,0,0,0,0,0,0,0,0,1,0,0,0,0,0,0,0,0,0,0,0,0,0,0,0
891faea1277ffff,50.1307,8.6139,frankfurt,True,1339,10.4252,665,False,0.474203,False,783,0.909804,0,0,0,0,0,0,0,0,0,0,0,0,0,1,1,0,0,0,0,0,0,0,0,0,0,0,0,0,0
891faea127bffff,50.1274,8.60712,frankfurt,True,1162,10.5009,487,False,0.511188,False,585,0.866438,0,0,0,0,0,0,0,1,0,0,0,0,0,1,0,0,0,1,0,0,0,0,0,0,0,0,1,0,0
891faea1283ffff,50.1425,8.60505,frankfurt,True,829,9.64368,163,False,0.317073,False,412,0.910714,0,0,0,0,0,0,0,0,0,0,0,0,0,0,0,0,0,0,0,0,0,0,0,0,0,0,1,0,0
891faea1287ffff,50.1429,8.6098,frankfurt,True,1349,7.80188,490,False,0.347107,False,631,0.816294,0,0,0,0,0,0,0,1,0,0,0,0,0,1,0,0,0,0,0,0,0,0,0,0,0,1,2,0,0
891faea128bffff,50.1397,8.60301,frankfurt,True,0,,0,False,0.459599,False,0,0.873724,0,0,0,0,0,0,0,0,0,0,0,0,0,0,0,0,0,0,0,0,0,0,0,0,0,0,0,0,0
891faea128fffff,50.1402,8.60777,frankfurt,True,283,12.7697,38,False,0.340984,False,114,0.738739,0,0,0,0,0,0,0,0,0,0,0,0,0,0,0,0,0,0,0,0,0,0,0,0,0,0,1,0,0
891faea1293ffff,50.1447,8.60232,frankfurt,True,334,7.35412,97,False,0.318452,False,146,0.783784,0,0,0,0,0,0,0,0,0,0,0,0,0,0,0,0,0,0,0,0,0,0,0,0,0,0,1,0,0
891faea1297ffff,50.1452,8.60708,frankfurt,True,512,9.19252,135,False,0.417308,False,247,0.84,0,0,0,0,0,0,0,0,0,0,1,0,0,0,1,0,0,0,0,0,0,0,0,0,0,0,0,0,1
891faea129bffff,50.142,8.60029,frankfurt,True,139,4.95483,58,False,0.412587,False,64,0.756757,0,0,0,0,0,0,0,0,0,0,0,0,0,0,0,0,0,0,0,0,0,0,0,0,0,0,0,0,0
891faea12a3ffff,50.1412,8.61727,frankfurt,True,125,9.36,67,False,0.409836,False,65,0.852941,0,0,0,0,0,0,0,0,0,0,0,0,1,0,0,0,0,0,0,0,0,0,0,0,0,0,0,0,0
891faea12a7ffff,50.1417,8.62203,frankfurt,True,499,11.4673,136,False,0.373673,False,241,0.832618,0,0,0,0,0,0,0,0,0,0,0,0,0,0,0,0,0,0,0,0,0,0,0,0,0,0,0,0,0
891faea12abffff,50.1384,8.61524,frankfurt,True,142,8.79693,75,False,0.446809,False,78,0.948718,0,0,0,0,0,0,0,0,0,0,0,0,0,0,0,0,0,0,0,0,0,0,0,0,0,0,1,0,0
891faea12afffff,50.1389,8.62,frankfurt,True,710,10.7373,219,False,0.31831,False,358,0.865952,0,0,0,0,0,0,0,0,0,0,0,0,0,0,0,0,0,0,0,0,0,0,0,0,0,0,0,0,0
891faea12b3ffff,50.1434,8.61455,frankfurt,True,472,7.79977,133,False,0.337553,False,174,0.697143,0,0,0,0,0,0,0,0,0,0,0,0,0,0,0,0,0,0,0,0,0,0,0,0,0,0,0,0,0
891faea12b7ffff,50.1439,8.61931,frankfurt,True,0,,0,False,0.459599,False,0,0.873724,0,0,0,0,0,0,0,0,0,0,0,0,0,0,0,0,0,0,0,0,0,0,0,0,0,0,0,0,0
891faea12bbffff,50.1407,8.61252,frankfurt,True,673,5.72677,260,False,0.377246,False,261,0.7393,0,0,0,0,0,0,0,0,0,0,0,0,0,0,0,0,0,0,0,0,0,0,0,0,0,0,1,0,0
891faea12c3ffff,50.1365,8.59623,frankfurt,True,0,,0,False,0.459599,False,0,0.873724,0,0,0,0,0,0,0,0,0,0,0,0,0,0,0,0,0,0,0,0,0,0,0,0,0,0,0,0,0
891faea12c7ffff,50.137,8.60098,frankfurt,True,0,,0,False,0.459599,False,0,0.873724,0,0,0,0,0,0,0,0,0,0,0,0,0,0,0,0,0,0,0,0,0,0,0,0,0,0,1,0,0
891faea12cbffff,50.1337,8.5942,frankfurt,True,9,11.0375,0,True,0.459599,True,3,0.873724,0,0,0,0,0,0,0,0,0,0,0,0,0,0,0,0,0,0,0,0,0,0,0,0,0,0,0,0,0
891faea12cfffff,50.1342,8.59895,frankfurt,True,0,,0,False,0.459599,False,0,0.873724,0,0,0,0,0,0,0,0,0,0,0,0,0,0,0,0,0,0,0,0,0,0,0,0,0,0,1,0,0
891faea12d3ffff,50.1387,8.59351,frankfurt,True,0,,0,False,0.459599,False,0,0.873724,0,0,0,0,0,0,0,0,0,0,0,0,0,0,0,0,0,0,0,0,0,0,0,0,0,0,0,0,0
891faea12d7ffff,50.1392,8.59826,frankfurt,True,0,,0,False,0.459599,False,0,0.873724,0,0,0,0,0,0,0,0,0,0,0,0,0,0,0,0,0,0,0,0,0,0,0,0,0,0,0,0,0
891faea12dbffff,50.136,8.59148,frankfurt,True,0,,0,False,0.459599,False,0,0.873724,0,0,0,0,0,0,0,0,0,0,0,0,0,0,0,0,0,0,0,0,0,0,0,0,0,0,0,0,0
891faea1303ffff,50.1386,8.64173,frankfurt,True,765,8.62383,433,False,0.421671,False,454,0.922395,0,0,0,0,0,0,0,0,0,0,0,0,0,0,0,0,0,0,0,0,0,0,0,0,0,0,0,0,0
891faea1307ffff,50.1391,8.64649,frankfurt,True,1530,9.13986,913,False,0.483007,False,909,0.901622,0,0,0,0,0,0,0,2,0,0,2,0,0,0,1,0,0,0,0,0,0,0,0,1,1,0,2,0,1
891faea130bffff,50.1359,8.6397,frankfurt,True,0,,0,False,0.459599,False,0,0.873724,0,0,0,0,0,0,0,0,0,0,0,0,0,0,0,0,0,0,0,0,0,0,0,0,0,0,0,0,0
891faea130fffff,50.1364,8.64445,frankfurt,True,229,8.62288,132,False,0.454545,False,138,0.957746,0,0,0,0,0,1,0,0,0,0,0,0,0,1,0,0,0,0,1,0,0,0,0,0,1,0,4,0,0
891faea1313ffff,50.1409,8.63901,frankfurt,True,3,8.55332,0,True,0,False,3,1,0,0,0,0,0,0,0,0,0,0,0,0,0,1,0,0,0,0,0,0,0,0,0,0,0,0,0,0,0
891faea1317ffff,50.1414,8.64377,frankfurt,True,482,5.86934,290,False,0.320755,False,280,0.881533,0,0,0,0,0,0,0,0,0,0,0,0,0,0,0,0,0,0,0,0,0,0,0,0,0,0,0,0,0
891faea131bffff,50.1381,8.63698,frankfurt,True,5,8.42482,0,True,0.459599,True,0,0.873724,0,0,0,0,0,0,0,0,0,0,0,0,0,1,0,0,0,0,0,1,0,0,0,0,0,0,0,0,0
891faea1323ffff,50.1373,8.65396,frankfurt,True,534,11.0788,173,False,0.421846,False,249,0.824,0,0,0,0,0,0,0,0,0,0,0,0,0,1,0,0,0,0,0,0,0,0,0,0,0,0,2,0,2
891faea1327ffff,50.1378,8.65872,frankfurt,True,802,6.24541,244,False,0.395291,False,245,0.55,0,0,0,0,0,0,0,0,0,0,0,0,0,0,0,0,0,0,0,0,0,0,0,0,0,0,1,0,0
891faea132bffff,50.1346,8.65193,frankfurt,True,0,,0,False,0.459599,False,0,0.873724,0,0,0,0,0,0,0,0,0,0,0,0,0,2,0,0,0,0,0,0,0,0,0,0,0,0,0,0,0
891faea132fffff,50.1351,8.65668,frankfurt,True,0,,0,False,0.459599,False,0,0.873724,0,0,0,0,0,0,0,0,0,0,0,0,0,0,0,0,0,0,0,0,0,0,0,0,0,0,0,0,1
891faea1333ffff,50.1396,8.65124,frankfurt,True,962,10.0364,256,False,0.489005,False,493,0.888889,0,0,0,0,0,0,0,0,0,0,0,0,0,0,0,0,0,0,0,0,0,0,0,0,0,0,0,0,0
891faea1337ffff,50.1401,8.656,frankfurt,True,1574,7.27809,613,False,0.475977,False,607,0.699834,0,0,0,0,0,0,0,1,0,0,0,0,0,0,0,0,0,0,0,0,0,0,0,0,0,0,1,0,0
891faea133bffff,50.1369,8.64921,frankfurt,True,526,10.9579,169,False,0.388368,False,262,0.884892,0,0,0,0,0,0,0,0,0,0,0,0,0,0,0,0,0,0,0,0,0,0,0,0,0,0,0,0,0
891faea1343ffff,50.1326,8.63291,frankfurt,True,711,5.93428,320,False,0.34573,False,337,0.847305,0,0,0,0,0,0,0,0,0,0,0,0,0,0,0,0,0,0,0,0,0,0,0,0,0,0,0,0,0
891faea1347ffff,50.1331,8.63767,frankfurt,True,0,,0,False,0.459599,False,0,0.873724,0,0,0,0,0,0,0,0,0,0,0,0,0,0,0,0,0,0,0,0,0,0,0,0,0,0,0,0,0
891faea134bffff,50.1299,8.63088,frankfurt,True,121,9.72505,0,True,0.445312,False,73,0.917808,0,0,0,0,0,0,0,0,0,0,0,0,0,1,0,0,0,0,0,0,0,0,0,0,1,0,3,0,0
891faea134fffff,50.1304,8.63563,frankfurt,True,0,,0,False,0.459599,False,0,0.873724,0,0,0,0,0,0,0,0,0,0,0,0,0,0,0,0,0,0,0,0,0,0,0,0,0,0,0,0,0
891faea1353ffff,50.1349,8.63019,frankfurt,True,231,9.08586,111,False,0.411523,False,119,0.846154,0,0,0,0,0,0,0,1,0,0,0,0,0,0,0,0,0,0,0,0,0,0,0,0,0,0,0,0,0
891faea1357ffff,50.1354,8.63495,frankfurt,True,0,,0,False,0.459599,False,0,0.873724,0,0,0,0,0,0,0,0,0,0,0,0,0,0,0,0,0,0,0,1,0,0,0,0,0,0,0,0,0
891faea135bffff,50.1321,8.62816,frankfurt,True,1213,10.2834,439,False,0.391803,False,603,0.846656,0,0,0,0,0,0,0,1,0,0,1,0,0,1,0,0,0,0,0,0,1,0,0,0,0,1,2,0,1
891faea1363ffff,50.1314,8.64514,frankfurt,True,749,11.4379,75,False,0.699208,False,401,0.952854,0,0,0,0,0,0,0,0,0,0,0,0,1,1,0,0,0,0,0,0,0,0,0,0,0,0,2,0,0
891faea1367ffff,50.1319,8.6499,frankfurt,True,101,14.9912,26,False,0.376238,False,49,0.744681,0,0,0,0,0,0,0,0,0,0,0,0,0,1,0,0,0,0,0,0,0,0,0,0,0,0,0,0,1
891faea136bffff,50.1286,8.64311,frankfurt,True,1404,11.8506,393,False,0.566619,False,904,0.930055,0,0,0,0,0,0,0,1,0,0,0,0,0,0,0,0,0,0,0,0,0,0,0,0,0,0,2,0,0
891faea136fffff,50.1291,8.64786,frankfurt,True,389,12.2425,88,False,0.384021,False,176,0.77193,0,0,0,0,0,0,0,0,0,0,0,0,0,0,0,0,0,0,0,0,0,0,0,0,2,0,2,0,0
891faea1373ffff,50.1336,8.64242,frankfurt,True,0,,0,False,0.459599,False,0,0.873724,0,0,0,0,0,0,0,0,0,0,0,0,0,0,0,0,0,0,0,0,0,0,0,0,0,0,0,0,0
891faea1377ffff,50.1341,8.64718,frankfurt,True,151,9.92923,65,False,0.75,False,109,0.921739,0,0,0,0,0,0,0,0,0,0,0,0,0,1,0,0,0,0,0,0,0,0,0,0,0,0,0,0,0
891faea137bffff,50.1309,8.64039,frankfurt,True,0,,0,False,0.459599,False,0,0.873724,0,0,0,0,0,0,0,0,0,0,0,0,0,0,0,0,0,0,0,0,0,0,0,0,0,0,0,0,0
891faea1383ffff,50.1459,8.63832,frankfurt,True,0,,0,False,0.459599,False,0,0.873724,0,0,0,0,0,0,0,0,0,0,0,0,0,0,0,0,0,0,0,0,0,0,0,0,0,0,0,0,0
891faea1387ffff,50.1464,8.64308,frankfurt,True,25,8.83294,0,True,0.25,False,5,0.873724,0,0,0,0,0,0,0,0,0,0,0,0,0,1,1,0,0,0,0,0,0,0,0,0,0,0,0,0,0
891faea138bffff,50.1431,8.63629,frankfurt,True,0,,0,False,0.459599,False,0,0.873724,0,0,0,0,0,0,0,0,0,0,0,0,0,0,0,0,0,0,0,0,0,0,0,0,0,0,0,0,0
891faea138fffff,50.1436,8.64105,frankfurt,True,0,,0,False,0.459599,False,0,0.873724,0,0,0,0,0,0,0,0,0,0,0,0,0,0,0,0,0,0,0,0,0,0,0,0,0,2,0,0,0
891faea1393ffff,50.1482,8.6356,frankfurt,True,0,,0,False,0.459599,False,0,0.873724,0,0,0,0,0,0,0,0,0,0,0,0,0,0,0,0,0,0,0,0,0,1,0,0,0,0,0,0,0
891faea1397ffff,50.1486,8.64036,frankfurt,True,0,,0,False,0.459599,False,0,0.873724,0,0,0,0,0,0,0,0,0,0,0,0,0,0,0,0,0,0,0,0,0,0,0,0,0,0,0,0,0
891faea139bffff,50.1454,8.63357,frankfurt,True,0,,0,False,0.459599,False,0,0.873724,0,0,0,0,0,0,0,0,0,0,0,0,0,0,0,0,0,0,0,0,0,0,0,0,0,0,0,0,0
891faea13a3ffff,50.1446,8.65056,frankfurt,True,811,10.1958,281,False,0.374704,False,420,0.855037,0,0,0,0,0,0,0,1,0,0,1,0,0,2,1,0,0,0,0,0,0,0,0,0,0,0,1,0,2
891faea13a7ffff,50.1451,8.65531,frankfurt,True,881,10.533,389,False,0.444079,False,455,0.855292,0,0,0,0,0,0,0,0,0,0,0,0,0,0,0,0,0,0,0,0,0,0,0,0,0,0,5,0,2
891faea13abffff,50.1419,8.64852,frankfurt,True,1336,8.29694,676,False,0.401335,False,745,0.883065,0,0,0,0,0,0,0,1,0,0,0,0,0,2,0,0,0,0,1,0,0,0,0,0,0,0,3,0,1
891faea13afffff,50.1424,8.65328,frankfurt,True,1115,9.10463,495,False,0.430592,False,603,0.877888,0,0,0,0,0,0,0,0,0,0,0,0,0,0,0,0,0,0,0,0,0,0,0,0,0,0,2,0,1
891faea13b3ffff,50.1469,8.64783,frankfurt,True,136,10.51,21,False,0.354167,False,57,0.754386,0,0,0,0,0,0,0,0,0,0,0,0,0,0,0,0,0,0,0,0,0,0,0,0,0,0,0,0,1
891faea13b7ffff,50.1474,8.65259,frankfurt,True,659,11.5044,190,False,0.345455,False,315,0.824451,0,0,0,0,0,0,0,0,0,0,0,0,0,0,0,0,0,0,0,0,0,0,0,0,0,0,0,0,1
891faea13bbffff,50.1441,8.6458,frankfurt,True,554,11.0646,141,False,0.403285,False,255,0.873016,0,0,0,0,0,0,0,0,0,0,0,0,0,0,0,0,0,0,0,0,0,0,0,1,0,0,0,0,0
891faea13c3ffff,50.1399,8.6295,frankfurt,True,11,12.28,6,False,0.459599,True,5,1,0,0,0,0,0,0,0,0,0,0,0,0,0,0,0,0,0,0,0,0,0,0,0,0,0,0,0,0,0
891faea13c7ffff,50.1404,8.63426,frankfurt,True,0,,0,False,0.459599,False,0,0.873724,0,0,0,0,0,0,0,0,0,0,0,0,0,1,1,0,0,0,0,0,0,0,0,0,0,0,0,0,0
891faea13cbffff,50.1372,8.62747,frankfurt,True,451,11.5419,217,False,0.451835,False,246,0.865546,0,0,0,0,0,0,0,0,0,0,0,0,0,1,0,0,0,0,0,0,0,0,0,0,0,0,0,0,0
891faea13cfffff,50.1376,8.63223,frankfurt,True,0,,0,False,0.459599,False,0,0.873724,0,0,0,0,0,0,0,0,0,0,0,0,0,0,0,0,0,0,0,0,0,0,0,0,0,0,0,0,0
891faea13d3ffff,50.1422,8.62678,frankfurt,True,266,10.3596,69,False,0.378723,False,141,0.862319,0,0,0,0,0,0,0,0,0,0,0,0,0,0,0,0,0,0,0,0,0,0,0,0,0,0,0,0,0
891faea13d7ffff,50.1427,8.63154,frankfurt,True,0,,0,False,0.459599,False,0,0.873724,0,0,0,0,0,0,0,0,0,0,0,0,0,0,0,0,0,0,0,0,0,0,0,0,0,0,0,0,0
891faea13dbffff,50.1394,8.62475,frankfurt,True,560,10.9631,141,False,0.356115,False,282,0.859259,0,0,0,0,0,0,0,0,0,0,0,0,0,0,0,0,0,0,0,0,0,0,0,0,0,0,4,0,0
891faea1403ffff,50.1702,8.60362,frankfurt,True,0,,0,False,0.459599,False,0,0.873724,0,0,0,0,0,0,0,0,0,0,0,0,0,0,0,0,0,0,0,0,0,0,0,0,0,0,0,0,0
891faea1407ffff,50.1707,8.60838,frankfurt,True,0,,0,False,0.459599,False,0,0.873724,0,0,0,0,0,0,0,0,0,0,0,0,0,0,0,0,0,0,0,0,0,0,0,0,0,0,0,0,0
891faea140bffff,50.1675,8.60159,frankfurt,True,0,,0,False,0.459599,False,0,0.873724,0,0,0,0,0,0,0,0,0,0,0,0,0,0,0,0,0,0,0,0,0,0,0,0,0,0,0,0,0
891faea140fffff,50.168,8.60635,frankfurt,True,0,,0,False,0.459599,False,0,0.873724,0,0,0,0,0,0,0,0,0,0,0,0,0,0,0,0,0,0,0,0,0,0,0,0,0,0,0,0,0
891faea1413ffff,50.1725,8.6009,frankfurt,False,0,,0,False,0.459599,False,0,0.873724,0,0,0,0,0,0,0,0,0,0,0,0,0,0,0,0,0,0,0,0,0,0,0,0,0,0,0,0,0
891faea1417ffff,50.173,8.60566,frankfurt,True,3,10.16,0,True,0.459599,True,3,0.873724,0,1,0,0,0,0,0,0,0,0,0,0,0,0,0,0,0,0,0,0,0,0,0,0,0,0,0,0,0
891faea141bffff,50.1697,8.59887,frankfurt,True,0,,0,False,0.459599,False,0,0.873724,0,0,0,0,0,0,0,0,0,0,0,0,0,0,0,0,0,0,0,0,0,0,0,0,0,0,0,0,0
891faea1423ffff,50.169,8.61586,frankfurt,True,134,10.3081,31,False,0.389831,False,67,0.814286,0,0,0,0,0,0,0,0,0,0,0,0,0,0,0,0,0,0,0,0,0,0,0,0,0,0,0,0,0
891faea1427ffff,50.1694,8.62061,frankfurt,True,408,11.3744,114,False,0.414044,False,202,0.839623,0,0,0,0,0,1,0,0,0,0,0,0,0,1,0,0,0,0,0,0,0,0,0,0,1,0,0,0,2
891faea142bffff,50.1662,8.61383,frankfurt,True,618,9.38581,186,False,0.379808,False,297,0.827476,0,0,0,0,0,0,0,0,0,0,0,0,0,0,0,0,0,0,0,0,0,0,0,0,0,0,0,0,0
891faea142fffff,50.1667,8.61858,frankfurt,True,965,8.57904,303,False,0.37564,False,434,0.821853,0,0,0,0,0,0,0,1,0,0,0,0,0,1,0,0,0,0,0,0,0,0,0,0,0,0,1,0,0
891faea1433ffff,50.1712,8.61314,frankfurt,True,0,,0,False,0.459599,False,0,0.873724,0,0,0,0,0,0,0,0,0,0,0,0,0,0,0,0,0,0,0,0,0,0,0,0,0,0,0,0,0
891faea1437ffff,50.1717,8.61789,frankfurt,True,0,,0,False,0.459599,False,0,0.873724,0,0,0,0,0,0,0,0,0,0,0,0,0,0,0,0,0,0,0,0,0,0,0,0,0,0,0,0,0
891faea143bffff,50.1685,8.6111,frankfurt,True,0,,0,False,0.459599,False,0,0.873724,0,0,0,0,0,0,0,0,0,0,0,0,0,0,0,0,0,0,0,0,0,0,0,0,0,0,0,0,0
891faea1443ffff,50.1642,8.59481,frankfurt,True,0,,0,False,0.459599,False,0,0.873724,0,0,0,0,0,0,0,0,0,0,0,0,0,0,0,0,0,0,0,0,0,0,0,0,0,0,0,0,0
891faea1447ffff,50.1647,8.59956,frankfurt,True,0,,0,False,0.459599,False,0,0.873724,0,0,0,0,0,0,0,0,0,0,0,0,0,0,0,0,0,0,0,0,0,0,0,0,0,0,0,0,0
891faea144bffff,50.1615,8.59277,frankfurt,True,0,,0,False,0.459599,False,0,0.873724,0,0,0,0,0,0,0,0,0,0,0,0,0,0,0,0,0,0,0,0,0,0,0,0,0,0,0,0,0
891faea144fffff,50.162,8.59753,frankfurt,True,0,,0,False,0.459599,False,0,0.873724,0,0,0,0,0,0,0,0,0,0,0,0,0,0,0,0,0,0,0,0,0,0,0,0,0,0,0,0,0
891faea1453ffff,50.1665,8.59208,frankfurt,True,0,,0,False,0.459599,False,0,0.873724,0,0,0,0,0,0,0,0,0,0,0,0,0,0,0,0,0,0,0,0,0,0,0,0,0,0,0,0,0
891faea1457ffff,50.167,8.59684,frankfurt,True,0,,0,False,0.459599,False,0,0.873724,0,0,0,0,0,0,0,0,0,0,0,0,0,0,0,0,0,0,0,0,0,0,0,0,0,0,0,0,0
891faea145bffff,50.1637,8.59005,frankfurt,True,0,,0,False,0.459599,False,0,0.873724,0,0,0,0,0,0,0,0,0,0,0,0,0,0,0,0,0,0,0,0,0,0,0,0,0,0,0,0,0
891faea1463ffff,50.163,8.60704,frankfurt,True,0,,0,False,0.459599,False,0,0.873724,0,0,0,0,0,0,0,0,0,0,0,0,0,0,0,0,0,0,0,0,0,0,0,0,0,0,0,0,0
891faea1467ffff,50.1635,8.61179,frankfurt,True,470,6.31041,193,False,0.385744,False,201,0.798995,0,0,0,0,0,0,0,0,0,0,0,0,0,0,0,0,0,0,0,0,0,0,0,0,0,0,0,0,0
891faea146bffff,50.1602,8.60501,frankfurt,True,0,,0,False,0.459599,False,0,0.873724,0,0,0,0,0,0,0,0,0,0,0,0,0,0,0,0,0,0,0,0,0,0,0,0,0,0,0,0,0
891faea146fffff,50.1607,8.60976,frankfurt,True,0,,0,False,0.459599,False,0,0.873724,0,0,0,0,0,0,0,0,0,0,0,0,0,0,0,0,0,0,0,0,0,0,0,0,0,0,0,0,0
891faea1473ffff,50.1652,8.60432,frankfurt,True,0,,0,False,0.459599,False,0,0.873724,0,0,0,0,0,0,0,0,0,0,0,0,0,0,0,0,0,0,0,0,0,0,0,0,0,0,0,0,0
891faea1477ffff,50.1657,8.60907,frankfurt,True,0,,0,False,0.459599,False,0,0.873724,0,0,0,0,0,0,0,0,0,0,0,0,0,0,0,0,0,0,0,0,0,0,0,0,0,0,0,0,0
891faea147bffff,50.1625,8.60228,frankfurt,True,0,,0,False,0.459599,False,0,0.873724,0,0,0,0,0,0,0,0,0,0,0,0,0,0,0,0,0,0,0,0,0,0,0,0,0,0,0,0,0
891faea1483ffff,50.1775,8.60021,frankfurt,False,80,9.92,10,False,0.25974,False,38,0.933333,0,0,0,0,0,0,0,0,0,0,0,0,0,0,0,0,0,0,0,0,0,0,0,0,0,0,0,0,0
891faea1487ffff,50.178,8.60497,frankfurt,False,23,8.72876,0,True,0.176471,False,8,0.873724,0,0,0,0,0,0,0,0,0,0,0,0,0,0,0,0,0,0,0,0,0,0,0,0,0,0,0,0,0
891faea148bffff,50.1747,8.59818,frankfurt,False,0,,0,False,0.459599,False,0,0.873724,0,0,0,0,0,0,0,0,0,0,0,0,0,0,0,0,0,0,0,0,0,0,0,0,0,0,0,0,0
891faea148fffff,50.1752,8.60293,frankfurt,False,0,,0,False,0.459599,False,0,0.873724,0,0,0,0,0,0,0,0,0,0,0,0,0,0,0,0,0,0,0,0,0,0,0,0,0,0,0,0,0
891faea1493ffff,50.1797,8.59749,frankfurt,False,279,9.04512,86,False,0.36255,False,141,0.84507,0,0,0,0,0,0,0,0,0,0,0,0,0,0,0,0,0,0,0,0,0,0,0,0,0,0,0,0,1
891faea1497ffff,50.1802,8.60224,frankfurt,False,522,7.52511,135,False,0.319066,False,238,0.867257,0,0,0,0,0,0,0,0,0,0,0,0,0,0,0,0,0,0,0,0,0,0,0,0,0,0,0,0,0
891faea149bffff,50.177,8.59545,frankfurt,False,0,,0,False,0.459599,False,0,0.873724,0,0,0,0,0,0,0,0,0,0,0,0,0,0,0,0,0,0,0,0,0,0,0,0,0,0,0,0,0
891faea14a3ffff,50.1762,8.61245,frankfurt,True,0,,0,False,0.459599,False,0,0.873724,0,0,0,0,0,0,0,0,0,0,0,0,0,0,0,0,0,0,0,0,0,0,0,0,0,0,0,0,0
891faea14a7ffff,50.1767,8.6172,frankfurt,True,775,12.169,125,False,0.545226,False,314,0.710769,0,0,0,0,0,0,0,0,0,0,0,0,0,0,0,0,0,0,0,0,0,0,0,0,0,0,4,0,0
891faea14abffff,50.1735,8.61041,frankfurt,True,0,,0,False,0.459599,False,0,0.873724,0,0,0,0,0,0,0,0,0,0,0,0,0,0,0,0,0,0,0,0,0,0,0,0,0,0,0,0,0
891faea14afffff,50.174,8.61517,frankfurt,True,22,10.36,12,False,0.5,False,12,0.769231,0,0,0,0,0,0,0,0,0,0,0,0,0,0,0,0,0,0,0,0,0,0,0,0,0,0,0,0,0
891faea14b3ffff,50.1785,8.60972,frankfurt,True,0,,0,False,0.459599,False,0,0.873724,0,0,0,0,0,0,0,0,0,0,0,0,0,0,0,0,0,0,0,0,0,0,0,0,0,0,0,0,0
891faea14b7ffff,50.179,8.61448,frankfurt,True,0,,0,False,0.459599,False,0,0.873724,0,0,0,0,0,0,0,0,0,0,0,0,0,0,0,0,0,0,0,0,0,0,0,0,0,0,0,0,0
891faea14bbffff,50.1757,8.60769,frankfurt,False,29,9.60901,0,True,0.448276,False,13,0.842105,0,0,0,0,0,0,0,0,0,0,0,0,0,1,0,0,0,0,0,0,0,0,0,0,0,0,0,0,0
891faea14c3ffff,50.1715,8.59139,frankfurt,False,0,,0,False,0.459599,False,0,0.873724,0,0,0,0,0,0,0,0,0,0,0,0,0,0,0,0,0,0,0,0,0,0,0,0,0,0,0,0,0
891faea14c7ffff,50.172,8.59615,frankfurt,True,0,,0,False,0.459599,False,0,0.873724,0,0,0,0,0,0,0,0,0,0,0,0,0,0,0,0,0,0,0,0,0,0,0,0,0,0,0,0,0
891faea14cbffff,50.1688,8.58936,frankfurt,False,10,10.15,5,False,0,False,8,1,0,0,0,0,0,0,0,0,0,0,0,0,0,0,0,0,0,0,0,0,0,0,0,0,0,0,0,0,1
891faea14cfffff,50.1692,8.59411,frankfurt,True,0,,0,False,0.459599,False,0,0.873724,0,0,0,0,0,0,0,0,0,0,0,0,0,0,0,0,0,0,0,0,0,0,0,0,0,0,0,0,0
891faea14d3ffff,50.1738,8.58867,frankfurt,False,59,8.93,18,False,0.6,False,34,1,0,0,0,0,0,0,0,0,0,0,0,0,0,0,0,0,0,0,0,0,0,0,0,0,0,1,1,0,0
891faea14d7ffff,50.1742,8.59342,frankfurt,False,0,,0,False,0.459599,False,0,0.873724,0,0,0,0,0,0,0,0,0,0,0,0,0,0,0,0,0,0,0,0,0,0,0,0,0,0,0,0,0
891faea14dbffff,50.171,8.58664,frankfurt,False,53,10.4837,19,False,0.489796,False,33,1,0,0,0,0,0,0,0,0,0,0,0,0,0,0,0,0,0,0,0,0,0,0,0,0,0,0,0,0,0
891faea1503ffff,50.1737,8.63692,frankfurt,True,220,10.0354,13,False,0.247748,False,77,0.630952,0,0,0,0,0,0,0,0,0,0,0,0,0,0,0,0,0,0,0,0,0,0,0,0,0,0,1,0,0
891faea1507ffff,50.1742,8.64167,frankfurt,True,423,22.295,206,False,0.589372,False,269,0.929104,0,0,0,0,0,0,0,0,0,0,0,0,0,0,0,0,0,0,0,0,0,0,0,0,0,0,0,0,2
891faea150bffff,50.1709,8.63488,frankfurt,True,202,23.61,214,False,0.779412,False,214,0.986239,0,0,0,0,0,0,0,0,0,0,0,0,0,0,0,0,0,0,0,0,0,0,0,0,0,0,2,0,1
891faea150fffff,50.1714,8.63964,frankfurt,True,0,,0,False,0.459599,False,0,0.873724,0,0,0,0,0,0,0,0,0,0,0,0,0,0,0,0,0,0,0,0,0,0,0,0,0,0,0,0,0
891faea1513ffff,50.1759,8.63419,frankfurt,True,622,9.70071,126,False,0.421553,False,200,0.634518,0,0,0,0,0,0,0,0,0,0,0,0,0,0,0,0,0,0,0,0,0,0,0,0,0,0,2,0,1
891faea1517ffff,50.1764,8.63895,frankfurt,True,341,10.8532,25,False,0.290419,False,130,0.748092,0,0,0,0,0,0,0,0,0,0,0,0,0,0,0,0,0,0,0,0,0,0,0,0,0,0,1,0,0
891faea151bffff,50.1732,8.63216,frankfurt,True,17,15.3257,0,True,1,False,17,1,0,0,0,0,0,0,0,0,0,0,0,0,3,1,0,0,0,0,0,0,0,0,0,0,0,0,0,9,1
891faea1523ffff,50.1724,8.64915,frankfurt,True,0,,0,False,0.459599,False,0,0.873724,0,0,0,0,0,0,0,0,0,0,0,0,0,0,0,0,0,0,0,0,0,0,0,0,0,0,0,0,0
891faea1527ffff,50.1729,8.65391,frankfurt,True,0,,0,False,0.459599,False,0,0.873724,0,0,0,0,0,0,0,0,0,0,0,0,0,0,0,0,0,0,0,0,0,0,0,0,0,0,0,0,0
891faea152bffff,50.1696,8.64712,frankfurt,True,0,,0,False,0.459599,False,0,0.873724,0,0,0,0,0,0,0,0,0,0,0,0,0,0,0,0,0,0,0,0,0,0,0,0,0,0,0,0,0
891faea152fffff,50.1701,8.65187,frankfurt,True,0,,0,False,0.459599,False,0,0.873724,0,0,0,0,0,0,0,0,0,0,0,0,0,0,0,0,0,0,0,0,0,0,0,0,0,0,0,0,0
891faea1533ffff,50.1747,8.64643,frankfurt,True,0,,0,False,0.459599,False,0,0.873724,0,0,0,0,0,0,0,0,0,0,0,0,0,0,0,0,0,0,0,0,0,0,0,0,0,0,0,0,0
891faea1537ffff,50.1751,8.65119,frankfurt,True,0,,0,False,0.459599,False,0,0.873724,0,0,0,0,0,0,0,0,0,0,0,0,0,0,0,0,0,0,0,0,0,0,0,0,0,0,0,0,0
891faea153bffff,50.1719,8.6444,frankfurt,True,0,,0,False,0.459599,False,0,0.873724,0,0,0,0,0,0,0,0,0,0,0,0,0,0,0,0,0,0,0,0,0,0,0,0,0,1,0,0,0
891faea1543ffff,50.1677,8.62809,frankfurt,True,35,10.8509,0,True,0.275,False,10,0.873724,0,0,0,0,0,0,0,0,0,0,0,0,0,0,0,0,0,0,0,0,0,0,0,0,1,0,0,0,0
891faea1547ffff,50.1682,8.63285,frankfurt,True,10,11.7299,0,True,0,False,5,1,0,0,0,0,0,0,0,0,0,0,0,0,0,0,0,0,0,0,0,0,0,0,0,0,0,0,0,0,3
891faea154bffff,50.1649,8.62606,frankfurt,True,630,10.9243,172,False,0.449275,False,299,0.866221,0,0,0,0,0,0,0,1,0,0,0,0,0,0,0,0,0,0,0,0,0,0,0,0,0,0,1,0,0
891faea154fffff,50.1654,8.63081,frankfurt,True,483,12.3532,100,False,0.358025,False,213,0.763819,0,0,0,0,0,0,0,0,0,0,0,0,0,0,0,0,0,0,0,0,0,0,0,0,0,0,0,0,0
891faea1553ffff,50.1699,8.62537,frankfurt,True,275,11.6698,186,False,0.270073,False,196,1,0,0,0,0,0,0,0,0,0,0,0,0,0,0,0,0,0,0,0,0,0,0,0,0,0,0,0,0,0
891faea1557ffff,50.1704,8.63013,frankfurt,True,0,,0,False,0.459599,False,0,0.873724,0,0,0,0,0,0,0,0,0,0,0,0,0,0,0,0,0,0,0,0,0,0,0,0,0,0,0,1,0
891faea155bffff,50.1672,8.62334,frankfurt,True,861,9.18354,285,False,0.37471,False,458,0.88521,0,0,0,0,0,0,0,0,0,0,0,0,0,0,1,0,0,1,0,0,0,0,0,0,0,0,0,0,0
891faea1563ffff,50.1664,8.64033,frankfurt,True,787,12.9717,47,False,0.313194,False,311,0.75,0,0,0,0,0,0,0,0,0,0,0,0,0,0,0,0,0,0,0,0,0,0,0,0,0,0,0,0,0
891faea1567ffff,50.1669,8.64508,frankfurt,True,479,11.5686,51,False,0.371608,False,188,0.717647,0,0,0,0,0,0,0,1,0,0,0,0,0,0,0,0,0,0,0,0,0,0,0,0,1,0,2,0,0
891faea156bffff,50.1637,8.63829,frankfurt,True,502,10.9069,100,False,0.377083,False,177,0.8,0,0,0,0,0,0,0,1,0,0,0,0,0,0,0,0,0,0,0,0,0,0,0,0,0,0,0,0,2
891faea156fffff,50.1642,8.64305,frankfurt,True,1154,8.33652,385,False,0.366173,False,495,0.792,0,0,0,0,0,0,0,0,0,0,0,0,0,1,0,0,0,0,0,0,0,0,0,0,0,1,2,0,0
891faea1573ffff,50.1687,8.6376,frankfurt,True,609,10.1318,173,False,0.379421,False,260,0.804428,0,0,0,0,0,0,0,1,0,0,1,0,1,2,0,0,0,0,0,0,0,0,0,0,0,0,2,0,0
891faea1577ffff,50.1692,8.64236,frankfurt,True,482,11.6755,49,False,0.415133,False,194,0.764103,0,0,0,0,0,0,0,0,0,0,0,0,0,0,0,0,0,0,0,0,0,0,0,0,0,0,2,0,4
891faea157bffff,50.1659,8.63557,frankfurt,True,245,9.96017,119,False,0.567797,False,135,0.89313,0,0,0,0,0,0,0,0,0,0,0,0,0,0,0,0,0,0,0,0,0,0,0,0,0,0,0,0,0
891faea1583ffff,50.1809,8.6335,frankfurt,True,296,10.28,6,False,0.332215,False,81,0.410526,0,0,0,0,0,0,0,0,0,0,0,0,0,0,0,0,0,0,0,0,0,0,0,0,0,0,0,0,0
891faea1587ffff,50.1814,8.63826,frankfurt,True,286,11.7451,41,False,0.424658,False,96,0.703704,0,0,0,0,0,0,0,0,0,0,0,0,0,1,0,0,0,0,0,0,0,0,0,0,0,0,0,0,0
891faea158bffff,50.1782,8.63147,frankfurt,True,1215,18.5771,478,False,0.497963,False,676,0.854815,0,0,0,0,0,0,0,1,0,0,0,0,0,0,0,0,0,2,1,0,0,0,0,0,0,0,2,0,0
891faea158fffff,50.1787,8.63623,frankfurt,True,1194,12.4826,244,False,0.545455,False,563,0.834234,0,0,0,0,0,0,0,0,0,0,0,0,0,0,0,0,0,0,0,0,0,0,0,0,1,0,3,0,1
891faea1593ffff,50.1832,8.63078,frankfurt,True,0,,0,False,0.459599,False,0,0.873724,0,0,0,0,0,0,0,0,0,0,0,0,0,0,0,0,0,0,0,0,0,0,0,0,0,0,0,0,0
891faea1597ffff,50.1837,8.63554,frankfurt,True,220,8.05667,36,False,0.447964,False,70,0.521739,0,0,0,0,0,0,0,0,0,0,0,0,0,0,0,0,0,0,0,0,0,0,0,0,0,0,0,0,0
891faea159bffff,50.1804,8.62875,frankfurt,True,348,13.4074,34,False,0.377581,False,151,0.782946,0,0,0,0,0,0,0,0,0,0,0,0,0,0,0,0,0,0,0,0,0,0,0,0,0,0,0,0,0
891faea15a3ffff,50.1797,8.64574,frankfurt,True,440,14.2914,42,False,0.423611,False,165,0.693642,0,0,0,0,0,0,0,0,0,0,0,0,0,0,0,0,0,0,0,0,0,0,0,0,0,0,0,0,0
891faea15a7ffff,50.1801,8.6505,frankfurt,True,0,,0,False,0.459599,False,0,0.873724,0,0,0,0,0,0,0,0,0,0,0,0,0,0,0,0,0,0,0,0,0,0,0,0,0,0,0,0,0
891faea15abffff,50.1769,8.64371,frankfurt,True,845,12.6081,112,False,0.416862,False,309,0.66879,0,0,0,0,0,0,0,1,0,0,0,0,0,1,0,0,0,0,0,0,0,0,0,0,0,0,1,0,0
891faea15afffff,50.1774,8.64846,frankfurt,True,99,19.96,8,False,0.468085,False,30,0.481481,0,0,0,0,0,0,0,0,0,0,0,0,0,0,0,0,0,0,0,0,0,0,0,0,0,0,0,0,0
891faea15b3ffff,50.1819,8.64302,frankfurt,True,61,10.9567,0,True,0.403226,False,23,0.391304,0,0,0,0,0,0,0,0,0,0,0,0,0,0,0,0,0,0,0,0,0,0,0,0,0,0,0,0,0
891faea15b7ffff,50.1824,8.64778,frankfurt,True,0,,0,False,0.459599,False,0,0.873724,0,0,0,0,0,0,0,0,0,0,0,0,0,0,0,0,0,0,0,0,0,0,0,0,0,0,0,0,0
891faea15bbffff,50.1792,8.64098,frankfurt,True,795,13.2148,75,False,0.383249,False,309,0.722973,0,0,0,0,0,0,0,0,0,0,0,0,0,0,0,0,0,0,0,0,0,0,0,0,0,0,0,0,1
891faea15c3ffff,50.1749,8.62468,frankfurt,True,1056,11.9775,307,False,0.502402,False,386,0.644022,0,0,0,0,0,0,0,0,0,0,0,0,0,0,0,0,0,0,0,0,0,0,0,0,0,0,2,0,0
891faea15c7ffff,50.1754,8.62944,frankfurt,True,1128,17.3601,498,False,0.56752,False,590,0.865997,1,0,0,0,0,0,0,1,0,0,3,0,1,5,1,0,0,0,0,1,0,0,0,0,1,0,0,0,7
891faea15cbffff,50.1722,8.62265,frankfurt,True,44,10.29,3,False,0.325581,False,17,1,0,0,0,0,0,0,0,0,0,0,0,0,0,0,0,0,0,0,0,0,0,0,0,0,0,0,0,0,0
891faea15cfffff,50.1727,8.6274,frankfurt,True,187,14.4352,0,True,0.956522,False,192,0.984536,0,0,0,0,0,0,0,0,0,0,0,0,0,1,0,0,0,0,0,0,0,0,0,0,0,0,0,2,0
891faea15d3ffff,50.1772,8.62196,frankfurt,True,1060,12.4369,232,False,0.586854,False,447,0.768868,0,0,0,0,0,0,0,0,0,0,0,0,0,1,0,0,0,0,0,0,0,0,0,0,0,0,0,0,0
891faea15d7ffff,50.1777,8.62671,frankfurt,True,1638,12.1772,499,False,0.497576,False,759,0.835762,0,0,0,0,0,0,0,2,0,0,2,0,1,0,0,0,0,0,0,1,0,0,0,0,0,0,1,0,1
891faea15dbffff,50.1745,8.61992,frankfurt,True,253,12.63,16,False,0.407407,False,82,0.608108,0,0,0,0,0,0,0,0,0,0,0,0,0,0,0,0,0,0,0,0,0,0,0,0,0,0,0,0,0
891faea1603ffff,50.151,8.5894,frankfurt,False,0,,0,False,0.459599,False,0,0.873724,0,0,0,0,0,0,0,0,0,0,0,0,0,0,0,0,0,0,0,0,0,0,0,0,0,0,0,0,0
891faea1607ffff,50.1515,8.59416,frankfurt,False,8,,0,False,0.459599,True,4,0.873724,0,0,0,0,0,0,0,0,0,0,0,0,0,0,0,0,0,0,0,0,0,0,0,0,0,0,0,0,0
891faea160bffff,50.1482,8.58737,frankfurt,False,0,,0,False,0.459599,False,0,0.873724,0,0,0,0,0,0,0,0,0,0,0,0,0,0,0,0,0,0,0,0,0,0,0,0,0,0,0,0,0
891faea160fffff,50.1487,8.59213,frankfurt,False,0,,0,False,0.459599,False,0,0.873724,0,0,0,0,0,0,0,0,0,0,0,0,0,0,0,0,0,0,0,0,0,0,0,0,0,0,0,0,0
891faea1613ffff,50.1532,8.58668,frankfurt,False,0,,0,False,0.459599,False,0,0.873724,0,0,0,0,0,0,0,0,0,0,0,0,0,0,0,0,0,0,0,0,0,0,0,0,0,0,0,0,0
891faea1617ffff,50.1537,8.59143,frankfurt,False,0,,0,False,0.459599,False,0,0.873724,0,0,0,0,0,0,0,0,0,0,0,0,0,0,0,0,0,0,0,0,0,0,0,0,0,0,0,0,0
891faea161bffff,50.1505,8.58465,frankfurt,False,0,,0,False,0.459599,False,0,0.873724,0,0,0,0,0,0,0,0,0,0,0,0,0,0,0,0,0,0,0,0,0,0,0,0,0,0,0,0,0
891faea1623ffff,50.1497,8.60163,frankfurt,True,0,,0,False,0.459599,False,0,0.873724,0,0,0,0,0,0,0,0,0,0,0,0,0,0,0,0,0,0,0,0,0,0,0,0,0,0,0,0,0
891faea1627ffff,50.1502,8.60639,frankfurt,True,0,,0,False,0.459599,False,0,0.873724,0,0,0,0,0,0,0,0,0,0,0,0,0,0,0,0,0,0,0,0,0,0,0,0,0,0,0,0,0
891faea162bffff,50.147,8.5996,frankfurt,True,0,,0,False,0.459599,False,0,0.873724,0,0,0,0,0,0,0,0,0,0,0,0,0,0,0,0,0,0,0,0,0,0,0,0,0,0,0,0,0
891faea162fffff,50.1475,8.60436,frankfurt,True,0,,0,False,0.459599,False,0,0.873724,0,0,0,0,0,0,0,0,0,0,0,0,0,0,0,0,0,0,0,0,0,0,0,0,0,0,0,0,0
891faea1633ffff,50.152,8.59891,frankfurt,True,0,,0,False,0.459599,False,0,0.873724,0,0,0,0,0,0,0,0,0,0,0,0,0,0,0,0,0,0,0,0,0,0,0,0,0,0,0,0,0
891faea1637ffff,50.1525,8.60366,frankfurt,True,0,,0,False,0.459599,False,0,0.873724,0,0,0,0,0,0,0,0,0,0,0,0,0,0,0,0,0,0,0,0,0,0,0,0,0,0,0,0,0
891faea163bffff,50.1492,8.59688,frankfurt,True,0,,0,False,0.459599,False,0,0.873724,0,0,0,0,0,0,0,0,0,0,0,0,0,0,0,0,0,0,0,0,0,0,0,0,0,0,0,0,0
891faea1643ffff,50.145,8.58059,frankfurt,False,191,10.08,60,False,0.374332,False,83,0.744186,0,0,0,0,0,0,0,0,0,0,0,0,0,0,0,0,0,0,0,0,0,0,0,0,0,0,1,0,0
891faea1647ffff,50.1455,8.58534,frankfurt,False,0,,0,False,0.459599,False,0,0.873724,0,0,0,0,0,0,0,0,0,0,0,0,0,0,0,0,0,0,0,0,0,0,0,0,0,0,0,0,0
891faea164bffff,50.1422,8.57856,frankfurt,False,179,7.73,24,False,0.291429,False,76,0.739726,0,0,0,0,0,0,0,1,0,0,0,0,0,1,0,0,0,1,0,0,0,0,0,0,0,0,1,0,0
891faea164fffff,50.1427,8.58331,frankfurt,False,0,,0,False,0.459599,False,0,0.873724,0,1,0,0,0,0,0,1,0,0,0,0,0,0,0,0,0,0,0,0,0,0,0,0,0,0,0,0,0
891faea1653ffff,50.1473,8.57787,frankfurt,False,468,7.37205,73,False,0.333333,False,161,0.643312,0,0,0,0,0,0,0,0,0,0,0,0,0,0,0,0,0,0,0,0,0,0,0,0,0,0,0,0,0
891faea1657ffff,50.1477,8.58262,frankfurt,False,0,,0,False,0.459599,False,0,0.873724,0,0,0,0,0,0,0,0,0,0,0,0,0,0,0,0,0,0,0,0,0,0,0,0,0,0,0,0,0
891faea165bffff,50.1445,8.57584,frankfurt,False,1102,9.51269,305,False,0.330876,False,579,0.860915,0,0,0,0,0,0,0,0,0,0,0,0,0,1,0,0,0,0,0,0,0,0,0,0,0,0,2,0,0
891faea1663ffff,50.1437,8.59282,frankfurt,False,0,,0,False,0.459599,False,0,0.873724,0,0,0,0,0,0,0,0,0,0,0,0,0,0,0,0,0,0,0,0,0,0,0,0,0,0,0,0,0
891faea1667ffff,50.1442,8.59757,frankfurt,True,0,,0,False,0.459599,False,0,0.873724,0,0,0,0,0,0,0,0,0,0,0,0,0,0,0,0,0,0,0,0,0,0,0,0,0,0,0,0,0
891faea166bffff,50.141,8.59079,frankfurt,False,0,,0,False,0.459599,False,0,0.873724,0,0,0,0,0,0,0,0,0,0,0,0,0,0,0,0,0,0,0,0,0,0,0,0,0,0,0,0,0
891faea166fffff,50.1415,8.59554,frankfurt,True,0,,0,False,0.459599,False,0,0.873724,0,0,0,0,0,0,0,0,0,0,0,0,0,0,0,0,0,0,0,0,0,0,0,0,0,0,3,0,0
891faea1673ffff,50.146,8.59009,frankfurt,False,0,,0,False,0.459599,False,0,0.873724,0,0,0,0,0,0,0,0,0,0,0,0,0,0,0,0,0,0,0,0,0,0,0,0,0,0,0,0,0
891faea1677ffff,50.1465,8.59485,frankfurt,True,0,,0,False,0.459599,False,0,0.873724,0,0,0,0,0,0,0,0,0,0,0,0,0,0,0,0,0,0,0,0,0,0,0,0,0,0,0,0,0
891faea167bffff,50.1432,8.58806,frankfurt,False,0,,0,False,0.459599,False,0,0.873724,0,0,0,0,0,0,0,0,0,0,0,0,0,0,0,0,0,0,0,0,0,0,0,0,0,0,0,0,0
891faea1683ffff,50.1582,8.58599,frankfurt,False,0,,0,False,0.459599,False,0,0.873724,0,0,0,0,0,0,0,0,0,0,0,0,0,0,0,0,0,0,0,0,0,0,0,0,0,0,0,0,0
891faea1687ffff,50.1587,8.59074,frankfurt,False,0,,0,False,0.459599,False,0,0.873724,0,0,0,0,0,0,0,0,0,0,0,0,0,0,0,0,0,0,0,0,0,0,0,0,0,0,0,0,0
891faea168bffff,50.1555,8.58396,frankfurt,False,0,,0,False,0.459599,False,0,0.873724,0,0,0,0,0,0,0,0,0,0,0,0,0,0,0,0,0,0,0,0,0,0,0,0,0,0,0,0,0
891faea168fffff,50.156,8.58871,frankfurt,False,3,9.32091,0,True,0,False,0,0.873724,0,0,0,0,0,0,0,0,0,0,0,0,0,0,0,0,0,0,0,0,0,0,0,0,0,0,0,0,0
891faea1693ffff,50.1605,8.58327,frankfurt,False,90,9.32091,11,False,0.109756,False,43,0.822222,0,0,0,0,0,0,0,0,0,0,0,0,0,0,0,0,0,0,0,0,0,0,0,0,0,0,0,0,0
891faea1697ffff,50.161,8.58802,frankfurt,False,49,7.65471,0,True,0.122449,False,22,0.625,0,0,0,0,0,0,0,0,0,0,0,0,0,0,0,0,0,0,0,0,0,0,0,0,0,0,0,0,0
891faea169bffff,50.1578,8.58124,frankfurt,False,0,,0,False,0.459599,False,0,0.873724,0,0,0,0,0,0,0,0,0,0,0,0,0,0,0,0,0,0,0,0,0,0,0,0,0,0,0,0,0
891faea16a3ffff,50.157,8.59822,frankfurt,False,0,,0,False,0.459599,False,0,0.873724,0,0,0,0,0,0,0,0,0,0,0,0,0,0,0,0,0,0,0,0,0,0,0,0,0,0,0,0,0
891faea16a7ffff,50.1575,8.60297,frankfurt,True,0,,0,False,0.459599,False,0,0.873724,0,0,0,0,0,0,0,0,0,0,0,0,0,0,0,0,0,0,0,0,0,0,0,0,0,0,0,0,0
891faea16abffff,50.1542,8.59619,frankfurt,False,0,,0,False,0.459599,False,0,0.873724,0,0,0,0,0,0,0,0,0,0,0,0,0,0,0,0,0,0,0,0,0,0,0,0,0,0,0,0,0
891faea16afffff,50.1547,8.60094,frankfurt,True,0,,0,False,0.459599,False,0,0.873724,0,0,0,0,0,0,0,0,0,0,0,0,0,1,0,0,0,0,0,0,0,0,0,0,0,0,0,0,0
891faea16b3ffff,50.1592,8.5955,frankfurt,True,0,,0,False,0.459599,False,0,0.873724,0,0,0,0,0,0,0,0,0,0,0,0,0,0,0,0,0,0,0,0,0,0,0,0,0,0,0,0,0
891faea16b7ffff,50.1597,8.60025,frankfurt,True,0,,0,False,0.459599,False,0,0.873724,0,0,0,0,0,0,0,0,0,0,0,0,0,0,0,0,0,0,0,0,0,0,0,0,0,0,0,0,0
891faea16bbffff,50.1565,8.59347,frankfurt,False,0,,0,False,0.459599,False,0,0.873724,0,0,0,0,0,0,0,0,0,0,0,0,0,0,0,0,0,0,0,0,0,0,0,0,0,0,0,0,0
891faea16c3ffff,50.1523,8.57717,frankfurt,False,0,,0,False,0.459599,False,0,0.873724,0,0,0,0,0,0,0,0,0,0,0,0,0,0,0,0,0,0,0,0,0,0,0,0,0,0,0,0,0
891faea16c7ffff,50.1527,8.58193,frankfurt,False,0,,0,False,0.459599,False,0,0.873724,0,0,0,0,0,0,0,0,0,0,0,0,0,0,0,0,0,0,0,0,0,0,0,0,0,0,0,0,0
891faea16cbffff,50.1495,8.57514,frankfurt,False,0,,0,False,0.459599,False,0,0.873724,0,0,0,0,0,0,0,0,0,0,0,0,0,0,0,0,0,0,0,0,0,0,0,0,0,0,0,0,0
891faea16cfffff,50.15,8.5799,frankfurt,False,0,,0,False,0.459599,False,0,0.873724,0,0,0,0,0,0,0,0,0,0,0,0,0,0,0,0,0,0,0,0,0,0,0,0,0,0,0,0,0
891faea16d3ffff,50.1545,8.57445,frankfurt,False,0,,0,False,0.459599,False,0,0.873724,0,0,0,0,0,0,0,0,0,0,0,0,0,0,0,0,0,0,0,0,0,0,0,0,0,0,0,0,0
891faea16d7ffff,50.155,8.5792,frankfurt,False,0,,0,False,0.459599,False,0,0.873724,0,0,0,0,0,0,0,0,0,0,0,0,0,0,0,0,0,0,0,0,0,0,0,0,0,0,0,0,0
891faea1803ffff,50.1455,8.70831,frankfurt,True,188,11.1106,35,False,0.440217,False,71,0.734375,0,0,0,0,0,0,0,0,0,0,1,0,0,0,0,0,0,0,0,0,0,0,0,0,0,0,2,0,0
891faea1807ffff,50.146,8.71307,frankfurt,True,0,,0,False,0.459599,False,0,0.873724,0,0,0,0,0,0,0,0,0,0,0,0,0,0,0,0,0,0,0,0,0,0,0,0,0,0,0,0,0
891faea180bffff,50.1427,8.70628,frankfurt,True,150,8.15417,72,False,0.433566,False,91,0.925,0,0,0,0,0,0,0,0,0,0,0,0,0,0,0,0,0,0,0,0,0,0,0,0,0,0,0,0,1
891faea180fffff,50.1432,8.71103,frankfurt,True,0,,0,False,0.459599,False,0,0.873724,0,0,0,0,0,0,0,0,0,0,0,0,0,0,0,0,0,0,0,0,0,0,0,0,0,0,0,0,0
891faea1813ffff,50.1477,8.70559,frankfurt,True,6,9.50115,0,True,0,False,0,0.873724,0,0,0,0,0,0,0,0,0,0,0,0,0,0,0,0,0,0,0,0,0,0,0,0,0,0,0,0,0
891faea1817ffff,50.1482,8.71035,frankfurt,True,0,,0,False,0.459599,False,0,0.873724,0,0,0,0,0,0,0,0,0,0,0,0,0,0,0,0,0,0,0,0,0,0,0,0,0,0,0,0,0
891faea181bffff,50.145,8.70356,frankfurt,True,53,12.57,7,False,0.293103,False,21,0.583333,0,0,0,0,0,0,0,0,0,0,0,0,0,0,0,0,0,0,0,0,0,0,0,0,1,0,1,0,0
891faea1823ffff,50.1442,8.72055,frankfurt,True,409,11.1641,99,False,0.30402,False,214,0.825472,0,0,0,0,0,0,0,0,0,0,0,0,0,0,0,0,0,0,0,0,0,0,0,0,0,0,0,0,0
891faea1827ffff,50.1447,8.72531,frankfurt,True,743,9.64831,160,False,0.34748,False,346,0.840659,0,0,0,0,0,0,0,1,0,0,0,0,2,1,0,0,0,0,0,0,0,1,0,0,0,0,2,0,1
891faea182bffff,50.1414,8.71851,frankfurt,True,1425,7.61969,588,False,0.354359,False,613,0.790584,0,0,0,0,0,0,0,1,0,0,0,0,2,0,0,0,0,0,1,1,0,0,0,0,0,0,2,0,0
891faea182fffff,50.1419,8.72327,frankfurt,True,784,9.21901,282,False,0.381579,False,397,0.898172,0,0,0,0,0,0,0,0,0,0,0,0,0,0,0,0,0,0,0,0,0,0,0,0,0,0,4,0,0
891faea1833ffff,50.1465,8.71783,frankfurt,True,0,,0,False,0.459599,False,0,0.873724,0,0,0,0,0,0,0,0,0,0,0,0,0,0,0,0,0,0,0,0,0,0,0,0,0,0,0,0,0
891faea1837ffff,50.1469,8.72259,frankfurt,True,362,10.2228,88,False,0.375,False,182,0.85567,0,0,0,0,0,0,0,0,0,0,0,0,0,0,0,0,0,0,0,0,0,0,0,0,0,0,0,0,0
891faea183bffff,50.1437,8.71579,frankfurt,True,0,,0,False,0.459599,False,0,0.873724,0,0,0,0,0,0,0,0,0,0,0,0,1,0,0,0,0,0,0,0,0,0,0,0,0,0,0,0,0
891faea1843ffff,50.1395,8.69948,frankfurt,True,558,9.43765,200,False,0.32,False,290,0.851724,0,0,0,0,0,0,0,2,0,0,1,0,0,1,0,0,0,0,0,0,0,0,0,0,2,0,3,0,0
891faea1847ffff,50.14,8.70424,frankfurt,True,503,9.6109,78,False,0.272727,False,180,0.679348,0,0,0,0,0,0,0,0,0,0,0,0,0,0,0,0,0,0,0,0,0,0,0,0,0,0,0,0,0
891faea184bffff,50.1367,8.69745,frankfurt,True,527,11.9935,136,False,0.391051,False,233,0.869198,0,0,0,0,0,0,0,0,0,0,0,0,0,0,0,0,0,0,0,0,0,0,0,0,1,0,1,0,0
891faea184fffff,50.1372,8.7022,frankfurt,True,127,10.2694,17,False,0.268657,False,49,0.815789,0,0,0,0,0,0,0,0,0,0,0,0,1,1,0,0,0,0,1,0,0,0,0,0,0,0,1,0,0
891faea1853ffff,50.1418,8.69676,frankfurt,True,288,6.5994,67,False,0.334483,False,128,0.866667,0,0,0,0,0,0,0,0,0,0,0,0,0,2,0,0,0,0,0,0,0,0,0,0,0,0,2,0,1
891faea1857ffff,50.1422,8.70152,frankfurt,True,1184,8.48196,536,False,0.439145,False,567,0.865942,0,0,0,0,0,0,0,0,0,0,0,0,0,0,0,0,0,0,0,0,0,0,0,0,2,0,1,0,0
891faea185bffff,50.139,8.69473,frankfurt,True,681,13.4714,331,False,0.643478,False,415,0.929268,0,0,0,0,0,0,0,0,0,0,0,0,0,0,0,0,0,0,0,0,0,0,0,0,0,0,0,0,0
891faea1863ffff,50.1382,8.71172,frankfurt,True,236,11.0273,64,False,0.405063,False,116,0.871795,0,0,0,0,0,0,0,0,0,0,0,0,0,0,0,0,0,0,0,0,0,0,0,0,0,0,0,0,1
891faea1867ffff,50.1387,8.71647,frankfurt,True,621,10.6563,245,False,0.432739,False,338,0.854701,0,0,0,0,0,0,0,0,0,0,0,0,0,1,0,0,0,0,0,0,0,0,0,0,0,0,2,0,0
891faea186bffff,50.1355,8.70968,frankfurt,True,851,7.83744,394,False,0.411833,False,412,0.834586,0,0,0,0,0,0,0,0,0,0,1,0,2,0,0,0,0,0,0,0,0,0,0,0,0,0,0,0,0
891faea186fffff,50.1359,8.71444,frankfurt,True,981,8.85325,554,False,0.360082,False,595,0.934343,0,0,0,0,0,0,0,1,0,0,0,0,0,0,0,0,0,0,0,0,0,0,0,0,0,0,0,0,0
891faea1873ffff,50.1405,8.709,frankfurt,True,3,8.65396,0,True,0,False,3,1,0,0,0,0,0,0,0,0,0,0,0,0,0,0,0,0,0,0,0,0,0,0,0,0,0,0,0,0,0
891faea1877ffff,50.141,8.71375,frankfurt,True,115,10.6227,33,False,0.368421,False,57,0.847458,0,0,0,0,0,0,0,0,0,0,0,0,0,0,0,0,0,0,0,0,0,0,0,0,0,0,0,0,0
891faea187bffff,50.1377,8.70696,frankfurt,True,0,,0,False,0.459599,False,0,0.873724,0,0,0,0,0,0,0,0,0,0,0,0,0,0,0,0,0,0,0,0,0,0,0,0,0,0,0,0,0
891faea1883ffff,50.1527,8.70491,frankfurt,True,89,11.35,8,False,0.52809,False,35,0.794118,0,0,0,0,0,0,0,0,0,0,0,0,0,0,0,0,0,0,0,0,0,0,0,0,0,0,0,0,0
891faea1887ffff,50.1532,8.70967,frankfurt,True,3,9.7414,0,True,0.459599,True,0,0.873724,0,0,0,0,0,0,0,0,0,0,0,0,0,0,0,0,0,0,0,0,0,0,0,0,0,0,0,0,0
891faea188bffff,50.15,8.70287,frankfurt,True,0,,0,False,0.459599,False,0,0.873724,0,0,0,0,0,0,0,0,0,0,0,0,0,0,0,0,0,0,0,1,0,0,0,0,0,0,0,0,0
891faea188fffff,50.1505,8.70763,frankfurt,True,0,,0,False,0.459599,False,0,0.873724,0,0,0,0,0,0,0,0,0,0,0,0,0,0,0,0,0,0,0,0,0,0,0,0,0,0,0,0,0
891faea1893ffff,50.155,8.70219,frankfurt,True,1100,11.1972,82,False,0.411924,False,376,0.647668,0,0,0,0,0,0,0,0,0,0,0,0,0,0,0,0,0,0,0,0,0,0,0,0,0,0,0,0,0
891faea1897ffff,50.1555,8.70695,frankfurt,True,0,,0,False,0.459599,False,0,0.873724,0,0,0,0,0,0,0,0,0,0,0,0,0,0,0,0,0,0,0,0,0,0,0,0,0,0,0,0,0
891faea189bffff,50.1523,8.70015,frankfurt,True,924,9.04197,178,False,0.382193,False,339,0.728324,0,0,0,0,0,0,0,0,0,0,0,0,0,0,0,0,0,0,0,0,0,0,0,0,1,0,0,0,0
891faea18a3ffff,50.1515,8.71714,frankfurt,True,0,,0,False,0.459599,False,0,0.873724,0,0,0,0,0,0,0,0,0,0,0,0,0,0,0,0,0,0,0,0,0,0,0,0,0,0,0,0,0
891faea18a7ffff,50.1519,8.7219,frankfurt,True,4,10.6912,0,True,1,False,0,0.873724,0,0,0,0,0,0,0,0,0,0,0,0,0,0,0,0,0,0,0,0,0,0,0,0,0,0,0,0,0
891faea18abffff,50.1487,8.71511,frankfurt,True,0,,0,False,0.459599,False,0,0.873724,0,0,0,0,0,0,0,0,0,0,0,0,0,0,0,0,0,0,0,0,0,0,0,0,0,0,0,0,0
891faea18afffff,50.1492,8.71986,frankfurt,True,3,10.4268,0,True,0.459599,True,0,0.873724,0,0,0,0,0,0,0,0,0,0,0,0,0,0,0,0,0,0,0,0,0,0,0,0,0,0,0,0,0
891faea18b3ffff,50.1537,8.71442,frankfurt,True,25,12.1386,0,True,0.434783,False,5,1,0,0,0,0,0,0,0,0,0,0,0,0,0,1,0,0,0,0,0,0,0,0,0,0,0,0,0,0,0
891faea18b7ffff,50.1542,8.71918,frankfurt,True,10,7.16,3,False,0.5,False,11,0.8,0,0,0,0,0,0,0,0,0,0,0,0,0,0,0,0,0,0,0,0,0,0,0,0,0,0,2,0,0
891faea18bbffff,50.151,8.71239,frankfurt,True,0,,0,False,0.459599,False,0,0.873724,0,0,0,0,0,0,0,0,0,0,0,0,0,0,0,0,0,0,0,0,0,0,0,0,0,0,0,0,0
891faea18c3ffff,50.1468,8.69608,frankfurt,True,668,11.8245,139,False,0.345029,False,302,0.813725,0,0,0,0,0,0,0,0,0,0,0,0,0,0,0,0,0,0,0,0,0,0,0,0,0,0,0,0,0
891faea18c7ffff,50.1472,8.70084,frankfurt,True,180,9.421,100,False,0.41989,False,106,0.87619,0,0,0,0,0,0,0,0,0,0,0,0,0,0,0,0,0,0,0,0,0,0,0,0,1,0,0,0,0
891faea18cbffff,50.144,8.69404,frankfurt,True,1129,8.22149,577,False,0.423875,False,618,0.9062,0,0,0,0,0,0,0,0,0,0,0,0,1,1,0,0,0,0,0,0,0,0,0,0,1,0,2,0,0
891faea18cfffff,50.1445,8.6988,frankfurt,True,1164,10.1738,472,False,0.380831,False,619,0.863636,0,0,0,0,0,0,0,0,0,0,0,0,0,0,0,0,0,0,0,0,0,0,0,0,0,0,0,0,0
891faea18d3ffff,50.149,8.69336,frankfurt,True,497,8.91467,150,False,0.544534,False,177,0.832402,0,0,0,0,0,0,0,0,0,0,0,0,0,0,1,0,0,0,0,0,0,0,0,0,0,0,1,0,0
891faea18d7ffff,50.1495,8.69812,frankfurt,True,0,,0,False,0.459599,False,0,0.873724,0,0,0,0,0,0,0,0,0,0,0,0,0,0,0,0,0,0,0,0,0,0,0,0,0,0,0,0,0
891faea18dbffff,50.1463,8.69132,frankfurt,True,1076,8.9204,376,False,0.462121,False,541,0.818015,0,0,0,0,0,0,0,0,0,0,0,0,1,1,1,0,0,0,0,0,0,0,0,0,0,0,1,0,2
891faea1903ffff,50.1489,8.74162,frankfurt,True,54,8.95118,17,False,0.257143,False,26,0.88,0,0,0,0,0,0,0,0,0,0,0,0,0,0,0,0,0,0,0,0,0,0,0,0,0,0,0,0,0
891faea1907ffff,50.1494,8.74638,frankfurt,True,95,8.95243,37,False,0.395349,False,50,0.867925,0,0,0,0,0,0,0,0,0,0,0,0,0,0,0,0,0,0,0,0,0,0,0,0,0,0,0,0,0
891faea190bffff,50.1461,8.73958,frankfurt,True,0,,0,False,0.459599,False,0,0.873724,0,0,0,0,0,0,0,0,0,0,0,0,0,0,0,0,0,0,0,0,0,0,0,0,0,0,0,0,0
891faea190fffff,50.1466,8.74434,frankfurt,True,26,8.37,5,False,0.666667,False,10,0.75,0,0,0,0,0,0,0,0,0,0,0,0,0,1,0,0,0,0,0,0,0,0,0,0,0,0,0,0,0
891faea1913ffff,50.1512,8.7389,frankfurt,True,74,6.38,43,False,0.38806,False,48,0.913043,0,0,0,0,0,0,0,0,0,0,0,0,0,0,0,0,0,0,0,0,0,0,0,0,0,0,0,0,0
891faea1917ffff,50.1516,8.74366,frankfurt,True,321,10.7664,66,False,0.477204,False,164,0.85443,0,0,0,0,0,0,0,0,0,0,0,0,0,0,0,0,0,0,0,0,0,0,0,0,0,0,2,0,0
891faea191bffff,50.1484,8.73686,frankfurt,True,285,9.82155,0,True,0.0520833,False,164,1,0,0,0,0,0,0,0,0,0,0,0,0,0,0,0,0,0,0,0,0,0,0,0,0,0,0,2,0,0
891faea1923ffff,50.1476,8.75385,frankfurt,True,785,9.9667,221,False,0.377193,False,405,0.898765,0,0,0,0,0,0,0,0,0,0,0,0,1,2,0,0,0,0,1,0,0,0,0,0,0,0,1,0,0
891faea1927ffff,50.1481,8.75861,frankfurt,True,565,8.04487,187,False,0.335088,False,294,0.887719,0,0,0,0,0,0,0,0,0,0,0,0,0,1,0,0,0,0,0,0,0,0,0,0,0,0,1,0,0
891faea192bffff,50.1449,8.75181,frankfurt,True,1152,10.5002,329,False,0.393327,False,612,0.885906,0,0,0,0,0,0,0,1,0,0,0,0,0,1,0,0,0,0,0,0,0,0,0,0,0,0,1,0,0
891faea192fffff,50.1453,8.75657,frankfurt,True,993,8.82807,410,False,0.358549,False,552,0.907942,0,0,0,1,0,0,0,1,0,0,1,0,0,3,0,0,0,0,0,0,0,0,0,0,0,0,1,0,0
891faea1933ffff,50.1499,8.75113,frankfurt,True,272,12.3781,69,False,0.483986,False,118,0.793651,0,0,0,0,0,0,0,0,0,0,0,0,0,0,0,0,0,0,0,0,0,0,0,0,0,0,1,0,0
891faea1937ffff,50.1503,8.75589,frankfurt,True,684,10.0142,151,False,0.381159,False,337,0.869969,0,0,0,0,0,0,0,0,0,0,0,0,0,1,0,0,0,0,0,0,0,0,0,0,0,0,0,0,0
891faea193bffff,50.1471,8.74909,frankfurt,True,315,9.69319,91,False,0.403846,False,162,0.904192,0,0,0,0,0,0,0,0,0,0,0,0,0,0,0,0,0,0,0,0,0,0,0,0,0,0,1,0,0
891faea1943ffff,50.1429,8.73278,frankfurt,True,48,9.79,6,False,0.25641,False,20,0.873724,0,0,0,0,0,0,0,0,0,0,0,0,0,0,0,0,0,0,0,0,0,0,0,0,0,0,2,0,0
891faea1947ffff,50.1434,8.73754,frankfurt,True,34,10.0203,0,True,0.2,False,18,0.857143,0,0,0,0,0,0,0,0,0,0,0,0,0,0,0,0,0,0,0,0,0,0,0,0,0,0,0,0,0
891faea194bffff,50.1402,8.73074,frankfurt,True,217,10.25,3,False,0.419811,False,22,1,0,0,0,0,0,0,0,0,0,0,0,0,0,0,0,0,0,0,0,0,0,0,0,0,0,0,0,0,0
891faea194fffff,50.1406,8.7355,frankfurt,True,76,9.65,14,False,0.285714,False,47,0.926829,0,0,0,0,0,0,0,0,0,0,0,0,0,0,0,0,0,0,0,0,0,0,0,0,0,0,1,0,0
891faea1953ffff,50.1452,8.73006,frankfurt,True,408,10.0817,89,False,0.385965,False,194,0.831579,0,0,0,0,0,0,0,0,0,1,0,0,0,0,2,0,0,0,0,0,0,0,0,0,0,0,1,0,0
891faea1957ffff,50.1457,8.73482,frankfurt,True,0,,0,False,0.459599,False,0,0.873724,0,0,0,0,0,0,0,0,0,0,0,0,0,0,0,0,0,0,0,0,0,0,0,0,0,0,0,0,0
891faea195bffff,50.1424,8.72802,frankfurt,True,399,10.0322,94,False,0.356796,False,199,0.904494,0,0,0,0,0,0,0,0,0,0,0,0,0,0,0,0,0,0,0,0,0,1,0,0,0,0,1,0,0
891faea1963ffff,50.1416,8.74502,frankfurt,True,174,9.66,3,False,0.695876,False,31,0.873724,0,0,0,0,0,0,0,0,0,0,0,0,0,0,0,0,0,0,0,0,0,0,0,0,0,0,0,0,0
891faea1967ffff,50.1421,8.74978,frankfurt,True,210,10.3925,51,False,0.434146,False,93,0.835294,0,0,0,0,0,0,0,0,0,0,0,0,1,1,1,0,0,0,0,0,0,0,0,0,0,0,1,0,0
891faea196bffff,50.1389,8.74298,frankfurt,True,79,9.34167,0,True,0.873418,False,8,0.625,0,0,0,0,0,0,0,1,0,0,0,0,0,0,0,0,0,0,0,0,0,0,0,2,0,1,2,0,1
891faea196fffff,50.1394,8.74774,frankfurt,True,5,9.03863,0,True,0.459599,True,3,0.873724,0,0,0,0,0,0,0,0,0,0,0,0,0,1,0,0,0,0,0,0,0,0,0,0,0,1,1,0,0
891faea1973ffff,50.1439,8.7423,frankfurt,True,81,8.87571,7,False,0.470588,False,37,0.911765,0,0,0,0,0,0,0,0,0,0,0,0,0,0,0,0,0,0,0,0,0,0,0,0,0,0,0,0,0
891faea1977ffff,50.1444,8.74706,frankfurt,True,297,10.7804,117,False,0.459547,False,154,0.876543,0,1,0,0,0,0,0,3,0,0,1,0,0,0,0,0,0,0,0,0,0,0,0,0,0,0,1,0,0
891faea197bffff,50.1411,8.74026,frankfurt,True,40,8.83,27,False,0.641026,False,32,1,0,0,0,0,0,0,0,0,0,0,0,0,0,0,0,0,0,0,0,0,0,0,0,0,0,0,0,0,0
891faea1983ffff,50.1562,8.73822,frankfurt,True,0,,0,False,0.459599,False,0,0.873724,0,0,0,0,0,0,0,0,0,0,0,0,0,0,0,0,0,0,0,0,0,0,0,0,0,0,0,0,0
891faea1987ffff,50.1566,8.74297,frankfurt,True,394,11.2635,66,False,0.343669,False,172,0.803571,0,0,0,0,0,0,0,0,0,0,0,0,0,0,0,0,0,0,0,0,0,0,0,0,0,0,0,0,0
891faea198bffff,50.1534,8.73618,frankfurt,True,0,,0,False,0.459599,False,0,0.873724,0,0,0,0,0,0,0,0,0,0,0,0,0,0,0,0,0,0,0,0,0,0,0,0,0,0,0,0,0
891faea198fffff,50.1539,8.74094,frankfurt,True,87,9.81053,19,False,0.357143,False,40,0.804878,0,0,0,0,0,0,0,0,0,0,0,0,0,0,0,0,0,0,0,0,0,0,0,0,0,0,0,0,0
891faea1993ffff,50.1584,8.7355,frankfurt,True,0,,0,False,0.459599,False,0,0.873724,0,0,0,0,0,0,0,0,0,0,0,0,0,0,0,0,0,0,0,0,0,0,0,0,0,0,0,0,0
891faea1997ffff,50.1589,8.74025,frankfurt,True,0,,0,False,0.459599,False,0,0.873724,0,0,0,0,0,0,0,0,0,0,0,0,0,0,0,0,0,0,0,0,0,0,0,0,0,0,1,0,0
891faea199bffff,50.1557,8.73346,frankfurt,True,0,,0,False,0.459599,False,0,0.873724,0,0,0,0,0,0,0,0,0,0,0,0,0,0,0,0,0,0,0,0,0,0,0,0,0,0,0,0,0
891faea19a3ffff,50.1549,8.75045,frankfurt,True,897,10.3042,303,False,0.403974,False,477,0.872428,0,0,0,0,0,0,0,1,0,0,2,0,0,2,0,1,0,0,0,0,0,0,0,1,0,0,3,0,0
891faea19a7ffff,50.1554,8.75521,frankfurt,True,727,9.49865,178,False,0.385675,False,351,0.864789,0,0,0,0,0,0,0,0,0,0,0,0,1,4,0,0,0,0,0,0,0,1,0,0,0,0,3,0,1
891faea19abffff,50.1521,8.74841,frankfurt,True,308,9.67708,65,False,0.316151,False,149,0.897059,0,0,0,0,0,0,0,0,0,0,0,0,0,0,0,0,0,0,0,0,0,0,0,0,0,0,1,0,0
891faea19afffff,50.1526,8.75317,frankfurt,True,416,10.981,83,False,0.333333,False,205,0.837321,0,0,0,0,0,0,0,0,0,0,0,0,0,0,0,0,0,0,0,0,0,0,0,0,0,0,1,0,0
891faea19b3ffff,50.1571,8.74773,frankfurt,True,734,8.91322,227,False,0.364771,False,355,0.867435,0,0,0,0,0,0,0,0,0,0,0,0,0,0,0,0,0,0,0,0,0,0,0,0,0,0,4,0,0
891faea19b7ffff,50.1576,8.75249,frankfurt,True,642,9.37631,252,False,0.342271,False,346,0.866667,0,0,0,0,0,0,0,0,0,0,0,0,0,0,0,0,0,0,0,0,0,0,0,0,0,0,0,0,0
891faea19bbffff,50.1544,8.74569,frankfurt,True,659,10.6726,149,False,0.334842,False,303,0.820339,0,0,0,0,0,0,0,0,0,0,0,0,0,0,0,0,0,0,1,0,0,0,0,0,0,0,1,0,0
891faea19c3ffff,50.1502,8.72938,frankfurt,True,0,,0,False,0.459599,False,0,0.873724,0,0,0,0,0,0,0,0,0,0,0,0,0,1,0,0,0,0,0,0,0,0,0,0,0,0,0,0,0
891faea19c7ffff,50.1507,8.73414,frankfurt,True,0,,0,False,0.459599,False,0,0.873724,0,0,0,0,0,0,0,0,0,0,0,0,1,0,0,0,0,0,0,0,0,0,0,0,0,0,0,0,0
891faea19cbffff,50.1474,8.72734,frankfurt,True,383,11.1893,104,False,0.351064,False,199,0.913706,0,0,0,0,0,0,0,0,0,0,0,0,0,0,0,0,0,0,0,0,0,0,0,0,0,0,0,0,0
891faea19cfffff,50.1479,8.7321,frankfurt,True,188,9.45804,51,False,0.324468,False,90,0.840909,0,0,0,0,0,0,0,0,0,0,0,0,0,0,0,0,0,0,0,0,0,0,0,0,0,0,0,0,0
891faea19d3ffff,50.1524,8.72666,frankfurt,True,0,,0,False,0.459599,False,0,0.873724,0,0,0,0,0,0,0,0,0,0,0,0,0,0,0,0,0,0,0,0,0,0,0,0,0,0,1,0,0
891faea19d7ffff,50.1529,8.73142,frankfurt,True,0,,0,False,0.459599,False,0,0.873724,0,0,0,0,0,0,0,0,0,0,0,0,0,0,0,0,0,0,0,0,0,0,0,0,0,0,0,0,0
891faea19dbffff,50.1497,8.72462,frankfurt,True,3,10.2919,0,True,0.459599,True,0,0.873724,0,0,0,0,0,0,0,0,0,0,0,0,0,0,0,0,0,0,0,0,0,0,0,0,0,0,0,0,0
891faea1a03ffff,50.1262,8.69406,frankfurt,True,2205,11.9986,1069,False,0.54734,False,1336,0.934328,0,0,0,1,0,0,0,0,0,0,1,0,6,5,4,0,2,3,0,1,1,1,0,1,3,0,0,0,2
891faea1a07ffff,50.1267,8.69882,frankfurt,True,1743,11.3446,756,False,0.487165,False,928,0.883243,0,0,0,0,0,0,0,0,0,0,0,0,0,0,2,0,0,0,0,0,0,0,0,1,0,0,2,0,0
891faea1a0bffff,50.1235,8.69203,frankfurt,True,2503,12.9475,1159,False,0.569212,False,1392,0.897196,1,1,0,0,0,0,0,0,0,0,1,0,3,3,3,0,1,2,1,0,0,0,0,1,2,0,0,0,2
891faea1a0fffff,50.124,8.69678,frankfurt,True,2308,12.1973,1074,False,0.532146,False,1372,0.926667,0,0,0,0,0,0,0,0,0,0,1,0,2,2,0,0,0,0,0,0,0,0,0,0,0,0,0,0,1
891faea1a13ffff,50.1285,8.69134,frankfurt,True,1657,11.9857,810,False,0.567961,False,961,0.909372,0,0,0,0,0,1,0,1,0,0,1,0,5,7,6,1,0,0,0,0,0,0,0,0,0,0,2,1,2
891faea1a17ffff,50.129,8.6961,frankfurt,True,1752,10.6777,883,False,0.504598,False,987,0.906953,0,0,0,0,0,0,0,2,0,0,1,0,1,5,2,0,0,0,1,0,0,1,0,1,2,0,0,0,1
891faea1a1bffff,50.1257,8.68931,frankfurt,True,2018,11.8911,1101,False,0.507455,False,1256,0.938095,0,0,0,0,0,0,0,0,0,0,0,0,1,2,1,1,0,0,0,0,0,0,0,0,0,0,0,0,0
891faea1a23ffff,50.125,8.70629,frankfurt,True,2007,11.521,984,False,0.558867,False,1221,0.930385,1,1,0,1,0,1,0,3,1,0,3,0,5,8,2,2,4,3,0,0,0,0,1,0,1,0,0,0,1
891faea1a27ffff,50.1254,8.71105,frankfurt,True,1487,9.79087,848,False,0.480053,False,909,0.949946,0,0,0,0,0,0,0,0,0,0,0,0,1,3,1,0,0,1,0,0,0,0,0,0,1,0,2,0,0
891faea1a2bffff,50.1222,8.70425,frankfurt,True,1891,11.5954,955,False,0.532164,False,1151,0.9375,0,0,0,0,0,0,0,0,0,0,0,0,2,3,3,0,0,0,0,0,0,1,0,0,0,0,2,0,0
891faea1a2fffff,50.1227,8.70901,frankfurt,True,2192,11.71,1180,False,0.521464,False,1369,0.944527,0,0,0,0,0,0,0,0,0,0,0,0,2,2,1,0,1,1,0,1,0,0,0,0,1,0,2,0,2
891faea1a33ffff,50.1272,8.70357,frankfurt,True,2244,10.401,1151,False,0.507589,False,1358,0.919676,0,1,0,0,0,0,0,0,0,0,1,0,0,2,1,0,1,2,0,1,0,0,0,0,2,0,1,0,2
891faea1a37ffff,50.1277,8.70833,frankfurt,True,2454,11.3945,1335,False,0.564483,False,1495,0.933739,0,0,0,0,0,0,0,4,0,1,3,0,7,12,6,0,0,2,0,1,0,0,0,1,2,0,4,0,2
891faea1a3bffff,50.1245,8.70154,frankfurt,True,2156,13.5179,1249,False,0.586207,False,1372,0.94045,0,0,0,0,0,1,0,3,0,0,0,0,2,11,0,0,0,1,1,1,0,0,0,1,0,0,1,0,0
891faea1a43ffff,50.1203,8.68524,frankfurt,True,1364,13.6435,606,False,0.55,False,777,0.91623,0,0,0,0,0,0,0,0,0,0,0,0,1,2,1,0,0,0,0,0,0,0,0,1,0,0,3,0,4
891faea1a47ffff,50.1207,8.68999,frankfurt,True,1655,11.7002,937,False,0.540915,False,1055,0.941571,0,0,0,0,0,0,0,0,0,0,0,0,0,2,0,1,0,0,0,1,0,0,0,1,0,0,2,0,1
891faea1a4bffff,50.1175,8.6832,frankfurt,True,909,12.6612,472,False,0.553493,False,605,0.917508,0,0,0,0,0,0,0,0,0,0,0,0,0,3,1,0,0,1,0,1,1,0,0,0,0,0,1,0,5
891faea1a4fffff,50.118,8.68795,frankfurt,True,528,13.953,269,False,0.641544,False,328,0.914634,0,0,0,0,0,0,0,0,0,0,0,0,2,8,4,0,0,2,0,0,0,0,0,0,2,0,2,0,7
891faea1a53ffff,50.1225,8.68252,frankfurt,True,1977,12.0704,1022,False,0.477111,False,1203,0.898347,0,1,0,0,0,0,0,0,0,0,1,0,1,7,1,0,1,2,1,0,0,0,0,0,0,0,2,0,1
891faea1a57ffff,50.123,8.68727,frankfurt,True,2301,12.5965,1185,False,0.578902,False,1384,0.93256,0,0,0,0,0,0,0,1,1,0,2,0,5,4,2,1,0,1,0,2,0,1,0,0,1,0,1,0,2
891faea1a5bffff,50.1198,8.68048,frankfurt,True,1048,12.3747,572,False,0.550193,False,681,0.937135,0,0,0,0,0,1,0,2,0,1,3,0,4,10,3,1,0,4,2,0,0,0,0,0,0,0,1,0,5
891faea1a63ffff,50.119,8.69746,frankfurt,True,2012,11.9465,941,False,0.436516,False,1023,0.930165,0,0,0,0,0,0,0,1,0,0,0,0,1,7,2,0,1,0,0,0,1,1,0,0,0,0,0,0,3
891faea1a67ffff,50.1195,8.70222,frankfurt,True,2057,10.4527,968,False,0.483415,False,1142,0.917772,0,0,0,0,0,0,0,1,0,0,1,0,1,2,1,0,0,0,0,1,2,0,0,0,1,0,2,0,2
891faea1a6bffff,50.1162,8.69543,frankfurt,True,1603,11.1601,850,False,0.530484,False,986,0.925281,0,0,0,0,0,0,0,0,0,0,2,0,5,7,4,0,0,0,0,1,1,0,0,0,0,0,3,0,1
891faea1a6fffff,50.1167,8.70018,frankfurt,True,645,9.73232,371,False,0.497638,False,385,0.922879,0,0,0,0,0,0,0,0,0,0,0,0,0,0,0,0,0,0,0,0,1,0,0,0,2,0,1,0,1
891faea1a73ffff,50.1212,8.69474,frankfurt,True,2286,12.6491,1297,False,0.553415,False,1543,0.94282,0,0,0,1,1,0,0,1,0,1,2,0,8,5,1,0,0,3,0,0,0,0,0,1,1,0,0,0,3
891faea1a77ffff,50.1217,8.6995,frankfurt,True,2730,12.2173,1598,False,0.575724,False,1829,0.950954,0,0,0,0,0,0,0,1,0,0,1,0,6,16,4,1,0,3,4,0,1,1,0,0,1,0,0,0,3
891faea1a7bffff,50.1185,8.69271,frankfurt,True,1610,13.2911,835,False,0.53913,False,1044,0.944498,0,0,0,0,0,0,0,1,0,0,0,0,3,5,2,1,0,0,0,0,0,0,0,1,0,0,1,0,3
891faea1a83ffff,50.1335,8.69066,frankfurt,True,71,8.97,21,False,0.821918,False,68,1,0,0,0,0,0,0,0,0,0,0,0,0,0,0,0,0,0,0,0,0,0,0,0,0,0,0,0,0,0
891faea1a87ffff,50.134,8.69541,frankfurt,True,76,12.9547,38,False,0.681159,False,42,1,0,0,0,0,0,0,0,1,0,0,0,0,0,0,0,0,0,0,0,0,0,0,0,0,3,0,2,1,1
891faea1a8bffff,50.1308,8.68862,frankfurt,True,1502,11.0907,749,False,0.532572,False,844,0.923798,0,0,0,0,0,0,0,0,0,0,0,0,1,1,0,0,0,0,0,0,0,0,0,0,0,0,2,0,0
891faea1a8fffff,50.1312,8.69338,frankfurt,True,753,9.3341,363,False,0.540136,False,408,0.903226,0,0,0,0,0,0,0,0,0,0,0,0,4,1,1,0,0,0,0,0,0,0,0,0,1,0,1,1,0
891faea1a93ffff,50.1358,8.68794,frankfurt,True,0,,0,False,0.459599,False,0,0.873724,0,0,0,0,0,0,0,0,0,0,0,0,0,0,0,0,0,0,0,0,0,0,0,0,0,0,0,0,0
891faea1a97ffff,50.1363,8.69269,frankfurt,True,0,,0,False,0.459599,False,0,0.873724,0,0,0,0,0,0,0,0,0,0,0,0,0,0,0,0,0,0,0,0,0,0,0,0,0,0,0,0,0
891faea1a9bffff,50.133,8.6859,frankfurt,True,0,,0,False,0.459599,False,0,0.873724,0,0,0,0,0,0,0,0,0,0,0,0,0,0,0,0,0,0,1,0,0,0,0,0,0,0,1,0,0
891faea1aa3ffff,50.1322,8.70289,frankfurt,True,88,11.9064,11,False,0.315789,False,39,0.785714,0,0,0,0,0,0,0,0,0,0,0,0,0,0,0,0,0,0,0,0,0,0,0,0,0,0,0,0,0
891faea1aa7ffff,50.1327,8.70764,frankfurt,True,1626,9.54376,765,False,0.452467,False,813,0.852868,0,0,0,0,0,0,0,0,0,0,0,0,0,2,1,0,0,0,0,0,0,0,0,0,0,0,2,0,0
891faea1aabffff,50.1295,8.70085,frankfurt,True,1063,11.5524,517,False,0.5,False,625,0.931419,0,0,0,0,0,0,0,0,0,0,0,0,0,1,0,0,0,1,0,0,0,0,0,0,2,0,0,0,0
891faea1aafffff,50.13,8.70561,frankfurt,True,558,11.2514,229,False,0.42596,False,294,0.895833,0,0,0,0,0,0,0,0,0,0,0,0,0,1,1,0,0,0,0,0,0,0,0,0,0,0,3,0,0
891faea1ab3ffff,50.1345,8.70017,frankfurt,True,21,10.1743,0,True,0.157895,False,9,0.75,0,0,0,0,0,0,0,0,0,0,0,0,0,0,0,0,0,0,0,0,0,0,0,0,0,0,0,0,0
891faea1ab7ffff,50.135,8.70492,frankfurt,True,426,7.89506,174,False,0.380615,False,188,0.764706,0,0,0,0,0,0,0,0,0,0,0,0,0,0,0,0,0,0,1,0,0,0,0,0,0,0,0,0,0
891faea1abbffff,50.1317,8.69813,frankfurt,True,1269,9.34067,657,False,0.411067,False,720,0.895317,0,0,0,0,0,0,0,0,0,0,0,0,0,0,0,0,0,0,0,0,0,0,0,0,0,0,0,0,0
891faea1ac3ffff,50.1275,8.68183,frankfurt,True,860,12.7488,288,False,0.429577,False,437,0.869266,0,0,0,0,0,0,0,0,0,1,0,0,0,2,0,0,0,0,0,0,0,0,0,0,0,0,2,0,0
891faea1ac7ffff,50.128,8.68659,frankfurt,True,1940,11.8845,967,False,0.537702,False,1139,0.918871,0,0,0,1,0,0,0,2,0,0,2,0,2,12,1,0,0,0,1,0,0,0,0,0,1,0,2,0,1
891faea1acbffff,50.1248,8.6798,frankfurt,True,1329,14.058,543,False,0.48247,False,742,0.889637,0,0,0,0,0,0,0,0,0,0,1,0,0,3,1,0,0,0,0,0,0,0,0,0,0,0,2,0,0
891faea1acfffff,50.1253,8.68455,frankfurt,True,1908,11.9688,1045,False,0.555672,False,1194,0.938604,0,1,0,0,0,0,0,2,0,0,0,0,6,6,2,1,1,1,0,0,2,0,0,0,0,0,0,0,3
891faea1ad3ffff,50.1298,8.67911,frankfurt,True,599,13.112,108,False,0.331691,False,248,0.733051,0,0,0,0,0,0,0,0,0,0,0,0,0,0,0,0,0,0,0,0,0,0,0,0,0,0,0,0,0
891faea1ad7ffff,50.1303,8.68387,frankfurt,True,885,12.4726,300,False,0.535874,False,466,0.868817,0,0,0,0,0,0,0,0,0,0,0,0,2,3,0,0,0,0,0,0,0,0,0,0,1,0,2,0,1
891faea1adbffff,50.127,8.67708,frankfurt,True,771,13.2574,267,False,0.385848,False,378,0.833333,0,0,0,0,0,0,0,0,0,0,0,0,1,0,0,0,0,0,0,0,0,0,0,0,0,0,2,0,0
891faea1b03ffff,50.1297,8.72735,frankfurt,True,373,5.76829,211,False,0.268293,False,211,0.880383,0,0,0,0,0,0,0,0,0,0,0,0,0,0,0,0,0,0,0,0,0,0,0,0,0,0,1,0,0
891faea1b07ffff,50.1301,8.73211,frankfurt,True,832,7.98087,344,False,0.380383,False,352,0.754011,0,0,0,0,0,0,0,0,0,0,1,0,0,1,0,0,0,0,0,0,0,0,0,0,0,0,1,0,0
891faea1b0bffff,50.1269,8.72531,frankfurt,True,262,6.52622,119,False,0.379182,False,126,0.84058,0,0,0,0,0,0,0,0,0,0,0,0,0,0,0,0,0,0,0,0,0,0,0,0,2,0,1,0,0
891faea1b0fffff,50.1274,8.73007,frankfurt,True,722,7.78855,475,False,0.409277,False,484,0.94856,0,0,0,0,0,0,0,0,0,0,0,0,0,0,0,0,0,0,0,0,0,0,0,0,0,0,0,0,0
891faea1b13ffff,50.1319,8.72463,frankfurt,True,0,,0,False,0.459599,False,0,0.873724,0,0,0,0,0,0,0,0,0,0,0,0,0,0,0,0,0,0,0,0,0,0,0,0,0,0,0,0,0
891faea1b17ffff,50.1324,8.72939,frankfurt,True,13,7.90223,0,True,0.214286,False,0,0.873724,0,0,0,0,0,0,0,0,0,0,0,0,0,1,0,0,0,0,0,0,0,0,0,0,0,0,0,0,1
891faea1b1bffff,50.1292,8.7226,frankfurt,True,3,9.22876,0,True,0.459599,True,0,0.873724,0,0,0,0,0,0,0,0,0,0,0,0,0,0,0,0,0,0,0,0,0,0,0,0,0,0,0,0,0
891faea1b23ffff,50.1284,8.73958,frankfurt,True,889,9.26404,438,False,0.46712,False,438,0.842227,0,0,0,0,0,0,0,0,0,0,0,0,0,0,1,0,0,0,0,0,0,0,0,0,0,0,0,0,1
891faea1b27ffff,50.1289,8.74434,frankfurt,True,141,11.2886,37,False,0.640351,False,58,0.756757,0,0,0,0,0,0,0,0,0,0,0,0,0,0,0,0,0,0,0,0,0,0,0,0,0,0,1,0,1
891faea1b2bffff,50.1256,8.73755,frankfurt,True,243,6.91605,129,False,0.368421,False,137,0.916667,0,0,0,0,0,0,0,1,0,0,0,0,0,0,0,0,0,0,0,0,0,0,0,0,0,0,0,0,0
891faea1b2fffff,50.1261,8.7423,frankfurt,True,3,8.73505,0,True,0,False,0,0.873724,0,0,0,0,0,0,0,0,0,0,0,0,0,0,0,0,0,0,0,0,0,0,0,0,0,0,0,0,1
891faea1b33ffff,50.1306,8.73687,frankfurt,True,1152,8.54117,555,False,0.36908,False,617,0.88595,0,0,0,0,0,0,0,0,0,0,0,0,0,2,0,0,0,0,0,0,0,0,0,0,0,0,1,0,0
891faea1b37ffff,50.1311,8.74162,frankfurt,True,14,12.28,4,False,0.6,False,5,0.5,0,0,0,0,0,0,0,0,0,0,0,0,0,0,0,0,0,0,0,0,0,0,0,0,0,0,1,0,1
891faea1b3bffff,50.1279,8.73483,frankfurt,True,459,8.37544,239,False,0.404301,False,239,0.900415,0,0,0,0,0,0,0,0,0,0,1,0,0,0,1,0,0,0,0,0,0,0,0,0,0,0,0,0,0
891faea1b43ffff,50.1237,8.71852,frankfurt,True,388,9.44261,222,False,0.509186,False,223,0.986239,0,0,0,0,0,0,0,0,0,0,0,0,0,0,0,0,0,0,0,0,0,0,0,0,3,0,3,0,0
891faea1b47ffff,50.1242,8.72328,frankfurt,True,0,,0,False,0.459599,False,0,0.873724,0,0,0,0,0,0,0,0,0,0,0,0,0,0,0,0,0,0,0,0,0,0,0,0,0,0,0,0,0
891faea1b4bffff,50.1209,8.71649,frankfurt,True,818,10.0159,280,False,0.329749,False,426,0.881395,0,0,0,0,0,0,0,0,0,0,0,0,0,0,0,0,0,0,0,0,0,0,0,0,0,0,0,0,0
891faea1b4fffff,50.1214,8.72124,frankfurt,True,0,,0,False,0.459599,False,0,0.873724,0,0,0,0,0,0,0,0,0,0,0,0,0,0,0,0,0,0,0,0,0,0,0,0,0,0,0,0,0
891faea1b53ffff,50.1259,8.7158,frankfurt,True,1374,9.40796,745,False,0.420561,False,819,0.915459,0,0,0,0,0,0,0,0,0,0,1,0,0,0,1,0,0,0,0,0,0,0,0,0,2,0,2,0,3
891faea1b57ffff,50.1264,8.72056,frankfurt,True,249,8.37471,170,False,0.401575,False,167,0.947368,0,0,0,0,0,0,0,0,0,0,0,0,0,0,0,0,0,0,0,0,0,0,0,0,0,0,0,0,0
891faea1b5bffff,50.1232,8.71377,frankfurt,True,1763,9.7599,875,False,0.376068,False,944,0.909948,0,0,0,0,0,0,0,0,0,0,0,0,0,0,0,0,0,0,0,0,0,0,0,0,3,0,2,0,1
891faea1b63ffff,50.1224,8.73075,frankfurt,True,51,7.6,12,False,0.372093,False,12,0.5,0,0,0,0,0,0,0,0,0,0,0,0,0,0,0,0,0,0,0,0,0,0,0,0,0,0,0,0,0
891faea1b67ffff,50.1229,8.73551,frankfurt,True,0,,0,False,0.459599,False,0,0.873724,0,0,0,0,0,0,0,0,0,0,0,0,0,0,0,0,0,0,0,0,0,0,0,0,0,0,0,0,0
891faea1b6bffff,50.1196,8.72872,frankfurt,True,0,,0,False,0.459599,False,0,0.873724,0,0,0,0,0,0,0,0,0,0,0,0,0,0,0,0,0,0,0,0,0,0,0,0,0,0,0,0,0
891faea1b6fffff,50.1201,8.73347,frankfurt,True,3,7.48286,0,True,0.459599,True,0,0.873724,0,0,0,0,0,0,0,0,0,0,0,0,0,1,0,0,0,0,0,0,0,0,0,0,0,0,0,0,1
891faea1b73ffff,50.1246,8.72803,frankfurt,True,0,,0,False,0.459599,False,0,0.873724,0,0,0,0,0,0,0,0,0,0,0,0,0,0,0,0,0,0,0,0,0,0,0,0,0,0,0,0,0
891faea1b77ffff,50.1251,8.73279,frankfurt,True,0,,0,False,0.459599,False,0,0.873724,0,0,0,0,0,0,0,0,0,0,0,0,0,0,0,0,0,0,0,0,0,0,0,0,0,0,0,0,0
891faea1b7bffff,50.1219,8.726,frankfurt,True,0,,0,False,0.459599,False,0,0.873724,0,0,0,0,0,0,0,0,0,0,0,0,0,0,0,0,0,0,0,0,0,0,0,0,0,0,0,0,0
891faea1b83ffff,50.1369,8.72395,frankfurt,True,0,,0,False,0.459599,False,0,0.873724,0,0,0,0,0,0,0,0,0,0,0,0,0,0,0,0,0,0,0,0,0,0,0,0,0,0,0,0,0
891faea1b87ffff,50.1374,8.72871,frankfurt,True,0,,0,False,0.459599,False,0,0.873724,0,0,0,0,0,0,0,0,0,0,0,0,0,0,0,0,0,0,0,0,0,0,0,0,0,0,0,0,0
891faea1b8bffff,50.1342,8.72191,frankfurt,True,0,,0,False,0.459599,False,0,0.873724,0,0,0,0,0,0,0,0,0,0,0,0,0,0,0,0,0,0,0,0,0,0,0,0,0,0,0,0,0
891faea1b8fffff,50.1347,8.72667,frankfurt,True,0,,0,False,0.459599,False,0,0.873724,0,0,0,0,0,0,0,0,0,0,0,0,0,0,0,0,0,0,0,0,0,0,0,0,0,0,0,0,0
891faea1b93ffff,50.1392,8.72123,frankfurt,True,650,9.59558,197,False,0.326019,False,284,0.879245,0,0,0,0,0,0,0,0,0,0,0,0,0,0,0,0,0,0,0,0,0,0,0,0,0,0,2,0,0
891faea1b97ffff,50.1397,8.72599,frankfurt,True,328,10.3642,116,False,0.377246,False,163,0.845238,0,0,0,0,0,0,0,0,0,0,0,0,0,0,0,0,0,0,0,0,0,0,0,0,0,0,0,0,0
891faea1b9bffff,50.1364,8.71919,frankfurt,True,13,9.39346,0,True,0.583333,False,14,1,0,0,0,0,0,0,0,0,0,0,0,0,0,0,0,0,0,0,0,0,0,0,0,0,0,0,0,0,0
891faea1ba3ffff,50.1356,8.73618,frankfurt,True,30,7.99,6,False,0.608696,False,21,0.8125,0,0,0,0,0,0,0,0,0,0,0,0,0,0,0,0,0,0,0,0,0,0,0,0,0,0,0,0,2
891faea1ba7ffff,50.1361,8.74094,frankfurt,True,111,8.56194,0,True,0.491071,False,0,0.873724,0,0,0,0,0,0,0,0,0,0,0,0,0,0,0,0,0,0,0,0,0,0,0,0,0,0,0,0,0
891faea1babffff,50.1329,8.73415,frankfurt,True,758,8.16041,395,False,0.42029,False,401,0.863636,0,0,0,0,0,0,0,0,0,0,0,0,0,0,0,0,0,0,0,0,0,0,0,0,1,0,0,0,0
891faea1bafffff,50.1334,8.7389,frankfurt,True,106,8.51,36,False,0.5,False,66,1,0,0,0,0,0,0,0,1,0,0,0,0,0,0,0,0,0,0,0,0,0,0,0,0,1,0,2,0,0
891faea1bb3ffff,50.1379,8.73346,frankfurt,True,64,10.4394,16,False,0.618421,False,28,0.896552,0,0,0,0,0,0,0,0,0,0,0,0,0,0,0,0,0,0,0,1,0,0,0,0,0,0,0,0,1
891faea1bb7ffff,50.1384,8.73822,frankfurt,True,0,,0,False,0.459599,False,0,0.873724,0,0,0,0,0,0,0,0,0,0,0,0,0,0,0,0,0,0,0,0,0,0,0,0,0,0,2,0,2
891faea1bbbffff,50.1351,8.73143,frankfurt,True,0,,0,False,0.459599,False,0,0.873724,0,0,0,0,0,0,0,0,0,0,0,0,0,0,0,0,0,0,0,1,0,0,0,0,0,0,0,0,0
891faea1bc3ffff,50.1309,8.71512,frankfurt,True,1441,11.8841,632,False,0.463889,False,899,0.926991,0,0,0,0,0,0,0,1,0,0,0,0,0,4,2,0,0,0,0,1,0,0,0,0,0,0,1,0,3
891faea1bc7ffff,50.1314,8.71988,frankfurt,True,112,8.05,56,False,0.295238,False,56,0.818182,0,0,0,0,0,0,0,0,0,0,0,0,0,0,0,0,0,0,0,0,0,0,0,0,0,0,0,0,0
891faea1bcbffff,50.1282,8.71308,frankfurt,True,1640,10.269,948,False,0.430318,False,1000,0.945674,0,0,0,0,0,0,0,0,0,0,1,0,2,6,4,0,0,0,1,0,0,0,0,0,0,0,0,0,7
891faea1bcfffff,50.1287,8.71784,frankfurt,True,1299,8.63567,691,False,0.38626,False,742,0.910995,0,0,0,0,0,0,0,0,0,0,0,0,0,1,0,0,0,0,0,0,0,0,0,0,0,0,3,0,2
891faea1bd3ffff,50.1332,8.7124,frankfurt,True,2485,9.44037,1338,False,0.458501,False,1484,0.924284,0,0,0,0,0,0,0,0,0,0,1,0,0,2,0,0,0,0,0,0,0,0,0,0,0,1,2,0,1
891faea1bd7ffff,50.1337,8.71716,frankfurt,True,1281,9.13584,637,False,0.365872,False,715,0.892954,0,0,0,0,0,0,0,0,0,0,0,0,0,0,0,0,0,0,0,0,0,0,0,0,0,0,1,0,0
891faea1bdbffff,50.1305,8.71036,frankfurt,True,1859,11.4849,906,False,0.528556,False,1089,0.923148,0,0,0,1,0,0,0,1,0,0,1,0,0,3,1,0,0,0,0,0,1,2,0,1,0,0,2,0,1
891faea1c03ffff,50.1613,8.68927,frankfurt,True,24,9.75,10,False,0.380952,False,17,1,0,0,0,0,0,0,0,1,0,0,0,0,0,0,0,0,0,0,0,0,0,0,0,0,0,0,1,0,1
891faea1c07ffff,50.1618,8.69403,frankfurt,True,0,,0,False,0.459599,False,0,0.873724,0,0,0,0,0,0,0,0,0,0,0,0,0,0,0,0,0,0,0,0,0,0,0,0,0,0,0,0,0
891faea1c0bffff,50.1585,8.68723,frankfurt,True,175,9.84,78,False,0.435028,False,89,0.831461,0,0,0,0,0,0,0,1,0,0,1,0,0,0,0,0,0,0,1,0,0,0,0,0,1,0,3,0,0
891faea1c0fffff,50.159,8.69199,frankfurt,True,309,9.512,75,False,0.412903,False,117,0.735537,0,0,0,0,0,0,0,0,0,0,0,0,0,0,0,0,0,0,0,0,0,0,0,0,0,0,0,0,0
891faea1c13ffff,50.1636,8.68655,frankfurt,True,73,11.84,5,False,0.544118,False,20,0.809524,0,0,0,0,0,0,0,0,0,0,0,0,1,1,0,0,1,0,0,0,0,0,0,0,0,0,1,0,1
891faea1c17ffff,50.164,8.6913,frankfurt,True,470,7.74773,128,False,0.410088,False,168,0.697531,0,0,0,0,0,0,0,0,0,0,0,0,0,0,0,0,0,0,0,0,0,0,0,0,0,0,1,0,0
891faea1c1bffff,50.1608,8.68451,frankfurt,True,65,8.08625,8,False,0.285714,False,11,1,0,0,0,0,0,0,0,1,0,0,0,0,0,0,0,0,0,0,0,0,0,0,0,0,0,0,0,0,0
891faea1c23ffff,50.16,8.7015,frankfurt,True,0,,0,False,0.459599,False,0,0.873724,0,0,0,0,0,0,0,0,0,0,0,0,0,0,0,0,0,0,0,0,0,0,0,0,0,0,0,0,0
891faea1c27ffff,50.1605,8.70626,frankfurt,True,0,,0,False,0.459599,False,0,0.873724,0,0,0,0,0,0,0,0,0,0,0,0,0,0,0,0,0,0,0,0,0,0,0,0,0,0,0,0,0
891faea1c2bffff,50.1573,8.69947,frankfurt,True,921,12.4814,236,False,0.477273,False,363,0.751366,0,0,0,0,0,0,0,1,0,0,0,0,0,1,0,0,0,0,0,0,0,0,0,0,0,0,1,0,0
891faea1c2fffff,50.1578,8.70423,frankfurt,True,0,,0,False,0.459599,False,0,0.873724,0,0,0,0,0,0,0,0,0,0,0,0,0,0,0,0,0,0,0,0,0,0,0,0,0,0,0,0,0
891faea1c33ffff,50.1623,8.69878,frankfurt,True,0,,0,False,0.459599,False,0,0.873724,0,0,0,0,0,0,0,0,0,0,0,0,0,0,0,0,0,0,0,0,0,0,0,0,0,0,0,0,0
891faea1c37ffff,50.1628,8.70354,frankfurt,True,0,,0,False,0.459599,False,0,0.873724,0,0,0,0,0,0,0,0,0,0,0,0,0,0,0,0,0,0,0,0,0,0,0,0,0,0,0,0,0
891faea1c3bffff,50.1595,8.69675,frankfurt,True,394,11.5649,111,False,0.511509,False,160,0.822695,0,0,0,0,0,0,0,0,0,0,0,0,0,0,0,0,0,0,0,0,0,0,0,0,0,0,1,0,0
891faea1c43ffff,50.1553,8.68044,frankfurt,True,459,10.9427,132,False,0.396018,False,229,0.855263,0,0,0,0,0,0,0,0,0,0,0,0,0,0,0,0,0,0,0,0,0,0,0,0,0,0,0,0,0
891faea1c47ffff,50.1558,8.6852,frankfurt,True,754,5.23717,314,False,0.402145,False,319,0.829268,0,0,0,0,0,0,0,0,0,0,0,0,0,0,0,0,0,0,0,0,0,0,0,0,1,0,1,0,0
891faea1c4bffff,50.1526,8.6784,frankfurt,True,981,9.28289,377,False,0.440283,False,493,0.842209,0,0,0,0,0,0,0,0,0,0,0,0,0,1,0,0,0,0,0,0,0,0,0,0,0,0,1,0,1
891faea1c4fffff,50.1531,8.68316,frankfurt,True,1385,9.17953,550,False,0.406091,False,725,0.873453,0,0,0,0,0,0,0,1,0,0,1,0,0,0,0,0,0,0,0,0,0,0,0,0,0,0,0,0,0
891faea1c53ffff,50.1576,8.67772,frankfurt,True,4,8.74139,0,True,0.459599,True,0,0.873724,0,0,0,0,0,0,0,0,0,0,0,0,0,0,0,0,0,0,0,0,0,0,0,0,0,0,0,0,0
891faea1c57ffff,50.1581,8.68247,frankfurt,True,0,,0,False,0.459599,False,0,0.873724,0,0,0,0,0,0,0,0,0,0,0,0,0,0,0,0,0,0,0,0,0,0,0,0,0,0,0,0,0
891faea1c5bffff,50.1548,8.67568,frankfurt,True,5,9.10124,0,True,0.459599,True,0,0.873724,0,0,0,0,0,0,0,0,0,0,0,0,0,0,0,0,0,0,0,0,0,0,0,0,0,0,0,0,0
891faea1c63ffff,50.154,8.69267,frankfurt,True,1136,9.00844,518,False,0.436557,False,590,0.861301,0,0,0,0,0,0,0,1,0,0,0,0,1,1,1,0,0,0,0,0,0,0,0,0,0,0,1,0,1
891faea1c67ffff,50.1545,8.69743,frankfurt,True,1422,8.12171,521,False,0.377493,False,617,0.803175,1,0,0,0,0,0,0,0,0,0,2,0,0,0,0,1,0,0,0,0,0,0,0,0,1,0,1,0,0
891faea1c6bffff,50.1513,8.69064,frankfurt,True,1035,9.43741,474,False,0.447747,False,562,0.910909,0,0,0,0,0,0,0,0,0,1,2,0,1,4,0,0,0,0,0,0,0,0,0,0,0,0,4,0,1
891faea1c6fffff,50.1518,8.69539,frankfurt,True,1724,8.1815,547,False,0.550937,False,552,0.820183,0,0,0,0,0,0,0,0,0,0,0,0,0,0,0,0,0,0,0,0,0,0,0,0,0,0,0,0,0
891faea1c73ffff,50.1563,8.68995,frankfurt,True,953,11.8745,431,False,0.48377,False,519,0.857965,0,0,0,0,0,0,0,0,0,0,0,0,0,2,0,0,0,0,0,0,0,0,0,0,0,0,0,0,3
891faea1c77ffff,50.1568,8.69471,frankfurt,True,1451,10.6315,356,False,0.360633,False,595,0.737785,0,0,0,0,0,0,0,0,0,0,0,0,0,0,0,0,0,0,0,0,0,0,0,0,0,0,1,0,0
891faea1c7bffff,50.1535,8.68792,frankfurt,True,966,9.00952,351,False,0.424558,False,459,0.86087,0,0,0,0,0,0,0,0,0,0,0,0,0,0,0,0,0,0,0,0,0,0,0,0,0,0,0,0,0
891faea1c83ffff,50.1686,8.68586,frankfurt,True,611,6.65794,189,False,0.360976,False,218,0.697368,0,0,0,0,0,0,0,0,0,0,0,0,0,0,0,0,0,0,0,0,0,0,0,0,0,0,4,0,0
891faea1c87ffff,50.169,8.69062,frankfurt,True,276,9.66387,62,False,0.296296,False,102,0.71134,0,0,0,0,0,0,0,0,0,0,0,0,0,0,0,0,0,0,0,0,0,0,0,0,0,0,0,0,0
891faea1c8bffff,50.1658,8.68383,frankfurt,True,918,7.99712,156,False,0.375691,False,326,0.659701,0,0,0,0,0,0,0,0,0,0,0,0,0,0,0,0,0,0,0,0,0,0,0,0,0,0,0,0,0
891faea1c8fffff,50.1663,8.68858,frankfurt,True,874,6.69649,134,False,0.34558,False,248,0.493827,0,0,0,0,0,0,0,0,0,0,0,0,0,0,0,0,0,0,0,0,0,0,0,0,0,0,0,0,0
891faea1c93ffff,50.1708,8.68314,frankfurt,True,7,9.11538,0,True,0.459599,True,3,0.873724,0,0,0,0,0,0,0,0,0,0,0,0,0,0,0,0,0,0,0,0,0,0,0,0,0,0,0,0,0
891faea1c97ffff,50.1713,8.6879,frankfurt,True,0,,0,False,0.459599,False,0,0.873724,0,0,0,0,0,0,0,0,0,0,0,0,0,0,0,0,0,0,0,0,0,0,0,0,0,0,0,0,0
891faea1c9bffff,50.1681,8.6811,frankfurt,True,1835,9.40658,657,False,0.447141,False,796,0.802781,0,0,0,0,0,0,0,3,0,0,1,0,0,0,0,0,0,0,0,0,0,0,0,0,0,0,2,0,0
891faea1ca3ffff,50.1673,8.6981,frankfurt,True,0,,0,False,0.459599,False,0,0.873724,0,0,0,0,0,0,0,0,0,0,0,0,0,0,0,0,0,0,0,0,0,0,0,0,0,0,0,0,0
891faea1ca7ffff,50.1678,8.70286,frankfurt,True,0,,0,False,0.459599,False,0,0.873724,0,0,0,0,0,0,0,0,0,0,0,0,0,0,0,0,0,0,0,0,0,0,0,0,0,0,0,0,0
891faea1cabffff,50.1645,8.69606,frankfurt,True,0,,0,False,0.459599,False,0,0.873724,0,0,0,0,0,0,0,0,0,0,0,0,0,0,0,0,0,0,0,0,0,0,0,0,0,0,0,0,0
891faea1cafffff,50.165,8.70082,frankfurt,True,0,,0,False,0.459599,False,0,0.873724,0,0,0,0,0,0,0,0,0,0,0,0,0,0,0,0,0,0,0,0,0,0,0,0,0,0,0,0,0
891faea1cb3ffff,50.1695,8.69538,frankfurt,True,426,9.07979,94,False,0.364679,False,202,0.813084,0,0,0,0,0,0,0,0,0,0,0,0,0,0,0,0,0,0,0,0,0,0,0,0,0,0,2,0,0
891faea1cb7ffff,50.17,8.70014,frankfurt,True,0,,0,False,0.459599,False,0,0.873724,0,0,0,0,0,0,0,0,0,0,0,0,0,0,0,0,0,0,0,0,0,0,0,0,0,0,0,0,0
891faea1cbbffff,50.1668,8.69334,frankfurt,True,429,9.48212,85,False,0.330211,False,191,0.822917,0,0,0,0,0,0,0,0,0,0,0,0,0,0,0,0,0,0,0,0,0,0,0,0,0,0,3,0,0
891faea1cc3ffff,50.1626,8.67703,frankfurt,True,0,,0,False,0.459599,False,0,0.873724,0,0,0,0,0,0,0,0,0,0,0,0,0,1,0,0,0,0,0,0,0,0,0,0,0,0,0,0,0
891faea1cc7ffff,50.1631,8.68179,frankfurt,True,207,6.558,90,False,0.33,False,94,0.849462,0,0,0,0,0,0,0,0,0,0,0,0,0,0,0,0,0,0,0,0,0,0,0,0,0,0,1,0,0
891faea1ccbffff,50.1598,8.675,frankfurt,True,0,,0,False,0.459599,False,0,0.873724,0,0,0,0,0,0,0,0,0,0,0,0,0,0,0,0,0,0,0,0,0,0,0,0,0,0,0,0,0
891faea1ccfffff,50.1603,8.67975,frankfurt,True,0,,0,False,0.459599,False,0,0.873724,0,0,0,0,0,0,0,0,0,0,0,0,0,1,0,0,0,0,0,0,0,0,0,0,0,0,0,0,0
891faea1cd3ffff,50.1648,8.67431,frankfurt,True,777,10.3968,167,False,0.378827,False,343,0.795666,0,0,0,0,0,0,0,0,0,0,0,0,0,0,0,0,0,0,0,0,0,0,0,0,0,0,0,0,0
891faea1cd7ffff,50.1653,8.67907,frankfurt,True,291,9.27353,68,False,0.413333,False,129,0.834586,0,0,0,0,0,0,0,0,0,0,0,0,0,0,1,0,0,0,0,0,0,0,0,0,0,0,2,0,0
891faea1cdbffff,50.1621,8.67228,frankfurt,True,64,9.78,6,False,0.352113,False,25,0.695652,0,0,0,0,0,0,0,0,0,0,0,0,0,0,0,0,0,0,0,0,0,0,0,0,0,0,0,0,0
891faea1d03ffff,50.1647,8.72257,frankfurt,False,335,10.4278,81,False,0.337386,False,144,0.849624,0,0,0,0,0,0,0,0,0,0,0,0,0,0,0,0,0,0,0,0,0,0,0,0,0,0,2,0,0
891faea1d07ffff,50.1652,8.72733,frankfurt,False,510,9.503,90,False,0.351967,False,212,0.82,0,0,0,0,0,0,0,0,0,0,0,0,0,0,0,0,0,0,0,0,0,0,0,0,0,0,0,0,0
891faea1d0bffff,50.162,8.72054,frankfurt,True,0,,0,False,0.459599,False,0,0.873724,0,0,0,0,0,0,0,0,0,0,0,0,0,0,0,0,0,0,0,0,0,0,0,0,0,0,0,0,0
891faea1d0fffff,50.1625,8.7253,frankfurt,True,22,10.6178,0,True,0.5,False,11,0.727273,0,0,0,0,0,0,0,0,0,0,0,0,0,0,0,0,0,0,0,0,0,0,0,0,0,0,2,0,0
891faea1d13ffff,50.167,8.71985,frankfurt,False,145,12.98,4,False,0.381295,False,43,0.480769,0,0,0,0,0,0,0,0,0,0,0,0,0,0,0,0,0,0,0,0,0,0,0,0,0,0,0,0,0
891faea1d17ffff,50.1675,8.72461,frankfurt,False,497,11.0429,128,False,0.368421,False,229,0.788546,0,0,0,0,0,0,0,0,0,0,0,0,1,1,0,0,0,0,0,0,0,0,0,0,0,0,1,0,0
891faea1d1bffff,50.1642,8.71782,frankfurt,True,0,,0,False,0.459599,False,0,0.873724,0,0,0,0,0,0,0,0,0,0,0,0,0,0,0,0,0,0,0,0,0,0,0,0,0,0,0,0,0
891faea1d23ffff,50.1634,8.73481,frankfurt,False,0,,0,False,0.459599,False,0,0.873724,0,0,0,0,0,0,0,0,0,0,0,0,0,0,0,0,0,0,0,0,0,0,0,0,0,0,0,0,0
891faea1d27ffff,50.1639,8.73957,frankfurt,False,0,,0,False,0.459599,False,0,0.873724,0,0,0,0,0,0,0,0,0,0,0,0,0,0,0,0,0,0,0,0,0,0,0,0,0,0,0,0,0
891faea1d2bffff,50.1607,8.73277,frankfurt,True,0,,0,False,0.459599,False,0,0.873724,0,0,0,0,0,0,0,0,0,0,0,0,0,0,0,0,0,0,0,0,0,0,0,0,0,0,0,0,0
891faea1d2fffff,50.1612,8.73753,frankfurt,True,6,11.1303,0,True,0.459599,True,0,0.873724,0,0,0,0,0,0,0,0,0,0,0,0,0,0,0,0,0,0,0,0,0,0,0,0,0,0,0,0,0
891faea1d33ffff,50.1657,8.73209,frankfurt,False,3,8.2,3,False,1,False,3,1,0,0,0,0,0,0,0,0,0,0,0,0,0,0,0,0,0,0,0,0,0,0,0,0,0,0,0,0,0
891faea1d37ffff,50.1662,8.73685,frankfurt,False,0,,0,False,0.459599,False,0,0.873724,0,0,0,0,0,0,0,0,0,0,0,0,0,0,0,0,0,0,0,0,0,0,0,0,0,0,0,0,0
891faea1d3bffff,50.1629,8.73005,frankfurt,False,0,,0,False,0.459599,False,0,0.873724,0,0,0,0,0,0,0,0,0,0,0,0,0,0,0,0,0,0,0,0,0,0,0,0,0,0,0,0,0
891faea1d43ffff,50.1587,8.71374,frankfurt,True,0,,0,False,0.459599,False,0,0.873724,0,0,0,0,0,0,0,0,0,0,0,0,0,0,0,0,0,0,0,0,0,0,0,0,0,0,0,0,0
891faea1d47ffff,50.1592,8.7185,frankfurt,True,24,14.07,11,False,0.575758,False,11,1,0,0,0,0,0,0,0,0,0,0,0,0,0,0,0,0,0,0,0,0,0,0,0,0,0,0,0,0,0
891faea1d4bffff,50.156,8.7117,frankfurt,True,0,,0,False,0.459599,False,0,0.873724,0,0,0,0,0,0,0,0,0,0,0,0,0,0,0,0,0,0,0,0,0,0,0,0,0,0,0,0,0
891faea1d4fffff,50.1565,8.71646,frankfurt,True,0,,0,False,0.459599,False,0,0.873724,0,0,0,0,0,0,0,0,0,0,0,0,0,0,0,0,0,0,0,0,0,0,0,0,0,0,0,0,0
891faea1d53ffff,50.161,8.71102,frankfurt,True,0,,0,False,0.459599,False,0,0.873724,0,0,0,0,0,0,0,0,0,0,0,0,0,0,0,0,0,0,0,0,0,0,0,0,0,0,0,0,0
891faea1d57ffff,50.1615,8.71578,frankfurt,True,0,,0,False,0.459599,False,0,0.873724,0,0,0,0,0,0,0,0,0,0,0,0,0,0,0,0,0,0,0,0,0,0,0,0,0,0,0,0,0
891faea1d5bffff,50.1582,8.70898,frankfurt,True,0,,0,False,0.459599,False,0,0.873724,0,0,0,0,0,0,0,0,0,0,0,0,0,0,0,0,0,0,0,0,0,0,0,0,0,0,0,0,0
891faea1d63ffff,50.1574,8.72598,frankfurt,True,0,,0,False,0.459599,False,0,0.873724,0,0,0,0,0,0,0,0,0,0,0,0,0,0,0,0,0,0,0,0,0,0,0,0,0,0,0,0,0
891faea1d67ffff,50.1579,8.73074,frankfurt,True,0,,0,False,0.459599,False,0,0.873724,0,0,0,0,0,0,0,0,0,0,0,0,0,0,0,0,0,0,0,0,0,0,0,0,0,0,0,0,0
891faea1d6bffff,50.1547,8.72394,frankfurt,True,0,,0,False,0.459599,False,0,0.873724,0,0,0,0,0,0,0,0,0,0,0,0,0,0,0,0,0,0,0,0,0,0,0,0,0,0,0,0,0
891faea1d6fffff,50.1552,8.7287,frankfurt,True,0,,0,False,0.459599,False,0,0.873724,0,0,0,0,0,0,0,0,0,0,0,0,0,0,0,0,0,0,0,0,0,0,0,0,0,0,0,0,0
891faea1d73ffff,50.1597,8.72326,frankfurt,True,0,,0,False,0.459599,False,0,0.873724,0,0,0,0,0,0,0,0,0,0,0,0,0,0,0,0,0,0,0,0,0,0,0,0,0,0,0,0,0
891faea1d77ffff,50.1602,8.72802,frankfurt,True,0,,0,False,0.459599,False,0,0.873724,0,0,0,0,0,0,0,0,0,0,0,0,0,0,0,0,0,0,0,0,0,0,0,0,0,0,0,0,0
891faea1d7bffff,50.157,8.72122,frankfurt,True,0,,0,False,0.459599,False,0,0.873724,0,0,0,0,0,0,0,0,0,0,0,0,0,0,0,0,0,0,0,0,0,0,0,0,0,0,0,0,0
891faea1d83ffff,50.172,8.71917,frankfurt,False,638,10.5524,106,False,0.323217,False,289,0.763066,0,0,0,0,0,0,0,0,0,0,0,0,0,0,0,0,0,0,0,0,0,0,0,0,0,0,0,0,0
891faea1d87ffff,50.1725,8.72393,frankfurt,False,303,11.0642,79,False,0.325342,False,141,0.833333,0,0,0,0,0,0,0,0,0,0,0,0,0,0,0,0,0,0,1,0,0,0,0,0,0,0,1,0,0
891faea1d8bffff,50.1692,8.71713,frankfurt,True,54,10.4,10,False,0.482143,False,22,1,0,0,0,0,0,0,0,0,0,0,0,0,0,1,0,0,0,0,0,0,0,0,0,0,0,0,0,0,0
891faea1d8fffff,50.1697,8.72189,frankfurt,False,345,10.0732,41,False,0.308108,False,145,0.79562,0,0,0,0,0,0,0,0,0,0,0,0,0,1,0,0,0,0,0,0,0,0,0,0,0,0,1,0,0
891faea1d93ffff,50.1742,8.71645,frankfurt,False,1121,10.3196,406,False,0.395536,False,538,0.866667,0,0,0,0,0,0,0,0,0,0,0,0,0,0,0,0,0,0,0,0,0,0,0,0,0,0,1,0,0
891faea1d97ffff,50.1747,8.72121,frankfurt,False,523,9.21444,81,False,0.300191,False,258,0.848249,0,0,0,0,0,0,0,0,0,0,0,0,0,0,0,0,0,0,0,0,0,0,0,0,0,0,1,0,0
891faea1d9bffff,50.1715,8.71441,frankfurt,False,396,9.75132,76,False,0.32987,False,174,0.846154,0,0,0,0,0,0,0,0,0,0,0,0,0,0,0,0,0,0,0,0,0,0,0,0,0,0,1,0,0
891faea1da3ffff,50.1707,8.73141,frankfurt,False,348,9.36624,109,False,0.320113,False,179,0.859551,0,0,0,0,0,0,0,0,0,0,0,0,0,0,0,0,0,0,0,0,0,0,0,0,0,0,1,0,0
891faea1da7ffff,50.1712,8.73617,frankfurt,False,599,7.91525,223,False,0.278049,False,291,0.883162,0,0,0,0,0,0,0,0,0,0,0,0,0,0,0,0,0,0,0,0,0,0,0,0,0,0,0,0,0
891faea1dabffff,50.1679,8.72937,frankfurt,False,383,10.7345,181,False,0.460106,False,217,0.909953,0,0,0,0,0,1,0,2,0,0,1,0,0,1,0,0,0,0,0,0,0,0,0,0,0,0,1,0,1
891faea1dafffff,50.1684,8.73413,frankfurt,False,4,9.47446,0,True,0.459599,True,0,0.873724,0,0,0,0,0,0,0,0,0,0,0,0,0,0,0,0,0,0,0,0,0,0,0,0,0,0,0,0,0
891faea1db3ffff,50.173,8.72869,frankfurt,False,404,9.09626,91,False,0.3257,False,206,0.843602,0,0,0,0,0,0,0,0,0,0,0,0,0,0,0,0,0,0,0,0,0,0,0,0,0,0,0,0,0
891faea1db7ffff,50.1734,8.73345,frankfurt,False,785,9.69535,230,False,0.391417,False,352,0.845938,0,0,0,0,0,0,0,0,0,1,0,0,0,2,1,0,0,0,0,0,0,0,0,0,0,0,3,0,2
891faea1dbbffff,50.1702,8.72665,frankfurt,False,337,9.99197,61,False,0.261628,False,169,0.899371,0,0,0,0,0,0,0,0,0,0,0,0,0,0,0,0,0,0,0,0,0,0,0,0,0,0,0,0,0
891faea1dc3ffff,50.166,8.71034,frankfurt,True,0,,0,False,0.459599,False,0,0.873724,0,0,0,0,0,0,0,0,0,0,0,0,0,0,0,0,0,0,0,0,0,0,0,0,0,0,0,0,0
891faea1dc7ffff,50.1665,8.7151,frankfurt,True,0,,0,False,0.459599,False,0,0.873724,0,0,0,0,0,0,0,0,0,0,0,0,0,0,0,0,0,0,0,0,0,0,0,0,0,0,0,0,0
891faea1dcbffff,50.1632,8.7083,frankfurt,True,0,,0,False,0.459599,False,0,0.873724,0,0,0,0,0,0,0,0,0,0,0,0,0,0,0,0,0,0,0,0,0,0,0,0,0,0,0,0,0
891faea1dcfffff,50.1637,8.71306,frankfurt,True,0,,0,False,0.459599,False,0,0.873724,0,0,0,0,0,0,0,0,0,0,0,0,0,0,0,0,0,0,0,0,0,0,0,0,0,0,0,0,0
891faea1dd3ffff,50.1683,8.70762,frankfurt,True,0,,0,False,0.459599,False,0,0.873724,0,0,0,0,0,0,0,0,0,0,0,0,0,0,0,0,0,0,0,0,0,0,0,0,0,0,0,0,0
891faea1dd7ffff,50.1687,8.71237,frankfurt,True,0,,0,False,0.459599,False,0,0.873724,0,0,0,0,0,0,0,0,0,0,0,0,0,0,0,0,0,0,0,0,0,0,0,0,0,0,0,0,0
891faea1ddbffff,50.1655,8.70558,frankfurt,True,0,,0,False,0.459599,False,0,0.873724,0,0,0,0,0,0,0,0,0,0,0,0,0,0,0,0,0,0,0,0,0,0,0,0,0,0,0,0,0
891faea1e03ffff,50.1421,8.67502,frankfurt,True,393,10.038,186,False,0.410256,False,239,0.896,0,0,0,0,0,0,0,0,0,0,0,0,0,0,0,0,0,0,0,0,0,0,0,0,0,0,0,0,0
891faea1e07ffff,50.1425,8.67977,frankfurt,True,1422,9.87742,783,False,0.470097,False,896,0.926884,0,0,0,0,0,0,0,0,0,0,1,0,0,1,0,0,0,0,0,0,0,0,0,0,0,0,0,0,0
891faea1e0bffff,50.1393,8.67298,frankfurt,True,914,10.4133,307,False,0.435666,False,485,0.879418,0,0,0,0,0,0,0,1,0,0,2,0,0,2,0,0,0,0,0,0,0,0,0,0,0,0,1,0,1
891faea1e0fffff,50.1398,8.67774,frankfurt,True,661,9.69563,268,False,0.426584,False,369,0.873973,0,0,0,0,0,0,0,1,0,0,0,0,0,2,0,0,0,0,0,0,1,0,0,0,0,0,2,0,0
891faea1e13ffff,50.1443,8.6723,frankfurt,True,254,10.1826,66,False,0.262357,False,121,0.833333,0,0,0,0,0,0,0,0,0,0,0,0,0,0,0,0,0,0,0,0,0,0,0,0,0,0,0,0,0
891faea1e17ffff,50.1448,8.67705,frankfurt,True,31,10.6228,29,False,0.514286,False,29,1,0,0,0,0,0,0,0,0,0,0,0,0,0,1,0,0,0,0,0,0,0,0,0,0,0,0,0,0,0
891faea1e1bffff,50.1416,8.67026,frankfurt,True,1146,9.90718,464,False,0.527098,False,699,0.938988,0,0,0,0,0,0,0,0,0,0,0,0,0,1,1,0,0,0,0,0,0,0,0,0,0,0,0,0,1
891faea1e23ffff,50.1408,8.68725,frankfurt,True,0,,0,False,0.459599,False,0,0.873724,0,0,0,0,0,0,0,0,0,0,0,0,0,0,0,0,0,0,0,0,0,0,0,0,0,0,0,0,0
891faea1e27ffff,50.1413,8.69201,frankfurt,True,34,7.7,24,False,0.542857,False,24,1,0,0,0,0,0,0,0,0,0,0,0,0,0,0,0,0,0,0,0,0,0,0,0,0,0,0,0,0,0
891faea1e2bffff,50.138,8.68522,frankfurt,True,442,11.0661,132,False,0.404598,False,239,0.869748,0,0,0,0,0,0,0,0,0,0,0,0,0,0,1,0,0,0,0,0,0,0,0,0,0,0,4,0,0
891faea1e2fffff,50.1385,8.68997,frankfurt,True,0,,0,False,0.459599,False,0,0.873724,0,0,0,0,0,0,0,0,0,0,0,0,0,0,0,0,0,0,0,0,0,0,0,0,0,0,0,0,0
891faea1e33ffff,50.143,8.68453,frankfurt,True,1248,7.69173,548,False,0.44092,False,689,0.894583,0,0,0,0,0,0,0,0,0,0,0,0,0,0,0,0,0,0,0,0,0,0,0,0,1,0,2,0,0
891faea1e37ffff,50.1435,8.68929,frankfurt,True,230,7.01862,181,False,0.109589,False,173,0.95,0,0,0,0,0,0,0,0,0,0,0,0,0,0,0,0,0,0,1,0,0,0,0,0,0,0,1,0,3
891faea1e3bffff,50.1403,8.6825,frankfurt,True,876,10.4421,373,False,0.421714,False,506,0.906504,0,0,0,0,0,0,0,0,0,0,0,0,0,1,0,0,0,0,0,0,0,0,0,0,0,0,1,0,2
891faea1e43ffff,50.1361,8.66619,frankfurt,True,930,8.94618,217,False,0.698276,False,665,0.945783,0,0,0,0,0,0,0,1,0,0,0,0,0,0,0,0,0,0,0,0,0,0,0,0,0,0,3,0,1
891faea1e47ffff,50.1366,8.67095,frankfurt,True,1241,10.9399,551,False,0.485484,False,643,0.883969,0,0,0,0,0,0,0,0,0,1,0,0,0,3,0,0,0,2,0,0,0,1,0,0,1,0,2,0,1
891faea1e4bffff,50.1333,8.66416,frankfurt,True,700,9.18,378,False,0.462882,False,390,0.908602,0,0,0,0,0,0,0,0,0,0,0,0,0,0,0,0,0,0,0,0,0,0,0,0,0,0,0,0,0
891faea1e4fffff,50.1338,8.66891,frankfurt,True,700,10.7478,155,False,0.364419,False,304,0.862876,0,0,0,0,0,0,0,1,0,0,0,0,0,0,0,0,0,0,0,0,0,0,0,0,0,0,1,0,0
891faea1e53ffff,50.1383,8.66347,frankfurt,True,874,9.15297,428,False,0.402098,False,469,0.887712,0,0,0,0,0,0,0,1,0,0,0,0,0,0,0,0,0,0,0,0,0,0,0,0,0,0,2,0,0
891faea1e57ffff,50.1388,8.66823,frankfurt,True,1235,10.9335,528,False,0.46683,False,659,0.870624,0,0,0,0,0,0,0,0,0,0,2,0,1,3,0,0,0,0,1,0,0,0,0,0,0,0,3,0,2
891faea1e5bffff,50.1356,8.66144,frankfurt,True,83,6.13,75,False,0,False,61,1,0,0,0,0,0,0,0,0,0,0,0,0,1,0,0,0,0,0,0,0,0,2,0,0,0,0,2,0,1
891faea1e63ffff,50.1348,8.67842,frankfurt,True,121,8.16,39,False,0.482456,False,39,0.581395,0,0,0,0,0,0,0,0,0,0,0,0,0,0,0,0,0,0,0,0,0,0,0,0,0,0,0,0,1
891faea1e67ffff,50.1353,8.68318,frankfurt,True,784,11.4799,254,False,0.457106,False,426,0.899767,0,0,0,0,0,0,0,0,0,0,0,0,1,0,1,0,0,0,1,0,0,0,0,0,0,1,0,0,0
891faea1e6bffff,50.132,8.67639,frankfurt,True,1093,19.1777,744,False,0.622831,False,670,0.888399,0,0,0,0,0,0,0,0,0,0,0,0,1,0,0,0,0,0,0,0,0,0,0,0,0,0,1,0,2
891faea1e6fffff,50.1325,8.68115,frankfurt,True,620,10.343,303,False,0.463884,False,346,0.903955,0,0,0,0,0,0,0,1,0,0,1,0,0,0,0,0,0,0,0,1,0,0,0,0,0,0,1,1,0
891faea1e73ffff,50.137,8.6757,frankfurt,True,205,10.9086,56,False,0.286408,False,107,0.882353,0,0,0,0,0,0,0,0,0,0,0,0,0,0,0,0,0,0,0,0,0,0,0,0,0,0,0,0,0
891faea1e77ffff,50.1375,8.68046,frankfurt,True,242,10.0828,87,False,0.422594,False,130,0.830882,0,0,0,0,0,0,0,0,0,0,0,0,0,1,0,0,0,0,0,0,0,0,0,0,0,0,0,0,0
891faea1e7bffff,50.1343,8.67367,frankfurt,True,1007,10.9809,395,False,0.452756,False,529,0.912791,0,0,0,0,0,0,0,0,0,0,1,0,0,0,0,1,0,0,0,0,0,0,0,0,0,0,0,0,0
891faea1e83ffff,50.1493,8.67161,frankfurt,True,1151,10.2297,513,False,0.45013,False,579,0.852632,0,0,0,0,0,0,0,0,0,0,0,0,0,0,0,0,0,0,0,0,0,0,0,0,0,0,3,0,0
891faea1e87ffff,50.1498,8.67637,frankfurt,True,674,9.18137,271,False,0.258443,False,298,0.874608,0,0,0,0,0,0,0,0,0,0,0,0,0,0,0,0,0,0,0,0,0,0,0,0,0,0,2,0,0
891faea1e8bffff,50.1466,8.66958,frankfurt,True,1272,10.1363,546,False,0.433801,False,694,0.894583,0,0,0,0,0,0,0,0,0,0,0,0,0,2,0,0,0,0,0,0,0,0,0,0,0,0,1,0,0
891faea1e8fffff,50.1471,8.67433,frankfurt,True,763,9.59143,336,False,0.379085,False,381,0.875661,0,0,0,0,0,0,0,0,0,0,0,0,0,0,0,0,0,0,0,0,0,0,0,0,0,0,0,0,0
891faea1e93ffff,50.1516,8.66889,frankfurt,True,804,8.83021,423,False,0.42627,False,456,0.883408,0,0,0,0,0,0,0,0,0,0,0,0,0,0,0,0,0,0,0,0,0,0,0,0,0,0,2,0,0
891faea1e97ffff,50.1521,8.67365,frankfurt,True,786,9.18026,466,False,0.489583,False,466,0.930283,0,0,0,0,0,0,0,0,0,0,0,0,0,0,0,0,0,0,0,0,0,0,0,0,0,0,0,0,0
891faea1e9bffff,50.1488,8.66686,frankfurt,True,1101,11.5694,363,False,0.442238,False,585,0.86745,0,0,0,0,0,0,0,1,0,0,0,0,0,3,0,0,0,0,0,0,0,0,0,0,1,0,3,0,0
891faea1ea3ffff,50.148,8.68385,frankfurt,True,619,9.64083,156,False,0.36,False,319,0.843558,0,0,0,0,0,0,0,0,0,0,0,0,0,1,0,0,0,0,0,0,0,0,0,0,0,0,0,0,0
891faea1ea7ffff,50.1485,8.6886,frankfurt,True,824,7.81809,362,False,0.411552,False,367,0.784884,0,0,0,0,0,0,0,0,0,0,0,0,0,0,0,0,0,0,0,0,0,0,0,0,1,0,1,0,0
891faea1eabffff,50.1453,8.68181,frankfurt,True,672,10.8153,336,False,0.401198,False,414,0.897059,0,0,0,0,0,0,0,1,0,0,0,0,0,1,0,0,0,0,0,0,0,0,0,1,1,0,0,0,0
891faea1eafffff,50.1458,8.68657,frankfurt,True,535,9.15366,246,False,0.382353,False,286,0.901754,0,0,0,0,0,0,0,0,0,0,0,0,0,0,0,0,0,0,0,0,0,0,0,0,0,0,0,0,0
891faea1eb3ffff,50.1503,8.68112,frankfurt,True,811,9.29007,279,False,0.430622,False,406,0.864078,0,0,0,0,0,0,0,0,0,0,0,0,0,2,0,1,0,0,0,0,0,0,0,0,0,0,1,0,3
891faea1eb7ffff,50.1508,8.68588,frankfurt,True,667,9.19528,269,False,0.423423,False,369,0.90027,0,0,0,0,0,0,0,0,0,0,0,0,0,1,1,0,0,0,0,0,0,0,0,0,1,0,4,0,1
891faea1ebbffff,50.1476,8.67909,frankfurt,True,83,13.4167,27,False,0.533333,False,47,1,0,1,0,0,0,0,0,1,0,0,1,0,0,0,0,0,0,0,0,1,0,0,0,2,0,0,0,0,0
891faea1ec3ffff,50.1433,8.66279,frankfurt,True,710,8.21924,236,False,0.355301,False,281,0.757143,0,0,0,0,0,0,0,0,0,0,0,0,0,0,0,0,0,0,0,0,0,0,0,0,0,0,0,0,0
891faea1ec7ffff,50.1438,8.66754,frankfurt,True,572,11.791,201,False,0.423611,False,302,0.854369,0,0,0,0,0,0,0,1,0,0,0,0,0,0,1,0,0,0,0,0,0,0,0,0,1,0,2,0,0
891faea1ecbffff,50.1406,8.66075,frankfurt,True,709,9.87355,276,False,0.457386,False,362,0.887363,0,0,0,0,0,0,0,1,0,0,0,0,0,0,0,0,0,0,0,0,0,0,0,0,0,0,1,0,2
891faea1ecfffff,50.1411,8.66551,frankfurt,True,780,11.4722,182,False,0.341837,False,381,0.850394,0,0,0,0,0,0,0,0,0,0,0,0,0,0,0,0,0,0,0,0,0,0,0,0,0,0,0,0,1
891faea1ed3ffff,50.1456,8.66007,frankfurt,True,1284,8.05652,396,False,0.435759,False,497,0.733333,0,0,0,0,0,0,0,0,0,0,1,0,0,0,0,0,0,0,0,0,0,0,0,0,0,0,2,0,0
891faea1ed7ffff,50.1461,8.66482,frankfurt,True,766,11.0349,260,False,0.373212,False,433,0.875,0,0,0,0,0,0,0,0,0,0,0,0,0,0,0,0,0,0,0,0,0,0,0,0,0,0,0,0,1
891faea1edbffff,50.1428,8.65803,frankfurt,True,778,7.60418,249,False,0.414013,False,310,0.755627,0,0,0,0,0,0,0,0,0,0,1,0,0,0,0,0,0,0,0,0,0,0,0,0,0,0,0,0,2
891faea2223ffff,50.2266,8.65859,frankfurt,False,0,,0,False,0.459599,False,0,0.873724,0,0,0,0,0,0,0,0,0,0,0,0,0,0,0,0,0,0,0,0,0,0,0,0,0,0,0,0,0
891faea2227ffff,50.2271,8.66335,frankfurt,False,0,,0,False,0.459599,False,0,0.873724,0,0,0,0,0,0,0,0,0,0,0,0,0,0,0,0,0,0,0,0,0,0,0,0,0,0,0,0,0
891faea222bffff,50.2239,8.65655,frankfurt,False,13,9.51,5,False,0.459599,True,5,1,0,0,0,0,0,0,0,0,0,0,0,0,0,0,0,0,0,0,0,0,0,0,0,0,0,0,0,0,0
891faea222fffff,50.2244,8.66131,frankfurt,False,0,,0,False,0.459599,False,0,0.873724,0,0,0,0,0,0,0,0,0,0,0,0,0,0,0,0,0,0,0,0,0,0,0,0,0,0,0,0,0
891faea223bffff,50.2262,8.65383,frankfurt,False,0,,0,False,0.459599,False,0,0.873724,0,0,0,0,0,0,0,0,0,0,0,0,0,0,0,0,0,0,0,0,0,0,0,0,0,0,0,0,0
891faea2263ffff,50.2207,8.64975,frankfurt,False,450,10.8137,48,False,0.242616,False,198,0.770833,0,0,0,0,0,0,0,0,0,0,0,0,0,1,0,0,0,0,0,0,0,0,0,1,0,0,0,0,1
891faea2267ffff,50.2212,8.65451,frankfurt,False,289,9.5986,57,False,0.256604,False,136,0.836879,0,0,0,0,0,0,0,0,0,0,0,0,0,0,0,0,0,0,0,0,0,0,0,0,0,0,0,0,0
891faea226bffff,50.2179,8.64772,frankfurt,False,450,9.8416,106,False,0.362187,False,222,0.844828,0,0,0,0,0,0,0,0,0,0,0,0,0,0,0,0,0,0,0,0,0,0,0,0,0,0,3,0,0
891faea226fffff,50.2184,8.65248,frankfurt,False,507,9.90365,137,False,0.408915,False,239,0.833333,0,0,0,0,0,0,0,0,0,0,1,0,0,2,0,0,0,0,0,0,0,0,0,0,0,0,3,0,0
891faea2277ffff,50.2234,8.65179,frankfurt,False,54,9.98791,0,True,0.421053,False,24,0.72,0,0,0,0,0,0,0,0,0,0,0,0,0,0,0,0,0,0,0,0,0,0,0,0,0,0,0,0,0
891faea227bffff,50.2202,8.64499,frankfurt,False,969,10.0198,266,False,0.352758,False,551,0.923351,0,0,0,0,0,0,0,0,0,0,0,0,0,0,0,0,0,0,0,0,0,0,0,0,0,0,2,0,0
891faea230bffff,50.2286,8.67763,frankfurt,False,346,8.17145,69,False,0.290141,False,151,0.796296,0,0,0,0,0,0,0,0,0,0,0,0,0,1,0,0,0,0,0,0,0,0,0,0,0,0,1,0,0
891faea2323ffff,50.2301,8.69192,frankfurt,False,0,,0,False,0.459599,False,0,0.873724,0,0,0,0,0,0,0,0,0,0,0,0,0,0,0,0,0,0,0,0,0,0,0,0,0,0,0,0,0
891faea2327ffff,50.2306,8.69668,frankfurt,False,0,,0,False,0.459599,False,0,0.873724,0,0,0,0,0,0,0,0,0,0,0,0,0,0,0,0,0,0,0,0,0,0,0,0,0,0,0,0,0
891faea232bffff,50.2273,8.68988,frankfurt,False,16,8.23,8,False,0.454545,False,6,1,0,0,0,0,0,0,0,0,0,0,0,0,0,0,0,0,0,0,0,0,0,0,0,0,0,0,0,0,0
891faea232fffff,50.2278,8.69464,frankfurt,False,5,8.78492,0,True,0.666667,False,0,0.873724,0,0,0,0,0,0,0,0,0,0,0,0,0,0,0,0,0,0,0,0,0,0,0,0,0,0,0,0,0
891faea2337ffff,50.2328,8.69396,frankfurt,False,0,,0,False,0.459599,False,0,0.873724,0,0,0,0,0,0,0,0,0,0,0,0,0,0,0,0,0,0,0,0,0,0,0,0,0,0,0,0,0
891faea2343ffff,50.2254,8.67083,frankfurt,False,368,9.34108,65,False,0.389189,False,164,0.871951,0,0,0,0,0,0,0,0,0,0,0,0,0,0,0,0,0,0,0,0,0,0,0,0,0,0,0,0,0
891faea2347ffff,50.2259,8.67559,frankfurt,False,518,8.93975,79,False,0.376923,False,229,0.807531,0,0,0,0,0,0,0,1,0,0,0,0,0,0,0,0,0,0,0,0,0,0,0,0,0,0,4,0,0
891faea234bffff,50.2226,8.6688,frankfurt,False,23,9.37769,0,True,0.75,False,7,0.666667,0,0,0,0,0,0,0,0,0,0,0,0,0,0,0,0,0,0,0,0,0,0,0,0,0,0,3,0,0
891faea234fffff,50.2231,8.67356,frankfurt,False,329,10.3731,48,False,0.300595,False,149,0.79562,0,0,0,0,0,0,0,0,0,0,0,0,0,0,0,0,0,0,0,0,0,0,0,0,0,0,1,0,0
891faea2353ffff,50.2276,8.66811,frankfurt,False,0,,0,False,0.459599,False,0,0.873724,0,0,0,0,0,0,0,0,0,0,0,0,0,0,0,0,0,0,0,0,0,0,0,0,0,0,0,0,0
891faea2357ffff,50.2281,8.67287,frankfurt,False,175,9.41308,13,False,0.273224,False,82,0.80303,0,0,0,0,0,0,0,0,0,0,0,0,0,0,0,0,0,0,0,0,0,0,0,0,0,0,3,0,0
891faea235bffff,50.2249,8.66607,frankfurt,False,3,9.43448,0,True,0.459599,True,0,0.873724,0,0,0,0,0,0,0,0,0,0,0,0,0,0,0,0,0,0,0,0,0,0,0,0,0,0,0,0,0
891faea2363ffff,50.2241,8.68308,frankfurt,False,364,9.12478,46,False,0.275281,False,155,0.766234,0,0,0,0,0,0,0,0,0,0,0,0,0,1,0,0,0,0,0,0,0,0,0,0,0,0,2,0,0
891faea2367ffff,50.2246,8.68784,frankfurt,False,50,8.65,4,False,0.192982,False,26,0.896552,0,0,0,0,0,0,0,0,0,0,0,0,0,0,0,0,0,0,0,0,0,0,0,0,0,0,0,0,0
891faea236bffff,50.2214,8.68104,frankfurt,False,260,15.6647,36,False,0.334661,False,115,0.703704,0,0,0,0,0,0,0,0,0,0,0,0,0,0,0,0,0,0,0,0,0,0,0,0,0,0,1,0,0
891faea236fffff,50.2218,8.6858,frankfurt,False,295,11.3217,18,False,0.416667,False,99,0.590361,0,0,0,0,0,0,0,0,0,0,0,0,0,0,0,0,0,0,0,0,0,0,0,0,0,0,0,0,0
891faea2373ffff,50.2264,8.68036,frankfurt,False,471,10.0516,115,False,0.377193,False,228,0.87234,0,0,0,0,0,0,0,0,0,0,1,0,0,3,1,0,0,0,0,0,0,1,0,0,0,0,1,0,1
891faea2377ffff,50.2268,8.68512,frankfurt,False,359,9.19467,45,False,0.286501,False,166,0.908451,0,0,0,0,0,0,0,0,0,0,0,0,0,0,0,0,0,0,0,0,0,0,0,0,0,0,1,0,1
891faea237bffff,50.2236,8.67832,frankfurt,False,426,9.14692,78,False,0.358575,False,187,0.810945,0,0,0,0,0,0,0,0,0,0,0,0,0,0,0,0,0,0,0,0,0,0,0,0,0,0,0,0,1
891faea23cbffff,50.2299,8.66538,frankfurt,False,0,,0,False,0.459599,False,0,0.873724,0,0,0,0,0,0,0,0,0,0,0,0,0,1,0,0,0,0,0,0,0,0,0,0,0,0,0,0,0
891faea23cfffff,50.2304,8.67015,frankfurt,False,0,,0,False,0.459599,False,0,0.873724,0,0,0,0,0,0,0,0,0,0,0,0,0,0,0,0,0,0,0,0,0,0,0,0,0,0,0,0,0
891faea284bffff,50.2295,8.73547,frankfurt,False,0,,0,False,0.459599,False,0,0.873724,0,0,0,0,0,0,0,0,0,0,0,0,0,0,0,0,0,0,0,0,0,0,0,0,0,0,0,0,0
891faea285bffff,50.2317,8.73274,frankfurt,False,7,,0,False,0.571429,False,0,0.873724,0,0,0,0,0,0,0,0,0,0,0,0,0,0,0,0,0,0,0,0,0,0,0,0,0,0,0,0,0
891faea2a03ffff,50.219,8.73207,frankfurt,False,0,,0,False,0.459599,False,0,0.873724,0,0,0,0,0,0,0,0,0,0,0,0,0,0,0,0,0,0,0,0,0,0,0,0,0,0,0,0,0
891faea2a07ffff,50.2195,8.73683,frankfurt,False,0,,0,False,0.459599,False,0,0.873724,0,0,0,0,0,0,0,0,0,0,0,0,0,0,0,0,0,0,0,0,0,0,0,0,0,0,0,0,0
891faea2a0bffff,50.2162,8.73003,frankfurt,True,0,,0,False,0.459599,False,0,0.873724,0,0,0,0,0,0,0,0,0,0,0,0,0,0,0,0,0,0,0,0,0,0,0,0,0,0,0,0,0
891faea2a0fffff,50.2167,8.73479,frankfurt,False,0,,0,False,0.459599,False,0,0.873724,0,0,0,0,0,0,0,0,0,0,0,0,0,0,0,0,0,0,0,0,0,0,0,0,0,0,0,0,0
891faea2a13ffff,50.2212,8.72935,frankfurt,False,6,,0,False,0,False,3,0.873724,0,0,0,0,0,0,0,0,0,0,0,0,0,0,0,0,0,0,0,0,0,0,0,0,0,0,0,0,0
891faea2a17ffff,50.2217,8.73411,frankfurt,False,0,,0,False,0.459599,False,0,0.873724,0,0,0,0,0,0,0,0,0,0,0,0,0,0,0,0,0,0,0,0,0,0,0,0,0,0,0,0,0
891faea2a1bffff,50.2185,8.72731,frankfurt,True,0,,0,False,0.459599,False,0,0.873724,0,0,0,0,0,0,0,0,0,0,0,0,0,0,0,0,0,0,0,0,0,0,0,0,0,0,0,0,0
891faea2a23ffff,50.2177,8.74432,frankfurt,False,0,,0,False,0.459599,False,0,0.873724,0,0,0,0,0,0,0,0,0,0,0,0,0,0,0,0,0,0,0,0,0,0,0,0,0,0,0,0,0
891faea2a27ffff,50.2182,8.74908,frankfurt,False,0,,0,False,0.459599,False,0,0.873724,0,0,0,0,0,0,0,0,0,0,0,0,0,0,0,0,0,0,0,0,0,0,0,0,0,0,0,0,0
891faea2a2bffff,50.2149,8.74228,frankfurt,False,0,,0,False,0.459599,False,0,0.873724,0,0,0,0,0,0,0,0,0,0,0,0,0,0,0,0,0,0,0,0,0,0,0,0,0,0,0,0,0
891faea2a2fffff,50.2154,8.74704,frankfurt,False,0,,0,False,0.459599,False,0,0.873724,0,0,0,0,0,0,0,0,0,0,0,0,0,0,0,0,0,0,0,0,0,0,0,0,0,0,0,0,0
891faea2a33ffff,50.22,8.74159,frankfurt,False,0,,0,False,0.459599,False,0,0.873724,0,0,0,0,0,0,0,0,0,0,0,0,0,0,0,0,0,0,0,0,0,0,0,0,0,0,0,0,0
891faea2a37ffff,50.2204,8.74636,frankfurt,False,0,,0,False,0.459599,False,0,0.873724,0,0,0,0,0,0,0,0,0,0,0,0,0,0,0,0,0,0,0,0,0,0,0,0,0,0,0,0,0
891faea2a3bffff,50.2172,8.73955,frankfurt,False,0,,0,False,0.459599,False,0,0.873724,0,0,0,0,0,0,0,0,0,0,0,0,0,0,0,0,0,0,0,0,0,0,0,0,0,0,0,0,0
891faea2a43ffff,50.213,8.72323,frankfurt,True,0,,0,False,0.459599,False,0,0.873724,0,0,0,0,0,0,0,0,0,0,0,0,0,0,0,0,0,0,0,0,0,0,0,0,0,0,0,0,0
891faea2a47ffff,50.2135,8.72799,frankfurt,True,0,,0,False,0.459599,False,0,0.873724,0,0,0,0,0,0,0,0,0,0,0,0,0,0,0,0,0,0,0,0,0,0,0,0,0,0,0,0,0
891faea2a4bffff,50.2103,8.72119,frankfurt,True,0,,0,False,0.459599,False,0,0.873724,0,0,0,0,0,0,0,0,0,0,0,0,0,0,0,0,0,0,0,0,0,0,0,0,0,0,0,0,0
891faea2a4fffff,50.2107,8.72595,frankfurt,True,0,,0,False,0.459599,False,0,0.873724,0,0,0,0,0,0,0,0,0,0,0,0,0,0,0,0,0,0,0,0,0,0,0,0,0,0,0,0,0
891faea2a53ffff,50.2153,8.7205,frankfurt,True,0,,0,False,0.459599,False,0,0.873724,0,0,0,0,0,0,0,0,0,0,0,0,0,0,0,0,0,0,0,0,0,0,0,0,0,0,0,0,0
891faea2a57ffff,50.2157,8.72527,frankfurt,True,0,,0,False,0.459599,False,0,0.873724,0,0,0,0,0,0,0,0,0,0,0,0,0,0,0,0,0,0,0,0,0,0,0,0,0,0,0,0,0
891faea2a5bffff,50.2125,8.71847,frankfurt,True,0,,0,False,0.459599,False,0,0.873724,0,0,0,0,0,0,0,0,0,0,0,0,0,0,0,0,0,0,0,0,0,0,0,0,0,0,0,0,0
891faea2a63ffff,50.2117,8.73547,frankfurt,False,7,9.36226,0,True,0.333333,False,4,0.873724,0,0,0,0,0,0,0,0,0,0,0,0,0,0,0,0,0,0,0,0,0,0,0,0,0,0,0,0,0
891faea2a67ffff,50.2122,8.74024,frankfurt,False,352,9.96857,7,False,0.310924,False,113,0.606557,0,0,0,0,0,0,0,0,0,0,0,0,0,0,0,0,0,0,0,0,0,0,0,0,0,0,0,0,0
891faea2a6bffff,50.209,8.73343,frankfurt,False,13,8.18,3,False,0,False,3,0.873724,0,0,0,0,0,0,0,0,0,0,0,0,0,0,0,0,0,0,0,0,0,0,0,0,0,0,0,0,0
891faea2a6fffff,50.2095,8.7382,frankfurt,False,758,10.6363,126,False,0.366178,False,274,0.703971,0,0,0,0,0,0,0,0,0,0,0,0,0,0,0,0,0,0,0,0,0,0,0,0,0,0,0,0,0
891faea2a73ffff,50.214,8.73275,frankfurt,True,0,,0,False,0.459599,False,0,0.873724,0,0,0,0,0,0,0,0,0,0,0,0,0,0,0,0,0,0,0,0,0,0,0,0,0,0,0,0,0
891faea2a77ffff,50.2145,8.73751,frankfurt,False,0,,0,False,0.459599,False,0,0.873724,0,0,0,0,0,0,0,0,0,0,0,0,0,0,0,0,0,0,0,0,0,0,0,0,0,0,0,0,0
891faea2a7bffff,50.2112,8.73071,frankfurt,True,0,,0,False,0.459599,False,0,0.873724,0,0,0,0,0,0,0,0,0,0,0,0,0,0,0,0,0,0,0,0,0,0,0,0,0,0,0,0,0
891faea2a83ffff,50.2262,8.72866,frankfurt,False,3,,0,False,0.459599,True,3,0.873724,0,0,0,0,0,0,0,0,0,0,0,0,0,0,0,0,0,0,0,0,0,0,0,0,0,0,0,0,0
891faea2a87ffff,50.2267,8.73343,frankfurt,False,0,,0,False,0.459599,False,0,0.873724,0,0,0,0,0,0,0,0,0,0,0,0,0,0,0,0,0,0,0,0,0,0,0,0,0,0,0,0,0
891faea2a8bffff,50.2235,8.72662,frankfurt,False,0,,0,False,0.459599,False,0,0.873724,0,0,0,0,0,0,0,0,0,0,0,0,0,0,0,0,0,0,0,0,0,0,0,0,0,0,0,0,0
891faea2a8fffff,50.224,8.73139,frankfurt,False,4,,0,False,1,False,3,1,0,0,0,0,0,0,0,0,0,0,0,0,0,0,0,0,0,0,0,0,0,0,0,0,0,0,0,0,0
891faea2a93ffff,50.2285,8.72594,frankfurt,False,3,,0,False,0.5,False,3,0.873724,0,0,0,0,0,0,0,0,0,0,0,0,0,0,0,0,0,0,0,0,0,0,0,0,0,0,0,0,0
891faea2a97ffff,50.229,8.7307,frankfurt,False,0,,0,False,0.459599,False,0,0.873724,0,0,0,0,0,0,0,0,0,0,0,0,0,0,0,0,0,0,0,0,0,0,0,0,0,0,0,0,0
891faea2a9bffff,50.2258,8.7239,frankfurt,False,0,,0,False,0.459599,False,0,0.873724,0,0,0,0,0,0,0,0,0,0,0,0,0,0,0,0,0,0,0,0,0,0,0,0,0,0,0,0,0
891faea2aa3ffff,50.225,8.74091,frankfurt,False,0,,0,False,0.459599,False,0,0.873724,0,0,0,0,0,0,0,0,0,0,0,0,0,0,0,0,0,0,0,0,0,0,0,0,0,0,0,0,0
891faea2aa7ffff,50.2254,8.74568,frankfurt,False,0,,0,False,0.459599,False,0,0.873724,0,0,0,0,0,0,0,0,0,0,0,0,0,0,0,0,0,0,0,0,0,0,0,0,0,0,0,0,0
891faea2aabffff,50.2222,8.73887,frankfurt,False,0,,0,False,0.459599,False,0,0.873724,0,0,0,0,0,0,0,0,0,0,0,0,0,0,0,0,0,0,0,0,0,0,0,0,0,0,0,0,0
891faea2aafffff,50.2227,8.74364,frankfurt,False,0,,0,False,0.459599,False,0,0.873724,0,0,0,0,0,0,0,0,0,0,0,0,0,0,0,0,0,0,0,0,0,0,0,0,0,0,0,0,0
891faea2ab3ffff,50.2272,8.73819,frankfurt,False,0,,0,False,0.459599,False,0,0.873724,0,0,0,0,0,0,0,0,0,0,0,0,0,0,0,0,0,0,0,0,0,0,0,0,0,0,0,0,0
891faea2ab7ffff,50.2277,8.74295,frankfurt,False,0,,0,False,0.459599,False,0,0.873724,0,0,0,0,0,0,0,0,0,0,0,0,0,0,0,0,0,0,0,0,0,0,0,0,0,0,0,0,0
891faea2abbffff,50.2245,8.73615,frankfurt,False,0,,0,False,0.459599,False,0,0.873724,0,0,0,0,0,0,0,0,0,0,0,0,0,0,0,0,0,0,0,0,0,0,0,0,0,0,0,0,0
891faea2ac3ffff,50.2203,8.71982,frankfurt,True,0,,0,False,0.459599,False,0,0.873724,0,0,0,0,0,0,0,0,0,0,0,0,0,0,0,0,0,0,0,0,0,0,0,0,0,0,0,0,0
891faea2ac7ffff,50.2207,8.72458,frankfurt,False,0,,0,False,0.459599,False,0,0.873724,0,0,0,0,0,0,0,0,0,0,0,0,0,0,0,0,0,0,0,0,0,0,0,0,0,0,0,0,0
891faea2acbffff,50.2175,8.71778,frankfurt,True,0,,0,False,0.459599,False,0,0.873724,0,0,0,0,0,0,0,0,0,0,0,0,0,0,0,0,0,0,0,0,0,0,0,0,0,0,0,0,0
891faea2acfffff,50.218,8.72254,frankfurt,True,0,,0,False,0.459599,False,0,0.873724,0,0,0,0,0,0,0,0,0,0,0,0,0,0,0,0,0,0,0,0,0,0,0,0,0,0,0,0,0
891faea2ad3ffff,50.2225,8.7171,frankfurt,True,0,,0,False,0.459599,False,0,0.873724,0,0,0,0,0,0,0,0,0,0,0,0,0,0,0,0,0,0,0,0,0,0,0,0,0,0,0,0,0
891faea2ad7ffff,50.223,8.72186,frankfurt,False,0,,0,False,0.459599,False,0,0.873724,0,0,0,0,0,0,0,0,0,0,0,0,0,0,0,0,0,0,0,0,0,0,0,0,0,0,0,0,0
891faea2adbffff,50.2198,8.71506,frankfurt,True,0,,0,False,0.459599,False,0,0.873724,0,0,0,0,0,0,0,0,0,0,0,0,0,0,0,0,0,0,0,0,0,0,0,0,0,0,0,0,0
891faea2b53ffff,50.2187,8.75384,frankfurt,False,0,,0,False,0.459599,False,0,0.873724,0,0,0,0,0,0,0,0,0,0,0,0,0,0,0,0,0,0,0,0,0,0,0,0,0,0,0,0,0
891faea2b5bffff,50.2159,8.7518,frankfurt,False,6,5.36,0,True,0,False,3,0.873724,0,0,0,0,0,0,0,0,0,0,0,0,0,0,0,0,0,0,0,0,0,0,0,0,0,0,0,0,0
891faea2bcbffff,50.2209,8.75112,frankfurt,False,0,,0,False,0.459599,False,0,0.873724,0,0,0,0,0,0,0,0,0,0,0,0,0,0,0,0,0,0,0,0,0,0,0,0,0,0,0,0,0
891faea2bdbffff,50.2232,8.7484,frankfurt,False,0,,0,False,0.459599,False,0,0.873724,0,0,0,0,0,0,0,0,0,0,0,0,0,0,0,0,0,0,0,0,0,0,0,0,0,0,0,0,0
891faea2e03ffff,50.2348,8.71301,frankfurt,False,3,,0,False,0.459599,True,0,0.873724,0,0,0,0,0,0,0,0,0,0,0,0,0,1,0,0,0,0,0,0,0,0,0,0,0,0,0,0,0
891faea2e07ffff,50.2353,8.71777,frankfurt,False,0,,0,False,0.459599,False,0,0.873724,0,0,0,0,0,0,0,0,0,0,0,0,0,0,0,0,0,0,0,0,0,0,0,0,0,0,0,0,0
891faea2e0bffff,50.232,8.71097,frankfurt,False,0,,0,False,0.459599,False,0,0.873724,0,0,0,0,0,0,0,0,0,0,0,0,0,0,0,0,0,0,0,0,0,0,0,0,0,0,0,0,0
891faea2e0fffff,50.2325,8.71573,frankfurt,False,9,,0,False,0.459599,True,3,0.873724,0,0,0,0,0,0,0,0,0,0,0,0,0,0,0,0,0,0,0,0,0,0,0,0,0,0,0,0,0
891faea2e13ffff,50.237,8.71028,frankfurt,False,0,,0,False,0.459599,False,0,0.873724,0,0,0,0,0,0,0,0,0,0,0,0,0,0,0,0,0,0,0,0,0,0,0,0,0,0,0,0,0
891faea2e17ffff,50.2375,8.71505,frankfurt,False,0,,0,False,0.459599,False,0,0.873724,0,0,0,0,0,0,0,0,0,0,0,0,0,0,0,0,0,0,0,0,0,0,0,0,0,0,0,0,0
891faea2e1bffff,50.2343,8.70824,frankfurt,False,0,,0,False,0.459599,False,0,0.873724,0,0,0,0,0,0,0,0,0,0,0,0,0,0,0,0,0,0,0,0,0,0,0,0,0,0,0,0,0
891faea2e23ffff,50.2335,8.72526,frankfurt,False,0,,0,False,0.459599,False,0,0.873724,0,0,0,0,0,0,0,0,0,0,0,0,0,0,0,0,0,0,0,0,0,0,0,0,0,0,0,0,0
891faea2e27ffff,50.234,8.73002,frankfurt,False,0,,0,False,0.459599,False,0,0.873724,0,0,0,0,0,0,0,0,0,0,0,0,0,0,0,0,0,0,0,0,0,0,0,0,0,0,0,0,0
891faea2e2bffff,50.2308,8.72322,frankfurt,False,0,,0,False,0.459599,False,0,0.873724,0,0,0,0,0,0,0,0,0,0,0,0,0,0,0,0,0,0,0,0,0,0,0,0,0,0,0,0,0
891faea2e2fffff,50.2312,8.72798,frankfurt,False,0,,0,False,0.459599,False,0,0.873724,0,0,0,0,0,0,0,0,0,0,0,0,0,0,0,0,0,0,0,0,0,0,0,0,0,0,0,0,0
891faea2e33ffff,50.2358,8.72253,frankfurt,False,0,,0,False,0.459599,False,0,0.873724,0,0,0,0,0,0,0,0,0,0,0,0,0,0,0,0,0,0,0,0,0,0,0,0,0,0,0,0,0
891faea2e37ffff,50.2362,8.7273,frankfurt,False,0,,0,False,0.459599,False,0,0.873724,0,0,0,0,0,0,0,0,0,0,0,0,0,0,0,0,0,0,0,0,0,0,0,0,0,0,0,0,0
891faea2e3bffff,50.233,8.72049,frankfurt,False,0,,0,False,0.459599,False,0,0.873724,0,0,0,0,0,0,0,0,0,0,0,0,0,0,0,0,0,0,0,0,0,0,0,0,0,0,0,0,0
891faea2e43ffff,50.2288,8.70417,frankfurt,False,0,,0,False,0.459599,False,0,0.873724,0,0,0,0,0,0,0,0,0,0,0,0,0,0,0,0,0,0,0,0,0,0,0,0,0,0,0,0,0
891faea2e47ffff,50.2293,8.70893,frankfurt,False,0,,0,False,0.459599,False,0,0.873724,0,0,0,0,0,0,0,0,0,0,0,0,0,0,0,0,0,0,0,0,0,0,0,0,0,0,0,0,0
891faea2e4bffff,50.2261,8.70213,frankfurt,False,0,,0,False,0.459599,False,0,0.873724,0,0,0,0,0,0,0,0,0,0,0,0,0,0,0,0,0,0,0,0,0,0,0,0,0,0,0,0,0
891faea2e4fffff,50.2265,8.70689,frankfurt,False,0,,0,False,0.459599,False,0,0.873724,0,0,0,0,0,0,0,0,0,0,0,0,0,0,0,0,0,0,0,0,0,0,0,0,0,0,0,0,0
891faea2e53ffff,50.2311,8.70144,frankfurt,False,0,,0,False,0.459599,False,0,0.873724,0,0,0,0,0,0,0,0,0,0,0,0,0,0,0,0,0,0,0,0,0,0,0,0,0,0,0,0,0
891faea2e57ffff,50.2315,8.7062,frankfurt,False,0,,0,False,0.459599,False,0,0.873724,0,0,0,0,0,0,0,0,0,0,0,0,0,0,0,0,0,0,0,0,0,0,0,0,0,0,0,0,0
891faea2e5bffff,50.2283,8.6994,frankfurt,False,0,,0,False,0.459599,False,0,0.873724,0,0,0,0,0,0,0,0,0,0,0,0,0,0,0,0,0,0,0,0,0,0,0,0,0,0,0,0,0
891faea2e63ffff,50.2275,8.71641,frankfurt,False,20,,0,False,0.459599,True,6,1,0,0,0,0,0,0,0,0,0,0,0,0,0,0,0,0,0,0,0,0,0,0,0,0,0,0,0,0,0
891faea2e67ffff,50.228,8.72118,frankfurt,False,11,,0,False,0.5,False,0,0.873724,0,0,0,0,0,0,0,0,0,0,0,0,0,0,0,0,0,0,0,0,0,0,0,0,0,0,0,0,0
891faea2e6bffff,50.2248,8.71438,frankfurt,True,0,,0,False,0.459599,False,0,0.873724,0,0,0,0,0,0,0,0,0,0,0,0,0,0,0,0,0,0,0,0,0,0,0,0,0,0,0,0,0
891faea2e6fffff,50.2253,8.71914,frankfurt,False,0,,0,False,0.459599,False,0,0.873724,0,0,0,0,0,0,0,0,0,0,0,0,0,0,0,0,0,0,0,0,0,0,0,0,0,0,0,0,0
891faea2e73ffff,50.2298,8.71369,frankfurt,False,0,,0,False,0.459599,False,0,0.873724,0,0,0,0,0,0,0,0,0,0,0,0,0,0,0,0,0,0,0,0,0,0,0,0,0,0,0,0,0
891faea2e77ffff,50.2303,8.71845,frankfurt,False,0,,0,False,0.459599,False,0,0.873724,0,0,0,0,0,0,0,0,0,0,0,0,0,0,0,0,0,0,0,0,0,0,0,0,0,0,0,0,0
891faea2e7bffff,50.227,8.71165,frankfurt,False,8,,0,False,0,False,4,1,0,0,0,0,0,0,0,0,0,0,0,0,0,0,0,0,0,0,0,0,0,0,0,0,0,0,0,0,0
891faea2e8bffff,50.2393,8.70756,frankfurt,False,0,,0,False,0.459599,False,0,0.873724,0,0,0,0,0,0,0,0,0,0,0,0,0,0,0,0,0,0,0,0,0,0,0,0,0,0,0,0,0
891faea2eabffff,50.238,8.71981,frankfurt,False,93,,0,False,0.28,False,36,0.916667,0,0,0,0,0,0,0,0,0,0,0,0,0,0,0,0,0,0,0,0,0,0,0,0,0,0,0,0,0
891faea2ec3ffff,50.2361,8.70076,frankfurt,False,0,,0,False,0.459599,False,0,0.873724,0,0,0,0,0,0,0,0,0,0,0,0,0,0,0,0,0,0,0,0,0,0,0,0,0,0,0,0,0
891faea2ec7ffff,50.2365,8.70552,frankfurt,False,0,,0,False,0.459599,False,0,0.873724,0,0,0,0,0,0,0,0,0,0,0,0,0,0,0,0,0,0,0,0,0,0,0,0,0,0,0,0,0
891faea2ecbffff,50.2333,8.69872,frankfurt,False,0,,0,False,0.459599,False,0,0.873724,0,0,0,0,0,0,0,0,0,0,0,0,0,0,0,0,0,0,0,0,0,0,0,0,0,0,0,0,0
891faea2ecfffff,50.2338,8.70348,frankfurt,False,0,,0,False,0.459599,False,0,0.873724,0,0,0,0,0,0,0,0,0,0,0,0,0,0,0,0,0,0,0,0,0,0,0,0,0,0,0,0,0
891faea2ed7ffff,50.2388,8.7028,frankfurt,False,0,,0,False,0.459599,False,0,0.873724,0,0,0,0,0,0,0,0,0,0,0,0,0,0,0,0,0,0,0,0,0,0,0,0,0,0,0,0,0
891faea2edbffff,50.2356,8.69599,frankfurt,False,0,,0,False,0.459599,False,0,0.873724,0,0,0,0,0,0,0,0,0,0,0,0,0,0,0,0,0,0,0,0,0,0,0,0,0,0,0,0,0
891faea302fffff,50.2017,8.61375,frankfurt,False,0,,0,False,0.459599,False,0,0.873724,0,0,0,0,0,0,0,0,0,0,0,0,0,0,0,0,0,0,0,0,0,0,0,0,0,0,0,0,0
891faea3067ffff,50.1985,8.60696,frankfurt,False,3,6.67121,0,True,0,False,0,0.873724,0,0,0,0,0,0,0,0,0,0,0,0,0,0,0,0,0,0,0,0,0,0,0,0,0,0,0,0,0
891faea306fffff,50.1957,8.60493,frankfurt,False,728,6.67121,247,False,0.366158,False,288,0.761733,0,0,0,0,0,0,0,0,0,0,0,0,0,0,0,0,0,0,0,0,0,0,0,0,0,0,0,0,0
891faea3103ffff,50.2087,8.63209,frankfurt,False,24,9.79059,0,True,0.428571,False,5,1,0,0,0,0,0,0,0,0,0,0,0,0,1,0,0,0,0,0,0,0,0,0,0,0,0,0,0,0,0
891faea3107ffff,50.2092,8.63685,frankfurt,False,0,,0,False,0.459599,False,0,0.873724,0,0,0,0,0,0,0,0,0,0,0,0,0,0,0,0,0,0,0,0,0,0,0,0,0,0,0,0,0
891faea310bffff,50.2059,8.63006,frankfurt,False,0,,0,False,0.459599,False,0,0.873724,0,0,0,0,0,0,0,0,0,0,0,0,0,0,0,0,0,0,0,0,0,0,0,0,0,0,0,0,0
891faea310fffff,50.2064,8.63482,frankfurt,False,0,,0,False,0.459599,False,0,0.873724,0,0,0,0,0,0,0,0,0,0,0,0,0,0,0,0,0,0,0,0,0,0,0,0,0,0,0,0,0
891faea3113ffff,50.211,8.62937,frankfurt,False,0,,0,False,0.459599,False,0,0.873724,0,0,0,0,0,0,0,0,0,0,0,0,0,0,0,0,0,0,0,0,0,0,0,0,0,0,0,0,0
891faea3117ffff,50.2114,8.63413,frankfurt,False,8,10.5943,0,True,0.459599,True,0,0.873724,0,0,0,0,0,0,0,0,0,0,0,0,0,0,0,0,0,0,0,0,0,0,0,0,0,0,0,0,0
891faea311bffff,50.2082,8.62733,frankfurt,False,0,,0,False,0.459599,False,0,0.873724,0,0,0,0,0,0,0,0,0,0,0,0,0,0,0,0,0,0,0,0,0,0,0,0,0,0,0,0,0
891faea3123ffff,50.2074,8.64434,frankfurt,False,0,,0,False,0.459599,False,0,0.873724,0,0,0,0,0,0,0,0,0,0,0,0,0,0,0,0,0,0,0,0,0,0,0,0,0,0,0,0,0
891faea3127ffff,50.2079,8.64909,frankfurt,False,0,,0,False,0.459599,False,0,0.873724,0,0,0,0,0,0,0,0,0,0,0,0,0,0,0,0,0,0,0,0,0,0,0,0,0,0,0,0,0
891faea312bffff,50.2047,8.6423,frankfurt,False,0,,0,False,0.459599,False,0,0.873724,0,0,0,0,0,0,0,0,0,0,0,0,0,0,0,0,0,0,0,0,0,0,0,0,0,0,0,0,0
891faea312fffff,50.2052,8.64706,frankfurt,False,0,,0,False,0.459599,False,0,0.873724,0,0,0,0,0,0,0,0,0,0,0,0,0,0,0,0,0,0,0,0,0,0,0,0,0,0,0,0,0
891faea3133ffff,50.2097,8.64161,frankfurt,False,0,,0,False,0.459599,False,0,0.873724,0,0,0,0,0,0,0,0,0,0,0,0,0,0,0,0,0,0,0,0,0,0,0,0,0,0,0,0,0
891faea3137ffff,50.2102,8.64637,frankfurt,False,0,,0,False,0.459599,False,0,0.873724,0,0,0,0,0,0,0,0,1,0,0,0,0,0,0,0,0,0,0,0,0,0,0,0,0,0,0,0,0
891faea313bffff,50.2069,8.63958,frankfurt,False,0,,0,False,0.459599,False,0,0.873724,0,0,0,0,0,0,0,0,0,0,0,0,0,0,0,0,0,0,0,0,0,0,0,0,0,0,0,0,0
891faea3143ffff,50.2027,8.62327,frankfurt,False,0,,0,False,0.459599,False,0,0.873724,0,0,0,0,0,0,0,0,0,0,0,0,0,0,0,0,0,0,0,0,0,0,0,0,0,0,0,0,0
891faea3147ffff,50.2032,8.62802,frankfurt,False,0,,0,False,0.459599,False,0,0.873724,0,0,0,0,0,0,0,0,0,0,0,0,0,0,0,0,0,0,0,0,0,0,0,0,0,0,0,0,0
891faea314bffff,50.2,8.62123,frankfurt,False,0,,0,False,0.459599,False,0,0.873724,0,0,0,0,0,0,0,0,0,0,0,0,0,0,0,0,0,0,0,0,0,0,0,0,0,0,0,0,0
891faea314fffff,50.2005,8.62599,frankfurt,False,0,,0,False,0.459599,False,0,0.873724,0,0,0,0,0,0,0,0,0,0,0,0,0,0,0,0,0,0,0,0,0,0,0,0,0,0,0,0,0
891faea3153ffff,50.205,8.62054,frankfurt,False,0,,0,False,0.459599,False,0,0.873724,0,0,0,0,0,0,0,0,0,0,0,0,0,0,0,0,0,0,0,0,0,0,0,0,0,0,0,0,0
891faea3157ffff,50.2055,8.6253,frankfurt,False,0,,0,False,0.459599,False,0,0.873724,0,0,0,0,0,0,0,0,0,0,0,0,0,0,0,0,0,0,0,0,0,0,0,0,0,0,0,0,0
891faea315bffff,50.2022,8.61851,frankfurt,False,0,,0,False,0.459599,False,0,0.873724,0,0,0,0,0,0,0,0,0,0,0,0,0,0,0,0,0,0,0,0,0,0,0,0,0,0,0,0,0
891faea3163ffff,50.2014,8.63551,frankfurt,False,0,,0,False,0.459599,False,0,0.873724,0,0,0,0,0,0,0,0,0,0,0,0,0,0,0,0,0,0,0,0,0,0,0,0,0,0,0,0,0
891faea3167ffff,50.2019,8.64026,frankfurt,False,0,,0,False,0.459599,False,0,0.873724,0,0,0,0,0,0,0,0,0,0,0,0,0,0,0,0,0,0,0,0,0,0,0,0,0,0,0,0,0
891faea316bffff,50.1987,8.63347,frankfurt,False,0,,0,False,0.459599,False,0,0.873724,0,0,0,0,0,0,0,0,0,0,0,0,0,0,0,0,0,0,0,0,0,0,0,0,0,0,0,0,0
891faea316fffff,50.1992,8.63823,frankfurt,True,0,,0,False,0.459599,False,0,0.873724,0,0,0,0,0,0,0,0,0,0,0,0,0,0,0,0,0,0,0,0,0,0,0,0,0,0,0,0,0
891faea3173ffff,50.2037,8.63278,frankfurt,False,0,,0,False,0.459599,False,0,0.873724,0,0,0,0,0,0,0,0,0,0,0,0,0,0,0,0,0,0,0,0,0,0,0,0,0,0,0,0,0
891faea3177ffff,50.2042,8.63754,frankfurt,False,0,,0,False,0.459599,False,0,0.873724,0,0,0,0,0,0,0,0,0,0,0,0,0,0,0,0,0,0,0,0,0,0,0,0,0,0,0,0,0
891faea317bffff,50.2009,8.63075,frankfurt,False,0,,0,False,0.459599,False,3,1,0,0,0,0,0,0,0,0,0,0,0,0,0,0,0,0,0,0,0,0,0,0,0,0,0,0,0,0,0
891faea318fffff,50.2137,8.6314,frankfurt,False,130,9.79059,34,False,0.401575,False,54,0.847826,0,0,0,0,0,0,0,0,0,0,0,0,0,0,0,0,0,0,0,0,0,0,0,0,0,0,0,0,0
891faea31a3ffff,50.2147,8.64092,frankfurt,False,569,10.7304,142,False,0.339721,False,278,0.841549,0,0,0,0,0,0,0,0,0,0,0,0,0,0,0,0,0,0,0,0,0,0,0,0,0,0,2,0,0
891faea31a7ffff,50.2152,8.64568,frankfurt,False,811,9.95786,281,False,0.374846,False,453,0.890909,0,0,0,0,0,0,0,0,0,0,0,0,0,0,0,0,0,0,0,0,0,0,0,0,0,0,2,0,0
891faea31abffff,50.2119,8.63889,frankfurt,False,0,,0,False,0.459599,False,0,0.873724,0,0,0,0,0,0,0,0,0,0,0,0,0,0,0,0,0,0,0,0,0,0,0,0,0,0,0,0,0
891faea31afffff,50.2124,8.64365,frankfurt,False,7,7.97,5,False,0.666667,False,5,1,0,0,0,0,0,0,0,0,0,0,0,0,0,0,0,0,0,0,0,0,0,0,0,0,0,0,0,0,0
891faea31b3ffff,50.2169,8.6382,frankfurt,False,548,10.7542,132,False,0.317518,False,275,0.866171,0,0,0,0,0,0,0,0,0,0,0,0,0,0,0,0,0,0,0,0,0,0,0,0,0,0,2,0,0
891faea31b7ffff,50.2174,8.64296,frankfurt,False,523,10.2608,111,False,0.32397,False,244,0.77907,0,0,0,0,0,0,0,0,0,0,0,0,0,0,0,0,0,0,0,0,0,0,0,0,0,0,0,0,0
891faea31bbffff,50.2142,8.63616,frankfurt,False,70,10.2881,0,True,0.238095,False,21,0.681818,0,0,0,0,0,0,0,0,0,0,0,0,0,0,0,0,0,0,0,0,0,0,0,0,0,0,0,0,0
891faea31c7ffff,50.2105,8.62461,frankfurt,False,0,,0,False,0.459599,False,0,0.873724,0,0,0,0,0,0,0,0,0,0,0,0,0,0,0,0,0,0,0,0,0,0,0,0,0,0,0,0,0
891faea31cfffff,50.2077,8.62258,frankfurt,False,0,,0,False,0.459599,False,0,0.873724,0,0,0,0,0,0,0,0,0,0,0,0,0,0,0,0,0,0,0,0,0,0,0,0,0,0,0,0,0
891faea3203ffff,50.186,8.58456,frankfurt,False,56,13.4341,17,False,0.346154,False,28,1,0,0,0,0,0,0,0,1,0,0,1,0,0,0,0,0,0,0,0,0,0,0,0,1,0,1,2,0,0
891faea3207ffff,50.1865,8.58932,frankfurt,False,9,10.0101,0,True,0.2,False,3,0.873724,0,0,0,0,0,0,0,0,0,0,0,0,0,0,0,0,0,0,0,0,0,0,0,0,0,0,0,0,0
891faea320fffff,50.1838,8.58728,frankfurt,False,39,9.15,8,False,0.764706,False,15,1,0,0,0,0,0,0,0,0,0,0,0,0,0,0,0,0,0,0,0,0,0,0,0,0,0,0,0,0,0
891faea3223ffff,50.1847,8.5968,frankfurt,False,545,10.7947,159,False,0.401079,False,261,0.8,0,0,0,0,0,0,0,0,0,0,1,0,0,1,0,0,0,0,0,0,0,0,0,0,0,0,3,0,0
891faea3227ffff,50.1852,8.60155,frankfurt,False,332,10.4566,35,False,0.346032,False,140,0.753731,0,0,0,0,0,0,0,0,0,0,0,0,0,0,0,0,0,0,0,0,0,0,0,0,1,0,3,0,0
891faea322bffff,50.182,8.59476,frankfurt,False,245,8.58969,32,False,0.337449,False,101,0.836364,1,0,0,0,0,0,0,0,0,0,1,0,0,2,2,0,0,0,1,0,0,0,0,0,0,0,2,0,0
891faea322fffff,50.1825,8.59952,frankfurt,False,790,9.22875,281,False,0.341371,False,377,0.825871,0,0,0,0,0,0,0,0,0,0,0,0,0,0,0,0,0,0,0,0,0,0,0,0,0,0,2,0,0
891faea3233ffff,50.187,8.59407,frankfurt,False,236,8.9954,87,False,0.390756,False,138,0.88806,0,0,0,0,0,0,0,0,0,0,0,0,0,0,0,0,0,0,0,0,0,0,0,0,0,0,2,0,0
891faea3237ffff,50.1875,8.59883,frankfurt,False,176,11.2539,33,False,0.266272,False,86,0.811765,0,0,0,0,0,0,0,1,0,0,1,0,0,0,0,0,0,0,0,0,0,0,0,0,0,0,0,0,0
891faea323bffff,50.1843,8.59204,frankfurt,False,0,,0,False,0.459599,False,0,0.873724,0,0,0,0,0,0,0,0,0,0,0,0,0,0,0,0,0,0,0,0,0,0,0,0,0,0,0,0,0
891faea3247ffff,50.1805,8.5805,frankfurt,False,46,13.41,4,False,0.473684,False,12,0.873724,0,0,0,0,0,0,0,0,0,0,0,0,0,0,0,0,0,0,0,0,0,0,0,0,0,0,1,0,0
891faea324bffff,50.1773,8.57371,frankfurt,False,0,,0,False,0.459599,False,0,0.873724,0,0,0,0,0,0,0,0,0,0,0,0,0,0,0,0,0,0,0,0,0,0,0,0,0,0,0,0,0
891faea324fffff,50.1778,8.57847,frankfurt,False,0,,0,False,0.459599,False,0,0.873724,0,0,0,0,0,0,0,0,0,0,0,0,0,0,0,0,0,0,0,0,0,0,0,0,0,0,0,0,0
891faea3263ffff,50.1788,8.58798,frankfurt,False,871,9.66513,300,False,0.389773,False,449,0.888889,0,0,0,0,0,0,0,0,0,0,0,0,0,0,0,0,0,0,0,0,0,0,0,0,0,0,0,0,0
891faea3267ffff,50.1793,8.59273,frankfurt,False,422,9.53425,80,False,0.292271,False,199,0.851064,0,0,0,0,0,0,0,0,0,0,0,0,0,0,0,0,0,0,0,0,0,0,0,0,0,0,1,0,0
891faea326bffff,50.176,8.58594,frankfurt,False,0,,0,False,0.459599,False,0,0.873724,0,0,0,0,0,0,0,0,0,0,0,0,0,0,0,0,0,0,0,0,0,0,0,0,0,0,0,0,0
891faea326fffff,50.1765,8.5907,frankfurt,False,140,10.5035,23,False,0.295775,False,60,0.694444,0,0,0,0,0,0,0,0,0,0,0,0,0,0,0,0,0,0,0,0,0,0,0,0,0,0,2,0,0
891faea3273ffff,50.181,8.58525,frankfurt,False,385,9.53667,66,False,0.314433,False,164,0.857988,0,0,0,0,0,0,0,1,0,0,1,0,0,0,0,0,0,0,0,0,0,0,0,0,0,0,4,0,0
891faea3277ffff,50.1815,8.59001,frankfurt,False,299,10.6518,44,False,0.351792,False,123,0.824074,0,0,0,0,0,0,0,0,0,0,0,0,0,0,0,0,0,0,0,0,0,0,0,0,0,0,0,0,0
891faea327bffff,50.1783,8.58322,frankfurt,False,68,9.73,5,False,0.358491,False,22,0.545455,0,0,0,0,0,0,0,0,0,0,0,0,0,1,0,0,0,0,0,0,0,0,0,0,0,0,0,0,0
891faea32a3ffff,50.192,8.59338,frankfurt,False,83,10.2542,12,False,0.370787,False,27,0.684211,0,0,0,0,0,0,0,1,0,0,0,0,0,0,0,0,0,0,0,0,0,0,0,0,0,0,1,0,2
891faea32a7ffff,50.1925,8.59814,frankfurt,False,0,,0,False,0.459599,False,0,0.873724,0,0,0,0,0,0,0,0,0,0,0,0,0,0,0,0,0,0,0,0,0,0,0,0,0,0,0,0,0
891faea32abffff,50.1893,8.59135,frankfurt,False,71,6.92444,27,False,0.407407,False,40,0.873724,0,0,0,0,0,0,0,0,0,0,0,0,0,0,0,0,0,0,0,0,0,0,0,0,0,0,0,0,1
891faea32afffff,50.1898,8.5961,frankfurt,False,0,,0,False,0.459599,False,0,0.873724,0,0,0,0,0,0,0,0,0,0,0,0,0,0,0,0,0,0,0,0,0,0,0,0,0,0,0,0,0
891faea3303ffff,50.1895,8.61785,frankfurt,False,0,,0,False,0.459599,False,0,0.873724,0,0,0,0,0,0,0,0,0,0,0,0,0,0,0,0,0,0,0,0,0,0,0,0,0,0,0,0,0
891faea3307ffff,50.19,8.62261,frankfurt,False,0,,0,False,0.459599,False,0,0.873724,0,0,0,0,0,0,0,0,0,0,0,0,0,0,0,0,0,0,0,0,0,0,0,0,0,0,0,0,0
891faea330bffff,50.1867,8.61582,frankfurt,False,0,,0,False,0.459599,False,0,0.873724,0,0,0,0,0,0,0,0,0,0,0,0,0,0,0,0,0,0,0,0,0,0,0,0,0,0,0,0,0
891faea330fffff,50.1872,8.62058,frankfurt,True,0,,0,False,0.459599,False,0,0.873724,0,0,0,0,0,0,0,0,0,0,0,0,0,0,0,0,0,0,0,0,0,0,0,0,0,0,0,0,0
891faea3313ffff,50.1917,8.61513,frankfurt,False,0,,0,False,0.459599,False,0,0.873724,0,0,0,0,0,0,0,0,0,0,0,0,0,0,0,0,0,0,0,0,0,0,0,0,0,0,0,0,0
891faea3317ffff,50.1922,8.61989,frankfurt,False,0,,0,False,0.459599,False,0,0.873724,0,0,0,0,0,0,0,0,0,0,0,0,0,0,0,0,0,0,0,0,0,0,0,0,0,0,0,0,0
891faea331bffff,50.189,8.6131,frankfurt,False,0,,0,False,0.459599,False,0,0.873724,0,0,0,0,0,0,0,0,0,0,0,0,0,0,0,0,0,0,0,0,0,0,0,0,0,0,0,0,0
891faea3323ffff,50.1882,8.63009,frankfurt,True,449,8.85133,128,False,0.359031,False,201,0.86,0,0,0,0,0,0,0,0,0,0,0,0,0,0,0,0,0,0,0,0,0,0,0,0,0,0,2,0,0
891faea3327ffff,50.1887,8.63485,frankfurt,True,808,9.83541,209,False,0.431056,False,375,0.832021,0,0,0,0,0,0,0,1,1,1,0,0,0,2,0,0,0,0,0,0,0,0,0,0,0,0,1,0,0
891faea332bffff,50.1854,8.62806,frankfurt,True,15,10.2982,0,True,0.230769,False,4,1,0,0,0,0,0,0,0,0,0,0,0,0,0,0,0,0,0,0,0,0,0,0,0,0,0,0,0,0,0
891faea332fffff,50.1859,8.63282,frankfurt,True,659,9.54399,173,False,0.38872,False,301,0.802048,0,0,0,0,0,0,0,0,0,0,0,0,0,0,0,0,0,0,0,0,0,0,0,0,0,0,0,0,0
891faea3333ffff,50.1904,8.62737,frankfurt,True,0,,0,False,0.459599,False,0,0.873724,0,0,0,0,0,0,0,0,0,0,0,0,0,0,0,0,0,0,0,0,0,0,0,0,0,0,0,0,0
891faea3337ffff,50.1909,8.63213,frankfurt,True,129,10.12,36,False,0.487179,False,64,0.90625,0,0,0,0,0,0,0,0,0,0,0,0,0,0,0,0,0,0,0,0,0,0,0,0,0,0,0,0,0
891faea333bffff,50.1877,8.62534,frankfurt,True,0,,0,False,0.459599,False,0,0.873724,0,0,0,0,0,0,0,0,0,0,0,0,0,0,0,0,0,0,0,0,0,0,0,0,0,0,0,0,0
891faea3343ffff,50.1835,8.60903,frankfurt,False,0,,0,False,0.459599,False,0,0.873724,0,0,0,0,0,0,0,0,0,0,0,0,0,0,0,0,0,0,0,0,0,0,0,0,0,0,0,0,0
891faea3347ffff,50.184,8.61379,frankfurt,False,0,,0,False,0.459599,False,0,0.873724,0,0,0,0,0,0,0,0,0,0,0,0,0,0,0,0,0,0,0,0,0,0,0,0,0,0,0,0,0
891faea334bffff,50.1807,8.607,frankfurt,True,93,7.19,21,False,0.362637,False,30,0.588235,0,0,0,0,0,0,0,0,0,0,0,0,0,0,0,0,0,0,0,0,0,0,0,0,0,0,0,0,0
891faea334fffff,50.1812,8.61175,frankfurt,True,0,,0,False,0.459599,False,0,0.873724,0,0,0,0,0,0,0,0,0,0,0,0,0,0,0,0,0,0,0,0,0,0,0,0,0,0,0,0,0
891faea3353ffff,50.1857,8.60631,frankfurt,False,0,,0,False,0.459599,False,0,0.873724,0,0,0,0,0,0,0,0,0,0,0,0,0,0,0,0,0,0,0,0,0,0,0,0,0,0,0,0,0
891faea3357ffff,50.1862,8.61106,frankfurt,False,0,,0,False,0.459599,False,0,0.873724,0,0,0,0,0,0,0,0,0,0,0,0,0,0,0,0,0,0,0,0,0,0,0,0,0,0,0,0,0
891faea335bffff,50.183,8.60428,frankfurt,False,704,8.80396,202,False,0.316384,False,343,0.865889,0,0,0,0,0,0,0,1,0,0,0,0,0,0,0,0,0,0,0,0,0,0,0,0,0,0,1,0,0
891faea3363ffff,50.1822,8.62127,frankfurt,True,798,8.82836,128,False,0.412855,False,259,0.561983,0,0,0,0,0,0,0,0,0,0,0,0,0,0,0,0,0,0,0,0,0,0,0,0,0,0,0,0,0
891faea3367ffff,50.1827,8.62602,frankfurt,True,817,12.3824,97,False,0.423501,False,295,0.665574,0,0,0,0,0,0,0,0,0,0,0,0,0,1,0,0,0,0,0,0,0,0,0,0,0,0,1,0,0
891faea336bffff,50.1795,8.61923,frankfurt,True,1030,16.6731,463,False,0.611483,False,545,0.858716,0,0,0,0,0,0,0,0,0,0,0,0,0,0,0,0,0,0,0,0,0,0,0,0,0,0,2,0,0
891faea336fffff,50.1799,8.62399,frankfurt,True,680,13.1498,134,False,0.483405,False,266,0.758491,0,0,0,0,0,0,0,0,0,0,0,0,0,0,0,0,0,0,0,0,0,0,0,0,0,0,0,0,0
891faea3373ffff,50.1845,8.61854,frankfurt,True,0,,0,False,0.459599,False,0,0.873724,0,0,0,0,0,0,0,0,0,0,0,0,0,0,0,0,0,0,0,0,0,0,0,0,0,0,0,0,0
891faea3377ffff,50.185,8.6233,frankfurt,True,138,17.65,3,False,0.375,False,36,0.233333,0,0,0,0,0,0,0,0,0,0,0,0,0,0,0,0,0,0,0,0,0,0,0,0,0,0,1,0,0
891faea337bffff,50.1817,8.61651,frankfurt,True,23,13.6519,0,True,0.478261,False,10,0,0,0,0,0,0,0,0,0,0,0,0,0,0,0,0,0,0,0,0,0,0,0,0,0,0,0,0,0,0
891faea3383ffff,50.1967,8.61444,frankfurt,False,0,,0,False,0.459599,False,0,0.873724,0,0,0,0,0,0,0,0,0,0,0,0,0,0,0,0,0,0,0,0,0,0,0,0,0,0,0,0,0
891faea3387ffff,50.1972,8.6192,frankfurt,False,0,,0,False,0.459599,False,0,0.873724,0,0,0,0,0,0,0,0,0,0,0,0,0,0,0,0,0,0,0,0,0,0,0,0,0,0,0,0,0
891faea338bffff,50.194,8.61241,frankfurt,False,0,,0,False,0.459599,False,0,0.873724,0,0,0,0,0,0,0,0,0,0,0,0,0,0,0,0,0,0,0,0,0,0,0,0,0,0,0,0,0
891faea338fffff,50.1945,8.61716,frankfurt,False,0,,0,False,0.459599,False,0,0.873724,0,0,0,0,0,0,0,0,0,0,0,0,0,0,0,0,0,0,0,0,0,0,0,0,0,0,0,0,0
891faea3393ffff,50.199,8.61172,frankfurt,False,11,6.67121,0,True,0.333333,False,0,0.873724,0,0,0,0,0,0,0,0,0,0,0,0,0,0,0,0,0,0,1,0,0,0,0,0,0,0,0,0,0
891faea3397ffff,50.1995,8.61647,frankfurt,False,0,,0,False,0.459599,False,0,0.873724,0,0,0,0,0,0,0,0,0,0,0,0,0,0,0,0,0,0,0,0,0,0,0,0,0,0,0,0,0
891faea339bffff,50.1962,8.60968,frankfurt,False,0,,0,False,0.459599,False,0,0.873724,0,0,0,0,0,0,0,0,0,0,0,0,0,0,0,0,0,0,0,0,0,0,0,0,0,0,0,0,0
891faea33a3ffff,50.1955,8.62668,frankfurt,False,0,,0,False,0.459599,False,0,0.873724,0,0,0,0,0,0,0,0,0,0,0,0,0,0,0,0,0,0,0,0,0,0,0,0,0,0,0,0,0
891faea33a7ffff,50.1959,8.63144,frankfurt,False,0,,0,False,0.459599,False,0,0.873724,0,0,0,0,0,0,0,0,0,0,0,0,0,0,0,0,0,0,0,0,0,0,0,0,0,0,0,0,0
891faea33abffff,50.1927,8.62465,frankfurt,False,0,,0,False,0.459599,False,0,0.873724,0,0,0,0,0,0,0,0,0,0,0,0,0,0,0,0,0,0,0,0,0,0,0,0,0,0,0,0,0
891faea33afffff,50.1932,8.6294,frankfurt,True,0,,0,False,0.459599,False,0,0.873724,0,0,0,0,0,0,0,0,0,0,0,0,0,0,0,0,0,0,0,0,0,0,0,0,0,0,0,0,0
891faea33b3ffff,50.1977,8.62396,frankfurt,False,0,,0,False,0.459599,False,0,0.873724,0,0,0,0,0,0,0,0,0,0,0,0,0,0,0,0,0,0,0,0,0,0,0,0,0,0,0,0,0
891faea33b7ffff,50.1982,8.62871,frankfurt,False,0,,0,False,0.459599,False,0,0.873724,0,0,0,0,0,0,0,0,0,0,0,0,0,0,0,0,0,0,0,0,0,0,0,0,0,0,0,0,0
891faea33bbffff,50.195,8.62192,frankfurt,False,0,,0,False,0.459599,False,0,0.873724,0,0,0,0,0,0,0,0,0,0,0,0,0,0,0,0,0,0,0,0,0,0,0,0,0,0,0,0,0
891faea33c3ffff,50.1907,8.60562,frankfurt,False,0,,0,False,0.459599,False,0,0.873724,0,0,0,0,0,0,0,0,0,0,0,0,0,0,0,0,0,0,0,0,0,0,0,0,0,0,0,0,0
891faea33c7ffff,50.1912,8.61037,frankfurt,False,0,,0,False,0.459599,False,0,0.873724,0,0,0,0,0,0,0,0,0,0,0,0,0,0,0,0,0,0,0,0,0,0,0,0,0,0,0,0,0
891faea33cbffff,50.188,8.60358,frankfurt,False,0,,0,False,0.459599,False,0,0.873724,0,0,0,0,0,0,0,0,0,0,0,0,0,0,0,0,0,0,0,0,0,0,0,0,0,0,0,0,0
891faea33cfffff,50.1885,8.60834,frankfurt,False,0,,0,False,0.459599,False,0,0.873724,0,0,0,0,0,0,0,0,0,0,0,0,0,0,0,0,0,0,0,0,0,0,0,0,0,0,0,0,0
891faea33d3ffff,50.193,8.60289,frankfurt,False,12,7.33637,0,True,0.266667,False,3,0,0,0,0,0,0,0,0,0,0,0,0,0,0,0,0,0,0,0,0,0,0,0,0,0,0,0,0,0,0
891faea33d7ffff,50.1935,8.60765,frankfurt,False,0,,0,False,0.459599,False,0,0.873724,0,0,0,0,0,0,0,0,0,0,0,0,0,0,0,0,0,0,0,0,0,0,0,0,0,0,0,0,0
891faea33dbffff,50.1902,8.60086,frankfurt,False,0,,0,False,0.459599,False,0,0.873724,0,0,0,0,0,0,0,0,0,0,0,0,0,0,0,0,0,0,0,0,0,0,0,0,0,0,0,0,0
891faea560bffff,50.1722,8.82051,frankfurt,False,0,,0,False,0.459599,False,0,0.873724,0,0,0,0,0,0,0,0,0,0,0,0,0,0,0,0,0,0,0,0,0,0,0,0,0,0,0,0,0
891faea561bffff,50.1744,8.81779,frankfurt,False,0,,0,False,0.459599,False,0,0.873724,0,0,0,0,0,0,0,0,0,0,0,0,0,0,0,0,0,0,0,0,0,0,0,0,0,0,0,0,0
891faea5643ffff,50.1689,8.8137,frankfurt,False,0,,0,False,0.459599,False,0,0.873724,0,0,0,0,0,0,0,0,0,0,0,0,0,0,0,0,0,0,0,0,0,0,0,0,0,0,0,0,0
891faea5647ffff,50.1694,8.81846,frankfurt,False,0,,0,False,0.459599,False,0,0.873724,0,0,0,0,0,0,0,0,0,0,0,0,0,0,0,0,0,0,0,0,0,0,0,0,0,0,0,0,0
891faea564bffff,50.1662,8.81166,frankfurt,False,0,,0,False,0.459599,False,0,0.873724,0,0,0,0,0,0,0,0,0,0,0,0,0,0,0,0,0,0,0,0,0,0,0,0,0,0,0,0,0
891faea564fffff,50.1667,8.81642,frankfurt,False,0,,0,False,0.459599,False,0,0.873724,0,0,0,0,0,0,0,0,0,0,0,0,0,0,0,0,0,0,0,0,0,0,0,0,0,0,0,0,0
891faea5653ffff,50.1712,8.81098,frankfurt,False,0,,0,False,0.459599,False,0,0.873724,0,0,0,0,0,0,0,0,0,0,0,0,0,0,0,0,0,0,0,0,0,0,0,0,0,0,0,0,0
891faea5657ffff,50.1717,8.81574,frankfurt,False,0,,0,False,0.459599,False,0,0.873724,0,0,0,0,0,0,0,0,0,0,0,0,0,0,0,0,0,0,0,0,0,0,0,0,0,0,0,0,0
891faea565bffff,50.1685,8.80894,frankfurt,False,0,,0,False,0.459599,False,0,0.873724,0,0,0,0,0,0,0,0,0,0,0,0,0,0,0,0,0,0,0,0,0,0,0,0,0,0,0,0,0
891faea568bffff,50.1794,8.81711,frankfurt,False,0,,0,False,0.459599,False,0,0.873724,0,0,0,0,0,0,0,0,0,0,0,0,0,0,0,0,0,0,0,0,0,0,0,0,0,0,0,0,0
891faea569bffff,50.1817,8.81439,frankfurt,False,0,,0,False,0.459599,False,0,0.873724,0,0,0,0,0,0,0,0,0,0,0,0,0,0,0,0,0,0,0,0,0,0,0,0,0,0,0,0,0
891faea56c3ffff,50.1762,8.81031,frankfurt,False,0,,0,False,0.459599,False,0,0.873724,0,0,0,0,0,0,0,0,0,0,0,0,0,0,0,0,0,0,0,0,0,0,0,0,0,0,0,0,0
891faea56c7ffff,50.1767,8.81507,frankfurt,False,0,,0,False,0.459599,False,0,0.873724,0,0,0,0,0,0,0,0,0,0,0,0,0,0,0,0,0,0,0,0,0,0,0,0,0,0,0,0,0
891faea56cbffff,50.1735,8.80826,frankfurt,False,0,,0,False,0.459599,False,0,0.873724,0,0,0,0,0,0,0,0,0,0,0,0,0,0,0,0,0,0,0,0,0,0,0,0,0,0,0,0,0
891faea56cfffff,50.1739,8.81302,frankfurt,False,0,,0,False,0.459599,False,0,0.873724,0,0,0,0,0,0,0,0,0,0,0,0,0,0,0,0,0,0,0,0,0,0,0,0,0,0,0,0,0
891faea56d3ffff,50.1785,8.80759,frankfurt,False,0,,0,False,0.459599,False,0,0.873724,0,0,0,0,0,0,0,0,0,0,0,0,0,0,0,0,0,0,0,0,0,0,0,0,0,0,0,0,0
891faea56d7ffff,50.179,8.81235,frankfurt,False,0,,0,False,0.459599,False,0,0.873724,0,0,0,0,0,0,0,0,0,0,0,0,0,0,0,0,0,0,0,0,0,0,0,0,0,0,0,0,0
891faea56dbffff,50.1757,8.80554,frankfurt,False,0,,0,False,0.459599,False,0,0.873724,0,0,0,0,0,0,0,0,0,0,0,0,0,0,0,0,0,0,0,0,0,0,0,0,0,0,0,0,0
891faea8003ffff,50.0616,8.58487,frankfurt,True,0,,0,False,0.459599,False,0,0.873724,0,0,0,0,0,0,0,0,0,0,0,0,0,0,0,0,0,0,0,0,0,0,0,0,0,0,0,0,0
891faea8007ffff,50.0621,8.58962,frankfurt,True,0,,0,False,0.459599,False,0,0.873724,0,0,0,0,0,0,0,0,0,0,0,0,0,0,0,0,0,0,0,0,0,0,0,0,0,0,0,0,0
891faea800bffff,50.0589,8.58285,frankfurt,True,0,,0,False,0.459599,False,0,0.873724,0,0,0,0,0,0,0,0,0,0,0,0,0,0,0,0,0,0,0,0,0,0,0,0,0,0,0,0,0
891faea800fffff,50.0594,8.58759,frankfurt,True,0,,0,False,0.459599,False,0,0.873724,0,0,0,0,0,0,0,0,0,0,0,0,0,0,0,0,0,0,0,0,0,0,0,0,0,0,1,0,1
891faea8013ffff,50.0639,8.58215,frankfurt,True,0,,0,False,0.459599,False,0,0.873724,0,0,0,0,0,0,0,0,0,0,0,0,0,0,0,0,0,0,0,0,0,0,0,0,0,0,0,0,0
891faea8017ffff,50.0644,8.5869,frankfurt,True,0,,0,False,0.459599,False,0,0.873724,0,0,0,0,0,0,0,0,0,0,0,0,0,0,0,0,0,0,0,0,0,0,0,0,0,0,0,0,0
891faea801bffff,50.0611,8.58013,frankfurt,True,0,,0,False,0.459599,False,0,0.873724,0,0,0,0,0,0,0,0,0,0,0,0,0,0,0,0,0,0,0,0,0,0,0,0,0,0,0,0,0
891faea8023ffff,50.0603,8.59709,frankfurt,True,0,,0,False,0.459599,False,0,0.873724,0,0,0,0,0,0,0,0,0,0,0,0,0,0,0,0,0,0,0,0,0,0,0,0,0,0,0,0,0
891faea8027ffff,50.0608,8.60184,frankfurt,True,0,,0,False,0.459599,False,0,0.873724,0,0,0,0,0,0,0,0,0,0,0,0,0,0,0,0,0,0,0,0,0,0,0,0,0,0,0,0,0
891faea802bffff,50.0576,8.59506,frankfurt,True,0,,0,False,0.459599,False,0,0.873724,0,0,0,0,0,0,0,0,0,0,0,0,0,0,0,0,0,0,0,0,0,0,0,0,0,1,5,0,0
891faea802fffff,50.0581,8.59981,frankfurt,True,0,,0,False,0.459599,False,0,0.873724,0,0,0,0,0,0,0,0,0,0,0,0,0,0,0,0,0,0,0,0,0,0,0,0,0,0,0,0,0
891faea8033ffff,50.0626,8.59437,frankfurt,True,0,,0,False,0.459599,False,0,0.873724,0,0,0,0,0,0,0,0,0,0,0,0,0,0,0,0,0,0,0,0,0,0,0,0,0,0,0,0,0
891faea8037ffff,50.0631,8.59912,frankfurt,True,0,,0,False,0.459599,False,0,0.873724,0,0,0,0,0,0,0,0,0,0,0,0,0,0,0,0,0,0,0,0,0,0,0,0,0,0,0,0,0
891faea803bffff,50.0598,8.59234,frankfurt,True,0,,0,False,0.459599,False,0,0.873724,0,0,0,0,0,0,0,0,0,0,0,0,0,0,0,0,0,0,0,0,0,0,0,0,0,0,0,0,0
891faea8043ffff,50.0556,8.57607,frankfurt,True,0,,0,False,0.459599,False,0,0.873724,0,0,0,0,0,0,0,0,0,0,0,0,0,0,0,0,0,0,0,0,0,0,0,0,0,0,0,0,0
891faea8047ffff,50.0561,8.58082,frankfurt,True,0,,0,False,0.459599,False,0,0.873724,0,0,0,0,0,0,0,0,0,0,0,0,0,0,0,0,0,0,0,0,0,0,0,0,0,0,0,0,0
891faea804bffff,50.0529,8.57404,frankfurt,True,0,,0,False,0.459599,False,0,0.873724,0,0,0,0,0,0,0,0,0,0,1,0,1,3,2,0,0,0,0,2,0,0,0,0,0,0,0,0,0
891faea804fffff,50.0534,8.57879,frankfurt,True,0,,0,False,0.459599,False,0,0.873724,0,0,0,0,0,0,0,0,0,0,0,0,0,0,0,0,0,0,0,0,0,0,0,0,0,0,3,0,0
891faea8053ffff,50.0579,8.57335,frankfurt,True,0,,0,False,0.459599,False,0,0.873724,0,0,0,0,0,0,0,0,0,0,0,0,0,0,0,0,0,0,0,0,0,0,0,0,0,0,0,0,0
891faea8057ffff,50.0584,8.5781,frankfurt,True,0,,0,False,0.459599,False,0,0.873724,0,0,0,0,0,0,0,0,0,0,0,0,0,0,0,0,0,0,0,0,0,0,0,0,0,0,0,0,0
891faea805bffff,50.0551,8.57132,frankfurt,True,0,,0,False,0.459599,False,0,0.873724,0,0,0,0,0,0,0,0,0,0,0,0,0,0,0,0,0,0,0,0,0,0,0,0,0,0,0,0,0
891faea8063ffff,50.0543,8.58828,frankfurt,True,0,,0,False,0.459599,False,0,0.873724,0,0,0,0,0,0,0,0,0,0,0,0,0,0,0,0,0,0,0,0,0,0,0,0,0,0,2,0,1
891faea8067ffff,50.0548,8.59303,frankfurt,True,5,,0,False,0.459599,True,0,0.873724,0,0,0,0,0,0,0,1,0,0,0,0,0,3,0,0,0,0,0,0,0,0,0,0,0,0,1,0,5
891faea806bffff,50.0516,8.58626,frankfurt,True,0,,0,False,0.459599,False,0,0.873724,0,0,0,0,0,0,0,0,0,0,0,0,0,0,0,0,0,0,0,0,0,0,0,0,0,1,2,0,0
891faea806fffff,50.0521,8.591,frankfurt,True,0,,0,False,0.459599,False,0,0.873724,0,0,0,0,0,0,0,0,0,0,0,0,0,0,0,0,0,0,0,0,0,0,0,0,0,0,1,0,0
891faea8073ffff,50.0566,8.58556,frankfurt,True,0,,0,False,0.459599,False,0,0.873724,0,0,0,0,0,0,0,0,0,0,0,0,0,0,0,0,0,0,0,0,0,0,0,0,0,0,1,0,0
891faea8077ffff,50.0571,8.59031,frankfurt,True,0,,0,False,0.459599,False,0,0.873724,0,0,0,0,0,0,0,0,0,0,0,0,0,2,0,0,0,0,0,0,0,0,0,0,0,0,1,1,2
891faea807bffff,50.0538,8.58354,frankfurt,True,0,,0,False,0.459599,False,0,0.873724,0,0,0,0,0,0,0,0,0,0,0,0,0,0,0,0,0,0,0,0,0,0,0,0,0,0,2,0,0
891faea8083ffff,50.0689,8.58146,frankfurt,True,0,,0,False,0.459599,False,0,0.873724,0,0,0,0,0,0,0,0,0,0,0,0,0,0,0,0,0,0,0,0,0,0,0,0,0,0,0,0,0
891faea8087ffff,50.0694,8.58621,frankfurt,True,0,,0,False,0.459599,False,0,0.873724,0,0,0,0,0,0,0,0,0,0,0,0,0,0,0,0,0,0,0,0,0,0,0,0,0,0,0,0,0
891faea808bffff,50.0661,8.57944,frankfurt,True,0,,0,False,0.459599,False,0,0.873724,0,0,0,0,0,0,0,0,0,0,0,0,0,0,0,0,0,0,0,0,0,0,0,0,0,0,0,0,0
891faea808fffff,50.0666,8.58418,frankfurt,True,0,,0,False,0.459599,False,0,0.873724,0,0,0,0,0,0,0,0,0,0,0,0,0,0,0,0,0,0,0,0,0,0,0,0,0,0,0,0,0
891faea8093ffff,50.0711,8.57874,frankfurt,True,0,,0,False,0.459599,False,0,0.873724,0,0,0,0,0,0,0,0,0,0,0,0,0,0,0,0,0,0,0,0,0,0,0,0,0,0,0,0,0
891faea8097ffff,50.0716,8.58349,frankfurt,True,0,,0,False,0.459599,False,0,0.873724,0,0,0,0,0,0,0,0,0,0,0,0,0,0,0,0,0,0,0,0,0,0,0,0,0,0,0,0,0
891faea809bffff,50.0684,8.57672,frankfurt,True,0,,0,False,0.459599,False,0,0.873724,0,0,0,0,0,0,0,0,0,0,0,0,0,0,0,0,0,0,0,0,0,0,0,0,0,0,0,0,0
891faea80a3ffff,50.0676,8.59368,frankfurt,True,0,,0,False,0.459599,False,0,0.873724,0,0,0,0,0,0,0,0,0,0,0,0,0,0,0,0,0,0,0,0,0,0,0,0,0,0,0,0,0
891faea80a7ffff,50.0681,8.59843,frankfurt,True,0,,0,False,0.459599,False,0,0.873724,0,0,0,0,0,0,0,0,0,0,0,0,0,0,0,0,0,0,0,0,0,0,0,0,0,0,0,0,0
891faea80abffff,50.0649,8.59165,frankfurt,True,0,,0,False,0.459599,False,0,0.873724,0,0,0,0,0,0,0,0,0,0,0,0,0,0,0,0,0,0,0,0,0,0,0,0,0,0,0,0,0
891faea80afffff,50.0653,8.5964,frankfurt,True,0,,0,False,0.459599,False,0,0.873724,0,0,0,0,0,0,0,0,0,0,0,0,0,0,0,0,0,0,0,0,0,0,0,0,0,0,0,0,0
891faea80b3ffff,50.0699,8.59096,frankfurt,True,0,,0,False,0.459599,False,0,0.873724,0,0,0,0,0,0,0,0,0,0,0,0,0,0,0,0,0,0,0,0,0,0,0,0,0,0,0,0,0
891faea80b7ffff,50.0704,8.59571,frankfurt,True,0,,0,False,0.459599,False,0,0.873724,0,0,0,0,0,0,0,0,0,0,0,0,0,0,0,0,0,0,0,0,0,0,0,0,0,0,0,0,0
891faea80bbffff,50.0671,8.58893,frankfurt,True,0,,0,False,0.459599,False,0,0.873724,0,0,0,0,0,0,0,0,0,0,0,0,0,0,0,0,0,0,0,0,0,0,0,0,0,0,0,0,0
891faea80c3ffff,50.0629,8.57266,frankfurt,True,0,,0,False,0.459599,False,0,0.873724,0,0,0,0,0,0,0,0,0,0,0,0,0,0,0,0,0,0,0,0,0,0,0,0,0,0,0,0,0
891faea80c7ffff,50.0634,8.57741,frankfurt,True,0,,0,False,0.459599,False,0,0.873724,0,0,0,0,0,0,0,0,0,0,0,0,0,0,0,0,0,0,0,0,0,0,0,0,0,0,0,0,0
891faea80cbffff,50.0601,8.57063,frankfurt,True,0,,0,False,0.459599,False,0,0.873724,0,0,0,0,0,0,0,0,0,0,0,0,0,0,0,0,0,0,0,0,0,0,0,0,0,0,0,0,0
891faea80cfffff,50.0606,8.57538,frankfurt,True,0,,0,False,0.459599,False,0,0.873724,0,0,0,0,0,0,0,0,0,0,0,0,0,0,0,0,0,0,0,0,0,0,0,0,0,0,0,0,0
891faea80d3ffff,50.0651,8.56994,frankfurt,True,0,,0,False,0.459599,False,0,0.873724,0,0,0,0,0,0,0,0,0,0,0,0,0,0,0,0,0,0,0,0,0,0,0,0,0,0,0,0,0
891faea80d7ffff,50.0656,8.57469,frankfurt,True,0,,0,False,0.459599,False,0,0.873724,0,0,0,0,0,0,0,0,0,0,0,0,0,0,0,0,0,0,0,0,0,0,0,0,0,0,0,0,0
891faea80dbffff,50.0624,8.56791,frankfurt,True,0,,0,False,0.459599,False,0,0.873724,0,0,0,0,0,0,0,0,0,0,0,0,0,0,0,0,0,0,0,0,0,0,0,0,0,0,0,0,0
891faea8103ffff,50.0651,8.61811,frankfurt,True,0,,0,False,0.459599,False,0,0.873724,0,0,0,0,0,0,0,0,0,0,0,0,0,0,0,0,0,0,0,0,0,0,0,0,0,0,0,0,0
891faea8107ffff,50.0655,8.62286,frankfurt,True,0,,0,False,0.459599,False,0,0.873724,0,0,0,0,0,0,0,0,0,0,0,0,0,0,0,0,0,0,0,0,0,0,0,0,0,0,0,0,0
891faea810bffff,50.0623,8.61608,frankfurt,True,0,,0,False,0.459599,False,0,0.873724,0,0,0,0,0,0,0,0,0,0,0,0,0,0,0,0,0,0,0,0,0,0,0,0,0,0,0,0,0
891faea810fffff,50.0628,8.62083,frankfurt,True,0,,0,False,0.459599,False,0,0.873724,0,0,0,0,0,0,0,0,0,0,0,0,0,0,0,0,0,0,0,0,0,0,0,0,0,0,0,0,0
891faea8113ffff,50.0673,8.61539,frankfurt,True,0,,0,False,0.459599,False,0,0.873724,0,0,0,0,0,0,0,0,0,0,0,0,0,0,0,0,0,0,0,0,0,0,0,0,0,0,0,0,0
891faea8117ffff,50.0678,8.62014,frankfurt,True,0,,0,False,0.459599,False,0,0.873724,0,0,0,0,0,0,0,0,0,0,0,0,0,0,0,0,0,0,0,0,0,0,0,0,0,0,0,0,0
891faea811bffff,50.0646,8.61336,frankfurt,True,0,,0,False,0.459599,False,0,0.873724,0,0,0,0,0,0,0,0,0,0,0,0,0,0,0,0,0,0,0,0,0,0,0,0,0,0,0,0,0
891faea8123ffff,50.0638,8.63033,frankfurt,True,0,,0,False,0.459599,False,0,0.873724,0,0,0,0,0,0,0,0,0,0,0,0,0,0,0,0,0,0,0,0,0,0,0,0,0,0,0,0,0
891faea8127ffff,50.0643,8.63508,frankfurt,True,0,,0,False,0.459599,False,0,0.873724,0,0,0,0,0,0,0,0,0,0,0,0,0,0,0,0,0,0,0,0,0,0,0,0,0,0,0,0,0
891faea812bffff,50.061,8.6283,frankfurt,True,0,,0,False,0.459599,False,0,0.873724,0,0,0,0,0,0,0,0,0,0,0,0,0,0,0,0,0,0,0,0,0,0,0,0,0,0,0,0,0
891faea812fffff,50.0615,8.63304,frankfurt,True,0,,0,False,0.459599,False,0,0.873724,0,0,0,0,0,0,0,0,0,0,0,0,0,0,0,0,0,0,0,0,0,0,0,0,0,0,0,0,0
891faea8133ffff,50.066,8.62761,frankfurt,True,0,,0,False,0.459599,False,0,0.873724,0,0,0,0,0,0,0,0,0,0,0,0,0,0,0,0,0,0,0,0,0,0,0,0,0,0,0,0,0
891faea8137ffff,50.0665,8.63236,frankfurt,True,16,10.262,10,False,0.684211,False,9,1,0,0,0,0,0,0,0,0,0,0,0,0,0,0,0,0,0,0,0,0,0,0,0,0,0,0,0,0,1
891faea813bffff,50.0633,8.62558,frankfurt,True,0,,0,False,0.459599,False,0,0.873724,0,0,0,0,0,0,0,0,0,0,0,0,0,0,0,0,0,0,0,0,0,0,0,0,0,0,0,0,0
891faea8143ffff,50.0591,8.6093,frankfurt,True,0,,0,False,0.459599,False,0,0.873724,0,0,0,0,0,0,0,0,0,0,0,0,0,0,0,0,0,0,0,0,0,0,0,0,0,0,0,0,0
891faea8147ffff,50.0595,8.61405,frankfurt,True,0,,0,False,0.459599,False,0,0.873724,0,0,0,0,0,0,0,0,0,0,0,0,0,0,0,0,0,0,0,0,0,0,0,0,0,0,0,0,0
891faea814bffff,50.0563,8.60727,frankfurt,True,0,,0,False,0.459599,False,0,0.873724,0,0,0,0,0,0,0,0,0,0,0,0,0,0,0,0,0,0,0,0,0,0,0,0,0,0,0,0,0
891faea814fffff,50.0568,8.61202,frankfurt,True,0,,0,False,0.459599,False,0,0.873724,0,0,0,0,0,0,0,0,0,0,0,0,0,0,0,0,0,0,0,0,0,0,0,0,0,0,0,0,0
891faea8153ffff,50.0613,8.60658,frankfurt,True,0,,0,False,0.459599,False,0,0.873724,0,0,0,0,0,0,0,0,0,0,0,0,0,0,0,0,0,0,0,0,0,0,0,0,0,0,0,0,0
891faea8157ffff,50.0618,8.61133,frankfurt,True,0,,0,False,0.459599,False,0,0.873724,0,0,0,0,0,0,0,0,0,0,0,0,0,0,0,0,0,0,0,0,0,0,0,0,0,0,0,0,0
891faea815bffff,50.0586,8.60455,frankfurt,True,0,,0,False,0.459599,False,0,0.873724,0,0,0,0,0,0,0,0,0,0,0,0,0,0,0,0,0,0,0,0,0,0,0,0,0,0,0,0,0
891faea8163ffff,50.0578,8.62152,frankfurt,True,0,,0,False,0.459599,False,0,0.873724,0,0,0,0,0,0,0,0,0,0,0,0,0,0,0,0,0,0,0,0,0,0,0,0,0,0,0,0,0
891faea8167ffff,50.0583,8.62627,frankfurt,True,0,,0,False,0.459599,False,0,0.873724,0,0,0,0,0,0,0,0,0,0,0,0,0,0,0,0,0,0,0,0,0,0,0,0,0,0,0,0,0
891faea816bffff,50.055,8.61949,frankfurt,True,0,,0,False,0.459599,False,0,0.873724,0,0,0,0,0,0,0,0,0,0,0,0,0,0,0,0,0,0,0,0,0,0,0,0,0,0,0,0,0
891faea816fffff,50.0555,8.62424,frankfurt,True,0,,0,False,0.459599,False,0,0.873724,0,0,0,0,0,0,0,0,0,0,0,0,0,0,0,0,0,0,0,0,0,0,0,0,0,0,0,0,0
891faea8173ffff,50.06,8.6188,frankfurt,True,0,,0,False,0.459599,False,0,0.873724,0,0,0,0,0,0,0,0,0,0,0,0,0,0,0,0,0,0,0,0,0,0,0,0,0,0,0,0,0
891faea8177ffff,50.0605,8.62355,frankfurt,True,0,,0,False,0.459599,False,0,0.873724,0,0,0,0,0,0,0,0,0,0,0,0,0,0,0,0,0,0,0,0,0,0,0,0,0,0,0,0,0
891faea817bffff,50.0573,8.61677,frankfurt,True,0,,0,False,0.459599,False,0,0.873724,0,0,0,0,0,0,0,0,0,0,0,0,0,0,0,0,0,0,0,0,0,0,0,0,0,0,0,0,0
891faea8183ffff,50.0723,8.6147,frankfurt,True,0,,0,False,0.459599,False,0,0.873724,0,0,0,0,0,0,0,0,0,0,0,0,0,0,0,0,0,0,0,0,0,0,0,0,0,0,0,0,0
891faea8187ffff,50.0728,8.61945,frankfurt,True,0,,0,False,0.459599,False,0,0.873724,0,0,0,0,0,0,0,0,0,0,0,0,0,0,0,0,0,0,0,0,0,0,0,0,0,0,0,0,0
891faea818bffff,50.0696,8.61267,frankfurt,True,0,,0,False,0.459599,False,0,0.873724,0,0,0,0,0,0,0,0,0,0,0,0,0,0,0,0,0,0,0,0,0,0,0,0,0,0,0,0,0
891faea818fffff,50.0701,8.61742,frankfurt,True,0,,0,False,0.459599,False,0,0.873724,0,0,0,0,0,0,0,0,0,0,0,0,0,0,0,0,0,0,0,0,0,0,0,0,0,0,0,0,0
891faea8193ffff,50.0746,8.61198,frankfurt,True,0,,0,False,0.459599,False,0,0.873724,0,0,0,0,0,0,0,0,0,0,0,0,0,0,0,0,0,0,0,0,0,0,0,0,0,0,0,0,0
891faea8197ffff,50.0751,8.61673,frankfurt,True,0,,0,False,0.459599,False,0,0.873724,0,0,0,0,0,0,0,0,0,0,0,0,0,0,0,0,0,0,0,0,0,0,0,0,0,0,0,0,0
891faea819bffff,50.0718,8.60995,frankfurt,True,0,,0,False,0.459599,False,0,0.873724,0,0,0,0,0,0,0,0,0,0,0,0,0,0,0,0,0,0,0,0,0,0,0,0,0,0,0,0,0
891faea81a3ffff,50.071,8.62692,frankfurt,True,0,,0,False,0.459599,False,0,0.873724,0,0,0,0,0,0,0,0,0,0,0,0,0,0,0,0,0,0,0,0,0,0,0,0,0,0,0,0,0
891faea81a7ffff,50.0715,8.63167,frankfurt,True,0,,0,False,0.459599,False,0,0.873724,0,0,0,0,0,0,0,0,0,0,0,0,0,0,0,0,0,0,0,0,0,0,0,0,0,0,0,0,0
891faea81abffff,50.0683,8.62489,frankfurt,True,0,,0,False,0.459599,False,0,0.873724,0,0,0,0,0,0,0,0,0,0,0,0,0,0,0,0,0,0,0,0,0,0,0,0,0,0,0,0,0
891faea81afffff,50.0688,8.62964,frankfurt,True,0,,0,False,0.459599,False,0,0.873724,0,0,0,0,0,0,0,0,0,0,0,0,0,0,0,0,0,0,0,0,0,0,0,0,0,0,0,0,0
891faea81b3ffff,50.0733,8.6242,frankfurt,True,0,,0,False,0.459599,False,0,0.873724,0,0,0,0,0,0,0,0,0,0,0,0,0,0,0,0,0,0,0,0,0,0,0,0,0,0,0,0,0
891faea81b7ffff,50.0738,8.62895,frankfurt,True,0,,0,False,0.459599,False,0,0.873724,0,0,0,0,0,0,0,0,0,0,0,0,0,0,0,0,0,0,0,0,0,0,0,0,0,0,0,0,0
891faea81bbffff,50.0706,8.62217,frankfurt,True,0,,0,False,0.459599,False,0,0.873724,0,0,0,0,0,0,0,0,0,0,0,0,0,0,0,0,0,0,0,0,0,0,0,0,0,0,0,0,0
891faea81c3ffff,50.0663,8.60589,frankfurt,True,0,,0,False,0.459599,False,0,0.873724,0,0,0,0,0,0,0,0,0,0,0,0,0,0,0,0,0,0,0,0,0,0,0,0,0,0,0,0,0
891faea81c7ffff,50.0668,8.61064,frankfurt,True,0,,0,False,0.459599,False,0,0.873724,0,0,0,0,0,0,0,0,0,0,0,0,0,0,0,0,0,0,0,0,0,0,0,0,0,0,0,0,0
891faea81cbffff,50.0636,8.60386,frankfurt,True,0,,0,False,0.459599,False,0,0.873724,0,0,0,0,0,0,0,0,0,0,0,0,0,0,0,0,0,0,0,0,0,0,0,0,0,0,0,0,0
891faea81cfffff,50.0641,8.60861,frankfurt,True,0,,0,False,0.459599,False,0,0.873724,0,0,0,0,0,0,0,0,0,0,0,0,0,0,0,0,0,0,0,0,0,0,0,0,0,0,0,0,0
891faea81d3ffff,50.0686,8.60318,frankfurt,True,0,,0,False,0.459599,False,0,0.873724,0,0,0,0,0,0,0,0,0,0,0,0,0,0,0,0,0,0,0,0,0,0,0,0,0,0,0,0,0
891faea81d7ffff,50.0691,8.60792,frankfurt,True,0,,0,False,0.459599,False,0,0.873724,0,0,0,0,0,0,0,0,0,0,0,0,0,0,0,0,0,0,0,0,0,0,0,0,0,0,0,0,0
891faea81dbffff,50.0658,8.60115,frankfurt,True,0,,0,False,0.459599,False,0,0.873724,0,0,0,0,0,0,0,0,0,0,0,0,0,0,0,0,0,0,0,0,0,0,0,0,0,0,0,0,0
891faea8203ffff,50.0423,8.57068,frankfurt,True,0,,0,False,0.459599,False,0,0.873724,0,0,0,0,0,0,0,0,0,0,0,0,0,0,0,0,0,0,0,0,0,0,0,0,0,0,0,0,0
891faea8207ffff,50.0428,8.57543,frankfurt,True,0,,0,False,0.459599,False,0,0.873724,0,0,0,0,0,0,0,0,0,0,0,0,0,0,0,0,0,0,0,0,0,0,0,0,0,0,0,0,0
891faea820bffff,50.0396,8.56865,frankfurt,True,0,,0,False,0.459599,False,0,0.873724,0,0,0,0,0,0,0,0,0,0,0,0,0,0,0,0,0,0,0,0,0,0,0,0,0,0,0,0,0
891faea820fffff,50.0401,8.5734,frankfurt,True,0,,0,False,0.459599,False,0,0.873724,0,0,0,0,0,0,0,0,0,0,0,0,0,0,0,0,0,0,0,0,0,0,0,0,0,0,0,0,0
891faea8213ffff,50.0446,8.56796,frankfurt,True,0,,0,False,0.459599,False,0,0.873724,0,0,0,0,0,0,0,0,0,0,0,0,1,0,0,0,0,0,0,0,0,0,0,0,0,0,0,0,0
891faea8217ffff,50.0451,8.57271,frankfurt,True,0,,0,False,0.459599,False,0,0.873724,0,0,0,0,0,0,0,0,0,0,0,0,0,0,0,0,0,0,0,0,0,0,0,0,0,0,0,0,0
891faea821bffff,50.0418,8.56594,frankfurt,True,0,,0,False,0.459599,False,0,0.873724,0,0,0,0,0,0,0,0,0,0,0,0,0,0,0,0,0,0,0,0,0,0,0,0,0,0,0,0,1
891faea8223ffff,50.0411,8.58289,frankfurt,True,0,,0,False,0.459599,False,0,0.873724,0,0,0,0,0,0,0,0,0,0,0,0,0,0,0,0,0,0,0,0,0,0,0,0,0,0,0,0,0
891faea8227ffff,50.0416,8.58764,frankfurt,True,0,,0,False,0.459599,False,0,0.873724,0,0,0,0,0,0,0,0,0,0,0,0,0,0,0,0,0,0,0,0,0,0,0,0,0,0,0,0,0
891faea822bffff,50.0383,8.58086,frankfurt,True,0,,0,False,0.459599,False,0,0.873724,0,0,0,0,0,0,0,0,0,0,0,0,0,0,0,0,0,0,0,0,0,0,0,0,0,0,0,0,0
891faea822fffff,50.0388,8.58561,frankfurt,True,0,,0,False,0.459599,False,0,0.873724,0,0,0,0,0,0,0,0,0,0,0,0,0,0,0,0,0,0,0,0,0,0,0,0,0,0,0,0,0
891faea8233ffff,50.0433,8.58017,frankfurt,True,0,,0,False,0.459599,False,0,0.873724,0,0,0,0,0,0,0,0,0,0,0,0,0,0,0,0,0,0,0,0,0,0,0,0,0,0,0,0,0
891faea8237ffff,50.0438,8.58492,frankfurt,True,0,,0,False,0.459599,False,0,0.873724,0,0,0,0,0,0,0,0,0,0,0,0,0,0,0,0,0,0,0,0,0,0,0,0,0,0,0,0,0
891faea823bffff,50.0406,8.57815,frankfurt,True,0,,0,False,0.459599,False,0,0.873724,0,0,0,0,0,0,0,0,0,0,0,0,0,0,0,0,0,0,0,0,0,0,0,0,0,0,0,0,0
891faea8243ffff,50.0363,8.56188,frankfurt,True,0,,0,False,0.459599,False,0,0.873724,0,0,0,0,0,0,0,0,0,0,0,0,0,0,0,0,0,0,0,0,0,0,0,0,0,0,0,0,0
891faea8247ffff,50.0368,8.56663,frankfurt,True,0,,0,False,0.459599,False,0,0.873724,0,0,0,0,0,0,0,0,0,0,0,0,0,0,0,0,0,0,0,0,0,0,0,0,0,0,0,0,0
891faea824bffff,50.0336,8.55986,frankfurt,True,0,,0,False,0.459599,False,0,0.873724,0,0,0,0,0,0,0,0,0,0,0,0,0,0,0,0,0,0,0,0,0,0,0,0,0,0,0,0,0
891faea824fffff,50.0341,8.5646,frankfurt,True,0,,0,False,0.459599,False,0,0.873724,0,0,0,0,0,0,0,0,0,0,0,0,0,0,0,0,0,0,0,0,0,0,0,0,0,0,0,0,0
891faea8253ffff,50.0386,8.55916,frankfurt,True,0,,0,False,0.459599,False,0,0.873724,0,0,0,0,0,0,0,0,0,0,0,0,0,0,0,0,0,0,0,0,0,0,0,0,0,0,0,0,0
891faea8257ffff,50.0391,8.56391,frankfurt,True,0,,0,False,0.459599,False,0,0.873724,0,0,0,0,0,0,0,0,0,0,0,0,0,0,0,0,0,0,0,0,0,0,0,0,0,0,0,0,0
891faea825bffff,50.0359,8.55714,frankfurt,True,0,,0,False,0.459599,False,0,0.873724,0,0,0,0,0,0,0,0,0,0,0,0,0,0,0,0,0,0,0,0,0,0,0,0,0,0,0,0,0
891faea8263ffff,50.0351,8.57409,frankfurt,True,0,,0,False,0.459599,False,0,0.873724,0,0,0,0,0,0,0,0,0,0,0,0,0,0,0,0,0,0,0,0,0,0,0,0,0,0,0,0,0
891faea8267ffff,50.0356,8.57884,frankfurt,True,0,,0,False,0.459599,False,0,0.873724,0,0,0,0,0,0,0,0,0,0,0,0,0,0,0,0,0,0,0,0,0,0,0,0,0,0,0,0,0
891faea826bffff,50.0323,8.57206,frankfurt,True,0,,0,False,0.459599,False,0,0.873724,0,0,0,0,0,0,0,0,0,0,0,0,0,0,0,0,0,0,0,0,0,0,0,0,0,0,0,0,0
891faea826fffff,50.0328,8.57681,frankfurt,True,0,,0,False,0.459599,False,0,0.873724,0,0,0,0,0,0,0,0,0,0,0,0,0,0,0,0,0,0,0,0,0,0,0,0,0,0,0,0,0
891faea8273ffff,50.0373,8.57137,frankfurt,True,0,,0,False,0.459599,False,0,0.873724,0,0,0,0,0,0,0,0,0,0,0,0,0,0,0,0,0,0,0,0,0,0,0,0,0,0,0,0,0
891faea8277ffff,50.0378,8.57612,frankfurt,True,0,,0,False,0.459599,False,0,0.873724,0,0,0,0,0,0,0,0,0,0,0,0,0,0,0,0,0,0,0,0,0,0,0,0,0,0,0,0,0
891faea827bffff,50.0346,8.56935,frankfurt,True,0,,0,False,0.459599,False,0,0.873724,0,0,0,0,0,0,0,0,0,0,0,0,0,0,0,0,0,0,0,0,0,0,0,0,0,0,0,0,0
891faea8283ffff,50.0496,8.56727,frankfurt,True,0,,0,False,0.459599,False,0,0.873724,0,0,0,0,0,0,0,0,0,0,2,0,4,2,2,0,0,2,0,0,0,0,0,0,0,0,1,0,0
891faea8287ffff,50.0501,8.57202,frankfurt,True,0,,0,False,0.459599,False,0,0.873724,0,0,0,0,0,0,0,0,0,0,5,0,5,3,3,1,0,11,1,0,0,0,0,0,0,3,3,0,0
891faea828bffff,50.0469,8.56524,frankfurt,True,0,,0,False,0.459599,False,0,0.873724,0,0,0,0,0,0,0,0,0,0,0,0,1,0,0,0,0,0,0,0,0,0,0,0,0,0,0,0,1
891faea828fffff,50.0474,8.56999,frankfurt,True,0,,0,False,0.459599,False,0,0.873724,0,0,0,0,0,0,0,0,0,0,2,0,1,0,0,0,0,1,0,0,0,0,0,0,0,1,0,0,1
891faea8293ffff,50.0519,8.56455,frankfurt,True,0,,0,False,0.459599,False,0,0.873724,0,0,0,0,0,0,0,0,0,0,0,0,0,0,0,0,0,0,0,0,0,0,0,0,0,0,0,0,0
891faea8297ffff,50.0524,8.5693,frankfurt,True,0,,0,False,0.459599,False,0,0.873724,0,0,0,0,0,0,0,1,0,0,4,0,3,4,0,0,0,0,0,0,0,0,0,0,0,1,5,0,3
891faea829bffff,50.0491,8.56252,frankfurt,True,0,,0,False,0.459599,False,0,0.873724,0,0,0,0,0,0,0,1,0,0,0,0,0,0,0,0,0,0,0,0,0,0,0,0,0,0,0,0,0
891faea82a3ffff,50.0483,8.57948,frankfurt,True,0,,0,False,0.459599,False,0,0.873724,0,0,0,0,0,0,0,0,0,0,0,0,0,0,0,0,0,0,0,0,0,0,0,0,0,0,0,0,0
891faea82a7ffff,50.0488,8.58423,frankfurt,True,0,,0,False,0.459599,False,0,0.873724,0,0,0,0,0,0,0,0,0,0,0,0,0,0,0,0,0,0,0,0,0,0,0,0,0,0,0,0,0
891faea82abffff,50.0456,8.57745,frankfurt,True,0,,0,False,0.459599,False,0,0.873724,0,0,0,0,0,0,0,0,0,0,0,0,0,0,0,0,0,0,0,0,0,0,0,0,0,0,0,0,0
891faea82afffff,50.0461,8.5822,frankfurt,True,0,,0,False,0.459599,False,0,0.873724,0,0,0,0,0,0,0,0,0,0,0,0,0,0,0,0,0,0,0,0,0,0,0,0,0,0,0,0,0
891faea82b3ffff,50.0506,8.57676,frankfurt,True,0,,0,False,0.459599,False,0,0.873724,0,0,0,0,0,0,0,0,0,0,0,0,1,0,0,0,0,0,0,0,0,0,0,0,0,1,0,0,0
891faea82b7ffff,50.0511,8.58151,frankfurt,True,0,,0,False,0.459599,False,0,0.873724,0,0,0,0,0,0,0,0,0,0,0,0,0,0,0,0,0,0,0,0,0,0,0,0,0,0,2,0,1
891faea82bbffff,50.0478,8.57474,frankfurt,True,0,,0,False,0.459599,False,0,0.873724,0,0,0,0,0,0,0,0,0,0,0,0,1,3,0,0,1,3,0,0,0,0,0,0,0,0,0,0,0
891faea82c3ffff,50.0436,8.55847,frankfurt,True,0,,0,False,0.459599,False,0,0.873724,0,0,0,0,0,0,0,0,0,0,0,0,0,0,0,0,0,0,0,0,0,0,0,0,0,0,0,0,0
891faea82c7ffff,50.0441,8.56322,frankfurt,True,0,,0,False,0.459599,False,0,0.873724,0,0,0,0,0,0,0,0,0,0,0,0,1,0,0,0,0,0,0,0,0,0,0,0,0,0,0,0,0
891faea82cbffff,50.0409,8.55645,frankfurt,True,0,,0,False,0.459599,False,0,0.873724,0,0,0,0,0,0,0,0,0,0,0,0,0,0,0,0,0,0,0,0,0,0,0,0,0,0,0,0,0
891faea82cfffff,50.0414,8.56119,frankfurt,True,0,,0,False,0.459599,False,0,0.873724,0,0,0,0,0,0,0,0,0,0,0,0,0,0,0,0,0,0,0,0,0,0,0,0,0,0,0,0,0
891faea82d3ffff,50.0459,8.55575,frankfurt,True,0,,0,False,0.459599,False,0,0.873724,0,0,0,0,0,0,0,0,0,0,0,0,0,0,0,0,0,0,0,0,0,0,0,0,0,0,0,0,0
891faea82d7ffff,50.0464,8.5605,frankfurt,True,0,,0,False,0.459599,False,0,0.873724,0,0,0,0,0,0,0,0,0,0,0,0,0,0,0,0,0,0,0,0,0,0,0,0,0,0,0,0,0
891faea82dbffff,50.0431,8.55373,frankfurt,True,0,,0,False,0.459599,False,0,0.873724,0,0,0,0,0,0,0,0,0,0,0,0,0,0,0,0,0,0,0,0,0,0,0,0,0,0,0,0,0
891faea8303ffff,50.0458,8.6039,frankfurt,True,0,,0,False,0.459599,False,0,0.873724,0,0,0,0,0,0,0,0,0,0,0,0,0,0,0,0,0,0,0,0,0,0,0,0,0,0,0,0,0
891faea8307ffff,50.0463,8.60865,frankfurt,True,0,,0,False,0.459599,False,0,0.873724,0,0,0,0,0,0,0,0,0,0,0,0,0,0,0,0,0,0,0,0,0,0,0,0,0,0,0,0,0
891faea830bffff,50.043,8.60188,frankfurt,True,0,,0,False,0.459599,False,0,0.873724,0,0,0,0,0,0,0,0,0,0,0,0,0,0,0,0,0,0,0,0,0,0,0,0,0,0,0,0,0
891faea830fffff,50.0435,8.60662,frankfurt,True,0,,0,False,0.459599,False,0,0.873724,0,0,0,0,0,0,0,0,0,0,0,0,0,0,0,0,0,0,0,0,0,0,0,0,0,0,0,0,0
891faea8313ffff,50.048,8.60119,frankfurt,True,0,,0,False,0.459599,False,0,0.873724,0,0,0,0,0,0,0,0,0,0,0,0,0,0,0,0,0,0,0,0,0,0,0,0,0,0,0,0,0
891faea8317ffff,50.0485,8.60593,frankfurt,True,0,,0,False,0.459599,False,0,0.873724,0,0,0,0,0,0,0,0,0,0,0,0,0,0,0,0,0,0,0,0,0,0,0,0,0,0,0,0,0
891faea831bffff,50.0453,8.59916,frankfurt,True,0,,0,False,0.459599,False,0,0.873724,0,0,0,0,0,0,0,0,0,0,0,0,0,0,0,0,0,0,0,0,0,0,0,0,0,0,0,0,0
891faea8323ffff,50.0445,8.61612,frankfurt,False,0,,0,False,0.459599,False,0,0.873724,0,0,0,0,0,0,0,0,0,0,0,0,0,0,0,0,0,0,0,0,0,0,0,0,0,0,0,0,0
891faea8327ffff,50.045,8.62086,frankfurt,False,0,,0,False,0.459599,False,0,0.873724,0,0,0,0,0,0,0,0,0,0,0,0,0,0,0,0,0,0,0,0,0,0,0,0,0,0,0,0,0
891faea832bffff,50.0418,8.61409,frankfurt,False,0,,0,False,0.459599,False,0,0.873724,0,0,0,0,0,0,0,0,0,0,0,0,0,0,0,0,0,0,0,0,0,0,0,0,0,0,0,0,0
891faea832fffff,50.0422,8.61884,frankfurt,False,0,,0,False,0.459599,False,0,0.873724,0,0,0,0,0,0,0,0,0,0,0,0,0,0,0,0,0,0,0,0,0,0,0,0,0,0,0,0,0
891faea8333ffff,50.0468,8.6134,frankfurt,False,0,,0,False,0.459599,False,0,0.873724,0,0,0,0,0,0,0,0,0,0,0,0,0,0,0,0,0,0,0,0,0,0,0,0,0,0,0,0,0
891faea8337ffff,50.0473,8.61815,frankfurt,False,0,,0,False,0.459599,False,0,0.873724,0,0,0,0,0,0,0,0,0,0,0,0,0,0,0,0,0,0,0,0,0,0,0,0,0,0,0,0,0
891faea833bffff,50.044,8.61137,frankfurt,False,0,,0,False,0.459599,False,0,0.873724,0,0,0,0,0,0,0,0,0,0,0,0,0,0,0,0,0,0,0,0,0,0,0,0,0,0,0,0,0
891faea8343ffff,50.0398,8.5951,frankfurt,True,0,,0,False,0.459599,False,0,0.873724,0,0,0,0,0,0,0,0,0,0,0,0,0,0,0,0,0,0,0,0,0,0,0,0,0,0,0,0,0
891faea8347ffff,50.0403,8.59985,frankfurt,False,0,,0,False,0.459599,False,0,0.873724,0,0,0,0,0,0,0,0,0,0,0,0,0,0,0,0,0,0,0,0,0,0,0,0,0,0,0,0,0
891faea834bffff,50.037,8.59307,frankfurt,True,0,,0,False,0.459599,False,0,0.873724,0,0,0,0,0,0,0,0,0,0,0,0,0,0,0,0,0,0,0,0,0,0,0,0,0,0,2,0,0
891faea834fffff,50.0375,8.59782,frankfurt,False,0,,0,False,0.459599,False,0,0.873724,0,0,0,0,0,0,0,0,0,0,0,0,0,0,0,0,0,0,0,0,0,0,0,0,0,0,0,0,0
891faea8353ffff,50.0421,8.59238,frankfurt,True,0,,0,False,0.459599,False,0,0.873724,0,0,0,0,0,0,0,0,0,0,0,0,0,0,0,0,0,0,0,0,0,0,0,0,0,0,0,0,0
891faea8357ffff,50.0425,8.59713,frankfurt,True,0,,0,False,0.459599,False,0,0.873724,0,0,0,0,0,0,0,0,0,0,0,0,0,0,0,0,0,0,0,0,0,0,0,0,0,0,0,0,0
891faea835bffff,50.0393,8.59036,frankfurt,True,0,,0,False,0.459599,False,0,0.873724,0,0,0,0,0,0,0,0,0,0,0,0,0,0,0,0,0,0,0,0,0,0,0,0,0,0,0,0,0
891faea8363ffff,50.0385,8.60731,frankfurt,False,0,,0,False,0.459599,False,0,0.873724,0,0,0,0,0,0,0,0,0,0,0,0,0,0,0,0,0,0,0,0,0,0,0,0,0,0,0,0,0
891faea8367ffff,50.039,8.61206,frankfurt,False,14,8.47,3,False,0.230769,False,4,0.666667,0,0,0,0,0,0,0,0,0,0,0,0,0,0,0,0,0,0,0,0,0,0,0,0,0,0,0,0,0
891faea836bffff,50.0358,8.60528,frankfurt,False,6,9.53235,0,True,0,False,3,0.873724,0,0,0,0,0,0,0,0,0,0,0,0,0,0,1,0,0,0,0,0,0,0,0,0,0,1,1,0,0
891faea836fffff,50.0363,8.61003,frankfurt,False,175,9.863,30,False,0.406977,False,78,0.75,0,0,0,0,0,0,0,0,0,0,0,0,0,0,0,0,0,0,0,0,0,0,0,0,0,0,0,0,0
891faea8373ffff,50.0408,8.60459,frankfurt,True,0,,0,False,0.459599,False,0,0.873724,0,0,0,0,0,0,0,0,0,0,0,0,0,0,0,0,0,0,0,0,0,0,0,0,0,0,0,0,0
891faea8377ffff,50.0413,8.60934,frankfurt,False,0,,0,False,0.459599,False,0,0.873724,0,0,0,0,0,0,0,0,0,0,0,0,0,0,0,0,0,0,0,0,0,0,0,0,0,0,0,0,0
891faea837bffff,50.038,8.60257,frankfurt,False,0,,0,False,0.459599,False,0,0.873724,0,0,0,0,0,0,0,0,0,0,0,0,0,0,0,0,0,0,0,0,0,0,0,0,0,0,0,0,0
891faea8383ffff,50.0531,8.6005,frankfurt,True,0,,0,False,0.459599,False,0,0.873724,0,0,0,0,0,0,0,0,0,0,0,0,0,0,0,0,0,0,0,0,0,0,0,0,0,0,1,0,0
891faea8387ffff,50.0536,8.60524,frankfurt,True,0,,0,False,0.459599,False,0,0.873724,0,0,0,0,0,0,0,0,0,0,0,0,0,0,0,0,0,0,0,0,0,0,0,0,0,0,0,0,0
891faea838bffff,50.0503,8.59847,frankfurt,True,0,,0,False,0.459599,False,0,0.873724,0,0,0,0,0,0,0,0,0,0,0,0,0,0,0,0,0,0,0,0,0,0,0,0,0,0,0,0,0
891faea838fffff,50.0508,8.60322,frankfurt,True,0,,0,False,0.459599,False,0,0.873724,0,0,0,0,0,0,0,0,0,0,0,0,0,0,0,0,0,0,0,0,0,0,0,0,0,0,0,0,0
891faea8393ffff,50.0553,8.59778,frankfurt,True,0,,0,False,0.459599,False,0,0.873724,0,0,0,0,0,0,0,0,0,0,0,0,0,3,0,0,0,0,0,0,0,0,0,0,0,0,2,0,5
891faea8397ffff,50.0558,8.60253,frankfurt,True,0,,0,False,0.459599,False,0,0.873724,0,0,0,0,0,0,0,0,0,0,0,0,0,0,0,0,0,0,0,0,0,0,0,0,0,0,0,0,0
891faea839bffff,50.0526,8.59575,frankfurt,True,0,,0,False,0.459599,False,0,0.873724,0,0,0,0,0,0,0,0,0,0,0,0,0,0,0,0,0,0,0,0,0,0,0,0,0,0,1,0,0
891faea83a3ffff,50.0518,8.61271,frankfurt,True,0,,0,False,0.459599,False,0,0.873724,0,0,0,0,0,0,0,0,0,0,0,0,0,0,0,0,0,0,0,0,0,0,0,0,0,0,0,0,0
891faea83a7ffff,50.0523,8.61746,frankfurt,True,0,,0,False,0.459599,False,0,0.873724,0,0,0,0,0,0,0,0,0,0,0,0,0,0,0,0,0,0,0,0,0,0,0,0,0,0,0,0,0
891faea83abffff,50.049,8.61068,frankfurt,True,0,,0,False,0.459599,False,0,0.873724,0,0,0,0,0,0,0,0,0,0,0,0,0,0,0,0,0,0,0,0,0,0,0,0,0,0,0,0,0
891faea83afffff,50.0495,8.61543,frankfurt,True,0,,0,False,0.459599,False,0,0.873724,0,0,0,0,0,0,0,0,0,0,0,0,0,0,0,0,0,0,0,0,0,0,0,0,0,0,0,0,0
891faea83b3ffff,50.054,8.60999,frankfurt,True,0,,0,False,0.459599,False,0,0.873724,0,0,0,0,0,0,0,0,0,0,0,0,0,0,0,0,0,0,0,0,0,0,0,0,0,0,0,0,0
891faea83b7ffff,50.0545,8.61474,frankfurt,True,0,,0,False,0.459599,False,0,0.873724,0,0,0,0,0,0,0,0,0,0,0,0,0,0,0,0,0,0,0,0,0,0,0,0,0,0,0,0,0
891faea83bbffff,50.0513,8.60796,frankfurt,True,0,,0,False,0.459599,False,0,0.873724,0,0,0,0,0,0,0,0,0,0,0,0,0,0,0,0,0,0,0,0,0,0,0,0,0,0,0,0,0
891faea83c3ffff,50.0471,8.59169,frankfurt,True,0,,0,False,0.459599,False,0,0.873724,0,0,0,0,0,0,0,0,0,0,0,0,0,0,0,0,0,0,0,0,0,0,0,0,0,0,0,0,0
891faea83c7ffff,50.0476,8.59644,frankfurt,True,0,,0,False,0.459599,False,0,0.873724,0,0,0,0,0,0,0,0,0,0,0,0,0,0,0,0,0,0,0,0,0,0,0,0,0,0,0,0,0
891faea83cbffff,50.0443,8.58967,frankfurt,True,0,,0,False,0.459599,False,0,0.873724,0,0,0,0,0,0,0,0,0,0,0,0,0,0,0,0,0,0,0,0,0,0,0,0,0,0,0,0,0
891faea83cfffff,50.0448,8.59441,frankfurt,True,0,,0,False,0.459599,False,0,0.873724,0,0,0,0,0,0,0,0,0,0,0,0,0,0,0,0,0,0,0,0,0,0,0,0,0,0,0,0,0
891faea83d3ffff,50.0493,8.58897,frankfurt,True,0,,0,False,0.459599,False,0,0.873724,0,0,0,0,0,0,0,0,0,0,0,0,0,0,0,0,0,0,0,0,0,0,0,0,0,0,0,0,0
891faea83d7ffff,50.0498,8.59372,frankfurt,True,0,,0,False,0.459599,False,0,0.873724,0,0,0,0,0,0,0,0,0,0,0,0,0,0,0,0,0,0,0,0,0,0,0,0,0,0,0,0,0
891faea83dbffff,50.0466,8.58695,frankfurt,True,0,,0,False,0.459599,False,0,0.873724,0,0,0,0,0,0,0,0,0,0,0,0,0,0,0,0,0,0,0,0,0,0,0,0,0,0,0,0,0
891faea8403ffff,50.0774,8.56584,frankfurt,True,0,,0,False,0.459599,False,0,0.873724,0,0,0,0,0,0,0,0,0,0,0,0,0,0,0,0,0,0,0,0,0,0,0,0,0,0,0,0,0
891faea8407ffff,50.0779,8.57058,frankfurt,True,0,,0,False,0.459599,False,0,0.873724,0,0,0,0,0,0,0,0,0,0,0,0,0,0,0,0,0,0,0,0,0,0,0,0,0,0,0,0,0
891faea840bffff,50.0747,8.56381,frankfurt,True,0,,0,False,0.459599,False,0,0.873724,0,0,0,0,0,0,0,0,0,0,0,0,0,0,0,0,0,0,0,0,0,0,0,0,0,0,0,0,0
891faea840fffff,50.0752,8.56856,frankfurt,True,0,,0,False,0.459599,False,0,0.873724,0,0,0,0,0,0,0,0,0,0,0,0,0,0,0,0,0,0,0,0,0,0,0,0,0,0,0,0,0
891faea8413ffff,50.0797,8.56312,frankfurt,True,0,,0,False,0.459599,False,0,0.873724,0,0,0,0,0,0,0,0,0,0,0,0,0,0,0,0,0,0,0,0,0,0,0,0,0,0,0,0,0
891faea8417ffff,50.0802,8.56786,frankfurt,True,0,,0,False,0.459599,False,0,0.873724,0,0,0,0,0,0,0,0,0,0,0,0,0,0,0,0,0,0,0,0,0,0,0,0,0,0,0,0,0
891faea841bffff,50.0769,8.56109,frankfurt,True,0,,0,False,0.459599,False,0,0.873724,0,0,0,0,0,0,0,0,0,0,0,0,0,0,0,0,0,0,0,0,0,0,0,0,0,0,0,0,0
891faea8423ffff,50.0762,8.57805,frankfurt,True,5,12.3271,0,True,0.459599,True,3,0.873724,0,0,0,0,0,0,0,0,0,0,0,0,0,0,0,0,0,0,0,0,0,0,0,0,0,0,0,0,0
891faea8427ffff,50.0766,8.5828,frankfurt,True,0,,0,False,0.459599,False,0,0.873724,0,0,0,0,0,0,0,0,0,0,0,0,0,0,0,0,0,0,0,0,0,0,0,0,0,0,0,0,0
891faea842bffff,50.0734,8.57602,frankfurt,True,4,,0,False,0.459599,True,0,0.873724,0,0,0,0,0,0,0,0,0,0,0,0,0,0,0,0,0,0,0,0,0,0,0,0,0,0,2,0,0
891faea842fffff,50.0739,8.58077,frankfurt,True,0,,0,False,0.459599,False,0,0.873724,0,0,0,0,0,0,0,0,0,0,0,0,0,0,0,0,0,0,0,0,0,0,0,0,0,0,0,0,0
891faea8433ffff,50.0784,8.57533,frankfurt,True,0,,0,False,0.459599,False,0,0.873724,0,0,0,0,0,0,0,0,0,0,0,0,0,0,0,0,0,0,0,0,0,0,0,0,0,0,0,0,0
891faea8437ffff,50.0789,8.58008,frankfurt,True,3,9.55617,0,True,0,False,0,0.873724,0,0,0,0,0,0,0,0,0,0,0,0,0,0,0,0,0,0,0,0,0,0,0,0,0,0,0,0,1
891faea843bffff,50.0757,8.5733,frankfurt,True,4,14.655,0,True,0,False,3,1,0,0,0,0,0,0,0,0,0,0,0,0,0,2,0,0,0,0,0,0,0,0,0,0,0,0,0,0,0
891faea8443ffff,50.0714,8.55703,frankfurt,True,0,,0,False,0.459599,False,0,0.873724,0,0,0,0,0,0,0,0,0,0,0,0,0,0,0,0,0,0,0,0,0,0,0,0,0,0,0,0,0
891faea8447ffff,50.0719,8.56178,frankfurt,True,0,,0,False,0.459599,False,0,0.873724,0,0,0,0,0,0,0,0,0,0,0,0,0,0,0,0,0,0,0,0,0,0,0,0,0,0,0,0,0
891faea844bffff,50.0687,8.55501,frankfurt,True,0,,0,False,0.459599,False,0,0.873724,0,0,0,0,0,0,0,0,0,0,0,0,0,0,0,0,0,0,0,0,0,0,0,0,0,0,0,0,0
891faea844fffff,50.0692,8.55975,frankfurt,True,0,,0,False,0.459599,False,0,0.873724,0,0,0,0,0,0,0,0,0,0,0,0,0,0,0,0,0,0,0,0,0,0,0,0,0,0,0,0,0
891faea8453ffff,50.0737,8.55431,frankfurt,True,0,,0,False,0.459599,False,0,0.873724,0,0,0,0,0,0,0,0,0,0,0,0,0,0,0,0,0,0,0,0,0,0,0,0,0,0,0,0,0
891faea8457ffff,50.0742,8.55906,frankfurt,True,0,,0,False,0.459599,False,0,0.873724,0,0,0,0,0,0,0,0,0,0,0,0,0,0,0,0,0,0,0,0,0,0,0,0,0,0,0,0,0
891faea845bffff,50.0709,8.55229,frankfurt,True,0,,0,False,0.459599,False,0,0.873724,0,0,0,0,0,0,0,0,0,0,0,0,0,0,0,0,0,0,0,0,0,0,0,0,0,0,0,0,0
891faea8463ffff,50.0702,8.56925,frankfurt,True,0,,0,False,0.459599,False,0,0.873724,0,0,0,0,0,0,0,0,0,0,0,0,0,0,0,0,0,0,0,0,0,0,0,0,0,0,0,0,0
891faea8467ffff,50.0706,8.574,frankfurt,True,0,,0,False,0.459599,False,0,0.873724,0,0,0,0,0,0,0,0,0,0,0,0,0,0,0,0,0,0,0,0,0,0,0,0,0,0,0,0,0
891faea846bffff,50.0674,8.56722,frankfurt,True,0,,0,False,0.459599,False,0,0.873724,0,0,0,0,0,0,0,0,0,0,0,0,0,0,0,0,0,0,0,0,0,0,0,0,0,0,0,0,0
891faea846fffff,50.0679,8.57197,frankfurt,True,0,,0,False,0.459599,False,0,0.873724,0,0,0,0,0,0,0,0,0,0,0,0,0,0,0,0,0,0,0,0,0,0,0,0,0,0,0,0,0
891faea8473ffff,50.0724,8.56653,frankfurt,True,0,,0,False,0.459599,False,0,0.873724,0,0,0,0,0,0,0,0,0,0,0,0,0,0,0,0,0,0,0,0,0,0,0,0,0,0,0,0,0
891faea8477ffff,50.0729,8.57128,frankfurt,True,0,,0,False,0.459599,False,0,0.873724,0,0,0,0,0,0,0,0,0,0,0,0,0,0,0,0,0,0,0,0,0,0,0,0,0,0,0,0,0
891faea847bffff,50.0697,8.5645,frankfurt,True,0,,0,False,0.459599,False,0,0.873724,0,0,0,0,0,0,0,0,0,0,0,0,0,0,0,0,0,0,0,0,0,0,0,0,0,0,0,0,0
891faea8483ffff,50.0847,8.56242,frankfurt,True,0,,0,False,0.459599,False,0,0.873724,0,0,0,0,0,0,0,0,0,0,0,0,0,0,0,0,0,0,0,0,0,0,0,0,0,0,0,0,0
891faea8487ffff,50.0852,8.56717,frankfurt,True,355,9.7508,112,False,0.379032,False,189,0.891892,0,0,0,0,0,0,0,0,0,0,0,0,0,0,0,0,0,0,0,0,0,0,0,0,0,0,0,0,0
891faea848bffff,50.0819,8.5604,frankfurt,True,0,,0,False,0.459599,False,0,0.873724,0,0,0,0,0,0,0,0,0,0,0,0,0,0,0,0,0,0,0,0,0,0,0,0,0,0,0,0,0
891faea848fffff,50.0824,8.56514,frankfurt,True,29,8.77228,0,True,0.125,False,8,0.727273,0,0,0,0,0,0,0,0,0,0,0,0,0,0,0,0,0,0,0,0,0,0,0,0,0,0,0,0,0
891faea8493ffff,50.0869,8.5597,frankfurt,True,0,,0,False,0.459599,False,0,0.873724,0,0,0,0,0,0,0,0,0,0,0,0,0,0,0,0,0,0,0,0,0,0,0,0,0,0,0,0,0
891faea8497ffff,50.0874,8.56445,frankfurt,True,0,,0,False,0.459599,False,0,0.873724,0,0,0,0,0,0,0,0,0,0,0,0,0,0,0,0,0,0,0,0,0,0,0,0,0,0,0,0,0
891faea849bffff,50.0842,8.55768,frankfurt,True,0,,0,False,0.459599,False,0,0.873724,0,0,0,0,0,0,0,0,0,0,0,0,0,0,0,0,0,0,0,0,0,0,0,0,0,0,0,0,0
891faea84a3ffff,50.0834,8.57464,frankfurt,True,504,9.35731,130,False,0.331301,False,241,0.84739,0,0,0,0,0,0,0,0,0,0,0,0,0,0,0,0,0,0,0,0,0,0,0,0,0,0,2,0,0
891faea84a7ffff,50.0839,8.57939,frankfurt,True,918,9.7852,269,False,0.40608,False,451,0.853132,0,0,0,0,0,0,0,0,0,0,2,0,1,2,0,0,0,0,1,0,0,0,0,0,0,0,1,0,3
891faea84abffff,50.0807,8.57261,frankfurt,True,0,,0,False,0.459599,False,0,0.873724,0,0,0,0,0,0,0,0,0,0,0,0,0,0,0,0,0,0,0,0,0,0,0,0,0,0,0,0,0
891faea84afffff,50.0812,8.57736,frankfurt,True,71,14.655,28,False,0.61194,False,38,0.85,0,0,0,0,0,0,0,0,0,0,0,0,0,0,0,0,0,0,0,0,0,0,0,0,0,0,0,0,0
891faea84b3ffff,50.0857,8.57192,frankfurt,True,1333,8.93179,374,False,0.348819,False,616,0.8016,0,0,0,0,0,0,0,0,0,0,0,0,0,0,0,0,0,0,0,0,0,0,0,0,0,0,1,0,0
891faea84b7ffff,50.0862,8.57667,frankfurt,True,682,9.36374,187,False,0.335235,False,330,0.885196,0,0,0,0,0,0,0,0,0,0,0,0,0,0,0,0,0,0,0,0,0,0,0,0,0,0,0,0,0
891faea84bbffff,50.0829,8.56989,frankfurt,True,364,11.2395,41,False,0.335165,False,170,0.805369,0,0,0,0,0,0,0,0,0,0,0,0,0,0,0,0,0,0,0,0,0,0,0,0,0,0,1,0,0
891faea84c3ffff,50.0787,8.55362,frankfurt,True,0,,0,False,0.459599,False,0,0.873724,0,0,0,0,0,0,0,0,0,0,0,0,0,0,0,0,0,0,0,0,0,0,0,0,0,0,0,0,0
891faea84c7ffff,50.0792,8.55837,frankfurt,True,0,,0,False,0.459599,False,0,0.873724,0,0,0,0,0,0,0,0,0,0,0,0,0,0,0,0,0,0,0,0,0,0,0,0,0,0,0,0,0
891faea84cbffff,50.0759,8.55159,frankfurt,True,0,,0,False,0.459599,False,0,0.873724,0,0,0,0,0,0,0,0,0,0,0,0,0,0,0,0,0,0,0,0,0,0,0,0,0,0,0,0,0
891faea84cfffff,50.0764,8.55634,frankfurt,True,0,,0,False,0.459599,False,0,0.873724,0,0,0,0,0,0,0,0,0,0,0,0,0,0,0,0,0,0,0,0,0,0,0,0,0,0,0,0,0
891faea84d3ffff,50.081,8.5509,frankfurt,True,3,,0,False,0.459599,True,0,0.873724,0,0,0,0,0,0,0,0,0,0,0,0,0,0,0,0,0,0,0,0,0,0,0,0,0,0,0,0,0
891faea84d7ffff,50.0814,8.55565,frankfurt,True,0,,0,False,0.459599,False,0,0.873724,0,0,0,0,0,0,0,0,0,0,0,0,0,0,0,0,0,0,0,0,0,0,0,0,0,0,0,0,0
891faea84dbffff,50.0782,8.54887,frankfurt,True,0,,0,False,0.459599,False,0,0.873724,0,0,0,0,0,0,0,0,0,0,0,0,0,0,0,0,0,0,0,0,0,0,0,0,0,0,0,0,0
891faea8503ffff,50.0809,8.59908,frankfurt,True,388,7.6352,75,False,0.348718,False,153,0.856164,0,0,0,0,0,0,0,0,0,0,0,0,0,0,0,0,0,0,0,0,0,0,0,0,0,0,0,0,0
891faea8507ffff,50.0814,8.60382,frankfurt,True,350,8.60735,49,False,0.377644,False,159,0.848485,0,0,0,0,0,0,0,0,0,0,1,0,0,1,0,0,0,0,0,0,0,0,0,1,0,0,1,0,0
891faea850bffff,50.0781,8.59705,frankfurt,True,97,7.40933,45,False,0.277228,False,45,0.82,0,0,0,0,0,0,0,0,0,0,0,0,0,0,0,0,0,0,0,0,0,0,0,0,0,0,0,0,0
891faea850fffff,50.0786,8.6018,frankfurt,True,1421,5.71694,612,False,0.363764,False,611,0.806299,0,0,0,0,0,0,0,0,0,0,0,0,0,0,0,0,0,0,0,0,0,0,0,0,0,0,0,0,0
891faea8513ffff,50.0831,8.59636,frankfurt,True,598,8.23878,156,False,0.376884,False,262,0.862069,0,0,0,0,0,0,0,0,0,0,0,0,0,0,0,0,0,0,0,0,0,0,0,0,0,0,0,0,0
891faea8517ffff,50.0836,8.60111,frankfurt,True,1282,6.35973,376,False,0.375776,False,447,0.658371,0,0,0,0,0,0,0,0,0,0,0,0,0,0,0,0,0,0,0,0,0,0,0,0,0,0,0,0,0
891faea851bffff,50.0804,8.59433,frankfurt,True,131,9.84964,28,False,0.302326,False,55,0.883333,0,0,0,0,0,0,0,0,0,0,0,0,0,0,0,0,0,0,0,0,0,0,0,0,1,0,0,0,0
891faea8523ffff,50.0796,8.61129,frankfurt,True,155,10.9344,36,False,0.375758,False,81,0.8875,0,0,0,0,0,0,0,0,0,0,0,0,0,0,0,0,0,0,0,0,0,0,0,0,0,0,0,0,0
891faea8527ffff,50.0801,8.61604,frankfurt,True,85,10.6725,16,False,0.329268,False,34,0.805556,0,0,0,0,0,0,0,0,0,0,0,0,0,0,0,0,0,0,0,0,0,0,0,0,0,0,0,0,0
891faea852bffff,50.0768,8.60926,frankfurt,True,65,6.70346,26,False,0.37931,False,26,0.84,0,0,0,0,0,0,0,0,0,0,0,0,0,0,0,0,0,0,0,0,0,0,0,0,1,0,0,0,0
891faea852fffff,50.0773,8.61401,frankfurt,True,0,,0,False,0.459599,False,0,0.873724,0,0,0,0,0,0,0,0,0,0,0,0,0,1,0,0,0,0,0,0,0,0,0,0,0,0,0,0,0
891faea8533ffff,50.0819,8.60857,frankfurt,True,157,6.93362,47,False,0.211538,False,81,0.863636,0,0,0,0,0,0,0,0,0,0,0,0,0,1,0,0,0,0,0,0,0,0,0,0,0,0,1,0,0
891faea8537ffff,50.0823,8.61332,frankfurt,True,355,10.8711,66,False,0.311429,False,174,0.871951,0,0,0,0,0,0,0,0,0,0,0,0,0,0,0,0,0,0,0,0,0,0,0,0,0,0,0,0,0
891faea853bffff,50.0791,8.60654,frankfurt,True,925,6.2556,318,False,0.327234,False,355,0.753799,0,0,0,0,0,0,0,1,0,0,1,0,0,0,0,0,0,0,0,0,0,0,0,0,0,0,0,0,0
891faea8543ffff,50.0749,8.59027,frankfurt,True,0,,0,False,0.459599,False,0,0.873724,0,0,0,0,0,0,0,0,0,0,0,0,0,0,0,0,0,0,0,0,0,0,0,0,0,0,0,0,0
891faea8547ffff,50.0754,8.59502,frankfurt,True,0,,0,False,0.459599,False,0,0.873724,0,0,0,0,0,0,0,0,0,0,0,0,0,0,0,0,0,0,0,0,0,0,0,0,0,0,0,0,0
891faea854bffff,50.0721,8.58824,frankfurt,True,0,,0,False,0.459599,False,0,0.873724,0,0,0,0,0,0,0,0,0,0,0,0,0,0,0,0,0,0,0,0,0,0,0,0,0,0,0,0,0
891faea854fffff,50.0726,8.59299,frankfurt,True,0,,0,False,0.459599,False,0,0.873724,0,0,0,0,0,0,0,0,0,0,0,0,0,0,0,0,0,0,0,0,0,0,0,0,0,0,0,0,0
891faea8553ffff,50.0771,8.58755,frankfurt,True,0,,0,False,0.459599,False,0,0.873724,0,0,0,0,0,0,0,0,0,0,0,0,0,0,0,0,0,0,0,0,0,0,0,0,0,0,0,0,0
891faea8557ffff,50.0776,8.5923,frankfurt,True,0,,0,False,0.459599,False,0,0.873724,0,0,0,0,0,0,0,0,0,0,0,0,0,0,0,0,0,0,0,0,0,0,0,0,0,0,0,0,0
891faea855bffff,50.0744,8.58552,frankfurt,True,0,,0,False,0.459599,False,0,0.873724,0,0,0,0,0,0,0,0,0,0,0,0,0,0,0,0,0,0,0,0,0,0,0,0,0,0,0,0,0
891faea8563ffff,50.0736,8.60249,frankfurt,True,0,,0,False,0.459599,False,0,0.873724,0,0,0,0,0,0,0,0,0,0,0,0,0,0,0,0,0,0,0,0,0,0,0,0,0,0,0,0,0
891faea8567ffff,50.0741,8.60723,frankfurt,True,0,,0,False,0.459599,False,0,0.873724,0,0,0,0,0,0,0,0,0,0,0,0,0,0,0,0,0,0,0,0,0,0,0,0,0,0,0,0,0
891faea856bffff,50.0708,8.60046,frankfurt,True,0,,0,False,0.459599,False,0,0.873724,0,0,0,0,0,0,0,0,0,0,0,0,0,0,0,0,0,0,0,0,0,0,0,0,0,0,0,0,0
891faea856fffff,50.0713,8.6052,frankfurt,True,0,,0,False,0.459599,False,0,0.873724,0,0,0,0,0,0,0,0,0,0,0,0,0,0,0,0,0,0,0,0,0,0,0,0,0,0,0,0,0
891faea8573ffff,50.0759,8.59977,frankfurt,True,0,6.53,5,False,0.459599,False,5,1,0,0,0,0,0,0,0,0,0,0,0,0,0,0,0,0,0,0,0,0,0,0,0,0,0,0,0,0,1
891faea8577ffff,50.0764,8.60451,frankfurt,True,67,8.32,4,False,0.363636,False,28,0.884615,0,0,0,0,0,0,0,0,0,0,0,0,0,0,0,0,0,0,1,0,0,0,0,0,2,0,0,0,0
891faea857bffff,50.0731,8.59774,frankfurt,True,0,,0,False,0.459599,False,0,0.873724,0,0,0,0,0,0,0,0,0,0,0,0,0,0,0,0,0,0,0,0,0,0,0,0,0,0,0,0,0
891faea8583ffff,50.0881,8.59567,frankfurt,True,6,8.29,3,False,0.459599,True,4,1,0,0,0,0,0,0,0,0,0,0,0,0,0,1,0,0,0,0,0,0,0,0,0,0,0,0,0,0,0
891faea8587ffff,50.0886,8.60042,frankfurt,True,0,,0,False,0.459599,False,0,0.873724,0,0,0,0,0,0,0,0,0,0,0,0,0,0,0,0,0,0,0,0,0,0,0,0,0,0,0,0,0
891faea858bffff,50.0854,8.59364,frankfurt,True,1286,7.19945,469,False,0.455725,False,529,0.742647,0,0,0,0,0,0,0,0,0,0,0,0,0,0,0,0,0,0,0,0,0,0,0,0,0,0,1,0,0
891faea858fffff,50.0859,8.59839,frankfurt,True,833,6.59168,274,False,0.37193,False,347,0.782123,0,0,0,0,0,0,0,0,0,0,0,0,0,0,0,0,0,0,0,0,0,0,0,0,0,0,2,0,0
891faea8593ffff,50.0904,8.59295,frankfurt,True,0,,0,False,0.459599,False,0,0.873724,0,0,0,0,0,0,0,0,0,0,0,0,0,0,0,0,0,0,0,0,0,0,0,0,0,0,2,0,0
891faea8597ffff,50.0909,8.5977,frankfurt,True,325,8.73635,115,False,0.357357,False,123,0.729927,0,0,0,0,0,0,0,0,0,0,0,0,0,0,0,0,0,0,0,0,0,0,0,0,0,0,1,0,0
891faea859bffff,50.0876,8.59092,frankfurt,True,0,,0,False,0.459599,False,0,0.873724,0,0,0,0,0,0,0,0,0,0,0,0,0,0,0,0,0,0,0,0,0,0,0,0,0,0,0,0,0
891faea85a3ffff,50.0869,8.60788,frankfurt,True,139,9.43531,32,False,0.433333,False,66,0.943396,0,0,0,0,0,0,0,0,0,0,0,0,0,0,0,0,0,0,0,0,0,0,0,0,0,0,2,0,0
891faea85a7ffff,50.0874,8.61263,frankfurt,True,123,8.83108,37,False,0.351562,False,59,0.893939,0,0,0,0,0,0,0,0,0,0,0,0,0,0,0,0,0,0,0,0,0,0,0,0,0,0,0,0,0
891faea85abffff,50.0841,8.60585,frankfurt,True,576,6.45567,120,False,0.373514,False,249,0.786561,0,0,0,0,0,0,0,0,0,0,0,0,0,0,0,0,0,0,0,0,0,0,0,0,0,0,0,0,0
891faea85afffff,50.0846,8.6106,frankfurt,True,476,7.37832,137,False,0.250535,False,261,0.869919,0,0,0,0,0,0,0,0,0,0,0,0,0,0,0,0,0,0,0,0,0,0,0,0,0,0,0,0,0
891faea85b3ffff,50.0891,8.60516,frankfurt,True,0,,0,False,0.459599,False,0,0.873724,0,0,0,0,0,0,0,0,0,0,0,0,0,0,0,0,0,0,0,0,0,0,0,0,0,0,0,0,0
891faea85b7ffff,50.0896,8.60991,frankfurt,True,346,9.98936,109,False,0.458453,False,182,0.917582,0,0,0,0,0,0,0,0,0,0,0,0,0,0,0,0,0,0,0,0,0,0,0,0,0,0,1,0,0
891faea85bbffff,50.0864,8.60313,frankfurt,True,177,9.5213,23,False,0.336788,False,82,0.806452,0,0,0,0,0,0,0,0,0,0,0,0,0,0,0,0,0,0,0,0,0,0,0,0,0,0,1,0,0
891faea85c3ffff,50.0821,8.58686,frankfurt,True,272,8.58146,137,False,0.357934,False,152,0.863014,0,0,0,0,0,0,0,0,0,0,0,0,0,0,0,0,0,0,0,0,0,0,0,0,1,0,1,0,0
891faea85c7ffff,50.0826,8.59161,frankfurt,True,343,9.45866,82,False,0.335329,False,167,0.878981,0,0,0,0,0,0,0,0,0,0,0,0,0,0,0,0,0,0,0,0,0,0,0,0,0,0,0,0,0
891faea85cbffff,50.0794,8.58483,frankfurt,True,0,,0,False,0.459599,False,0,0.873724,0,0,0,0,0,0,0,0,0,0,0,0,0,0,0,0,0,0,0,0,0,0,0,0,0,0,0,0,0
891faea85cfffff,50.0799,8.58958,frankfurt,True,0,,0,False,0.459599,False,0,0.873724,0,0,0,0,0,0,0,0,0,0,0,0,0,0,0,0,0,0,0,0,0,0,0,0,0,0,0,0,0
891faea85d3ffff,50.0844,8.58414,frankfurt,True,1001,9.38381,333,False,0.420787,False,519,0.895257,0,0,0,0,0,0,0,0,0,1,0,0,0,0,0,0,0,0,0,0,0,0,0,1,0,0,0,0,1
891faea85d7ffff,50.0849,8.58889,frankfurt,True,1589,8.25773,648,False,0.410448,False,829,0.877751,0,0,0,0,0,0,0,1,0,0,0,0,0,0,0,0,0,0,0,0,0,0,0,0,0,0,4,0,0
891faea85dbffff,50.0817,8.58211,frankfurt,True,94,9.99929,28,False,0.40625,False,48,0.926829,0,0,0,0,0,0,0,1,0,0,0,0,0,0,0,0,0,0,0,0,0,1,0,0,1,0,3,0,1
891faea8603ffff,50.0582,8.55165,frankfurt,False,0,,0,False,0.459599,False,0,0.873724,0,0,0,0,0,0,0,0,0,0,0,0,0,0,0,0,0,0,0,0,0,0,0,0,0,0,0,0,0
891faea8607ffff,50.0587,8.55639,frankfurt,True,0,,0,False,0.459599,False,0,0.873724,0,0,0,0,0,0,0,0,0,0,0,0,0,0,0,0,0,0,0,0,0,0,0,0,0,0,0,0,0
891faea860bffff,50.0554,8.54962,frankfurt,False,0,,0,False,0.459599,False,0,0.873724,0,0,0,0,0,0,0,0,0,0,0,0,0,0,0,0,0,0,0,0,0,0,0,0,0,0,0,0,0
891faea860fffff,50.0559,8.55437,frankfurt,True,0,,0,False,0.459599,False,0,0.873724,0,0,0,0,0,0,0,0,0,0,0,0,0,0,0,0,0,0,0,0,0,0,0,0,0,0,0,0,0
891faea8613ffff,50.0604,8.54893,frankfurt,False,0,,0,False,0.459599,False,0,0.873724,0,0,0,0,0,0,0,0,0,0,0,0,0,0,0,0,0,0,0,0,0,0,0,0,0,0,0,0,0
891faea8617ffff,50.0609,8.55367,frankfurt,True,0,,0,False,0.459599,False,0,0.873724,0,0,0,0,0,0,0,0,0,0,0,0,0,0,0,0,0,0,0,0,0,0,0,0,0,0,0,0,0
891faea861bffff,50.0577,8.5469,frankfurt,False,0,,0,False,0.459599,False,0,0.873724,0,0,0,0,0,0,0,0,0,0,0,0,0,0,0,0,0,0,0,0,0,0,0,0,0,0,0,0,0
891faea8623ffff,50.0569,8.56386,frankfurt,True,0,,0,False,0.459599,False,0,0.873724,0,0,0,0,0,0,0,0,0,0,0,0,0,0,0,0,0,0,0,0,0,0,0,0,0,0,0,0,0
891faea8627ffff,50.0574,8.56861,frankfurt,True,0,,0,False,0.459599,False,0,0.873724,0,0,0,0,0,0,0,0,0,0,0,0,0,0,0,0,0,0,0,0,0,0,0,0,0,0,0,0,0
891faea862bffff,50.0541,8.56183,frankfurt,True,0,,0,False,0.459599,False,0,0.873724,0,0,0,0,0,0,0,0,0,0,0,0,0,0,0,0,0,0,0,0,0,0,0,0,0,0,0,0,0
891faea862fffff,50.0546,8.56658,frankfurt,True,0,,0,False,0.459599,False,0,0.873724,0,0,0,0,0,0,0,0,0,0,0,0,0,0,0,0,0,0,0,0,0,0,0,0,0,0,0,0,0
891faea8633ffff,50.0591,8.56114,frankfurt,True,0,,0,False,0.459599,False,0,0.873724,0,0,0,0,0,0,0,0,0,0,0,0,0,0,0,0,0,0,0,0,0,0,0,0,0,0,0,0,0
891faea8637ffff,50.0596,8.56589,frankfurt,True,0,,0,False,0.459599,False,0,0.873724,0,0,0,0,0,0,0,0,0,0,0,0,0,0,0,0,0,0,0,0,0,0,0,0,0,0,0,0,0
891faea863bffff,50.0564,8.55911,frankfurt,True,0,,0,False,0.459599,False,0,0.873724,0,0,0,0,0,0,0,0,0,0,0,0,0,0,0,0,0,0,0,0,0,0,0,0,0,0,0,0,0
891faea8643ffff,50.0522,8.54285,frankfurt,False,9,8.71744,0,True,0.5,False,9,0.873724,0,0,0,0,0,0,0,0,0,0,0,0,0,0,0,0,0,0,0,0,0,0,0,0,0,0,0,0,8
891faea8647ffff,50.0527,8.54759,frankfurt,False,0,,0,False,0.459599,False,0,0.873724,0,0,0,0,0,0,0,0,0,0,0,0,0,0,0,0,0,0,0,0,0,0,0,0,0,0,0,0,0
891faea864bffff,50.0494,8.54082,frankfurt,False,53,7.88667,0,True,0.45283,False,0,0.873724,0,0,0,0,0,0,0,0,0,0,0,0,0,1,0,0,0,0,1,0,0,0,0,0,0,0,1,0,25
891faea864fffff,50.0499,8.54557,frankfurt,False,10,5.96,0,True,1,False,4,1,0,0,0,0,0,0,0,0,0,0,0,0,0,0,0,0,0,0,0,0,0,0,0,0,0,0,4,0,6
891faea8653ffff,50.0544,8.54013,frankfurt,False,0,,0,False,0.459599,False,0,0.873724,0,0,0,0,0,0,0,0,0,0,0,0,0,0,0,0,0,0,0,0,0,0,0,0,0,0,0,0,0
891faea8657ffff,50.0549,8.54488,frankfurt,False,0,,0,False,0.459599,False,0,0.873724,0,0,0,0,0,0,0,0,0,0,0,0,0,0,0,0,0,0,0,0,0,0,0,0,0,0,0,0,0
891faea865bffff,50.0517,8.5381,frankfurt,False,0,,0,False,0.459599,False,0,0.873724,0,0,0,0,0,0,0,0,0,0,0,0,0,0,0,0,0,0,0,0,0,0,0,0,0,0,0,0,0
891faea8663ffff,50.0509,8.55506,frankfurt,False,0,,0,False,0.459599,False,0,0.873724,0,0,0,0,0,0,0,0,0,0,0,0,0,0,0,0,0,0,0,0,0,0,0,0,0,0,0,0,0
891faea8667ffff,50.0514,8.55981,frankfurt,True,0,,0,False,0.459599,False,0,0.873724,0,0,0,0,0,0,0,0,0,0,0,0,0,0,0,0,0,0,0,0,0,0,0,0,0,0,0,0,0
891faea866bffff,50.0481,8.55303,frankfurt,False,0,,0,False,0.459599,False,0,0.873724,0,0,0,0,0,0,0,0,0,0,0,0,1,0,0,0,0,0,0,0,0,0,0,0,0,0,1,0,0
891faea866fffff,50.0486,8.55778,frankfurt,False,0,,0,False,0.459599,False,0,0.873724,0,0,0,0,0,0,0,0,0,0,0,0,0,0,0,0,0,0,0,0,0,1,0,0,0,0,2,0,0
891faea8673ffff,50.0531,8.55234,frankfurt,False,0,,0,False,0.459599,False,0,0.873724,0,0,0,0,0,0,0,0,0,0,0,0,0,0,0,0,0,0,0,0,0,0,0,0,0,0,0,0,0
891faea8677ffff,50.0536,8.55709,frankfurt,True,0,,0,False,0.459599,False,0,0.873724,0,0,0,0,0,0,0,0,0,0,0,0,0,0,0,0,0,0,0,0,0,0,0,0,0,0,0,0,0
891faea867bffff,50.0504,8.55031,frankfurt,False,0,,0,False,0.459599,False,0,0.873724,0,0,0,0,0,0,0,0,0,0,0,0,0,0,0,0,0,0,0,0,0,0,0,0,0,0,0,0,0
891faea8683ffff,50.0654,8.54823,frankfurt,False,22,8.96,3,False,0.459599,True,11,0.727273,0,0,0,0,0,0,0,0,0,0,0,0,0,1,0,0,0,0,0,0,0,0,0,0,0,0,0,0,0
891faea8687ffff,50.0659,8.55298,frankfurt,True,0,,0,False,0.459599,False,0,0.873724,0,0,0,0,0,0,0,0,0,0,0,0,0,0,0,0,0,0,0,0,0,0,0,0,0,0,0,0,0
891faea868bffff,50.0627,8.54621,frankfurt,False,80,11.1086,21,False,0.431818,False,41,0.861111,0,0,0,0,0,0,0,0,0,0,0,0,0,0,0,0,0,0,0,0,0,0,0,0,0,0,0,0,0
891faea868fffff,50.0632,8.55095,frankfurt,False,0,,0,False,0.459599,False,0,0.873724,0,0,0,0,0,0,0,0,0,0,0,0,0,0,0,0,0,0,0,0,0,0,0,0,0,0,0,0,0
891faea8693ffff,50.0677,8.54551,frankfurt,False,3,10.0944,0,True,0,False,0,0.873724,0,0,0,0,0,0,0,0,0,0,0,0,0,0,0,0,0,0,0,0,0,0,0,0,0,0,0,0,0
891faea8697ffff,50.0682,8.55026,frankfurt,False,0,,0,False,0.459599,False,0,0.873724,0,0,0,0,0,0,0,0,0,0,0,0,0,0,0,0,0,0,0,0,0,0,0,0,0,0,0,0,0
891faea869bffff,50.0649,8.54349,frankfurt,False,499,8.87562,121,False,0.4158,False,199,0.695,0,0,0,0,0,0,0,0,0,0,0,0,0,1,0,0,0,0,0,0,0,0,0,0,0,0,1,0,0
891faea86a3ffff,50.0642,8.56045,frankfurt,True,0,,0,False,0.459599,False,0,0.873724,0,0,0,0,0,0,0,0,0,0,0,0,0,0,0,0,0,0,0,0,0,0,0,0,0,0,0,0,0
891faea86a7ffff,50.0646,8.56519,frankfurt,True,0,,0,False,0.459599,False,0,0.873724,0,0,0,0,0,0,0,0,0,0,0,0,0,0,0,0,0,0,0,0,0,0,0,0,0,0,0,0,0
891faea86abffff,50.0614,8.55842,frankfurt,True,0,,0,False,0.459599,False,0,0.873724,0,0,0,0,0,0,0,0,0,0,0,0,0,0,0,0,0,0,0,0,0,0,0,0,0,0,0,0,0
891faea86afffff,50.0619,8.56317,frankfurt,True,0,,0,False,0.459599,False,0,0.873724,0,0,0,0,0,0,0,0,0,0,0,0,0,0,0,0,0,0,0,0,0,0,0,0,0,0,0,0,0
891faea86b3ffff,50.0664,8.55773,frankfurt,True,0,,0,False,0.459599,False,0,0.873724,0,0,0,0,0,0,0,0,0,0,0,0,0,0,0,0,0,0,0,0,0,0,0,0,0,0,0,0,0
891faea86b7ffff,50.0669,8.56247,frankfurt,True,0,,0,False,0.459599,False,0,0.873724,0,0,0,0,0,0,0,0,0,0,0,0,0,0,0,0,0,0,0,0,0,0,0,0,0,0,0,0,0
891faea86bbffff,50.0637,8.5557,frankfurt,True,0,,0,False,0.459599,False,0,0.873724,0,0,0,0,0,0,0,0,0,0,0,0,0,0,0,0,0,0,0,0,0,0,0,0,0,0,0,0,0
891faea86c3ffff,50.0594,8.53944,frankfurt,False,534,13.5638,136,False,0.566288,False,246,0.828947,0,0,0,0,0,0,0,0,0,0,0,0,0,0,0,0,0,0,0,0,0,0,0,0,0,0,0,0,0
891faea86c7ffff,50.0599,8.54418,frankfurt,False,0,,0,False,0.459599,False,0,0.873724,0,0,0,0,0,0,0,0,0,0,0,0,0,0,0,0,0,0,0,0,0,0,0,0,0,0,0,0,0
891faea86cbffff,50.0567,8.53741,frankfurt,False,537,9.33,141,False,0.375,False,264,0.866667,0,0,0,0,0,0,0,0,0,0,0,0,0,0,0,0,0,0,0,0,0,0,0,0,0,0,1,0,0
891faea86cfffff,50.0572,8.54216,frankfurt,False,35,9.9,3,False,0.588235,False,15,0.785714,0,0,0,0,0,0,0,0,0,0,0,0,0,0,0,0,0,0,0,0,0,0,0,0,0,0,0,0,0
891faea86d3ffff,50.0617,8.53672,frankfurt,False,551,10.331,125,False,0.325188,False,255,0.891892,0,0,0,0,0,0,0,0,0,0,0,0,0,0,0,0,0,0,0,0,0,0,0,0,0,0,0,0,0
891faea86d7ffff,50.0622,8.54146,frankfurt,False,662,10.7223,242,False,0.547368,False,299,0.807309,0,0,0,0,0,0,0,0,0,0,0,0,0,0,0,0,0,0,0,0,0,0,0,0,0,0,1,0,0
891faea86dbffff,50.0589,8.53469,frankfurt,False,602,9.83636,209,False,0.448393,False,306,0.857616,0,0,0,0,0,0,0,0,0,0,0,0,0,1,0,0,0,0,0,0,0,0,0,0,0,0,2,0,1
891faea8803ffff,50.0527,8.67038,frankfurt,False,772,7.95162,321,False,0.398184,False,402,0.858881,0,0,0,0,0,0,0,1,0,0,0,0,0,1,0,0,0,0,0,0,0,0,0,0,0,0,3,0,0
891faea8807ffff,50.0531,8.67513,frankfurt,False,798,8.37825,280,False,0.401266,False,369,0.832884,0,0,0,0,0,0,0,0,0,0,0,0,0,0,0,0,0,0,0,0,0,0,0,0,0,0,2,0,0
891faea880bffff,50.0499,8.66835,frankfurt,False,565,17.3134,317,False,0.449477,False,311,0.85034,0,0,0,0,0,0,0,0,0,0,0,0,0,0,0,0,0,0,0,0,0,0,0,0,0,0,2,0,0
891faea880fffff,50.0504,8.6731,frankfurt,False,24,8.88,9,False,0.416667,False,9,0.5,0,0,0,0,0,0,0,0,0,0,0,0,0,1,0,0,0,0,0,0,0,0,0,0,0,0,0,0,0
891faea8813ffff,50.0549,8.66766,frankfurt,False,355,8.63139,101,False,0.348066,False,162,0.809524,0,0,0,0,0,0,0,0,0,0,0,0,0,0,0,0,0,0,0,0,0,0,0,0,0,0,0,0,0
891faea8817ffff,50.0554,8.67241,frankfurt,False,568,8.84046,197,False,0.420578,False,287,0.922794,0,0,0,0,0,0,0,0,0,0,0,0,0,0,0,0,0,0,0,0,0,0,0,0,0,0,2,0,0
891faea881bffff,50.0522,8.66563,frankfurt,False,33,7.46,17,False,0.68,False,26,0.884615,0,0,0,0,0,0,0,0,0,0,0,0,1,0,1,0,0,0,0,0,0,0,0,0,0,2,4,0,0
891faea8823ffff,50.0514,8.6826,frankfurt,False,514,10.1334,189,False,0.406746,False,283,0.90566,0,0,0,0,0,0,0,0,0,0,0,0,0,0,0,0,0,0,0,0,0,0,0,0,0,0,1,0,0
891faea8827ffff,50.0519,8.68735,frankfurt,False,671,9.22934,274,False,0.377976,False,391,0.917738,0,0,0,0,0,0,0,0,0,0,1,0,0,1,0,0,0,0,0,0,0,0,0,0,0,0,5,0,2
891faea882bffff,50.0486,8.68056,frankfurt,False,668,10.0103,258,False,0.394453,False,367,0.907859,0,0,0,0,0,0,0,0,0,0,0,0,0,0,0,0,0,0,0,0,0,0,0,0,0,0,1,0,0
891faea882fffff,50.0491,8.68531,frankfurt,False,900,9.9073,430,False,0.409449,False,483,0.887967,0,0,0,0,0,0,0,0,0,0,0,0,0,0,0,0,0,0,0,0,0,0,0,0,0,0,1,0,0
891faea8833ffff,50.0536,8.67988,frankfurt,False,705,9.37093,324,False,0.426112,False,425,0.920635,0,0,0,0,0,0,0,0,0,0,1,0,1,0,2,0,0,0,0,0,0,0,0,0,0,0,2,0,1
891faea8837ffff,50.0541,8.68463,frankfurt,False,784,8.99693,257,False,0.347118,False,425,0.895928,0,0,0,0,0,0,0,2,0,0,0,0,1,0,1,0,0,0,0,0,0,0,0,0,0,0,0,0,1
891faea883bffff,50.0509,8.67785,frankfurt,False,513,9.98464,112,False,0.341556,False,246,0.884462,0,0,0,0,0,0,0,0,0,0,0,0,0,1,0,0,0,0,0,0,0,0,0,0,0,0,0,0,0
891faea8843ffff,50.0467,8.66157,frankfurt,False,0,,0,False,0.459599,False,0,0.873724,0,0,0,0,0,0,0,0,0,0,0,0,0,0,0,0,0,0,0,0,0,0,0,0,0,0,0,0,0
891faea8847ffff,50.0471,8.66632,frankfurt,False,0,,0,False,0.459599,False,0,0.873724,0,0,0,0,0,0,0,0,0,0,0,0,0,0,0,0,0,0,0,0,0,0,0,0,0,0,0,0,0
891faea884bffff,50.0439,8.65954,frankfurt,False,0,,0,False,0.459599,False,0,0.873724,0,0,0,0,0,0,0,0,0,0,0,0,0,0,0,0,0,0,0,0,0,0,0,0,0,0,0,0,0
891faea884fffff,50.0444,8.66428,frankfurt,False,0,,0,False,0.459599,False,0,0.873724,0,0,0,0,0,0,0,0,0,0,0,0,0,0,0,0,0,0,0,0,0,0,0,0,0,0,0,0,0
891faea8853ffff,50.0489,8.65885,frankfurt,False,0,,0,False,0.459599,False,0,0.873724,0,0,0,0,0,0,0,0,0,0,0,0,0,0,0,0,0,0,0,0,0,0,0,0,0,0,0,0,0
891faea8857ffff,50.0494,8.6636,frankfurt,False,0,,0,False,0.459599,False,0,0.873724,0,0,0,0,0,0,0,0,0,0,0,0,0,0,0,0,0,0,0,0,0,0,0,0,0,0,0,0,0
891faea885bffff,50.0462,8.65682,frankfurt,False,0,,0,False,0.459599,False,0,0.873724,0,0,0,0,0,0,0,0,0,0,0,0,0,0,0,0,0,0,0,0,0,0,0,0,0,0,0,0,0
891faea8863ffff,50.0454,8.67378,frankfurt,False,12,7.76,10,False,0,False,10,0.873724,0,0,0,0,0,0,0,0,0,0,0,0,0,0,0,0,0,0,0,0,0,0,0,0,0,0,0,0,0
891faea8867ffff,50.0459,8.67853,frankfurt,False,0,,0,False,0.459599,False,0,0.873724,0,0,0,0,0,0,0,0,0,0,0,0,0,0,0,0,0,0,0,0,0,0,0,0,0,0,2,0,4
891faea8873ffff,50.0476,8.67107,frankfurt,False,0,,0,False,0.459599,False,0,0.873724,0,0,0,0,0,0,0,0,0,0,0,0,0,0,0,0,0,0,0,0,0,0,0,0,0,0,0,0,0
891faea8877ffff,50.0481,8.67581,frankfurt,False,60,10.0486,28,False,0.532258,False,33,1,0,0,0,0,0,0,0,1,0,0,1,0,0,1,0,0,0,0,0,0,0,0,0,0,0,0,0,0,1
891faea887bffff,50.0449,8.66903,frankfurt,False,0,,0,False,0.459599,False,0,0.873724,0,0,0,0,0,0,0,0,0,0,0,0,0,0,0,0,0,0,0,0,0,0,0,0,0,0,0,0,0
891faea8883ffff,50.0599,8.66698,frankfurt,True,0,,0,False,0.459599,False,0,0.873724,0,0,0,0,0,0,0,0,0,0,0,0,0,0,0,0,0,0,0,0,0,0,0,0,0,0,0,0,0
891faea8887ffff,50.0604,8.67173,frankfurt,True,0,,0,False,0.459599,False,0,0.873724,0,0,0,0,0,0,0,0,0,0,0,0,0,0,0,0,0,0,0,0,0,0,0,0,0,0,0,0,0
891faea888bffff,50.0572,8.66495,frankfurt,True,0,,0,False,0.459599,False,0,0.873724,0,0,0,0,0,0,0,0,0,0,0,0,0,0,0,0,0,0,0,0,0,0,0,0,0,0,0,0,0
891faea888fffff,50.0577,8.66969,frankfurt,True,0,,0,False,0.459599,False,0,0.873724,0,0,0,0,0,0,0,0,0,0,0,0,0,0,0,0,0,0,0,0,0,0,0,0,0,0,0,0,0
891faea8893ffff,50.0622,8.66426,frankfurt,True,0,,0,False,0.459599,False,0,0.873724,0,0,0,0,0,0,0,0,0,0,0,0,0,0,0,0,0,0,0,0,0,0,0,0,0,0,0,0,0
891faea8897ffff,50.0627,8.66901,frankfurt,True,0,,0,False,0.459599,False,0,0.873724,0,0,0,0,0,0,0,0,0,0,0,0,0,0,0,0,0,0,0,0,0,1,0,0,0,0,0,0,0
891faea889bffff,50.0594,8.66223,frankfurt,True,0,,0,False,0.459599,False,0,0.873724,0,0,0,0,0,0,0,0,0,0,0,0,0,0,0,0,0,0,0,0,0,0,0,0,0,0,0,0,0
891faea88a3ffff,50.0586,8.67919,frankfurt,True,34,8.79,6,False,0.264706,False,12,0.6,0,0,0,0,0,0,0,0,0,0,0,0,0,0,0,0,0,0,0,0,0,0,0,0,0,0,0,0,0
891faea88a7ffff,50.0591,8.68395,frankfurt,True,21,11.9,3,False,0.333333,False,13,0.873724,0,0,0,0,0,0,0,0,0,0,0,0,0,0,0,0,0,0,0,0,0,0,0,0,0,0,2,0,0
891faea88abffff,50.0559,8.67716,frankfurt,False,429,9.93671,146,False,0.359813,False,227,0.874459,0,0,0,0,0,0,0,0,0,0,0,0,1,1,0,0,0,0,0,0,0,0,0,0,0,0,0,0,1
891faea88afffff,50.0564,8.68191,frankfurt,False,512,9.89294,119,False,0.339731,False,261,0.862454,0,0,0,0,0,0,0,0,0,0,0,0,0,0,0,0,0,0,0,0,0,0,0,0,0,0,2,0,1
891faea88b3ffff,50.0609,8.67648,frankfurt,True,0,,0,False,0.459599,False,0,0.873724,0,0,0,0,0,0,0,0,0,0,0,0,0,0,0,0,0,0,0,0,0,0,0,0,0,0,0,0,0
891faea88b7ffff,50.0614,8.68123,frankfurt,True,0,,0,False,0.459599,False,0,0.873724,0,0,0,0,0,0,0,0,0,0,0,0,0,0,0,0,0,0,0,0,0,0,0,0,0,0,0,0,0
891faea88bbffff,50.0582,8.67444,frankfurt,True,0,,0,False,0.459599,False,0,0.873724,0,0,0,0,0,0,0,0,0,0,0,0,0,0,0,0,0,0,0,0,0,0,0,0,0,0,0,0,0
891faea88c3ffff,50.0539,8.65816,frankfurt,False,0,,0,False,0.459599,False,0,0.873724,0,0,0,0,0,0,0,0,0,0,0,0,0,0,0,0,0,0,0,0,0,0,0,0,0,0,1,0,0
891faea88c7ffff,50.0544,8.66291,frankfurt,False,0,,0,False,0.459599,False,0,0.873724,0,0,0,0,0,0,0,0,0,0,0,0,0,0,0,0,0,0,0,0,0,0,0,0,0,0,0,0,0
891faea88cbffff,50.0512,8.65613,frankfurt,False,0,,0,False,0.459599,False,0,0.873724,0,0,0,0,0,0,0,0,0,0,0,0,0,0,0,0,0,0,0,0,0,0,0,0,0,0,0,0,0
891faea88cfffff,50.0517,8.66088,frankfurt,False,0,,0,False,0.459599,False,0,0.873724,0,0,0,0,0,0,0,0,0,0,0,0,0,0,0,0,0,0,0,0,0,0,0,0,0,0,0,0,0
891faea88d3ffff,50.0562,8.65545,frankfurt,True,0,,0,False,0.459599,False,0,0.873724,0,0,0,0,0,0,0,0,0,0,0,0,0,0,0,0,0,0,0,0,0,0,0,0,0,0,0,0,0
891faea88d7ffff,50.0567,8.6602,frankfurt,True,0,,0,False,0.459599,False,0,0.873724,0,0,0,0,0,0,0,0,0,0,0,0,0,0,0,0,0,0,0,0,0,0,0,0,0,0,0,0,0
891faea88dbffff,50.0534,8.65341,frankfurt,False,0,12.95,9,False,0.459599,False,0,0.873724,0,0,0,0,0,0,0,0,0,0,0,0,0,0,0,0,0,0,0,0,0,0,0,0,0,0,1,0,1
891faea8903ffff,50.0561,8.70363,frankfurt,False,505,9.8009,111,False,0.359465,False,239,0.761062,0,0,0,0,0,0,0,0,0,0,0,0,0,0,0,0,0,0,0,0,0,0,0,0,0,0,0,0,1
891faea8907ffff,50.0566,8.70838,frankfurt,False,240,10.5105,43,False,0.286325,False,125,0.948718,0,0,0,0,0,0,0,0,0,0,0,0,0,0,0,0,0,0,0,0,0,0,0,0,0,0,0,0,0
891faea890bffff,50.0533,8.7016,frankfurt,False,817,9.75661,387,False,0.404535,False,497,0.924025,0,0,0,0,0,0,0,0,0,0,0,0,0,0,0,0,0,0,0,0,0,0,0,0,0,0,2,0,1
891faea890fffff,50.0538,8.70635,frankfurt,False,759,9.76017,242,False,0.415761,False,371,0.847645,0,0,0,0,0,0,0,0,0,0,0,0,0,0,0,0,0,0,0,0,0,0,0,0,0,0,0,0,0
891faea8913ffff,50.0583,8.70091,frankfurt,False,433,10.5178,157,False,0.352144,False,229,0.873418,0,0,0,0,0,0,0,0,0,0,0,0,0,0,0,0,0,0,0,0,0,0,0,0,0,0,1,0,1
891faea8917ffff,50.0588,8.70567,frankfurt,False,520,9.08139,115,False,0.325885,False,262,0.897436,0,0,0,0,0,0,0,0,0,0,0,0,0,0,0,0,0,0,0,0,0,0,0,0,0,0,0,0,0
891faea891bffff,50.0556,8.69888,frankfurt,False,891,9.65273,337,False,0.415454,False,498,0.86444,0,0,0,0,0,0,0,0,1,0,0,0,1,3,0,0,0,1,0,0,0,0,0,0,0,0,0,0,1
891faea8923ffff,50.0548,8.71585,frankfurt,False,0,,0,False,0.459599,False,0,0.873724,0,0,0,0,0,0,0,0,0,0,0,0,0,0,0,0,0,0,0,0,0,0,0,0,0,0,0,0,0
891faea8927ffff,50.0553,8.7206,frankfurt,False,0,,0,False,0.459599,False,0,0.873724,0,0,0,0,0,0,0,0,0,0,0,0,0,0,0,0,0,0,0,0,0,0,0,0,0,0,0,0,0
891faea892bffff,50.052,8.71382,frankfurt,False,222,12.3653,55,False,0.593301,False,83,0.671233,0,0,0,0,0,0,0,0,0,0,0,0,0,0,0,0,0,0,0,0,0,0,0,0,0,0,1,0,0
891faea892fffff,50.0525,8.71857,frankfurt,False,3,9.76632,0,True,0.459599,True,0,0.873724,0,0,0,0,0,0,0,0,0,0,0,0,0,1,0,0,0,0,0,0,0,0,0,0,0,0,0,0,0
891faea8933ffff,50.057,8.71313,frankfurt,False,0,,0,False,0.459599,False,0,0.873724,0,0,0,0,0,0,0,0,0,0,0,0,0,0,0,0,0,0,0,0,0,0,0,0,0,0,0,0,0
891faea8937ffff,50.0575,8.71788,frankfurt,False,0,,0,False,0.459599,False,0,0.873724,0,0,0,0,0,0,0,0,0,0,0,0,0,1,0,0,0,0,0,0,0,0,0,0,0,0,0,0,0
891faea893bffff,50.0543,8.7111,frankfurt,False,383,8.7608,176,False,0.439394,False,171,0.809249,0,0,0,0,0,0,0,0,0,0,0,0,0,0,0,0,0,0,0,0,0,0,0,0,0,0,0,0,0
891faea8943ffff,50.0501,8.69481,frankfurt,False,1238,10.0959,538,False,0.492357,False,663,0.868732,0,0,0,0,0,0,0,1,1,0,1,0,0,4,0,0,1,1,0,1,0,0,0,0,0,0,2,0,4
891faea8947ffff,50.0506,8.69956,frankfurt,False,327,10.0737,130,False,0.465625,False,192,0.888889,0,0,0,2,0,0,0,2,0,0,2,0,3,2,0,1,0,9,2,0,0,0,0,1,0,0,2,0,0
891faea894bffff,50.0473,8.69278,frankfurt,False,221,10.7845,65,False,0.316279,False,69,0.830986,0,0,0,0,0,0,0,1,0,0,0,0,0,1,1,0,0,0,0,0,0,0,0,0,0,0,1,0,1
891faea894fffff,50.0478,8.69753,frankfurt,False,1112,9.56676,584,False,0.460123,False,617,0.914614,0,0,0,0,0,1,0,0,0,0,2,0,0,0,2,0,0,5,1,0,0,1,0,0,0,0,3,0,0
891faea8953ffff,50.0523,8.6921,frankfurt,False,638,8.87243,280,False,0.397218,False,370,0.881868,1,0,0,1,0,0,0,1,0,0,0,0,1,3,3,0,0,2,0,0,2,1,0,0,0,0,1,0,3
891faea8957ffff,50.0528,8.69685,frankfurt,False,1094,8.87847,321,False,0.407096,False,558,0.855634,0,0,0,0,0,0,0,1,0,0,3,0,3,6,0,1,0,0,0,0,0,1,0,0,0,0,1,0,3
891faea895bffff,50.0496,8.69006,frankfurt,False,692,10.2841,304,False,0.439706,False,386,0.889182,0,0,0,0,0,0,0,0,0,0,0,0,0,0,0,0,0,0,0,0,0,0,0,0,0,0,2,0,0
891faea8963ffff,50.0488,8.70703,frankfurt,False,688,11.0628,138,False,0.358974,False,323,0.84,0,0,0,0,0,0,0,0,0,0,1,0,0,0,0,0,0,0,0,0,0,0,0,0,0,0,2,0,0
891faea8967ffff,50.0493,8.71178,frankfurt,False,89,10.83,25,False,0.682927,False,34,0.794118,0,0,0,0,0,0,0,1,0,0,0,0,0,0,0,0,0,0,0,0,0,0,0,0,0,0,2,0,0
891faea8973ffff,50.0511,8.70431,frankfurt,False,1503,9.38265,351,False,0.322985,False,813,0.887097,0,0,0,0,0,0,0,0,0,0,0,0,0,0,0,0,0,0,0,0,0,0,0,0,0,0,0,0,0
891faea8977ffff,50.0515,8.70906,frankfurt,False,179,10.0762,24,False,0.443902,False,63,0.558824,0,0,0,0,0,0,0,0,0,0,0,0,0,0,0,0,0,0,0,0,0,0,0,0,0,0,2,0,0
891faea897bffff,50.0483,8.70228,frankfurt,False,296,7.14061,66,False,0.332168,False,127,0.679688,0,0,0,0,0,1,0,0,0,0,0,0,0,1,0,0,0,0,1,0,0,0,0,0,0,0,2,0,0
891faea8983ffff,50.0633,8.70023,frankfurt,True,0,,0,False,0.459599,False,0,0.873724,0,0,0,0,0,0,0,0,0,0,0,0,0,0,0,0,0,0,0,0,0,0,0,0,0,0,0,0,0
891faea8987ffff,50.0638,8.70498,frankfurt,True,0,,0,False,0.459599,False,0,0.873724,0,0,0,0,0,0,0,0,0,0,0,0,0,0,0,0,0,0,0,0,0,0,0,0,0,0,0,0,0
891faea898bffff,50.0606,8.6982,frankfurt,True,0,,0,False,0.459599,False,0,0.873724,0,0,0,0,0,0,0,0,0,0,0,0,0,0,0,0,0,0,0,0,0,0,0,0,0,0,0,0,0
891faea898fffff,50.0611,8.70295,frankfurt,True,3,10.0331,0,True,0.459599,True,3,1,0,0,0,0,0,0,0,0,0,0,0,0,0,0,0,0,0,0,0,0,0,0,0,0,0,0,0,0,0
891faea8993ffff,50.0656,8.69751,frankfurt,True,0,,0,False,0.459599,False,0,0.873724,0,0,0,0,0,0,0,0,0,0,0,0,0,0,0,0,0,0,0,0,0,0,0,0,0,0,0,0,0
891faea8997ffff,50.0661,8.70227,frankfurt,True,0,,0,False,0.459599,False,0,0.873724,0,0,0,0,0,0,0,0,0,0,0,0,0,0,0,0,0,0,0,0,0,0,0,0,0,0,0,0,0
891faea899bffff,50.0629,8.69548,frankfurt,True,0,,0,False,0.459599,False,0,0.873724,0,0,0,0,0,0,0,0,0,0,0,0,0,0,0,0,0,0,0,0,0,0,0,0,0,0,0,0,0
891faea89a3ffff,50.0621,8.71245,frankfurt,True,0,,0,False,0.459599,False,0,0.873724,0,0,0,0,0,0,0,0,0,0,0,0,0,0,0,0,0,0,0,0,0,0,0,0,0,0,0,0,0
891faea89a7ffff,50.0625,8.7172,frankfurt,True,0,,0,False,0.459599,False,0,0.873724,0,0,0,0,0,0,0,0,0,0,0,0,0,0,0,0,0,0,0,0,0,0,0,0,0,0,0,0,0
891faea89abffff,50.0593,8.71042,frankfurt,False,14,11.4,10,False,0.333333,False,8,1,0,0,0,0,0,0,0,0,0,0,0,0,0,0,0,0,0,0,0,0,0,0,0,0,0,0,0,0,1
891faea89afffff,50.0598,8.71517,frankfurt,False,12,9.1634,0,True,0,False,0,0.873724,0,0,0,0,0,0,0,0,0,0,0,0,0,0,0,0,0,0,0,0,0,0,0,0,0,0,0,0,0
891faea89b3ffff,50.0643,8.70973,frankfurt,True,0,,0,False,0.459599,False,0,0.873724,0,0,0,0,0,0,0,0,0,0,0,0,0,0,0,0,0,0,0,0,0,0,0,0,0,0,0,0,0
891faea89b7ffff,50.0648,8.71449,frankfurt,True,0,,0,False,0.459599,False,0,0.873724,0,0,0,0,0,0,0,0,0,0,0,0,0,0,0,0,0,0,0,0,0,0,0,0,0,0,0,0,0
891faea89bbffff,50.0616,8.7077,frankfurt,True,13,9.97594,0,True,0.3,False,6,1,0,0,0,0,0,0,0,0,0,0,0,0,0,0,0,0,0,0,0,0,0,0,0,0,0,0,0,0,0
891faea89c3ffff,50.0574,8.69141,frankfurt,False,647,10.4299,235,False,0.385911,False,356,0.886297,0,0,0,0,0,0,0,0,0,0,0,0,0,0,1,0,0,0,0,0,0,0,0,0,0,0,0,0,0
891faea89c7ffff,50.0578,8.69616,frankfurt,False,528,10.7285,237,False,0.462572,False,289,0.866013,0,0,0,0,0,0,0,0,0,0,0,0,1,6,1,0,0,1,0,0,1,1,0,0,0,0,0,0,1
891faea89cbffff,50.0546,8.68938,frankfurt,False,965,9.77228,386,False,0.432034,False,535,0.901734,0,0,0,0,0,0,0,0,0,0,0,0,0,0,0,0,0,0,0,0,0,1,0,0,0,0,2,0,3
891faea89cfffff,50.0551,8.69413,frankfurt,False,1108,9.04389,442,False,0.40991,False,548,0.892727,0,0,0,0,0,0,0,1,1,1,2,0,2,4,1,0,1,0,0,0,0,1,0,0,0,0,1,0,5
891faea89d3ffff,50.0596,8.6887,frankfurt,True,3,9.62228,0,True,0,False,3,0.873724,0,0,0,0,0,0,0,0,0,0,0,0,0,0,0,0,0,0,0,0,0,0,0,0,0,0,0,0,0
891faea89d7ffff,50.0601,8.69345,frankfurt,True,91,9.45,20,False,0.395833,False,36,0.828571,0,0,0,0,0,0,0,0,0,0,0,0,0,0,0,0,0,0,0,0,0,0,0,0,2,0,4,0,0
891faea89dbffff,50.0569,8.68666,frankfurt,False,566,8.80586,152,False,0.336842,False,280,0.886525,0,0,0,0,0,0,0,0,0,0,0,0,0,0,0,0,0,0,0,0,0,1,0,0,0,0,1,0,0
891faea8a93ffff,50.0429,8.65004,frankfurt,False,0,,0,False,0.459599,False,0,0.873724,0,0,0,0,0,0,0,0,0,0,0,0,0,0,0,0,0,0,0,0,0,0,0,0,0,0,0,0,0
891faea8a97ffff,50.0434,8.65479,frankfurt,False,0,,0,False,0.459599,False,0,0.873724,0,0,0,0,0,0,0,0,0,0,0,0,0,0,0,0,0,0,0,0,0,0,0,0,0,0,0,0,0
891faea8b93ffff,50.0464,8.68328,frankfurt,False,69,8.56654,26,False,0.535714,False,34,1,0,0,0,0,0,0,0,0,0,0,0,0,0,1,0,0,0,0,0,0,0,0,0,0,0,0,2,0,0
891faea8b97ffff,50.0468,8.68803,frankfurt,False,456,8.08859,206,False,0.41791,False,244,0.87251,0,0,0,0,0,0,0,0,0,0,0,0,0,0,0,0,0,0,0,0,0,0,0,0,0,0,0,0,0
891faea8c03ffff,50.0685,8.65136,frankfurt,True,0,,0,False,0.459599,False,0,0.873724,0,0,0,0,0,0,0,0,0,0,0,0,0,0,0,0,0,0,0,0,0,0,0,0,0,0,2,0,0
891faea8c07ffff,50.069,8.65611,frankfurt,True,0,,0,False,0.459599,False,0,0.873724,0,0,0,0,0,0,0,0,0,0,0,0,0,0,0,0,0,0,0,0,0,0,0,0,0,0,0,0,0
891faea8c0bffff,50.0657,8.64932,frankfurt,True,3,,0,False,0.459599,True,3,1,0,0,0,0,0,0,0,0,0,0,0,0,0,0,0,0,0,0,0,0,0,0,0,0,0,0,0,0,0
891faea8c0fffff,50.0662,8.65407,frankfurt,True,0,,0,False,0.459599,False,0,0.873724,0,0,0,0,0,0,0,0,0,0,0,0,0,0,0,0,0,0,0,0,0,0,0,0,0,0,0,0,0
891faea8c13ffff,50.0707,8.64864,frankfurt,True,0,,0,False,0.459599,False,0,0.873724,0,0,0,0,0,0,0,0,0,0,0,0,0,0,0,0,0,0,0,0,0,0,0,0,0,0,0,0,0
891faea8c17ffff,50.0712,8.65339,frankfurt,True,0,,0,False,0.459599,False,0,0.873724,0,0,0,0,0,0,0,0,0,0,0,0,0,0,0,0,0,0,0,0,0,0,0,0,0,0,1,0,0
891faea8c1bffff,50.068,8.64661,frankfurt,True,0,,0,False,0.459599,False,0,0.873724,0,0,0,0,0,0,0,0,0,0,0,0,0,0,0,0,0,0,0,0,0,1,0,0,0,0,0,0,0
891faea8c23ffff,50.0672,8.66357,frankfurt,True,0,,0,False,0.459599,False,0,0.873724,0,0,0,0,0,0,0,0,0,0,0,0,0,0,0,0,0,0,0,0,0,0,0,0,0,0,0,0,0
891faea8c27ffff,50.0677,8.66832,frankfurt,True,0,,0,False,0.459599,False,0,0.873724,0,0,0,0,0,0,0,0,0,0,0,0,0,0,0,0,0,0,0,0,0,0,0,0,0,0,0,0,0
891faea8c2bffff,50.0645,8.66154,frankfurt,True,0,,0,False,0.459599,False,0,0.873724,0,0,0,0,0,0,0,0,0,0,0,0,0,0,0,0,0,0,0,0,0,0,0,0,0,0,0,0,0
891faea8c2fffff,50.0649,8.66629,frankfurt,True,0,,0,False,0.459599,False,0,0.873724,0,0,0,0,0,0,0,0,0,0,0,0,0,0,0,0,0,0,0,0,0,0,0,0,0,0,0,0,0
891faea8c33ffff,50.0695,8.66086,frankfurt,True,0,,0,False,0.459599,False,0,0.873724,0,0,0,0,0,0,0,0,0,0,0,0,0,0,0,0,0,0,0,0,0,0,0,0,0,0,0,0,0
891faea8c37ffff,50.07,8.66561,frankfurt,True,0,,0,False,0.459599,False,0,0.873724,0,0,0,0,0,0,0,0,0,0,0,0,0,0,0,0,0,0,0,0,0,0,0,0,0,0,0,0,0
891faea8c3bffff,50.0667,8.65882,frankfurt,True,0,,0,False,0.459599,False,0,0.873724,0,0,0,0,0,0,0,0,0,0,0,0,0,0,0,0,0,0,0,0,0,0,0,0,0,0,0,0,0
891faea8c43ffff,50.0625,8.64254,frankfurt,True,0,,0,False,0.459599,False,0,0.873724,0,0,0,0,0,0,0,0,0,0,0,0,0,0,0,0,0,0,0,0,0,0,0,0,0,0,0,0,0
891faea8c47ffff,50.063,8.64729,frankfurt,True,0,,0,False,0.459599,False,0,0.873724,0,0,0,0,0,0,0,0,0,0,0,0,0,0,0,0,0,0,0,0,0,0,0,0,0,0,0,0,0
891faea8c4bffff,50.0597,8.64051,frankfurt,True,0,,0,False,0.459599,False,0,0.873724,0,0,0,0,0,0,0,0,0,0,0,0,0,0,0,0,0,0,0,0,0,0,0,0,0,0,0,0,0
891faea8c4fffff,50.0602,8.64526,frankfurt,True,0,,0,False,0.459599,False,0,0.873724,0,0,0,0,0,0,0,0,0,0,0,0,0,0,0,0,0,0,0,0,0,0,0,0,0,0,0,0,0
891faea8c53ffff,50.0648,8.63982,frankfurt,True,0,,0,False,0.459599,False,0,0.873724,0,0,0,0,0,0,0,0,0,0,0,0,0,0,0,0,0,0,0,0,0,0,0,0,0,0,0,0,0
891faea8c57ffff,50.0652,8.64457,frankfurt,True,0,,0,False,0.459599,False,0,0.873724,0,0,0,0,0,0,0,0,0,0,0,0,0,0,0,0,0,0,0,0,0,0,0,0,0,0,0,0,0
891faea8c5bffff,50.062,8.63779,frankfurt,True,0,,0,False,0.459599,False,0,0.873724,0,0,0,0,0,0,0,0,0,0,0,0,0,0,0,0,0,0,0,0,0,0,0,0,0,0,0,0,0
891faea8c63ffff,50.0612,8.65476,frankfurt,True,0,,0,False,0.459599,False,0,0.873724,0,0,0,0,0,0,0,0,0,0,0,0,0,0,0,0,0,0,0,0,0,0,0,0,0,0,0,0,0
891faea8c67ffff,50.0617,8.65951,frankfurt,True,0,,0,False,0.459599,False,0,0.873724,0,0,0,0,0,0,0,0,0,0,0,0,0,0,0,0,0,0,0,0,0,0,0,0,0,0,0,0,0
891faea8c6bffff,50.0585,8.65273,frankfurt,True,0,,0,False,0.459599,False,0,0.873724,0,0,0,0,0,0,0,0,0,0,0,0,0,0,0,0,0,0,0,0,0,0,0,0,0,0,0,0,0
891faea8c6fffff,50.0589,8.65748,frankfurt,True,0,,0,False,0.459599,False,0,0.873724,0,0,0,0,0,0,0,0,0,0,0,0,0,0,0,0,0,0,0,0,0,0,0,0,0,0,0,0,0
891faea8c73ffff,50.0635,8.65204,frankfurt,True,0,,0,False,0.459599,False,0,0.873724,0,0,0,0,0,0,0,0,0,0,0,0,0,0,0,0,0,0,0,0,0,0,0,0,0,0,0,0,0
891faea8c77ffff,50.064,8.65679,frankfurt,True,0,,0,False,0.459599,False,0,0.873724,0,0,0,0,0,0,0,0,0,0,0,0,0,0,0,0,0,0,0,0,0,0,0,0,0,0,0,0,0
891faea8c7bffff,50.0607,8.65001,frankfurt,True,0,,0,False,0.459599,False,0,0.873724,0,0,0,0,0,0,0,0,0,0,0,0,0,0,0,0,0,0,0,0,0,0,0,0,0,0,0,0,0
891faea8c83ffff,50.0758,8.64795,frankfurt,True,53,17.53,22,False,0.454545,False,26,1,0,0,0,0,0,0,0,0,0,0,0,0,0,0,0,0,0,0,0,0,0,0,0,0,0,0,1,0,0
891faea8c87ffff,50.0762,8.6527,frankfurt,True,90,11.7007,28,False,0.459184,False,44,0.863636,0,0,0,0,0,0,0,0,0,0,0,0,0,0,0,0,0,0,0,0,0,0,0,0,2,0,1,0,1
891faea8c8bffff,50.073,8.64592,frankfurt,True,31,12.7,22,False,0.517241,False,22,1,0,0,0,0,0,0,0,0,0,0,0,0,0,0,0,0,0,0,0,0,0,0,0,0,0,0,0,0,0
891faea8c8fffff,50.0735,8.65067,frankfurt,True,3,10.5165,0,True,0,False,3,0.873724,0,0,0,0,0,0,0,0,0,0,0,0,0,0,0,0,0,0,0,0,0,0,0,0,0,0,0,0,0
891faea8c93ffff,50.078,8.64523,frankfurt,True,607,9.95168,184,False,0.410131,False,249,0.72314,0,0,0,0,0,0,0,0,0,0,1,0,0,0,0,0,0,0,0,0,0,0,0,0,0,0,1,0,0
891faea8c97ffff,50.0785,8.64998,frankfurt,True,604,10.5417,198,False,0.437604,False,290,0.813115,0,0,0,0,0,0,0,0,0,0,0,0,0,0,0,0,0,0,0,0,0,0,0,0,0,0,1,0,0
891faea8c9bffff,50.0753,8.6432,frankfurt,True,5,10.1939,0,True,0.459599,True,0,0.873724,0,0,0,0,0,0,0,0,0,0,0,0,0,0,0,0,0,0,0,0,0,0,0,0,0,0,0,0,0
891faea8ca3ffff,50.0745,8.66017,frankfurt,True,4,12.55,4,False,1,False,4,1,0,0,0,0,0,0,0,0,0,0,0,0,0,0,0,0,0,0,0,0,0,0,0,0,0,0,0,0,0
891faea8ca7ffff,50.075,8.66492,frankfurt,True,0,,0,False,0.459599,False,0,0.873724,0,0,0,0,0,0,0,0,0,0,0,0,0,0,0,0,0,0,0,0,0,0,0,0,0,0,0,0,0
891faea8cabffff,50.0717,8.65814,frankfurt,True,0,,0,False,0.459599,False,0,0.873724,0,0,0,0,0,0,0,0,0,0,0,0,0,0,0,0,0,0,0,0,0,0,0,0,0,0,0,0,0
891faea8cafffff,50.0722,8.66289,frankfurt,True,0,,0,False,0.459599,False,0,0.873724,0,0,0,0,0,0,0,0,0,0,0,0,0,0,0,0,0,0,0,0,0,0,0,0,0,0,0,0,0
891faea8cb3ffff,50.0767,8.65745,frankfurt,True,3,11.7272,0,True,0,False,0,0.873724,0,0,0,0,0,0,0,0,0,0,0,0,0,0,0,0,0,0,0,0,0,0,0,0,0,0,0,0,0
891faea8cb7ffff,50.0772,8.6622,frankfurt,True,0,,0,False,0.459599,False,0,0.873724,0,0,0,0,0,0,0,0,0,0,0,0,0,0,0,0,0,0,0,0,0,0,0,0,0,0,0,0,0
891faea8cbbffff,50.074,8.65542,frankfurt,True,4,11.4573,0,True,0.459599,True,0,0.873724,0,0,0,0,0,0,0,0,0,0,0,0,0,0,0,0,0,0,0,0,0,0,0,0,0,0,1,0,0
891faea8cc3ffff,50.0698,8.63914,frankfurt,True,17,8.35,13,False,0.45,False,12,1,0,0,0,0,0,0,0,0,0,0,0,0,0,0,0,0,0,0,0,0,0,0,0,0,0,0,0,0,0
891faea8cc7ffff,50.0703,8.64389,frankfurt,True,0,,0,False,0.459599,False,0,0.873724,0,0,0,0,0,0,0,0,0,0,0,0,0,0,0,0,0,0,0,0,0,0,0,0,0,0,0,0,0
891faea8ccbffff,50.067,8.63711,frankfurt,True,0,,0,False,0.459599,False,0,0.873724,0,0,0,0,0,0,0,0,0,0,0,0,0,0,0,0,0,0,0,0,0,0,0,0,0,0,0,0,0
891faea8ccfffff,50.0675,8.64186,frankfurt,True,8,8.51831,0,True,0.25,False,3,0.873724,0,0,0,0,0,0,0,0,0,0,0,0,0,1,0,0,0,0,0,0,0,0,0,0,0,0,0,0,3
891faea8cd3ffff,50.072,8.63642,frankfurt,True,7,6.7,3,False,0.333333,False,0,0.873724,0,0,0,0,0,0,0,0,0,0,0,0,0,0,0,0,0,0,0,0,0,0,0,0,0,0,0,0,0
891faea8cd7ffff,50.0725,8.64117,frankfurt,True,247,5.61,35,False,0.411765,False,34,1,0,0,0,0,0,0,0,0,0,0,0,0,0,0,0,0,0,0,0,0,0,0,0,0,0,0,0,0,0
891faea8cdbffff,50.0693,8.63439,frankfurt,True,0,,0,False,0.459599,False,0,0.873724,0,0,0,0,0,0,0,0,0,0,0,0,0,0,1,0,0,0,0,0,0,0,0,0,0,1,0,0,0
891faea8d03ffff,50.0719,8.68461,frankfurt,True,0,,0,False,0.459599,False,0,0.873724,0,0,0,0,0,0,0,0,0,0,0,0,0,1,0,0,0,0,0,0,0,0,0,0,0,0,0,0,0
891faea8d07ffff,50.0724,8.68936,frankfurt,True,0,,0,False,0.459599,False,0,0.873724,0,0,0,0,0,0,0,0,0,0,0,0,0,0,0,0,0,0,0,0,0,0,0,0,0,0,0,0,0
891faea8d0bffff,50.0692,8.68258,frankfurt,True,0,,0,False,0.459599,False,0,0.873724,0,0,0,0,0,0,0,0,0,0,0,0,0,0,0,0,0,0,0,0,0,0,0,0,0,0,0,0,0
891faea8d0fffff,50.0696,8.68733,frankfurt,True,0,,0,False,0.459599,False,0,0.873724,0,0,0,0,0,0,0,0,0,0,0,0,0,0,0,0,0,0,0,0,0,0,0,0,0,0,0,0,0
891faea8d13ffff,50.0742,8.68189,frankfurt,True,0,,0,False,0.459599,False,0,0.873724,0,0,0,0,0,0,0,0,0,0,0,0,0,0,0,0,0,0,0,0,0,0,0,0,0,0,0,0,0
891faea8d17ffff,50.0747,8.68664,frankfurt,True,0,,0,False,0.459599,False,0,0.873724,0,0,0,0,0,0,0,0,0,0,0,0,0,0,0,0,0,0,0,0,0,0,0,0,0,0,0,0,0
891faea8d1bffff,50.0714,8.67986,frankfurt,True,0,,0,False,0.459599,False,0,0.873724,0,0,0,0,0,0,0,0,0,0,0,0,0,0,0,0,0,0,0,0,0,0,0,0,2,0,0,0,0
891faea8d23ffff,50.0706,8.69683,frankfurt,True,0,,0,False,0.459599,False,0,0.873724,0,0,0,0,0,0,0,0,0,0,0,0,0,0,0,0,0,0,0,0,0,0,0,0,0,0,0,0,0
891faea8d27ffff,50.0711,8.70158,frankfurt,True,0,,0,False,0.459599,False,0,0.873724,0,0,0,0,0,0,0,0,0,0,0,0,0,0,0,0,0,0,0,0,0,0,0,0,0,0,0,0,0
891faea8d2bffff,50.0679,8.6948,frankfurt,True,0,,0,False,0.459599,False,0,0.873724,0,0,0,0,0,0,0,0,0,0,0,0,0,0,0,0,0,0,0,0,0,0,0,0,0,0,0,0,0
891faea8d2fffff,50.0684,8.69955,frankfurt,True,0,,0,False,0.459599,False,0,0.873724,0,0,0,0,0,0,0,0,0,0,0,0,0,0,0,0,0,0,0,0,0,0,0,0,0,0,0,0,0
891faea8d33ffff,50.0729,8.69411,frankfurt,True,0,,0,False,0.459599,False,0,0.873724,0,0,0,0,0,0,0,0,0,0,0,0,0,0,0,0,0,0,0,0,0,0,0,0,0,0,0,0,0
891faea8d37ffff,50.0734,8.69886,frankfurt,True,0,,0,False,0.459599,False,0,0.873724,0,0,0,0,0,0,0,0,0,0,0,0,0,0,0,0,0,0,0,0,0,0,0,0,0,0,0,0,0
891faea8d3bffff,50.0701,8.69208,frankfurt,True,0,,0,False,0.459599,False,0,0.873724,0,0,0,0,0,0,0,0,0,0,0,0,0,0,0,0,0,0,0,0,0,0,0,0,0,0,0,0,0
891faea8d43ffff,50.0659,8.67579,frankfurt,True,0,,0,False,0.459599,False,0,0.873724,0,0,0,0,0,0,0,0,0,0,0,0,0,0,0,0,0,0,0,0,0,0,0,0,0,0,0,0,0
891faea8d47ffff,50.0664,8.68054,frankfurt,True,0,,0,False,0.459599,False,0,0.873724,0,0,0,0,0,0,0,0,0,0,0,0,0,0,0,0,0,0,0,0,0,0,0,0,0,0,0,0,0
891faea8d4bffff,50.0632,8.67376,frankfurt,True,0,,0,False,0.459599,False,0,0.873724,0,0,0,0,0,0,0,0,0,0,0,0,0,0,0,0,0,0,0,0,0,0,0,0,0,0,0,0,0
891faea8d4fffff,50.0637,8.67851,frankfurt,True,0,,0,False,0.459599,False,0,0.873724,0,0,0,0,0,0,0,0,0,0,0,0,0,0,0,0,0,0,0,0,0,0,0,0,0,0,0,0,0
891faea8d53ffff,50.0682,8.67307,frankfurt,True,0,,0,False,0.459599,False,0,0.873724,0,0,0,0,0,0,0,0,0,0,0,0,0,0,0,0,0,0,0,0,0,0,0,0,0,0,0,0,0
891faea8d57ffff,50.0687,8.67783,frankfurt,True,0,,0,False,0.459599,False,0,0.873724,0,0,0,0,0,0,0,0,0,0,0,0,0,0,0,0,0,0,0,0,0,0,0,0,0,0,0,0,0
891faea8d5bffff,50.0654,8.67104,frankfurt,True,0,,0,False,0.459599,False,0,0.873724,0,0,0,0,0,0,0,0,0,0,0,0,0,0,0,0,0,0,0,0,0,1,0,0,0,0,0,0,0
891faea8d63ffff,50.0646,8.68801,frankfurt,True,0,,0,False,0.459599,False,0,0.873724,0,0,0,0,0,0,0,0,0,0,0,0,0,0,0,0,0,0,0,0,0,0,0,0,0,0,0,0,0
891faea8d67ffff,50.0651,8.69276,frankfurt,True,0,,0,False,0.459599,False,0,0.873724,0,0,0,0,0,0,0,0,0,0,0,0,0,0,0,0,0,0,0,0,0,0,0,0,0,0,0,0,0
891faea8d6bffff,50.0619,8.68598,frankfurt,True,0,,0,False,0.459599,False,0,0.873724,0,0,0,0,0,0,0,0,0,0,0,0,0,0,0,0,0,0,0,0,0,0,0,0,0,0,0,0,0
891faea8d6fffff,50.0624,8.69073,frankfurt,True,0,,0,False,0.459599,False,0,0.873724,0,0,0,0,0,0,0,0,0,0,0,0,0,0,0,0,0,0,0,0,0,0,0,0,0,0,0,0,0
891faea8d73ffff,50.0669,8.68529,frankfurt,True,0,,0,False,0.459599,False,0,0.873724,0,0,0,0,0,0,0,0,0,0,0,0,0,0,0,0,0,0,0,0,0,0,0,0,0,0,0,0,0
891faea8d77ffff,50.0674,8.69005,frankfurt,True,0,,0,False,0.459599,False,0,0.873724,0,0,0,0,0,0,0,0,0,0,0,0,0,0,0,0,0,0,0,0,0,0,0,0,0,0,0,0,0
891faea8d7bffff,50.0641,8.68326,frankfurt,True,0,,0,False,0.459599,False,0,0.873724,0,0,0,0,0,0,0,0,0,0,0,0,0,0,0,0,0,0,0,0,0,0,0,0,0,0,0,0,0
891faea8d83ffff,50.0792,8.68121,frankfurt,True,182,13.3726,23,False,0.40625,False,70,0.809524,0,0,0,0,0,0,0,0,0,0,0,0,0,0,0,0,0,0,0,0,0,0,0,0,0,0,0,0,0
891faea8d87ffff,50.0797,8.68596,frankfurt,True,39,14.21,3,False,0.431818,False,15,0.8,0,0,0,0,0,0,0,0,0,0,0,0,0,0,0,0,0,0,0,0,0,0,0,0,0,0,0,0,0
891faea8d8bffff,50.0764,8.67917,frankfurt,True,0,,0,False,0.459599,False,0,0.873724,0,0,0,0,0,0,0,0,0,0,0,0,0,0,0,0,0,0,0,0,0,0,0,0,0,0,0,0,0
891faea8d8fffff,50.0769,8.68393,frankfurt,True,0,,0,False,0.459599,False,0,0.873724,0,0,0,0,0,0,0,0,0,0,0,0,0,0,0,0,0,0,0,0,0,0,0,0,0,0,0,0,0
891faea8d93ffff,50.0814,8.67849,frankfurt,True,230,11.3,14,False,0.35443,False,101,0.761364,0,0,0,0,0,0,0,0,0,0,0,0,0,0,0,0,0,0,0,0,0,0,0,0,0,0,0,0,0
891faea8d97ffff,50.0819,8.68324,frankfurt,True,44,12.2444,9,False,0.135135,False,28,0.869565,0,0,0,0,0,0,0,0,0,0,0,0,0,0,0,0,0,0,0,0,0,0,0,0,0,0,0,0,0
891faea8d9bffff,50.0787,8.67646,frankfurt,True,75,8.47,6,False,0.215385,False,37,0.888889,0,0,0,0,0,0,0,0,0,0,0,0,0,0,0,0,0,0,0,0,0,0,0,0,0,0,0,0,0
891faea8da3ffff,50.0779,8.69343,frankfurt,True,0,,0,False,0.459599,False,0,0.873724,0,0,0,0,0,0,0,0,0,0,0,0,0,0,0,0,0,0,0,0,0,0,0,0,0,0,0,0,0
891faea8da7ffff,50.0784,8.69818,frankfurt,True,0,,0,False,0.459599,False,0,0.873724,0,0,0,0,0,0,0,0,0,0,0,0,0,0,0,0,0,0,0,0,0,0,0,0,0,0,0,0,0
891faea8dabffff,50.0751,8.69139,frankfurt,True,0,,0,False,0.459599,False,0,0.873724,0,0,0,0,0,0,0,0,0,0,0,0,0,0,0,0,0,0,0,0,0,0,0,0,0,0,0,0,0
891faea8dafffff,50.0756,8.69615,frankfurt,True,0,,0,False,0.459599,False,0,0.873724,0,0,0,0,0,0,0,0,0,0,0,0,0,0,0,0,0,0,0,0,0,0,0,0,0,0,0,0,0
891faea8db3ffff,50.0802,8.69071,frankfurt,True,0,,0,False,0.459599,False,0,0.873724,0,0,0,0,0,0,0,0,0,0,0,0,0,0,0,0,0,0,0,0,0,0,0,0,0,0,0,0,0
891faea8db7ffff,50.0807,8.69546,frankfurt,True,0,,0,False,0.459599,False,0,0.873724,0,0,0,0,0,0,0,0,0,0,0,0,0,0,0,0,0,0,0,0,0,0,0,0,0,0,0,0,0
891faea8dbbffff,50.0774,8.68868,frankfurt,True,0,,0,False,0.459599,False,0,0.873724,0,0,0,0,0,0,0,0,0,0,0,0,0,0,0,0,0,0,0,0,0,0,0,0,0,0,0,0,0
891faea8dc3ffff,50.0732,8.67239,frankfurt,True,0,,0,False,0.459599,False,0,0.873724,0,0,0,0,0,0,0,0,0,0,0,0,0,0,0,0,0,0,0,0,0,0,0,0,0,0,0,0,0
891faea8dc7ffff,50.0737,8.67714,frankfurt,True,0,,0,False,0.459599,False,0,0.873724,0,0,0,0,0,0,0,0,0,0,0,0,0,0,0,0,0,0,0,0,0,0,0,0,0,0,0,0,0
891faea8dcbffff,50.0704,8.67036,frankfurt,True,0,,0,False,0.459599,False,0,0.873724,0,0,0,0,0,0,0,0,0,0,0,0,0,0,0,0,0,0,0,0,0,0,0,0,0,0,0,0,0
891faea8dcfffff,50.0709,8.67511,frankfurt,True,0,,0,False,0.459599,False,0,0.873724,0,0,0,0,0,0,0,0,0,0,0,0,0,0,0,0,0,0,0,0,0,0,0,0,0,0,0,0,0
891faea8dd3ffff,50.0755,8.66967,frankfurt,True,0,,0,False,0.459599,False,0,0.873724,0,0,0,0,0,0,0,0,0,0,0,0,0,0,0,0,0,0,0,0,0,0,0,0,0,0,0,0,0
891faea8dd7ffff,50.0759,8.67442,frankfurt,True,0,,0,False,0.459599,False,0,0.873724,0,0,0,0,0,0,0,0,0,0,0,0,0,0,0,0,0,0,0,0,0,0,0,0,0,0,0,0,0
891faea8ddbffff,50.0727,8.66764,frankfurt,True,0,,0,False,0.459599,False,0,0.873724,0,0,0,0,0,0,0,0,0,0,0,0,0,0,0,0,0,0,0,0,0,0,0,0,0,0,0,0,0
891faea8e03ffff,50.0492,8.63714,frankfurt,False,0,,0,False,0.459599,False,0,0.873724,0,0,0,0,0,0,0,0,0,0,0,0,0,0,0,0,0,0,0,0,0,0,0,0,0,0,0,0,0
891faea8e07ffff,50.0497,8.64189,frankfurt,False,0,,0,False,0.459599,False,0,0.873724,0,0,0,0,0,0,0,0,0,0,0,0,0,0,0,0,0,0,0,0,0,0,0,0,0,0,0,0,0
891faea8e0bffff,50.0465,8.63511,frankfurt,False,0,,0,False,0.459599,False,0,0.873724,0,0,0,0,0,0,0,0,0,0,0,0,0,0,0,0,0,0,0,0,0,0,0,0,0,0,0,0,0
891faea8e0fffff,50.047,8.63986,frankfurt,False,0,,0,False,0.459599,False,0,0.873724,0,0,0,0,0,0,0,0,0,0,0,0,0,0,0,0,0,0,0,0,0,0,0,0,0,0,0,0,0
891faea8e13ffff,50.0515,8.63442,frankfurt,False,0,,0,False,0.459599,False,0,0.873724,0,0,0,0,0,0,0,0,0,0,0,0,0,0,0,0,0,0,0,0,0,0,0,0,0,0,0,0,0
891faea8e17ffff,50.052,8.63917,frankfurt,False,0,,0,False,0.459599,False,0,0.873724,0,0,0,0,0,0,0,0,0,0,0,0,0,0,0,0,0,0,0,0,0,0,0,0,0,0,0,0,0
891faea8e1bffff,50.0487,8.63239,frankfurt,False,0,,0,False,0.459599,False,0,0.873724,0,0,0,0,0,0,0,0,0,0,0,0,0,0,0,0,0,0,0,0,0,0,0,0,0,0,0,0,0
891faea8e23ffff,50.0479,8.64935,frankfurt,False,0,,0,False,0.459599,False,0,0.873724,0,0,0,0,0,0,0,0,0,0,0,0,0,0,0,0,0,0,0,0,0,0,0,0,0,0,0,0,0
891faea8e27ffff,50.0484,8.6541,frankfurt,False,0,,0,False,0.459599,False,0,0.873724,0,0,0,0,0,0,0,0,0,0,0,0,0,0,0,0,0,0,0,0,0,0,0,0,0,0,0,0,0
891faea8e2bffff,50.0452,8.64732,frankfurt,False,0,,0,False,0.459599,False,0,0.873724,0,0,0,0,0,0,0,0,0,0,0,0,0,0,0,0,0,0,0,0,0,0,0,0,0,0,0,0,0
891faea8e2fffff,50.0457,8.65207,frankfurt,False,0,,0,False,0.459599,False,0,0.873724,0,0,0,0,0,0,0,0,0,0,0,0,0,0,0,0,0,0,0,0,0,0,0,0,0,0,0,0,0
891faea8e33ffff,50.0502,8.64663,frankfurt,False,0,,0,False,0.459599,False,0,0.873724,0,0,0,0,0,0,0,0,0,0,0,0,0,0,0,0,0,0,0,0,0,0,0,0,0,0,2,0,0
891faea8e37ffff,50.0507,8.65138,frankfurt,False,0,,0,False,0.459599,False,0,0.873724,0,0,0,0,0,0,0,0,0,0,0,0,0,0,0,0,0,0,0,0,0,0,0,0,0,0,1,0,0
891faea8e3bffff,50.0475,8.6446,frankfurt,False,0,,0,False,0.459599,False,0,0.873724,0,0,0,0,0,0,0,0,0,0,0,0,0,0,0,0,0,0,0,0,0,0,0,0,0,0,0,0,0
891faea8e43ffff,50.0432,8.62833,frankfurt,False,0,,0,False,0.459599,False,0,0.873724,0,0,0,0,0,0,0,0,0,0,0,0,0,0,0,0,0,0,0,0,0,0,0,0,0,0,0,0,0
891faea8e47ffff,50.0437,8.63308,frankfurt,False,0,,0,False,0.459599,False,0,0.873724,0,0,0,0,0,0,0,0,0,0,0,0,0,0,0,0,0,0,0,0,0,0,0,0,0,0,0,0,0
891faea8e4bffff,50.0405,8.6263,frankfurt,False,0,,0,False,0.459599,False,0,0.873724,0,0,0,0,0,0,0,0,0,0,0,0,0,0,0,0,0,0,0,0,0,0,0,0,0,0,0,0,0
891faea8e4fffff,50.041,8.63105,frankfurt,False,0,,0,False,0.459599,False,0,0.873724,0,0,0,0,0,0,0,0,0,0,0,0,0,0,0,0,0,0,0,0,0,0,0,0,0,0,0,0,0
891faea8e53ffff,50.0455,8.62561,frankfurt,False,0,,0,False,0.459599,False,0,0.873724,0,0,0,0,0,0,0,0,0,0,0,0,0,0,0,0,0,0,0,0,0,0,0,0,0,0,0,0,0
891faea8e57ffff,50.046,8.63036,frankfurt,False,0,,0,False,0.459599,False,0,0.873724,0,0,0,0,0,0,0,0,0,0,0,0,0,0,0,0,0,0,0,0,0,0,0,0,0,0,0,0,0
891faea8e5bffff,50.0427,8.62358,frankfurt,False,0,,0,False,0.459599,False,0,0.873724,0,0,0,0,0,0,0,0,0,0,0,0,0,0,0,0,0,0,0,0,0,0,0,0,0,0,0,0,0
891faea8e63ffff,50.0419,8.64054,frankfurt,False,0,,0,False,0.459599,False,0,0.873724,0,0,0,0,0,0,0,0,0,0,0,0,0,0,0,0,0,0,0,0,0,0,0,0,0,0,0,0,0
891faea8e67ffff,50.0424,8.64529,frankfurt,False,0,,0,False,0.459599,False,0,0.873724,0,0,0,0,0,0,0,0,0,0,0,0,0,0,0,0,0,0,0,0,0,0,0,0,0,0,0,0,0
891faea8e73ffff,50.0442,8.63783,frankfurt,False,0,,0,False,0.459599,False,0,0.873724,0,0,0,0,0,0,0,0,0,0,0,0,0,0,0,0,0,0,0,0,0,0,0,0,0,0,0,0,0
891faea8e77ffff,50.0447,8.64257,frankfurt,False,0,,0,False,0.459599,False,0,0.873724,0,0,0,0,0,0,0,0,0,0,0,0,0,0,0,0,0,0,0,0,0,0,0,0,0,0,0,0,0
891faea8e7bffff,50.0415,8.63579,frankfurt,False,0,,0,False,0.459599,False,0,0.873724,0,0,0,0,0,0,0,0,0,0,0,0,0,0,0,0,0,0,0,0,0,0,0,0,0,0,0,0,0
891faea8e83ffff,50.0565,8.63373,frankfurt,True,0,,0,False,0.459599,False,0,0.873724,0,0,0,0,0,0,0,0,0,0,0,0,0,0,0,0,0,0,0,0,0,0,0,0,0,0,0,0,0
891faea8e87ffff,50.057,8.63848,frankfurt,True,0,,0,False,0.459599,False,0,0.873724,0,0,0,0,0,0,0,0,0,0,0,0,0,0,0,0,0,0,0,0,0,0,0,0,0,0,0,0,0
891faea8e8bffff,50.0537,8.6317,frankfurt,False,0,,0,False,0.459599,False,0,0.873724,0,0,0,0,0,0,0,0,0,0,0,0,0,0,0,0,0,0,0,0,0,0,0,0,0,0,0,0,0
891faea8e8fffff,50.0542,8.63645,frankfurt,True,0,,0,False,0.459599,False,0,0.873724,0,0,0,0,0,0,0,0,0,0,0,0,0,0,0,0,0,0,0,0,0,0,0,0,0,0,0,0,0
891faea8e93ffff,50.0588,8.63101,frankfurt,True,0,,0,False,0.459599,False,0,0.873724,0,0,0,0,0,0,0,0,0,0,0,0,0,0,0,0,0,0,0,0,0,0,0,0,0,0,0,0,0
891faea8e97ffff,50.0593,8.63576,frankfurt,True,0,,0,False,0.459599,False,0,0.873724,0,0,0,0,0,0,0,0,0,0,0,0,0,0,0,0,0,0,0,0,0,0,0,0,0,0,0,0,0
891faea8e9bffff,50.056,8.62898,frankfurt,True,0,,0,False,0.459599,False,0,0.873724,0,0,0,0,0,0,0,0,0,0,0,0,0,0,0,0,0,0,0,0,0,0,0,0,0,0,0,0,0
891faea8ea3ffff,50.0552,8.64595,frankfurt,True,0,,0,False,0.459599,False,0,0.873724,0,0,0,0,0,0,0,0,0,0,0,0,0,0,0,0,0,0,0,0,0,0,0,0,0,0,0,0,0
891faea8ea7ffff,50.0557,8.6507,frankfurt,True,0,,0,False,0.459599,False,0,0.873724,0,0,0,0,0,0,0,0,0,0,0,0,0,0,0,0,0,0,0,0,0,0,0,0,0,0,0,0,0
891faea8eabffff,50.0525,8.64392,frankfurt,False,0,,0,False,0.459599,False,0,0.873724,0,0,0,0,0,0,0,0,0,0,0,0,0,0,0,0,0,0,0,0,0,0,0,0,0,0,0,0,0
891faea8eafffff,50.053,8.64867,frankfurt,False,0,,0,False,0.459599,False,0,0.873724,0,0,0,0,0,0,0,0,0,0,0,0,0,0,0,0,0,0,0,0,0,0,0,0,0,0,0,0,0
891faea8eb3ffff,50.0575,8.64323,frankfurt,True,0,,0,False,0.459599,False,0,0.873724,0,0,0,0,0,0,0,0,0,0,0,0,0,0,0,0,0,0,0,0,0,0,0,0,0,0,0,0,0
891faea8eb7ffff,50.058,8.64798,frankfurt,True,0,,0,False,0.459599,False,0,0.873724,0,0,0,0,0,0,0,0,0,0,0,0,0,0,0,0,0,0,0,0,0,0,0,0,0,0,0,0,0
891faea8ebbffff,50.0547,8.6412,frankfurt,True,0,,0,False,0.459599,False,0,0.873724,0,0,0,0,0,0,0,0,0,0,0,0,0,0,0,0,0,0,0,0,0,0,0,0,0,0,0,0,0
891faea8ec3ffff,50.0505,8.62492,frankfurt,False,0,,0,False,0.459599,False,0,0.873724,0,0,0,0,0,0,0,0,0,0,0,0,0,0,0,0,0,0,0,0,0,0,0,0,0,0,0,0,0
891faea8ec7ffff,50.051,8.62967,frankfurt,False,0,,0,False,0.459599,False,0,0.873724,0,0,0,0,0,0,0,0,0,0,0,0,0,0,0,0,0,0,0,0,0,0,0,0,0,0,0,0,0
891faea8ecbffff,50.0478,8.62289,frankfurt,False,0,,0,False,0.459599,False,0,0.873724,0,0,0,0,0,0,0,0,0,0,0,0,0,0,0,0,0,0,0,0,0,0,0,0,0,0,0,0,0
891faea8ecfffff,50.0482,8.62764,frankfurt,False,0,,0,False,0.459599,False,0,0.873724,0,0,0,0,0,0,0,0,0,0,0,0,0,0,0,0,0,0,0,0,0,0,0,0,0,0,0,0,0
891faea8ed3ffff,50.0528,8.62221,frankfurt,False,0,,0,False,0.459599,False,0,0.873724,0,0,0,0,0,0,0,0,0,0,0,0,0,0,0,0,0,0,0,0,0,0,0,0,0,0,0,0,0
891faea8ed7ffff,50.0533,8.62695,frankfurt,False,0,,0,False,0.459599,False,0,0.873724,0,0,0,0,0,0,0,0,0,0,0,0,0,0,0,0,0,0,0,0,0,0,0,0,0,0,0,0,0
891faea8edbffff,50.05,8.62018,frankfurt,False,0,,0,False,0.459599,False,0,0.873724,0,0,0,0,0,0,0,0,0,0,0,0,0,0,0,0,0,0,0,0,0,0,0,0,0,0,0,0,0
891faea9003ffff,50.0196,8.52329,frankfurt,False,0,,0,False,0.459599,False,0,0.873724,0,0,0,0,0,0,0,0,0,0,0,0,0,0,0,0,0,0,0,0,0,0,0,0,0,0,0,0,0
891faea9007ffff,50.0201,8.52804,frankfurt,False,0,,0,False,0.459599,False,0,0.873724,0,0,0,0,0,0,0,0,0,0,0,0,0,0,0,0,0,0,0,0,0,0,0,0,0,0,0,0,0
891faea900bffff,50.0169,8.52127,frankfurt,False,0,,0,False,0.459599,False,0,0.873724,0,0,0,0,0,0,0,0,0,0,0,0,0,0,0,0,0,0,0,0,0,0,0,0,0,0,0,0,0
891faea900fffff,50.0174,8.52601,frankfurt,False,0,,0,False,0.459599,False,0,0.873724,0,0,0,0,0,0,0,0,0,0,0,0,0,0,0,0,0,0,0,0,0,0,0,0,0,0,0,0,0
891faea9013ffff,50.0219,8.52058,frankfurt,True,0,,0,False,0.459599,False,0,0.873724,0,0,0,0,0,0,0,0,0,0,0,0,0,0,0,0,0,0,0,0,0,0,0,0,0,0,0,0,0
891faea9017ffff,50.0224,8.52532,frankfurt,True,0,,0,False,0.459599,False,0,0.873724,0,0,0,0,0,0,0,0,0,0,0,0,0,0,0,0,0,0,0,0,0,0,0,0,0,0,0,0,0
891faea901bffff,50.0191,8.51855,frankfurt,False,0,,0,False,0.459599,False,0,0.873724,0,0,0,0,0,0,0,0,0,0,0,0,0,0,0,0,0,0,0,0,0,0,0,0,0,0,0,0,0
891faea9023ffff,50.0183,8.5355,frankfurt,False,0,,0,False,0.459599,False,0,0.873724,0,0,0,0,0,0,0,0,0,0,0,0,0,0,0,0,0,0,0,0,0,0,0,0,0,0,0,0,0
891faea9027ffff,50.0188,8.54024,frankfurt,False,0,,0,False,0.459599,False,0,0.873724,0,0,0,0,0,0,0,0,0,0,0,0,0,0,0,0,0,0,0,0,0,0,0,0,0,0,0,0,0
891faea902bffff,50.0156,8.53347,frankfurt,False,0,,0,False,0.459599,False,0,0.873724,0,0,0,0,0,0,0,0,0,0,0,0,0,0,0,0,0,0,0,0,0,0,0,0,0,0,0,0,0
891faea902fffff,50.0161,8.53822,frankfurt,False,0,,0,False,0.459599,False,0,0.873724,0,0,0,0,0,0,0,0,0,0,0,0,0,0,0,0,0,0,0,0,0,0,0,0,0,0,0,0,0
891faea9033ffff,50.0206,8.53278,frankfurt,False,0,,0,False,0.459599,False,0,0.873724,0,0,0,0,0,0,0,0,0,0,0,0,0,0,0,0,0,0,0,0,0,0,0,0,0,0,0,0,0
891faea9037ffff,50.0211,8.53752,frankfurt,False,0,,0,False,0.459599,False,0,0.873724,0,0,0,0,0,0,0,0,0,0,0,0,0,0,0,0,0,0,0,0,0,0,0,0,0,0,0,0,0
891faea903bffff,50.0178,8.53076,frankfurt,False,0,,0,False,0.459599,False,0,0.873724,0,0,0,0,0,0,0,0,0,0,0,0,0,0,0,0,0,0,0,0,0,0,0,0,0,0,0,0,0
891faea9043ffff,50.0136,8.51451,frankfurt,False,0,,0,False,0.459599,False,0,0.873724,0,0,0,0,0,0,0,0,0,0,0,0,0,0,0,0,0,0,0,0,0,0,0,0,0,0,0,0,0
891faea9047ffff,50.0141,8.51925,frankfurt,False,0,,0,False,0.459599,False,0,0.873724,0,0,0,0,0,0,0,0,0,0,0,0,0,0,0,0,0,0,0,0,0,0,0,0,0,0,0,0,0
891faea904bffff,50.0109,8.51248,frankfurt,False,0,,0,False,0.459599,False,0,0.873724,0,0,0,0,0,0,0,0,0,0,0,0,0,0,0,0,0,0,0,0,0,0,0,0,0,0,0,0,0
891faea904fffff,50.0113,8.51722,frankfurt,False,0,,0,False,0.459599,False,0,0.873724,0,0,0,0,0,0,0,0,0,0,0,0,0,0,0,0,0,0,0,0,0,0,0,0,0,0,0,0,0
891faea9053ffff,50.0159,8.51179,frankfurt,False,0,,0,False,0.459599,False,0,0.873724,0,0,0,0,0,0,0,0,0,0,0,0,0,0,0,0,0,0,0,0,0,0,0,0,0,0,0,0,0
891faea9057ffff,50.0164,8.51653,frankfurt,False,0,,0,False,0.459599,False,0,0.873724,0,0,0,0,0,0,0,0,0,0,0,0,0,0,0,0,0,0,0,0,0,0,0,0,0,0,0,0,0
891faea905bffff,50.0131,8.50976,frankfurt,False,0,,0,False,0.459599,False,0,0.873724,0,0,0,0,0,0,0,0,0,0,0,0,0,0,0,0,0,0,0,0,0,0,0,0,0,0,0,0,0
891faea9063ffff,50.0123,8.52671,frankfurt,False,0,,0,False,0.459599,False,0,0.873724,0,0,0,0,0,0,0,0,0,0,0,0,0,0,0,0,0,0,0,0,0,0,0,0,0,0,0,0,0
891faea9067ffff,50.0128,8.53145,frankfurt,False,0,,0,False,0.459599,False,0,0.873724,0,0,0,0,0,0,0,0,0,0,0,0,0,0,0,0,0,0,0,0,0,0,0,0,0,0,0,0,0
891faea906bffff,50.0096,8.52468,frankfurt,False,0,,0,False,0.459599,False,0,0.873724,0,0,0,0,0,0,0,0,0,0,0,0,0,0,0,0,0,0,0,0,0,0,0,0,0,0,0,0,0
891faea906fffff,50.0101,8.52943,frankfurt,False,0,,0,False,0.459599,False,0,0.873724,0,0,0,0,0,0,0,0,0,0,0,0,0,0,0,0,0,0,0,0,0,0,0,0,0,0,0,0,0
891faea9073ffff,50.0146,8.52399,frankfurt,False,0,,0,False,0.459599,False,0,0.873724,0,0,0,0,0,0,0,0,0,0,0,0,0,0,0,0,0,0,0,0,0,0,0,0,0,0,0,0,0
891faea9077ffff,50.0151,8.52873,frankfurt,False,0,,0,False,0.459599,False,0,0.873724,0,0,0,0,0,0,0,0,0,0,0,0,0,0,0,0,0,0,0,0,0,0,0,0,0,0,0,0,0
891faea907bffff,50.0118,8.52197,frankfurt,False,0,,0,False,0.459599,False,0,0.873724,0,0,0,0,0,0,0,0,0,0,0,0,0,0,0,0,0,0,0,0,0,0,0,0,0,0,0,0,0
891faea9083ffff,50.0269,8.51988,frankfurt,True,0,,0,False,0.459599,False,0,0.873724,0,0,0,0,0,0,0,0,0,0,0,0,0,0,0,0,0,0,0,0,0,0,0,0,0,0,0,0,0
891faea9087ffff,50.0274,8.52462,frankfurt,True,0,,0,False,0.459599,False,0,0.873724,0,0,0,0,0,0,0,0,0,0,0,0,0,0,0,0,0,0,0,0,0,0,0,0,0,0,0,0,0
891faea908bffff,50.0241,8.51786,frankfurt,True,0,,0,False,0.459599,False,0,0.873724,0,0,0,0,0,0,0,0,0,0,0,0,0,0,0,0,0,0,0,0,0,0,0,0,0,0,0,0,0
891faea908fffff,50.0246,8.5226,frankfurt,True,0,,0,False,0.459599,False,0,0.873724,0,0,0,0,0,0,0,0,0,0,0,0,0,0,0,0,0,0,0,0,0,0,0,0,0,0,0,0,0
891faea9093ffff,50.0291,8.51716,frankfurt,False,0,,0,False,0.459599,False,0,0.873724,0,0,0,0,0,0,0,0,0,0,0,0,0,0,0,0,0,0,0,0,0,0,0,0,0,0,0,0,0
891faea9097ffff,50.0296,8.52191,frankfurt,True,0,,0,False,0.459599,False,0,0.873724,0,0,0,0,0,0,0,0,0,0,0,0,0,0,0,0,0,0,0,0,0,0,0,0,0,0,0,0,0
891faea909bffff,50.0264,8.51514,frankfurt,False,0,,0,False,0.459599,False,0,0.873724,0,0,0,0,0,0,0,0,0,0,0,0,0,0,0,0,0,0,0,0,0,0,0,0,0,0,0,0,0
891faea90a3ffff,50.0256,8.53209,frankfurt,True,0,,0,False,0.459599,False,0,0.873724,0,0,0,0,0,0,0,0,0,0,0,0,0,0,0,0,0,0,0,0,0,0,0,0,0,0,0,0,0
891faea90a7ffff,50.0261,8.53683,frankfurt,True,0,,0,False,0.459599,False,0,0.873724,0,0,0,0,0,0,0,0,0,0,0,0,0,0,0,0,0,0,0,0,0,0,0,0,0,0,0,0,0
891faea90abffff,50.0229,8.53006,frankfurt,True,0,,0,False,0.459599,False,0,0.873724,0,0,0,0,0,0,0,0,0,0,0,0,0,0,0,0,0,0,0,0,0,0,0,0,0,0,0,0,0
891faea90afffff,50.0234,8.5348,frankfurt,True,0,,0,False,0.459599,False,0,0.873724,0,0,0,0,0,0,0,0,0,0,0,0,0,0,0,0,0,0,0,0,0,0,0,0,0,0,0,0,0
891faea90b3ffff,50.0279,8.52937,frankfurt,True,0,,0,False,0.459599,False,0,0.873724,0,0,0,0,0,0,0,0,0,0,0,0,0,0,0,0,0,0,0,0,0,0,0,0,0,0,0,0,0
891faea90b7ffff,50.0284,8.53411,frankfurt,True,0,,0,False,0.459599,False,0,0.873724,0,0,0,0,0,0,0,0,0,0,0,0,0,0,0,0,0,0,0,0,0,0,0,0,0,0,0,0,0
891faea90bbffff,50.0251,8.52734,frankfurt,True,0,,0,False,0.459599,False,0,0.873724,0,0,0,0,0,0,0,0,0,0,0,0,0,0,0,0,0,0,0,0,0,0,0,0,0,0,0,0,0
891faea90c3ffff,50.0209,8.51109,frankfurt,False,0,,0,False,0.459599,False,0,0.873724,0,0,0,0,0,0,0,0,0,0,0,0,0,0,0,0,0,0,0,0,0,0,0,0,0,0,0,0,0
891faea90c7ffff,50.0214,8.51583,frankfurt,False,0,,0,False,0.459599,False,0,0.873724,0,0,0,0,0,0,0,0,0,0,0,0,0,0,0,0,0,0,0,0,0,0,0,0,0,0,0,0,0
891faea90cbffff,50.0181,8.50907,frankfurt,False,0,,0,False,0.459599,False,0,0.873724,0,0,0,0,0,0,0,0,0,0,0,0,0,0,0,0,0,0,0,0,0,0,0,0,0,0,0,0,0
891faea90cfffff,50.0186,8.51381,frankfurt,False,0,,0,False,0.459599,False,0,0.873724,0,0,0,0,0,0,0,0,0,0,0,0,0,0,0,0,0,0,0,0,0,0,0,0,0,0,0,0,0
891faea90d3ffff,50.0231,8.50837,frankfurt,False,0,,0,False,0.459599,False,0,0.873724,0,0,0,0,0,0,0,0,0,0,0,0,0,0,0,0,0,0,0,0,0,0,0,0,0,0,0,0,0
891faea90d7ffff,50.0236,8.51311,frankfurt,False,0,,0,False,0.459599,False,0,0.873724,0,0,0,0,0,0,0,0,0,0,0,0,0,0,0,0,0,0,0,0,0,0,0,0,0,0,0,0,0
891faea90dbffff,50.0204,8.50635,frankfurt,False,0,,0,False,0.459599,False,0,0.873724,0,0,0,0,0,0,0,0,0,0,0,0,0,0,0,0,0,0,0,0,0,0,0,0,0,0,0,0,0
891faea9103ffff,50.0231,8.5565,frankfurt,False,0,,0,False,0.459599,False,0,0.873724,0,0,0,0,0,0,0,0,0,0,0,0,0,0,0,0,0,0,0,0,0,0,0,0,0,0,4,0,0
891faea9107ffff,50.0236,8.56124,frankfurt,False,0,,0,False,0.459599,False,0,0.873724,0,0,0,0,0,0,0,0,0,0,0,0,0,0,0,0,0,0,0,0,0,0,0,0,0,0,0,0,0
891faea910bffff,50.0203,8.55447,frankfurt,False,0,,0,False,0.459599,False,0,0.873724,0,0,0,0,0,0,0,0,0,0,0,0,0,0,0,0,0,0,0,0,0,0,0,0,0,0,0,0,0
891faea910fffff,50.0208,8.55922,frankfurt,False,0,,0,False,0.459599,False,0,0.873724,0,0,0,0,0,0,0,0,0,0,0,0,0,0,0,0,0,0,0,0,0,0,0,0,0,0,1,0,0
891faea9113ffff,50.0253,8.55378,frankfurt,True,0,,0,False,0.459599,False,0,0.873724,0,0,0,0,0,0,0,0,0,0,0,0,0,0,0,0,0,0,0,0,0,0,0,0,0,0,3,0,0
891faea9117ffff,50.0258,8.55852,frankfurt,True,0,,0,False,0.459599,False,0,0.873724,0,0,0,0,0,0,0,0,0,0,0,0,0,0,0,0,0,0,0,0,0,0,0,0,0,0,2,0,0
891faea911bffff,50.0226,8.55175,frankfurt,False,0,,0,False,0.459599,False,0,0.873724,0,0,0,0,0,0,0,0,0,0,0,0,0,0,0,0,0,0,0,0,0,0,0,0,0,0,2,0,0
891faea9123ffff,50.0218,8.5687,frankfurt,False,0,,0,False,0.459599,False,0,0.873724,0,0,0,0,0,0,0,0,0,0,0,0,0,0,0,0,0,0,0,0,0,0,0,0,0,0,0,0,0
891faea9127ffff,50.0223,8.57345,frankfurt,True,0,,0,False,0.459599,False,0,0.873724,0,0,0,0,0,0,0,0,0,0,0,0,0,0,0,0,0,0,0,0,0,0,0,0,0,0,2,0,0
891faea912bffff,50.019,8.56668,frankfurt,False,0,,0,False,0.459599,False,0,0.873724,0,0,0,0,0,0,0,0,0,0,0,0,0,0,0,0,0,0,0,0,0,0,0,0,0,0,0,0,0
891faea912fffff,50.0195,8.57142,frankfurt,False,0,,0,False,0.459599,False,0,0.873724,0,0,0,0,0,0,0,0,0,0,0,0,0,0,0,0,0,0,0,0,0,0,0,0,0,0,0,0,0
891faea9133ffff,50.0241,8.56599,frankfurt,False,0,,0,False,0.459599,False,0,0.873724,0,0,0,0,0,0,0,0,0,0,0,0,0,0,0,0,0,0,0,0,0,0,0,0,0,0,0,0,0
891faea9137ffff,50.0245,8.57073,frankfurt,True,0,,0,False,0.459599,False,0,0.873724,0,0,0,0,0,0,0,0,0,0,0,0,0,0,0,0,0,0,0,0,0,0,0,0,0,0,0,0,0
891faea913bffff,50.0213,8.56396,frankfurt,False,0,,0,False,0.459599,False,0,0.873724,0,0,0,0,0,0,0,0,0,0,0,0,0,0,0,0,0,0,0,0,0,0,0,0,0,0,2,0,0
891faea9143ffff,50.0171,8.5477,frankfurt,False,0,,0,False,0.459599,False,0,0.873724,0,0,0,0,0,0,0,0,0,0,0,0,0,0,0,0,0,0,0,0,0,0,0,0,0,0,0,0,0
891faea9147ffff,50.0176,8.55245,frankfurt,False,0,,0,False,0.459599,False,0,0.873724,0,0,0,0,0,0,0,0,0,0,0,0,0,0,0,0,0,0,0,0,0,0,0,0,0,0,0,0,0
891faea914bffff,50.0143,8.54568,frankfurt,False,0,,0,False,0.459599,False,0,0.873724,0,0,0,0,0,0,0,0,0,0,0,0,0,0,0,0,0,0,0,0,0,0,0,0,0,0,0,0,0
891faea914fffff,50.0148,8.55042,frankfurt,False,0,,0,False,0.459599,False,0,0.873724,0,0,0,0,0,0,0,0,0,0,0,0,0,0,0,0,0,0,0,0,0,0,0,0,0,0,0,0,0
891faea9153ffff,50.0193,8.54498,frankfurt,False,0,,0,False,0.459599,False,0,0.873724,0,0,0,0,0,0,0,0,0,0,0,0,0,0,0,0,0,0,0,0,0,0,0,0,0,0,0,0,0
891faea9157ffff,50.0198,8.54973,frankfurt,False,0,,0,False,0.459599,False,0,0.873724,0,0,0,0,0,0,0,0,0,0,0,0,0,0,0,0,0,0,0,0,0,0,0,0,0,0,0,0,0
891faea915bffff,50.0166,8.54296,frankfurt,False,0,,0,False,0.459599,False,0,0.873724,0,0,0,0,0,0,0,0,0,0,0,0,0,0,0,0,0,0,0,0,0,0,0,0,0,0,0,0,0
891faea9163ffff,50.0158,8.55991,frankfurt,False,0,,0,False,0.459599,False,0,0.873724,0,0,0,0,0,0,0,0,0,0,0,0,0,0,0,0,0,0,0,0,0,0,0,0,0,0,0,0,0
891faea9167ffff,50.0163,8.56465,frankfurt,False,0,,0,False,0.459599,False,0,0.873724,0,0,0,0,0,0,0,0,0,0,0,0,0,0,0,0,0,0,0,0,0,0,0,0,0,0,0,0,0
891faea916bffff,50.013,8.55788,frankfurt,False,0,,0,False,0.459599,False,0,0.873724,0,0,0,0,0,0,0,0,0,0,0,0,0,0,0,0,0,0,0,0,0,0,0,0,0,0,0,0,0
891faea916fffff,50.0135,8.56263,frankfurt,False,0,,0,False,0.459599,False,0,0.873724,0,0,0,0,0,0,0,0,0,0,0,0,0,0,0,0,0,0,0,0,0,0,0,0,0,0,0,0,0
891faea9173ffff,50.0181,8.55719,frankfurt,False,0,,0,False,0.459599,False,0,0.873724,0,0,0,0,0,0,0,0,0,0,0,0,0,0,0,0,0,0,0,0,0,0,0,0,0,0,0,0,0
891faea9177ffff,50.0185,8.56193,frankfurt,False,0,,0,False,0.459599,False,0,0.873724,0,0,0,0,0,0,0,0,0,0,0,0,0,0,0,0,0,0,0,0,0,0,0,0,0,0,0,0,0
891faea917bffff,50.0153,8.55516,frankfurt,False,0,,0,False,0.459599,False,0,0.873724,0,0,0,0,0,0,0,0,0,0,0,0,0,0,0,0,0,0,0,0,0,0,0,0,0,0,0,0,0
891faea9183ffff,50.0303,8.55309,frankfurt,True,0,,0,False,0.459599,False,0,0.873724,0,0,0,0,0,0,0,0,0,0,0,0,0,0,0,0,0,0,0,0,0,0,0,0,0,0,0,0,0
891faea9187ffff,50.0308,8.55783,frankfurt,True,0,,0,False,0.459599,False,0,0.873724,0,0,0,0,0,0,0,0,0,0,0,0,0,0,0,0,0,0,0,0,0,0,0,0,0,0,0,0,0
891faea918bffff,50.0276,8.55106,frankfurt,True,0,,0,False,0.459599,False,0,0.873724,0,0,0,0,0,0,0,0,0,0,0,0,0,0,0,0,0,0,0,0,0,0,0,0,0,0,0,0,0
891faea918fffff,50.0281,8.5558,frankfurt,True,0,,0,False,0.459599,False,0,0.873724,0,0,0,0,0,0,0,0,0,0,0,0,0,0,0,0,0,0,0,0,0,0,0,0,0,0,0,0,1
891faea9193ffff,50.0326,8.55037,frankfurt,True,0,,0,False,0.459599,False,0,0.873724,0,0,0,0,0,0,0,0,0,0,0,0,0,0,0,0,0,0,0,0,0,0,0,0,0,0,0,0,0
891faea9197ffff,50.0331,8.55511,frankfurt,True,0,,0,False,0.459599,False,0,0.873724,0,0,0,0,0,0,0,0,0,0,0,0,0,0,0,0,0,0,0,0,0,0,0,0,0,0,0,0,0
891faea919bffff,50.0298,8.54834,frankfurt,True,0,,0,False,0.459599,False,0,0.873724,0,0,0,0,0,0,0,0,0,0,0,0,0,0,0,0,0,0,0,0,0,0,0,0,0,0,0,0,0
891faea91a3ffff,50.0291,8.56529,frankfurt,True,0,,0,False,0.459599,False,0,0.873724,0,0,0,0,0,0,0,0,0,0,0,0,0,0,0,0,0,0,0,0,0,0,0,0,0,0,0,0,0
891faea91a7ffff,50.0296,8.57004,frankfurt,True,0,,0,False,0.459599,False,0,0.873724,0,0,0,0,0,0,0,0,0,0,0,0,0,0,0,0,0,0,0,0,0,0,0,0,0,0,0,0,0
891faea91abffff,50.0263,8.56327,frankfurt,True,0,,0,False,0.459599,False,0,0.873724,0,0,0,0,0,0,0,0,0,0,0,0,0,0,0,0,0,0,0,0,0,0,0,0,0,0,2,0,1
891faea91afffff,50.0268,8.56801,frankfurt,True,0,,0,False,0.459599,False,0,0.873724,0,0,0,0,0,0,0,0,0,0,0,0,0,0,0,0,0,0,0,0,0,0,0,0,0,0,2,0,0
891faea91b3ffff,50.0313,8.56257,frankfurt,True,0,,0,False,0.459599,False,0,0.873724,0,0,0,0,0,0,0,0,0,0,0,0,0,0,0,0,0,0,0,0,0,0,0,0,0,0,0,0,0
891faea91b7ffff,50.0318,8.56732,frankfurt,True,0,,0,False,0.459599,False,0,0.873724,0,0,0,0,0,0,0,0,0,0,0,0,0,0,0,0,0,0,0,0,0,0,0,0,0,0,0,0,0
891faea91bbffff,50.0286,8.56055,frankfurt,True,0,,0,False,0.459599,False,0,0.873724,0,0,0,0,0,0,0,0,0,0,0,0,0,0,0,0,0,0,0,0,0,0,0,0,0,0,0,0,1
891faea91c3ffff,50.0243,8.54429,frankfurt,False,0,,0,False,0.459599,False,0,0.873724,0,0,0,0,0,0,0,0,0,0,0,0,0,0,0,0,0,0,0,0,0,0,0,0,0,0,0,0,0
891faea91c7ffff,50.0248,8.54903,frankfurt,True,0,,0,False,0.459599,False,0,0.873724,0,0,0,0,0,0,0,0,0,0,0,0,0,0,0,0,0,0,0,0,0,0,0,0,0,0,1,0,0
891faea91cbffff,50.0216,8.54227,frankfurt,False,0,,0,False,0.459599,False,0,0.873724,0,0,0,0,0,0,0,0,0,0,0,0,0,0,0,0,0,0,0,0,0,0,0,0,0,0,0,0,0
891faea91cfffff,50.0221,8.54701,frankfurt,False,0,,0,False,0.459599,False,0,0.873724,0,0,0,0,0,0,0,0,0,0,0,0,0,0,0,0,0,0,0,0,0,0,0,0,0,0,0,0,0
891faea91d3ffff,50.0266,8.54157,frankfurt,True,0,,0,False,0.459599,False,0,0.873724,0,0,0,0,0,0,0,0,0,0,0,0,0,0,0,0,0,0,0,0,0,0,0,0,0,0,0,0,0
891faea91d7ffff,50.0271,8.54632,frankfurt,True,0,,0,False,0.459599,False,0,0.873724,0,0,0,0,0,0,0,0,0,0,0,0,0,0,0,0,0,0,0,0,0,0,0,0,0,0,0,0,0
891faea91dbffff,50.0238,8.53955,frankfurt,True,0,,0,False,0.459599,False,0,0.873724,0,0,0,0,0,0,0,0,0,0,0,0,0,0,0,0,0,0,0,0,0,0,0,0,0,0,1,0,0
891faea9297ffff,50.0104,8.50774,frankfurt,False,0,,0,False,0.459599,False,0,0.873724,0,0,0,0,0,0,0,0,0,0,0,0,0,0,0,0,0,0,0,0,0,0,0,0,0,0,0,0,0
891faea92b3ffff,50.0086,8.5152,frankfurt,False,0,,0,False,0.459599,False,0,0.873724,0,0,0,0,0,0,0,0,0,0,0,0,0,0,0,0,0,0,0,0,0,0,0,0,0,0,0,0,0
891faea92b7ffff,50.0091,8.51994,frankfurt,False,0,,0,False,0.459599,False,0,0.873724,0,0,0,0,0,0,0,0,0,0,0,0,0,0,0,0,0,0,0,0,0,0,0,0,0,0,0,0,0
891faea9383ffff,50.0111,8.53891,frankfurt,False,0,,0,False,0.459599,False,0,0.873724,0,0,0,0,0,0,0,0,0,0,0,0,0,0,0,0,0,0,0,0,0,0,0,0,0,0,0,0,0
891faea9387ffff,50.0116,8.54365,frankfurt,False,0,,0,False,0.459599,False,0,0.873724,0,0,0,0,0,0,0,0,0,0,0,0,0,0,0,0,0,0,0,0,0,0,0,0,0,0,0,0,0
891faea938bffff,50.0083,8.53689,frankfurt,False,0,,0,False,0.459599,False,0,0.873724,0,0,0,0,0,0,0,0,0,0,0,0,0,0,0,0,0,0,0,0,0,0,0,0,0,0,0,0,0
891faea9393ffff,50.0133,8.53619,frankfurt,False,0,,0,False,0.459599,False,0,0.873724,0,0,0,0,0,0,0,0,0,0,0,0,0,0,0,0,0,0,0,0,0,0,0,0,0,0,0,0,0
891faea9397ffff,50.0138,8.54094,frankfurt,False,0,,0,False,0.459599,False,0,0.873724,0,0,0,0,0,0,0,0,0,0,0,0,0,0,0,0,0,0,0,0,0,0,0,0,0,0,0,0,0
891faea939bffff,50.0106,8.53417,frankfurt,False,0,,0,False,0.459599,False,0,0.873724,0,0,0,0,0,0,0,0,0,0,0,0,0,0,0,0,0,0,0,0,0,0,0,0,0,0,0,0,0
891faea93b3ffff,50.0121,8.5484,frankfurt,False,0,,0,False,0.459599,False,0,0.873724,0,0,0,0,0,0,0,0,0,0,0,0,0,0,0,0,0,0,0,0,0,0,0,0,0,0,0,0,0
891faea93b7ffff,50.0125,8.55314,frankfurt,False,0,,0,False,0.459599,False,0,0.873724,0,0,0,0,0,0,0,0,0,0,0,0,0,0,0,0,0,0,0,0,0,0,0,0,0,0,0,0,0
891faea93d7ffff,50.0078,8.53214,frankfurt,False,0,,0,False,0.459599,False,0,0.873724,0,0,0,0,0,0,0,0,0,0,0,0,0,0,0,0,0,0,0,0,0,0,0,0,0,0,0,0,0
891faea9403ffff,50.0354,8.50426,frankfurt,False,0,,0,False,0.459599,False,0,0.873724,0,0,0,0,0,0,0,0,0,0,0,0,0,0,0,0,0,0,0,0,0,0,0,0,0,0,0,0,0
891faea9407ffff,50.0359,8.509,frankfurt,False,0,,0,False,0.459599,False,0,0.873724,0,0,0,0,0,0,0,0,0,0,0,0,0,0,0,0,0,0,0,0,0,0,0,0,0,0,0,0,0
891faea940bffff,50.0327,8.50224,frankfurt,False,0,,0,False,0.459599,False,0,0.873724,0,0,0,0,0,0,0,0,0,0,0,0,0,0,0,0,0,0,0,0,0,0,0,0,0,0,0,0,0
891faea940fffff,50.0332,8.50698,frankfurt,False,0,,0,False,0.459599,False,0,0.873724,0,0,0,0,0,0,0,0,0,0,0,0,0,0,0,0,0,0,0,0,0,0,0,0,0,0,0,0,0
891faea9413ffff,50.0377,8.50154,frankfurt,False,0,,0,False,0.459599,False,0,0.873724,0,0,0,0,0,0,0,0,0,0,0,0,0,0,0,0,0,0,0,0,0,0,0,0,0,0,0,0,0
891faea9417ffff,50.0382,8.50628,frankfurt,False,0,,0,False,0.459599,False,0,0.873724,0,0,0,0,0,0,0,0,0,0,0,0,0,0,0,0,0,0,0,0,0,0,0,0,0,0,0,0,0
891faea941bffff,50.0349,8.49952,frankfurt,False,0,,0,False,0.459599,False,0,0.873724,0,0,0,0,0,0,0,0,0,0,0,0,0,0,0,0,0,0,0,0,0,0,0,0,0,0,0,0,0
891faea9423ffff,50.0342,8.51647,frankfurt,False,0,,0,False,0.459599,False,0,0.873724,0,0,0,0,0,0,0,0,0,0,0,0,0,0,0,0,0,0,0,0,0,0,0,0,0,0,0,0,0
891faea9427ffff,50.0347,8.52121,frankfurt,True,0,,0,False,0.459599,False,0,0.873724,0,0,0,0,0,0,0,0,0,0,0,0,0,0,0,0,0,0,0,0,0,0,0,0,0,0,0,0,0
891faea942bffff,50.0314,8.51444,frankfurt,False,0,,0,False,0.459599,False,0,0.873724,0,0,0,0,0,0,0,0,0,0,0,0,0,0,0,0,0,0,0,0,0,0,0,0,0,0,0,0,0
891faea942fffff,50.0319,8.51919,frankfurt,True,0,,0,False,0.459599,False,0,0.873724,0,0,0,0,0,0,0,0,0,0,0,0,0,0,0,0,0,0,0,0,0,0,0,0,0,0,0,0,0
891faea9433ffff,50.0364,8.51375,frankfurt,False,0,,0,False,0.459599,False,0,0.873724,0,0,0,0,0,0,0,0,0,0,0,0,0,0,0,0,0,0,0,0,0,0,0,0,0,0,0,0,0
891faea9437ffff,50.0369,8.51849,frankfurt,False,0,,0,False,0.459599,False,0,0.873724,0,0,0,0,0,0,0,0,0,0,0,0,0,0,0,0,0,0,0,0,0,0,0,0,0,0,0,0,0
891faea943bffff,50.0337,8.51172,frankfurt,False,0,,0,False,0.459599,False,0,0.873724,0,0,0,0,0,0,0,0,0,0,0,0,0,0,0,0,0,0,0,0,0,0,0,0,0,0,0,0,0
891faea9443ffff,50.0294,8.49547,frankfurt,False,0,,0,False,0.459599,False,0,0.873724,0,0,0,0,0,0,0,0,0,0,0,0,0,0,0,0,0,0,0,0,0,0,0,0,0,0,0,0,0
891faea9447ffff,50.0299,8.50021,frankfurt,False,0,,0,False,0.459599,False,0,0.873724,0,0,0,0,0,0,0,0,0,0,0,0,0,0,0,0,0,0,0,0,0,0,0,0,0,0,0,0,0
891faea944fffff,50.0272,8.49819,frankfurt,False,0,,0,False,0.459599,False,0,0.873724,0,0,0,0,0,0,0,0,0,0,0,0,0,0,0,0,0,0,0,0,0,0,0,0,0,0,0,0,0
891faea9457ffff,50.0322,8.4975,frankfurt,False,0,,0,False,0.459599,False,0,0.873724,0,0,0,0,0,0,0,0,0,0,0,0,0,0,0,0,0,0,0,0,0,0,0,0,0,0,0,0,0
891faea9463ffff,50.0282,8.50768,frankfurt,False,0,,0,False,0.459599,False,0,0.873724,0,0,0,0,0,0,0,0,0,0,0,0,0,0,0,0,0,0,0,0,0,0,0,0,0,0,0,0,0
891faea9467ffff,50.0286,8.51242,frankfurt,False,0,,0,False,0.459599,False,0,0.873724,0,0,0,0,0,0,0,0,0,0,0,0,0,0,0,0,0,0,0,0,0,0,0,0,0,0,0,0,0
891faea946bffff,50.0254,8.50565,frankfurt,False,0,,0,False,0.459599,False,0,0.873724,0,0,0,0,0,0,0,0,0,0,0,0,0,0,0,0,0,0,0,0,0,0,0,0,0,0,0,0,0
891faea946fffff,50.0259,8.5104,frankfurt,False,0,,0,False,0.459599,False,0,0.873724,0,0,0,0,0,0,0,0,0,0,0,0,0,0,0,0,0,0,0,0,0,0,0,0,0,0,0,0,0
891faea9473ffff,50.0304,8.50496,frankfurt,False,0,,0,False,0.459599,False,0,0.873724,0,0,0,0,0,0,0,0,0,0,0,0,0,0,0,0,0,0,0,0,0,0,0,0,0,0,0,0,0
891faea9477ffff,50.0309,8.5097,frankfurt,False,0,,0,False,0.459599,False,0,0.873724,0,0,0,0,0,0,0,0,0,0,0,0,0,0,0,0,0,0,0,0,0,0,0,0,0,0,0,0,0
891faea947bffff,50.0277,8.50293,frankfurt,False,0,,0,False,0.459599,False,0,0.873724,0,0,0,0,0,0,0,0,0,0,0,0,0,0,0,0,0,0,0,0,0,0,0,0,0,0,0,0,0
891faea9487ffff,50.0432,8.50559,frankfurt,False,0,,0,False,0.459599,False,0,0.873724,0,0,0,0,0,0,0,0,0,0,0,0,0,0,0,0,0,0,0,0,0,0,0,0,0,0,0,0,0
891faea948bffff,50.0399,8.49882,frankfurt,False,0,,0,False,0.459599,False,0,0.873724,0,0,0,0,0,0,0,0,0,0,0,0,0,0,0,0,0,0,0,0,0,0,0,0,0,0,0,0,0
891faea948fffff,50.0404,8.50357,frankfurt,False,0,,0,False,0.459599,False,0,0.873724,0,0,0,0,0,0,0,0,0,0,0,0,0,0,0,0,0,0,0,0,0,0,0,0,0,0,0,0,0
891faea94a3ffff,50.0414,8.51305,frankfurt,False,0,,0,False,0.459599,False,0,0.873724,0,0,0,0,0,0,0,0,0,0,0,0,0,0,0,0,0,0,0,0,0,0,0,0,0,0,0,0,0
891faea94a7ffff,50.0419,8.5178,frankfurt,False,0,,0,False,0.459599,False,0,0.873724,0,0,0,0,0,0,0,0,0,0,0,0,0,0,0,0,0,0,0,0,0,0,0,0,0,0,0,0,0
891faea94abffff,50.0387,8.51103,frankfurt,False,0,,0,False,0.459599,False,0,0.873724,0,0,0,0,0,0,0,0,0,0,0,0,0,0,0,0,0,0,0,0,0,0,0,0,0,0,0,0,0
891faea94afffff,50.0392,8.51577,frankfurt,False,0,,0,False,0.459599,False,0,0.873724,0,0,0,0,0,0,0,0,0,0,0,0,0,0,0,0,0,0,0,0,0,0,0,0,0,0,0,0,0
891faea94b3ffff,50.0437,8.51033,frankfurt,False,0,,0,False,0.459599,False,0,0.873724,0,0,0,0,0,0,0,0,0,0,0,0,0,0,0,0,0,0,0,0,0,0,0,0,0,0,0,0,0
891faea94b7ffff,50.0442,8.51508,frankfurt,False,0,,0,False,0.459599,False,0,0.873724,0,0,0,0,0,0,0,0,0,0,0,0,0,0,0,0,0,0,0,0,0,0,0,0,0,0,0,0,0
891faea94bbffff,50.0409,8.50831,frankfurt,False,0,,0,False,0.459599,False,0,0.873724,0,0,0,0,0,0,0,0,0,0,0,0,0,0,0,0,0,0,0,0,0,0,0,0,0,0,0,0,0
891faea94c7ffff,50.0372,8.4968,frankfurt,False,0,,0,False,0.459599,False,0,0.873724,0,0,0,0,0,0,0,0,0,0,0,0,0,0,0,0,0,0,0,0,0,0,0,0,0,0,0,0,0
891faea9503ffff,50.0389,8.53747,frankfurt,True,0,,0,False,0.459599,False,0,0.873724,0,0,0,0,0,0,0,0,0,0,0,0,0,0,0,0,0,0,0,0,0,0,0,0,0,0,0,0,2
891faea9507ffff,50.0394,8.54221,frankfurt,True,0,,0,False,0.459599,False,0,0.873724,0,0,0,0,0,0,0,0,0,0,0,0,0,0,0,0,0,0,0,0,0,0,0,0,0,0,0,0,0
891faea950bffff,50.0361,8.53544,frankfurt,True,0,,0,False,0.459599,False,0,0.873724,0,0,0,0,0,0,0,0,0,0,0,0,0,0,0,0,0,0,0,0,0,0,0,0,0,0,0,0,0
891faea950fffff,50.0366,8.54019,frankfurt,True,0,,0,False,0.459599,False,0,0.873724,0,0,0,0,0,0,0,0,0,0,0,0,0,0,0,0,0,0,0,0,0,0,0,0,0,0,0,0,0
891faea9513ffff,50.0411,8.53475,frankfurt,True,0,,0,False,0.459599,False,0,0.873724,0,0,0,0,0,0,0,0,0,0,0,0,0,0,0,0,0,0,0,1,0,0,0,0,0,0,5,0,1
891faea9517ffff,50.0416,8.53949,frankfurt,True,0,,0,False,0.459599,False,0,0.873724,0,0,0,0,0,0,0,0,0,0,0,0,0,0,0,0,0,0,0,0,0,0,0,0,0,0,0,0,0
891faea951bffff,50.0384,8.53272,frankfurt,True,0,,0,False,0.459599,False,0,0.873724,0,0,0,0,0,0,0,0,0,0,0,0,0,0,0,0,0,0,0,0,0,0,0,0,0,0,0,0,0
891faea9523ffff,50.0376,8.54967,frankfurt,True,0,,0,False,0.459599,False,0,0.873724,0,0,0,0,0,0,0,0,0,0,0,0,0,0,0,0,0,0,0,0,0,0,0,0,0,0,0,0,0
891faea9527ffff,50.0381,8.55442,frankfurt,True,0,,0,False,0.459599,False,0,0.873724,0,0,0,0,0,0,0,0,0,0,0,0,0,0,0,0,0,0,0,0,0,0,0,0,0,0,0,0,0
891faea952bffff,50.0349,8.54765,frankfurt,True,0,,0,False,0.459599,False,0,0.873724,0,0,0,0,0,0,0,0,0,0,0,0,0,0,0,0,0,0,0,0,0,0,0,0,0,0,0,0,0
891faea952fffff,50.0354,8.55239,frankfurt,True,0,,0,False,0.459599,False,0,0.873724,0,0,0,0,0,0,0,0,0,0,0,0,0,0,0,0,0,0,0,0,0,0,0,0,0,0,0,0,0
891faea9533ffff,50.0399,8.54696,frankfurt,True,0,,0,False,0.459599,False,0,0.873724,0,0,0,0,0,0,0,0,0,0,0,0,0,0,0,0,0,0,0,0,0,0,0,0,0,0,0,0,0
891faea9537ffff,50.0404,8.5517,frankfurt,True,0,,0,False,0.459599,False,0,0.873724,0,0,0,0,0,0,0,0,0,0,0,0,0,0,0,0,0,0,0,0,0,0,0,0,0,0,0,0,0
891faea953bffff,50.0371,8.54493,frankfurt,True,0,,0,False,0.459599,False,0,0.873724,0,0,0,0,0,0,0,0,0,0,0,0,0,0,0,0,0,0,0,0,0,0,0,0,0,0,0,0,0
891faea9543ffff,50.0329,8.52867,frankfurt,True,0,,0,False,0.459599,False,0,0.873724,0,0,0,0,0,0,0,0,0,0,0,0,0,0,0,0,0,0,0,0,0,0,0,0,0,0,0,0,0
891faea9547ffff,50.0334,8.53342,frankfurt,True,0,,0,False,0.459599,False,0,0.873724,0,0,0,0,0,0,0,0,0,0,0,0,0,0,0,0,0,0,0,0,0,0,0,0,0,0,0,0,0
891faea954bffff,50.0301,8.52665,frankfurt,True,0,,0,False,0.459599,False,0,0.873724,0,0,0,0,0,0,0,0,0,0,0,0,0,0,0,0,0,0,0,0,0,0,0,0,0,0,0,0,0
891faea954fffff,50.0306,8.53139,frankfurt,True,0,,0,False,0.459599,False,0,0.873724,0,0,0,0,0,0,0,0,0,0,0,0,0,0,0,0,0,0,0,0,0,0,0,0,0,0,0,0,0
891faea9553ffff,50.0351,8.52595,frankfurt,True,0,,0,False,0.459599,False,0,0.873724,0,0,0,0,0,0,0,0,0,0,0,0,0,0,0,0,0,0,0,0,0,0,0,0,0,0,0,0,0
891faea9557ffff,50.0356,8.5307,frankfurt,True,0,,0,False,0.459599,False,0,0.873724,0,0,0,0,0,0,0,0,0,0,0,0,0,0,0,0,0,0,0,0,0,0,0,0,0,0,0,0,0
891faea955bffff,50.0324,8.52393,frankfurt,True,0,,0,False,0.459599,False,0,0.873724,0,0,0,0,0,0,0,0,0,0,0,0,0,0,0,0,0,0,0,0,0,0,0,0,0,0,0,0,0
891faea9563ffff,50.0316,8.54088,frankfurt,True,0,,0,False,0.459599,False,0,0.873724,0,0,0,0,0,0,0,0,0,0,0,0,0,0,0,0,0,0,0,0,0,0,0,0,0,0,0,0,0
891faea9567ffff,50.0321,8.54562,frankfurt,True,0,,0,False,0.459599,False,0,0.873724,0,0,0,0,0,0,0,0,0,0,0,0,0,0,0,0,0,0,0,0,0,0,0,0,0,0,0,0,0
891faea956bffff,50.0289,8.53885,frankfurt,True,0,,0,False,0.459599,False,0,0.873724,0,0,0,0,0,0,0,0,0,0,0,0,0,0,0,0,0,0,0,0,0,0,0,0,0,0,0,0,0
891faea956fffff,50.0294,8.5436,frankfurt,True,0,,0,False,0.459599,False,0,0.873724,0,0,0,0,0,0,0,0,0,0,0,0,0,0,0,0,0,0,0,0,0,0,0,0,0,0,0,0,0
891faea9573ffff,50.0339,8.53816,frankfurt,True,0,,0,False,0.459599,False,0,0.873724,0,0,0,0,0,0,0,0,0,0,0,0,0,0,0,0,0,0,0,0,0,0,0,0,0,0,0,0,0
891faea9577ffff,50.0344,8.5429,frankfurt,True,0,,0,False,0.459599,False,0,0.873724,0,0,0,0,0,0,0,0,0,0,0,0,0,0,0,0,0,0,0,0,0,0,0,0,0,0,0,0,0
891faea957bffff,50.0311,8.53614,frankfurt,True,0,,0,False,0.459599,False,0,0.873724,0,0,0,0,0,0,0,0,0,0,0,0,0,0,0,0,0,0,0,0,0,0,0,0,0,0,0,0,0
891faea9583ffff,50.0462,8.53405,frankfurt,False,0,,0,False,0.459599,False,0,0.873724,0,0,0,0,0,0,0,0,0,0,0,0,0,0,0,0,0,0,0,0,0,0,0,0,0,0,0,0,0
891faea9587ffff,50.0467,8.5388,frankfurt,False,0,,0,False,0.459599,False,0,0.873724,0,0,0,0,0,0,0,0,0,0,0,0,0,0,0,0,0,0,0,0,0,0,0,0,0,0,0,0,0
891faea958bffff,50.0434,8.53203,frankfurt,False,0,,0,False,0.459599,False,0,0.873724,0,0,0,0,0,0,0,0,0,0,0,0,0,0,0,0,0,0,0,0,0,0,0,0,0,0,0,0,0
891faea958fffff,50.0439,8.53677,frankfurt,False,0,,0,False,0.459599,False,0,0.873724,0,0,0,0,0,0,0,0,0,0,0,0,0,0,0,0,0,0,0,0,0,0,0,0,0,0,0,0,0
891faea9593ffff,50.0484,8.53133,frankfurt,False,11,6.29,3,False,0.214286,False,3,0.873724,0,0,0,0,0,0,0,0,0,0,0,0,0,1,0,0,0,0,0,0,0,0,0,0,0,0,2,0,0
891faea9597ffff,50.0489,8.53608,frankfurt,False,0,,0,False,0.459599,False,0,0.873724,0,0,0,0,0,0,0,0,0,0,0,0,0,0,0,0,0,0,0,0,0,0,0,0,0,0,0,0,0
891faea959bffff,50.0457,8.52931,frankfurt,False,0,,0,False,0.459599,False,0,0.873724,0,0,0,0,0,0,0,0,0,0,0,0,0,0,0,0,0,0,0,0,0,0,0,0,0,0,0,0,0
891faea95a3ffff,50.0449,8.54626,frankfurt,True,0,,0,False,0.459599,False,0,0.873724,0,0,0,0,0,0,0,0,0,0,0,0,0,0,0,0,0,0,0,0,0,0,0,0,0,0,2,0,0
891faea95a7ffff,50.0454,8.55101,frankfurt,True,0,,0,False,0.459599,False,0,0.873724,0,0,0,0,0,0,0,0,0,0,0,0,0,0,0,0,0,0,0,0,0,0,0,0,0,0,1,0,0
891faea95abffff,50.0421,8.54424,frankfurt,True,0,,0,False,0.459599,False,0,0.873724,0,0,0,0,0,0,0,0,0,0,0,0,0,0,0,0,0,0,0,0,0,0,0,0,0,0,0,0,0
891faea95afffff,50.0426,8.54898,frankfurt,True,0,,0,False,0.459599,False,0,0.873724,0,0,0,0,0,0,0,0,0,0,0,0,0,0,0,0,0,0,0,0,0,0,0,0,0,0,0,0,0
891faea95b3ffff,50.0471,8.54354,frankfurt,False,3,5.96,3,False,0.459599,True,3,0.873724,0,0,0,0,0,0,0,0,0,0,0,0,0,0,0,0,0,0,0,0,0,0,0,0,0,0,1,0,3
891faea95b7ffff,50.0476,8.54829,frankfurt,False,0,,0,False,0.459599,False,0,0.873724,0,0,0,0,0,0,0,0,0,0,0,0,0,0,0,0,0,0,0,0,0,0,0,0,0,0,0,0,0
891faea95bbffff,50.0444,8.54152,frankfurt,False,0,,0,False,0.459599,False,0,0.873724,0,0,0,0,0,0,0,0,0,0,0,0,0,0,0,0,0,0,0,0,0,0,0,0,0,0,1,0,0
891faea95c3ffff,50.0402,8.52526,frankfurt,False,0,,0,False,0.459599,False,0,0.873724,0,0,0,0,0,0,0,0,0,0,0,0,0,0,0,0,0,0,0,0,0,0,0,0,0,0,0,0,0
891faea95c7ffff,50.0407,8.53,frankfurt,False,0,,0,False,0.459599,False,0,0.873724,0,0,0,0,0,0,0,0,0,0,0,0,0,0,0,0,0,0,0,0,0,0,0,0,0,0,1,0,0
891faea95cbffff,50.0374,8.52323,frankfurt,False,0,,0,False,0.459599,False,0,0.873724,0,0,0,0,0,0,0,0,0,0,0,0,0,0,0,0,0,0,0,0,0,0,0,0,0,0,0,0,0
891faea95cfffff,50.0379,8.52798,frankfurt,True,0,,0,False,0.459599,False,0,0.873724,0,0,0,0,0,0,0,0,0,0,0,0,0,0,0,0,0,0,0,0,0,0,0,0,0,0,0,0,0
891faea95d3ffff,50.0424,8.52254,frankfurt,False,0,,0,False,0.459599,False,0,0.873724,0,0,0,0,0,0,0,0,0,0,0,0,0,0,0,0,0,0,0,0,0,0,0,0,0,0,0,0,0
891faea95d7ffff,50.0429,8.52728,frankfurt,False,0,,0,False,0.459599,False,0,0.873724,0,0,0,0,0,0,0,0,0,0,0,0,0,0,0,0,0,0,0,0,0,0,0,0,0,0,0,0,0
891faea95dbffff,50.0397,8.52052,frankfurt,False,0,,0,False,0.459599,False,0,0.873724,0,0,0,0,0,0,0,0,0,0,0,0,0,0,0,0,0,0,0,0,0,0,0,0,0,0,1,0,0
891faea9623ffff,50.0149,8.5023,frankfurt,False,0,,0,False,0.459599,False,0,0.873724,0,0,0,0,0,0,0,0,0,0,0,0,0,0,0,0,0,0,0,0,0,0,0,0,0,0,0,0,0
891faea9627ffff,50.0154,8.50704,frankfurt,False,0,,0,False,0.459599,False,0,0.873724,0,0,0,0,0,0,0,0,0,0,0,0,0,0,0,0,0,0,0,0,0,0,0,0,0,0,0,0,0
891faea962fffff,50.0126,8.50502,frankfurt,False,0,,0,False,0.459599,False,0,0.873724,0,0,0,0,0,0,0,0,0,0,0,0,0,0,0,0,0,0,0,0,0,0,0,0,0,0,0,0,0
891faea9633ffff,50.0171,8.49958,frankfurt,False,0,,0,False,0.459599,False,0,0.873724,0,0,0,0,0,0,0,0,0,0,0,0,0,0,0,0,0,0,0,0,0,0,0,0,0,0,0,0,0
891faea9637ffff,50.0176,8.50433,frankfurt,False,0,,0,False,0.459599,False,0,0.873724,0,0,0,0,0,0,0,0,0,0,0,0,0,0,0,0,0,0,0,0,0,0,0,0,0,0,0,0,0
891faea96a3ffff,50.0221,8.49889,frankfurt,False,0,,0,False,0.459599,False,0,0.873724,0,0,0,0,0,0,0,0,0,0,0,0,0,0,0,0,0,0,0,0,0,0,0,0,0,0,0,0,0
891faea96a7ffff,50.0226,8.50363,frankfurt,False,0,,0,False,0.459599,False,0,0.873724,0,0,0,0,0,0,0,0,0,0,0,0,0,0,0,0,0,0,0,0,0,0,0,0,0,0,0,0,0
891faea96afffff,50.0199,8.50161,frankfurt,False,0,,0,False,0.459599,False,0,0.873724,0,0,0,0,0,0,0,0,0,0,0,0,0,0,0,0,0,0,0,0,0,0,0,0,0,0,0,0,0
891faea96b3ffff,50.0244,8.49617,frankfurt,False,0,,0,False,0.459599,False,0,0.873724,0,0,0,0,0,0,0,0,0,0,0,0,0,0,0,0,0,0,0,0,0,0,0,0,0,0,0,0,0
891faea96b7ffff,50.0249,8.50091,frankfurt,False,0,,0,False,0.459599,False,0,0.873724,0,0,0,0,0,0,0,0,0,0,0,0,0,0,0,0,0,0,0,0,0,0,0,0,0,0,0,0,0
891faea9803ffff,50.0107,8.60873,frankfurt,False,0,,0,False,0.459599,False,0,0.873724,0,0,0,0,0,0,0,0,0,0,0,0,0,0,0,0,0,0,0,0,0,0,0,0,0,0,0,0,0
891faea9813ffff,50.0129,8.60601,frankfurt,False,0,,0,False,0.459599,False,0,0.873724,0,0,0,0,0,0,0,0,0,0,0,0,0,0,0,0,0,0,0,0,0,0,0,0,0,0,0,0,0
891faea9817ffff,50.0134,8.61076,frankfurt,False,0,,0,False,0.459599,False,0,0.873724,0,0,0,0,0,0,0,0,0,0,0,0,0,0,0,0,0,0,0,0,0,0,0,0,0,0,0,0,0
891faea981bffff,50.0102,8.60398,frankfurt,False,0,,0,False,0.459599,False,0,0.873724,0,0,0,0,0,0,0,0,0,0,0,0,0,0,0,0,0,0,0,0,0,0,0,0,0,0,0,0,0
891faea9853ffff,50.007,8.59721,frankfurt,False,0,,0,False,0.459599,False,0,0.873724,0,0,0,0,0,0,0,0,0,0,0,0,0,0,0,0,0,0,0,0,0,0,0,0,0,0,0,0,0
891faea9857ffff,50.0074,8.60196,frankfurt,False,0,,0,False,0.459599,False,0,0.873724,0,0,0,0,0,0,0,0,0,0,0,0,0,0,0,0,0,0,0,0,0,0,0,0,0,0,0,0,0
891faea9883ffff,50.018,8.60532,frankfurt,False,0,,0,False,0.459599,False,0,0.873724,0,0,0,0,0,0,0,0,0,0,0,0,0,0,0,0,0,0,0,0,0,0,0,0,0,0,0,0,0
891faea9887ffff,50.0185,8.61007,frankfurt,False,0,,0,False,0.459599,False,0,0.873724,0,0,0,0,0,0,0,0,0,0,0,0,0,0,0,0,0,0,0,0,0,0,0,0,0,0,1,0,0
891faea988bffff,50.0152,8.6033,frankfurt,False,0,,0,False,0.459599,False,0,0.873724,0,0,0,0,0,0,0,0,0,0,0,0,0,0,0,0,0,0,0,0,0,0,0,0,0,0,0,0,0
891faea988fffff,50.0157,8.60804,frankfurt,False,0,,0,False,0.459599,False,0,0.873724,0,0,0,0,0,0,0,0,0,0,0,0,0,0,0,0,0,0,0,0,0,0,0,0,0,0,0,0,0
891faea9893ffff,50.0202,8.60261,frankfurt,False,0,,0,False,0.459599,False,0,0.873724,0,0,0,0,0,0,0,0,0,0,0,0,0,0,0,0,0,0,0,0,0,0,0,0,0,0,0,0,0
891faea9897ffff,50.0207,8.60735,frankfurt,False,0,,0,False,0.459599,False,0,0.873724,0,0,0,0,0,0,0,0,0,0,0,0,0,0,0,0,0,0,0,0,0,0,0,0,0,0,0,0,0
891faea989bffff,50.0175,8.60058,frankfurt,False,0,,0,False,0.459599,False,0,0.873724,0,0,0,0,0,0,0,0,0,0,0,0,0,0,0,0,0,0,0,0,0,0,0,0,0,0,0,0,0
891faea98c3ffff,50.012,8.59652,frankfurt,False,0,,0,False,0.459599,False,0,0.873724,0,0,0,0,0,0,0,0,0,0,0,0,0,0,0,0,0,0,0,0,0,0,0,0,0,0,0,0,0
891faea98c7ffff,50.0125,8.60127,frankfurt,False,0,,0,False,0.459599,False,0,0.873724,0,0,0,0,0,0,0,0,0,0,0,0,0,0,0,0,0,0,0,0,0,0,0,0,0,0,0,0,0
891faea98cbffff,50.0092,8.5945,frankfurt,False,0,,0,False,0.459599,False,0,0.873724,0,0,0,0,0,0,0,0,0,0,0,0,0,0,0,0,0,0,0,0,0,0,0,0,0,0,0,0,0
891faea98cfffff,50.0097,8.59924,frankfurt,False,0,,0,False,0.459599,False,0,0.873724,0,0,0,0,0,0,0,0,0,0,0,0,0,0,0,0,0,0,0,0,0,0,0,0,0,0,0,0,0
891faea98d3ffff,50.0142,8.59381,frankfurt,False,0,,0,False,0.459599,False,0,0.873724,0,0,0,0,0,0,0,0,0,0,0,0,0,0,0,0,0,0,0,0,0,0,0,0,0,0,0,0,0
891faea98d7ffff,50.0147,8.59855,frankfurt,False,0,,0,False,0.459599,False,0,0.873724,0,0,0,0,0,0,0,0,0,0,0,0,0,0,0,0,0,0,0,0,0,0,0,0,0,0,0,0,0
891faea98dbffff,50.0115,8.59178,frankfurt,False,0,,0,False,0.459599,False,0,0.873724,0,0,0,0,0,0,0,0,0,0,0,0,0,0,0,0,0,0,0,0,0,0,0,0,0,0,0,0,0
891faea9c03ffff,50.0265,8.58971,frankfurt,True,0,,0,False,0.459599,False,0,0.873724,0,0,0,0,0,0,0,0,0,0,0,0,0,0,0,0,0,0,0,0,0,0,0,0,0,0,1,0,0
891faea9c07ffff,50.027,8.59445,frankfurt,False,0,,0,False,0.459599,False,0,0.873724,0,0,0,0,0,0,0,0,0,0,0,0,0,0,0,0,0,0,0,0,0,0,0,0,0,0,0,0,0
891faea9c0bffff,50.0238,8.58768,frankfurt,True,0,,0,False,0.459599,False,0,0.873724,0,0,0,0,0,0,0,0,0,0,0,0,0,0,0,0,0,0,0,0,0,0,0,0,0,0,0,0,1
891faea9c0fffff,50.0243,8.59243,frankfurt,False,0,,0,False,0.459599,False,0,0.873724,0,0,0,0,0,0,0,0,0,0,0,0,0,1,0,0,0,0,0,0,0,0,0,0,0,0,0,0,0
891faea9c13ffff,50.0288,8.58699,frankfurt,True,0,,0,False,0.459599,False,0,0.873724,0,0,0,0,0,0,0,0,0,0,0,0,0,0,0,0,0,0,0,0,0,0,0,0,0,0,3,0,0
891faea9c17ffff,50.0293,8.59174,frankfurt,False,0,,0,False,0.459599,False,0,0.873724,0,0,0,0,0,0,0,0,0,0,0,0,0,0,0,0,0,0,0,0,0,0,0,0,0,0,2,0,0
891faea9c1bffff,50.026,8.58496,frankfurt,True,0,,0,False,0.459599,False,0,0.873724,0,0,0,0,0,0,0,0,0,0,0,0,0,0,0,0,0,0,0,0,0,0,0,0,0,0,3,0,0
891faea9c23ffff,50.0252,8.60192,frankfurt,False,0,,0,False,0.459599,False,0,0.873724,0,0,0,0,0,0,0,0,0,0,0,0,0,0,0,0,0,0,0,0,0,0,0,0,0,0,0,0,0
891faea9c27ffff,50.0257,8.60666,frankfurt,False,0,,0,False,0.459599,False,0,0.873724,0,0,0,0,0,0,0,0,0,0,0,0,0,0,0,0,0,0,0,0,0,0,0,0,0,0,0,0,0
891faea9c2bffff,50.0225,8.59989,frankfurt,False,0,,0,False,0.459599,False,0,0.873724,0,0,0,0,0,0,0,0,0,0,0,0,0,0,0,0,0,0,0,0,0,0,0,0,0,0,0,0,0
891faea9c2fffff,50.023,8.60463,frankfurt,False,0,,0,False,0.459599,False,0,0.873724,0,0,0,0,0,0,0,0,0,0,0,0,0,0,0,0,0,0,0,0,0,0,0,0,0,0,0,0,0
891faea9c33ffff,50.0275,8.5992,frankfurt,False,0,,0,False,0.459599,False,0,0.873724,0,0,0,0,0,0,0,0,0,0,0,0,0,0,0,0,0,0,0,0,0,0,0,0,0,0,0,0,0
891faea9c37ffff,50.028,8.60394,frankfurt,False,0,,0,False,0.459599,False,0,0.873724,0,0,0,0,0,0,0,0,0,0,0,0,0,0,0,0,0,0,0,0,0,0,0,0,0,0,0,0,0
891faea9c3bffff,50.0247,8.59717,frankfurt,False,0,,0,False,0.459599,False,0,0.873724,0,0,0,0,0,0,0,0,0,0,0,0,0,0,0,0,0,0,0,0,0,0,0,0,0,0,0,0,0
891faea9c43ffff,50.0205,8.58091,frankfurt,True,0,,0,False,0.459599,False,0,0.873724,0,0,0,0,0,0,0,0,0,0,0,0,0,0,0,0,0,0,0,0,0,0,0,0,0,0,0,0,0
891faea9c47ffff,50.021,8.58565,frankfurt,True,0,,0,False,0.459599,False,0,0.873724,0,0,0,0,0,0,0,0,0,0,0,0,0,0,0,0,0,0,0,0,0,0,0,0,0,0,0,0,0
891faea9c4bffff,50.0178,8.57888,frankfurt,True,0,,0,False,0.459599,False,0,0.873724,0,0,0,0,0,0,0,0,0,0,0,0,0,0,0,0,0,0,0,0,0,0,0,0,0,0,0,0,0
891faea9c4fffff,50.0183,8.58363,frankfurt,True,0,,0,False,0.459599,False,0,0.873724,0,0,0,0,0,0,0,0,0,0,0,0,0,0,0,0,0,0,0,0,0,0,0,0,0,0,0,0,0
891faea9c53ffff,50.0228,8.57819,frankfurt,True,0,,0,False,0.459599,False,0,0.873724,0,0,0,0,0,0,0,0,0,0,0,0,0,0,0,0,0,0,0,0,0,0,0,0,0,0,1,0,1
891faea9c57ffff,50.0233,8.58294,frankfurt,True,0,,0,False,0.459599,False,0,0.873724,0,0,0,0,0,0,0,0,0,0,0,0,0,0,0,0,0,0,0,0,0,0,0,0,0,0,1,0,1
891faea9c5bffff,50.02,8.57617,frankfurt,True,0,,0,False,0.459599,False,0,0.873724,0,0,0,0,0,0,0,0,0,0,0,0,0,0,0,0,0,0,0,0,0,0,0,0,0,0,0,0,0
891faea9c63ffff,50.0192,8.59312,frankfurt,False,0,,0,False,0.459599,False,0,0.873724,0,0,0,0,0,0,0,0,0,0,0,0,0,0,0,0,0,0,0,0,0,0,0,0,0,0,0,0,0
891faea9c67ffff,50.0197,8.59786,frankfurt,False,0,,0,False,0.459599,False,0,0.873724,0,0,0,0,0,0,0,0,0,0,0,0,0,0,0,0,0,0,0,0,0,0,0,0,0,0,0,0,0
891faea9c6bffff,50.0165,8.59109,frankfurt,False,6,10,11,False,0.5,False,11,1,0,0,0,0,0,0,0,0,0,0,0,0,0,0,0,0,0,0,0,0,0,0,0,0,0,0,0,0,2
891faea9c6fffff,50.017,8.59583,frankfurt,False,0,,0,False,0.459599,False,0,0.873724,0,0,0,0,0,0,0,0,0,0,0,0,0,0,0,0,0,0,0,0,0,0,0,0,0,0,0,0,0
891faea9c73ffff,50.0215,8.5904,frankfurt,True,0,,0,False,0.459599,False,0,0.873724,0,0,0,0,0,0,0,0,0,0,0,0,0,0,0,0,0,0,0,0,0,0,0,0,0,0,0,0,0
891faea9c77ffff,50.022,8.59514,frankfurt,False,0,,0,False,0.459599,False,0,0.873724,0,0,0,0,0,0,0,0,0,0,0,0,0,0,0,0,0,0,0,0,0,0,0,0,0,0,0,0,0
891faea9c7bffff,50.0188,8.58837,frankfurt,True,0,,0,False,0.459599,False,0,0.873724,0,0,0,0,0,0,0,0,0,0,0,0,0,0,0,0,0,0,0,0,0,0,0,0,0,0,0,0,0
891faea9c83ffff,50.0338,8.5863,frankfurt,True,0,,0,False,0.459599,False,0,0.873724,0,0,0,0,0,0,0,0,0,0,0,0,0,0,0,0,0,0,0,0,0,0,0,0,0,0,0,0,0
891faea9c87ffff,50.0343,8.59105,frankfurt,True,0,,0,False,0.459599,False,0,0.873724,0,0,0,0,0,0,0,0,0,0,0,0,0,0,0,0,0,0,0,0,0,0,0,0,0,0,2,0,0
891faea9c8bffff,50.031,8.58427,frankfurt,True,0,,0,False,0.459599,False,0,0.873724,0,0,0,0,0,0,0,0,0,0,0,0,0,0,0,0,0,0,0,0,0,0,0,0,0,0,0,0,0
891faea9c8fffff,50.0315,8.58902,frankfurt,True,0,,0,False,0.459599,False,0,0.873724,0,0,0,0,0,0,0,0,0,0,0,0,0,0,0,0,0,0,0,0,0,0,0,0,0,0,0,0,0
891faea9c93ffff,50.0361,8.58358,frankfurt,True,0,,0,False,0.459599,False,0,0.873724,0,0,0,0,0,0,0,0,0,0,0,0,0,0,0,0,0,0,0,0,0,0,0,0,0,0,0,0,0
891faea9c97ffff,50.0365,8.58833,frankfurt,True,0,,0,False,0.459599,False,0,0.873724,0,0,0,0,0,0,0,0,0,0,0,0,0,0,0,0,0,0,0,0,0,0,0,0,0,0,0,0,0
891faea9c9bffff,50.0333,8.58155,frankfurt,True,0,,0,False,0.459599,False,0,0.873724,0,0,0,0,0,0,0,0,0,0,0,0,1,0,0,0,0,0,0,0,0,0,0,0,0,0,0,0,0
891faea9ca3ffff,50.0325,8.59851,frankfurt,False,0,,0,False,0.459599,False,0,0.873724,0,0,0,0,0,0,0,0,0,0,0,0,0,0,0,0,0,0,0,0,0,0,0,0,0,0,0,0,0
891faea9ca7ffff,50.033,8.60326,frankfurt,False,0,,0,False,0.459599,False,0,0.873724,0,0,0,0,0,0,0,0,0,0,0,0,0,0,0,0,0,0,0,0,0,0,0,0,0,0,0,0,0
891faea9cabffff,50.0298,8.59648,frankfurt,False,0,,0,False,0.459599,False,0,0.873724,0,0,0,0,0,0,0,0,0,0,0,0,0,0,0,0,0,0,0,0,0,0,0,0,0,0,0,0,0
891faea9cafffff,50.0303,8.60123,frankfurt,False,0,,0,False,0.459599,False,0,0.873724,0,0,0,0,0,0,0,0,0,0,0,0,0,0,0,0,0,0,0,0,0,0,0,0,0,0,0,0,0
891faea9cb3ffff,50.0348,8.59579,frankfurt,False,0,,0,False,0.459599,False,0,0.873724,0,0,0,0,0,0,0,0,0,0,0,0,0,0,0,0,0,0,0,0,0,0,0,0,0,0,0,0,0
891faea9cb7ffff,50.0353,8.60054,frankfurt,False,0,,0,False,0.459599,False,0,0.873724,0,0,0,0,0,0,0,0,0,0,0,0,0,0,0,0,0,0,0,0,0,0,0,0,0,0,0,0,0
891faea9cbbffff,50.032,8.59376,frankfurt,False,0,,0,False,0.459599,False,0,0.873724,0,0,0,0,0,0,0,0,0,0,0,0,0,0,0,0,0,0,0,0,0,0,0,0,0,0,0,0,0
891faea9cc3ffff,50.0278,8.5775,frankfurt,True,0,,0,False,0.459599,False,0,0.873724,0,0,0,0,0,0,0,0,0,0,0,0,0,0,0,0,0,0,0,0,0,0,0,0,0,0,1,0,0
891faea9cc7ffff,50.0283,8.58225,frankfurt,True,0,,0,False,0.459599,False,0,0.873724,0,0,0,0,0,0,0,0,0,0,0,0,2,0,0,0,0,0,0,0,0,0,0,0,0,1,6,0,0
891faea9ccbffff,50.025,8.57547,frankfurt,True,0,,0,False,0.459599,False,0,0.873724,0,0,0,0,0,0,0,0,0,0,0,0,0,0,0,0,0,0,0,0,0,0,0,0,0,0,0,0,1
891faea9ccfffff,50.0255,8.58022,frankfurt,True,0,,0,False,0.459599,False,0,0.873724,0,0,0,0,0,0,0,0,0,0,0,0,0,0,0,0,0,0,0,0,0,0,0,0,0,0,0,0,0
891faea9cd3ffff,50.0301,8.57478,frankfurt,True,0,,0,False,0.459599,False,0,0.873724,0,0,0,0,0,0,0,0,0,0,0,0,0,0,0,0,0,0,0,0,0,0,0,0,0,0,0,0,0
891faea9cd7ffff,50.0305,8.57953,frankfurt,True,0,,0,False,0.459599,False,0,0.873724,0,0,0,0,0,0,0,0,0,0,0,0,0,0,0,0,0,1,0,0,0,0,0,0,0,0,0,0,0
891faea9cdbffff,50.0273,8.57276,frankfurt,True,0,,0,False,0.459599,False,0,0.873724,0,0,0,0,0,0,0,0,0,0,0,0,0,0,0,0,0,0,0,0,0,0,0,0,0,0,0,0,0
891faea9d13ffff,50.0322,8.62021,frankfurt,False,49,14.5,15,False,0.52381,False,23,0.863636,0,0,0,0,0,0,0,0,0,0,0,0,0,0,0,0,0,0,0,0,0,0,0,0,0,0,1,0,1
891faea9d1bffff,50.0295,8.61818,frankfurt,False,0,,0,False,0.459599,False,0,0.873724,0,0,0,0,0,0,0,0,0,0,0,0,0,0,0,0,0,0,0,0,0,0,0,0,0,0,0,0,0
891faea9d53ffff,50.0262,8.61141,frankfurt,False,0,,0,False,0.459599,False,0,0.873724,0,0,0,0,0,0,0,0,0,0,0,0,0,0,0,0,0,0,0,0,0,0,0,0,0,0,0,0,0
891faea9d5bffff,50.0235,8.60938,frankfurt,False,0,,0,False,0.459599,False,0,0.873724,0,0,0,0,0,0,0,0,0,0,0,0,0,0,0,0,0,0,0,0,0,0,0,0,0,0,0,0,0
891faea9d83ffff,50.0372,8.61952,frankfurt,False,0,,0,False,0.459599,False,0,0.873724,0,0,0,0,0,0,0,0,0,0,0,0,0,0,0,0,0,0,0,0,0,0,0,0,0,0,0,0,0
891faea9d87ffff,50.0377,8.62427,frankfurt,False,0,,0,False,0.459599,False,0,0.873724,0,0,0,0,0,0,0,0,0,0,0,0,0,0,0,0,0,0,0,0,0,0,0,0,0,0,0,0,0
891faea9d8bffff,50.0345,8.61749,frankfurt,False,233,9.57468,47,False,0.386957,False,102,0.783019,0,0,0,0,0,0,0,0,0,0,0,0,0,0,0,0,0,0,0,0,0,0,0,0,0,0,0,0,0
891faea9d8fffff,50.035,8.62224,frankfurt,False,0,,0,False,0.459599,False,0,0.873724,0,0,0,0,0,0,0,0,0,0,0,0,0,0,0,0,0,0,0,0,0,0,0,0,0,0,0,0,0
891faea9d93ffff,50.0395,8.61681,frankfurt,False,0,,0,False,0.459599,False,0,0.873724,0,0,0,0,0,0,0,0,0,0,0,0,0,0,0,0,0,0,0,0,0,0,0,0,0,0,0,0,0
891faea9d97ffff,50.04,8.62155,frankfurt,False,0,,0,False,0.459599,False,0,0.873724,0,0,0,0,0,0,0,0,0,0,0,0,0,0,0,0,0,0,0,0,0,0,0,0,0,0,0,0,0
891faea9d9bffff,50.0367,8.61478,frankfurt,False,151,10.1142,31,False,0.413534,False,67,0.755814,0,0,0,0,0,0,0,0,0,0,0,0,0,0,0,0,0,0,0,0,0,0,0,0,0,0,0,0,0
891faea9db3ffff,50.0382,8.62902,frankfurt,False,0,,0,False,0.459599,False,0,0.873724,0,0,0,0,0,0,0,0,0,0,0,0,0,0,0,0,0,0,0,0,0,0,0,0,0,0,0,0,0
891faea9dc3ffff,50.0312,8.61072,frankfurt,False,54,7,14,False,0.307692,False,13,0.5,0,0,0,0,0,0,0,0,0,0,0,0,0,0,0,0,0,0,0,0,0,0,0,0,0,0,0,0,0
891faea9dc7ffff,50.0317,8.61547,frankfurt,False,259,8.12111,63,False,0.397638,False,94,0.635417,0,0,0,0,0,0,0,0,0,0,0,0,0,1,0,0,0,0,0,0,0,0,0,0,0,0,1,0,0
891faea9dcbffff,50.0285,8.60869,frankfurt,False,0,,0,False,0.459599,False,0,0.873724,0,0,0,0,0,0,0,0,0,0,0,0,0,0,0,0,0,0,0,0,0,0,0,0,0,0,0,0,0
891faea9dcfffff,50.029,8.61344,frankfurt,False,0,,0,False,0.459599,False,0,0.873724,0,0,0,0,0,0,0,0,0,0,0,0,0,0,0,0,0,0,0,0,0,0,0,0,0,0,0,0,0
891faea9dd3ffff,50.0335,8.608,frankfurt,False,107,10.5782,17,False,0.365385,False,56,0.933333,0,0,0,0,0,0,0,0,0,0,0,0,0,0,0,0,0,0,0,0,0,0,0,0,0,0,0,0,0
891faea9dd7ffff,50.034,8.61275,frankfurt,False,373,9.41,58,False,0.364829,False,157,0.790541,0,0,0,0,0,0,0,0,0,0,0,0,0,0,0,0,0,0,0,0,0,1,0,0,0,0,1,0,0
891faea9ddbffff,50.0307,8.60597,frankfurt,False,0,,0,False,0.459599,False,0,0.873724,0,0,0,0,0,0,0,0,0,0,0,0,0,0,0,0,0,0,0,0,0,0,0,0,0,0,0,0,0
891faea9e03ffff,50.0072,8.57552,frankfurt,False,602,9.99698,129,False,0.378333,False,327,0.883436,0,0,0,0,0,1,0,0,0,0,1,0,0,3,0,0,0,0,1,0,0,0,0,1,0,0,0,0,1
891faea9e07ffff,50.0077,8.58026,frankfurt,False,329,9.78,58,False,0.340909,False,169,0.811765,0,0,0,0,0,0,0,0,0,0,0,0,0,0,0,0,0,0,0,0,0,0,0,1,0,0,1,0,0
891faea9e0bffff,50.0045,8.57349,frankfurt,False,476,9.558,85,False,0.372141,False,219,0.894231,0,0,0,0,0,0,0,0,0,0,0,0,0,1,0,0,0,0,0,0,0,0,0,0,0,0,0,0,1
891faea9e0fffff,50.005,8.57824,frankfurt,False,394,9.25125,64,False,0.313107,False,188,0.934426,1,0,0,0,0,0,0,0,0,0,0,0,0,0,0,0,0,0,0,0,0,0,0,0,0,0,1,0,0
891faea9e13ffff,50.0095,8.5728,frankfurt,False,410,9.31828,99,False,0.336709,False,219,0.90566,0,0,0,0,0,0,0,0,0,0,0,0,0,0,0,0,0,0,0,0,0,0,0,0,0,0,1,0,0
891faea9e17ffff,50.01,8.57755,frankfurt,False,617,9.48202,168,False,0.387097,False,339,0.912023,0,0,0,0,0,0,0,0,0,0,0,0,0,0,1,0,0,0,0,0,0,0,0,0,0,0,0,0,0
891faea9e1bffff,50.0068,8.57078,frankfurt,False,462,8.56181,83,False,0.368421,False,244,0.851695,0,0,0,0,0,0,0,0,0,0,0,0,0,0,0,0,0,0,0,0,0,0,0,0,0,0,0,0,0
891faea9e23ffff,50.006,8.58773,frankfurt,False,204,10.32,12,False,0.267677,False,91,0.85,0,0,0,0,0,0,0,0,0,0,0,0,0,0,0,0,0,0,0,0,0,0,0,0,0,0,0,0,0
891faea9e27ffff,50.0065,8.59247,frankfurt,False,85,10.48,10,False,0.252632,False,39,0.854167,0,0,0,0,0,0,0,0,0,0,0,0,0,0,0,0,0,0,0,0,0,0,0,0,0,0,0,0,0
891faea9e33ffff,50.0082,8.58501,frankfurt,False,12,9.46768,0,True,0.176471,False,3,0.5,0,0,0,0,0,0,0,0,0,0,0,0,0,0,0,0,0,0,0,0,0,0,0,0,0,0,0,0,0
891faea9e37ffff,50.0087,8.58975,frankfurt,False,0,,0,False,0.459599,False,0,0.873724,0,0,0,0,0,0,0,0,0,0,0,0,0,0,0,0,0,0,0,0,0,0,0,0,0,0,0,0,0
891faea9e3bffff,50.0055,8.58298,frankfurt,False,147,9.21462,26,False,0.340741,False,74,0.84375,0,0,0,0,0,0,0,0,0,0,0,0,0,1,0,0,0,0,0,0,0,0,0,0,0,0,0,0,0
891faea9e57ffff,50.004,8.56875,frankfurt,False,370,8.42833,84,False,0.365854,False,170,0.860465,0,0,0,0,0,0,0,0,0,0,0,0,0,1,0,0,0,0,0,0,0,0,0,0,0,0,3,0,0
891faea9e73ffff,50.0022,8.57621,frankfurt,False,675,9.61187,160,False,0.422323,False,318,0.839744,0,0,0,0,0,0,0,0,0,0,1,0,1,0,0,1,0,0,0,0,0,0,0,0,0,0,1,0,1
891faea9e77ffff,50.0027,8.58096,frankfurt,False,312,8.68345,139,False,0.384868,False,169,0.874214,0,0,0,0,0,0,0,1,0,0,1,0,0,1,0,0,0,0,0,0,0,0,0,0,0,0,1,0,1
891faea9e83ffff,50.0145,8.57211,frankfurt,False,0,,0,False,0.459599,False,0,0.873724,0,0,0,0,0,0,0,0,0,0,0,0,0,0,0,0,0,0,0,0,0,0,0,0,0,0,0,0,0
891faea9e87ffff,50.015,8.57686,frankfurt,False,67,7.36129,31,False,0.444444,False,38,0.828571,0,0,0,0,0,0,0,0,0,0,0,0,0,1,1,0,0,0,0,0,0,0,0,0,0,0,0,0,1
891faea9e8bffff,50.0118,8.57009,frankfurt,False,0,,0,False,0.459599,False,0,0.873724,0,0,0,0,0,0,0,0,0,0,0,0,0,0,0,0,0,0,0,0,0,0,0,0,0,0,0,0,0
891faea9e8fffff,50.0123,8.57483,frankfurt,False,256,8.44933,30,False,0.316176,False,134,0.819444,0,0,0,0,0,0,0,0,0,0,0,0,0,0,0,0,0,0,0,0,0,0,0,0,0,0,0,0,0
891faea9e93ffff,50.0168,8.56939,frankfurt,False,0,,0,False,0.459599,False,0,0.873724,0,0,0,0,0,0,0,0,0,0,0,0,0,0,0,0,0,0,0,0,0,0,0,0,0,0,0,0,0
891faea9e97ffff,50.0173,8.57414,frankfurt,False,0,,0,False,0.459599,False,0,0.873724,0,0,0,0,0,0,0,0,0,0,0,0,0,0,0,0,0,0,0,0,0,0,0,0,0,0,0,0,0
891faea9e9bffff,50.014,8.56737,frankfurt,False,0,,0,False,0.459599,False,0,0.873724,0,0,0,0,0,0,0,0,0,0,0,0,0,0,0,0,0,0,0,0,0,0,0,0,0,0,0,0,0
891faea9ea3ffff,50.0132,8.58432,frankfurt,False,316,8.11047,43,False,0.475728,False,150,0.809859,0,0,0,0,0,0,0,0,0,0,0,0,0,2,1,0,0,0,0,0,0,0,0,0,0,0,4,0,1
891faea9ea7ffff,50.0137,8.58906,frankfurt,False,0,,0,False,0.459599,False,0,0.873724,0,0,0,0,0,0,0,0,0,0,0,0,0,0,0,0,0,0,0,0,0,0,0,0,0,0,0,0,0
891faea9eabffff,50.0105,8.58229,frankfurt,False,832,9.48661,165,False,0.415771,False,370,0.835979,0,0,0,0,0,0,0,0,0,0,0,0,1,0,0,0,0,0,0,0,0,0,0,0,0,0,1,0,0
891faea9eafffff,50.011,8.58703,frankfurt,False,0,,0,False,0.459599,False,0,0.873724,0,0,0,0,0,0,0,2,0,0,1,0,0,1,0,0,0,1,0,0,0,0,0,0,0,0,0,0,0
891faea9eb3ffff,50.0155,8.5816,frankfurt,False,124,8.85661,56,False,0.542373,False,76,0.84,0,0,0,0,0,0,0,0,0,0,0,0,0,1,0,0,0,0,0,0,0,0,0,0,0,0,0,0,0
891faea9eb7ffff,50.016,8.58634,frankfurt,False,65,5.64,10,False,0.310345,False,39,0.896552,0,0,0,0,0,0,0,0,0,0,0,0,0,0,0,0,0,0,0,0,0,0,0,0,0,0,0,0,0
891faea9ebbffff,50.0128,8.57957,frankfurt,False,783,9.81731,216,False,0.50447,False,404,0.889744,0,0,0,0,0,0,0,0,0,0,0,0,0,0,0,0,0,0,0,0,0,0,0,0,0,0,2,0,0
891faea9ec3ffff,50.0085,8.56332,frankfurt,False,0,,0,False,0.459599,False,0,0.873724,0,0,0,0,0,0,0,0,0,0,0,0,0,0,0,0,0,0,0,0,0,0,0,0,0,0,0,0,0
891faea9ec7ffff,50.009,8.56806,frankfurt,False,127,8.14765,17,False,0.413043,False,50,0.833333,0,0,0,0,0,0,0,0,0,0,0,0,0,0,0,0,0,0,0,0,0,0,0,0,0,0,1,0,0
891faea9ecfffff,50.0063,8.56603,frankfurt,False,271,7.41172,122,False,0.433213,False,123,0.859649,0,0,0,0,0,0,0,1,0,0,0,0,0,1,0,0,0,0,0,0,0,0,0,0,0,0,0,0,0
891faea9ed3ffff,50.0108,8.5606,frankfurt,False,0,,0,False,0.459599,False,0,0.873724,0,0,0,0,0,0,0,0,0,0,0,0,0,0,0,0,0,0,0,0,0,0,0,0,0,0,0,0,0
891faea9ed7ffff,50.0113,8.56534,frankfurt,False,0,,0,False,0.459599,False,0,0.873724,0,0,0,0,0,0,0,0,0,0,0,0,0,0,0,0,0,0,0,0,0,0,0,0,0,0,0,0,0
891faeaa003ffff,50.1125,8.56099,frankfurt,True,0,,0,False,0.459599,False,0,0.873724,0,0,0,0,0,0,0,0,0,0,0,0,0,1,0,0,0,0,0,0,0,0,0,0,0,0,0,0,0
891faeaa007ffff,50.113,8.56574,frankfurt,True,0,,0,False,0.459599,False,0,0.873724,0,0,0,0,0,0,0,0,0,0,0,0,0,0,0,0,0,0,0,0,0,0,0,0,0,0,0,0,0
891faeaa00bffff,50.1097,8.55896,frankfurt,True,0,,0,False,0.459599,False,0,0.873724,0,0,0,0,0,0,0,0,0,0,0,0,0,0,0,0,0,0,0,0,0,0,0,0,0,0,0,0,0
891faeaa00fffff,50.1102,8.56371,frankfurt,True,0,,0,False,0.459599,False,0,0.873724,0,0,0,0,0,0,0,0,0,0,0,0,0,0,0,0,0,0,0,0,0,0,0,0,0,0,0,0,1
891faeaa013ffff,50.1147,8.55827,frankfurt,True,426,7.62571,196,False,0.353222,False,213,0.85514,0,0,0,0,0,0,0,0,0,0,1,0,0,1,0,0,0,0,0,0,0,0,0,0,0,0,1,0,0
891faeaa017ffff,50.1152,8.56302,frankfurt,True,0,,0,False,0.459599,False,0,0.873724,0,0,0,0,0,0,0,0,0,0,0,0,0,0,0,0,0,0,0,0,0,0,0,0,0,0,0,0,0
891faeaa01bffff,50.112,8.55624,frankfurt,True,349,10.1829,122,False,0.421965,False,143,0.903846,0,0,0,0,0,0,0,0,0,0,0,0,0,0,0,0,0,0,0,0,0,0,0,0,0,0,0,0,0
891faeaa023ffff,50.1112,8.57321,frankfurt,True,12,9.42346,0,True,0,False,7,1,0,0,0,0,0,0,0,0,0,0,0,0,0,0,0,0,0,0,0,0,0,0,0,0,0,0,0,0,0
891faeaa027ffff,50.1117,8.57796,frankfurt,True,3,9.26593,0,True,0,False,3,0.873724,0,0,0,0,0,0,0,0,0,0,0,0,0,0,0,0,0,0,0,0,0,0,0,0,0,0,0,0,0
891faeaa02bffff,50.1085,8.57118,frankfurt,True,35,11.52,4,False,0.375,False,20,1,0,0,0,0,0,0,0,0,0,0,0,0,0,0,0,0,0,0,0,0,0,0,0,0,0,0,0,0,0
891faeaa02fffff,50.109,8.57593,frankfurt,True,5,9.17817,0,True,1,False,0,0.873724,0,0,0,0,0,0,0,0,0,0,0,0,0,0,0,0,0,0,0,0,0,0,0,0,0,0,0,0,0
891faeaa033ffff,50.1135,8.57049,frankfurt,True,9,8.8398,0,True,0.333333,False,8,1,0,0,0,0,0,0,0,0,0,0,0,0,0,0,0,0,0,0,0,0,0,0,0,0,0,0,0,0,0
891faeaa037ffff,50.114,8.57524,frankfurt,True,0,,0,False,0.459599,False,0,0.873724,0,0,0,0,0,0,0,0,0,0,0,0,0,0,0,0,0,0,0,0,0,0,0,0,0,0,0,0,0
891faeaa03bffff,50.1107,8.56846,frankfurt,True,71,9.51,8,False,0.30303,False,35,0.914286,0,0,0,0,0,0,0,0,0,0,0,0,0,0,0,0,0,0,0,0,0,0,0,0,0,0,0,0,0
891faeaa043ffff,50.1065,8.55218,frankfurt,True,1197,8.44123,365,False,0.371333,False,494,0.83195,0,0,0,0,0,0,0,0,0,0,1,0,0,0,0,0,1,0,0,0,0,0,0,0,0,0,2,0,1
891faeaa047ffff,50.107,8.55693,frankfurt,True,11,12.18,11,False,0.461538,False,8,1,0,0,0,0,0,0,0,0,0,0,0,0,0,0,0,0,0,0,0,0,0,0,0,0,0,0,0,0,0
891faeaa04bffff,50.1037,8.55015,frankfurt,True,1263,9.83284,447,False,0.498824,False,500,0.726166,0,0,0,0,0,0,0,0,0,0,1,0,2,1,3,0,0,0,0,0,0,0,0,0,0,0,2,0,0
891faeaa04fffff,50.1042,8.5549,frankfurt,True,153,10.7294,47,False,0.433566,False,53,0.610169,0,0,0,1,0,0,0,1,0,0,0,0,0,0,1,0,0,0,0,0,0,0,0,0,0,0,0,0,3
891faeaa053ffff,50.1087,8.54946,frankfurt,True,1130,8.80477,505,False,0.492077,False,553,0.867491,0,0,0,0,0,0,0,0,0,0,0,0,0,0,0,0,0,0,0,0,0,0,0,0,0,0,2,0,0
891faeaa057ffff,50.1092,8.55421,frankfurt,True,160,11.3773,33,False,0.428571,False,82,0.913043,0,0,0,0,0,0,0,0,0,0,0,0,0,0,0,0,0,0,0,0,0,0,0,0,0,0,0,0,0
891faeaa05bffff,50.106,8.54743,frankfurt,True,1150,9.24751,422,False,0.488312,False,508,0.838462,0,0,0,0,0,0,0,0,0,0,0,0,0,0,1,0,0,0,0,0,0,0,0,0,0,0,1,0,1
891faeaa063ffff,50.1052,8.5644,frankfurt,True,5,9.3714,0,True,0.459599,True,0,0.873724,0,0,0,0,0,0,0,0,0,0,0,0,0,0,0,0,0,0,0,0,0,0,0,0,0,0,0,0,0
891faeaa067ffff,50.1057,8.56915,frankfurt,True,0,,0,False,0.459599,False,0,0.873724,0,0,0,0,0,0,0,0,0,0,0,0,0,0,0,0,0,0,0,0,0,0,0,0,0,0,0,0,0
891faeaa06bffff,50.1025,8.56237,frankfurt,True,749,8.13884,268,False,0.413386,False,347,0.850144,0,0,0,0,0,0,0,0,0,0,0,0,0,0,0,0,0,0,0,0,0,0,0,0,1,0,1,0,0
891faeaa06fffff,50.103,8.56712,frankfurt,True,362,9.47153,215,False,0.458924,False,229,0.922414,0,0,0,0,0,0,0,0,0,0,1,0,0,0,1,0,0,0,1,0,0,0,0,0,0,0,1,0,0
891faeaa073ffff,50.1075,8.56168,frankfurt,True,18,13.67,3,False,1,False,9,1,0,0,0,0,0,0,0,0,0,0,0,0,0,0,0,0,0,0,0,0,0,0,0,0,0,0,0,0,0
891faeaa077ffff,50.108,8.56643,frankfurt,True,22,9.82,3,False,0.375,False,8,1,0,0,0,0,0,0,0,0,0,0,0,0,0,0,0,0,0,0,0,0,0,0,0,0,0,0,0,0,0
891faeaa07bffff,50.1047,8.55965,frankfurt,True,7,9.56043,0,True,0.666667,False,3,0.873724,0,0,0,0,0,0,0,0,0,0,0,0,0,0,0,0,0,0,0,0,0,0,0,0,0,0,0,0,0
891faeaa083ffff,50.1198,8.55757,frankfurt,True,765,8.62483,379,False,0.418275,False,379,0.850949,0,0,0,0,0,0,0,0,0,0,0,0,0,0,0,0,0,0,0,0,0,0,0,0,0,0,0,0,0
891faeaa087ffff,50.1202,8.56232,frankfurt,True,619,9.92383,175,False,0.343042,False,297,0.878893,0,0,0,0,0,0,0,0,0,0,0,0,0,0,0,0,0,0,0,0,0,0,0,0,0,0,0,0,0
891faeaa08bffff,50.117,8.55554,frankfurt,True,820,8.57526,293,False,0.415536,False,357,0.759777,0,0,0,0,0,0,0,0,0,0,0,0,0,0,0,0,0,0,0,0,0,0,0,0,0,0,2,0,0
891faeaa08fffff,50.1175,8.56029,frankfurt,True,656,8.58229,249,False,0.434579,False,305,0.802632,0,0,0,0,0,0,0,0,0,0,0,0,1,1,0,0,0,0,0,0,0,0,0,0,0,0,2,0,0
891faeaa093ffff,50.122,8.55485,frankfurt,True,269,8.59767,90,False,0.404669,False,107,0.72549,0,0,0,0,0,0,0,0,0,0,0,0,0,0,0,0,0,0,0,0,0,0,0,0,0,0,0,0,0
891faeaa097ffff,50.1225,8.5596,frankfurt,True,241,9.77191,94,False,0.368889,False,132,0.929134,0,0,0,0,0,0,0,0,0,0,0,0,0,0,0,0,0,0,0,0,0,0,0,0,0,0,0,0,0
891faeaa09bffff,50.1193,8.55282,frankfurt,True,524,9.14992,239,False,0.413989,False,264,0.83209,0,0,0,0,0,0,0,0,0,0,0,0,0,0,0,0,0,0,0,0,0,0,0,0,0,0,0,0,0
891faeaa0a3ffff,50.1185,8.5698,frankfurt,True,174,9.16467,45,False,0.298343,False,86,0.802326,0,0,0,0,0,0,0,0,0,0,0,0,0,0,0,0,0,0,0,0,0,0,0,0,0,0,0,0,0
891faeaa0a7ffff,50.119,8.57455,frankfurt,True,0,,0,False,0.459599,False,0,0.873724,0,0,0,0,0,0,0,0,0,0,0,0,0,0,0,0,0,0,0,0,0,0,0,0,0,0,0,0,0
891faeaa0abffff,50.1157,8.56777,frankfurt,True,0,,0,False,0.459599,False,0,0.873724,0,0,0,0,0,0,0,0,0,0,0,0,0,0,0,0,0,0,0,0,0,0,0,0,0,0,0,0,0
891faeaa0afffff,50.1162,8.57252,frankfurt,True,0,,0,False,0.459599,False,0,0.873724,0,0,0,0,0,0,0,0,0,0,0,0,0,0,0,0,0,0,0,0,0,0,0,0,0,0,0,0,0
891faeaa0b3ffff,50.1207,8.56707,frankfurt,True,830,9.04715,277,False,0.408163,False,417,0.86215,0,0,0,0,0,0,0,0,0,0,1,0,1,2,2,0,0,0,0,0,0,0,0,0,0,0,2,0,1
891faeaa0b7ffff,50.1212,8.57182,frankfurt,True,289,8.55692,91,False,0.328571,False,163,0.934641,0,0,0,0,0,0,0,0,0,0,0,0,0,0,0,0,0,0,0,0,0,0,0,0,0,0,0,0,0
891faeaa0bbffff,50.118,8.56504,frankfurt,True,426,8.59777,139,False,0.505774,False,214,0.899543,0,0,0,0,0,0,0,0,0,0,0,0,0,1,1,0,0,0,0,0,0,0,0,0,0,0,0,0,0
891faeaa0c3ffff,50.1138,8.54877,frankfurt,True,1484,6.99014,415,False,0.390952,False,573,0.745098,0,0,0,0,0,0,0,0,0,0,0,0,0,0,0,0,0,0,0,0,0,0,0,0,0,0,3,0,0
891faeaa0c7ffff,50.1142,8.55352,frankfurt,True,1611,6.1589,593,False,0.370279,False,710,0.793741,0,0,0,0,0,0,0,1,0,0,0,0,0,0,0,0,0,0,0,0,0,0,0,0,0,1,1,0,0
891faeaa0cbffff,50.111,8.54674,frankfurt,True,706,8.36538,383,False,0.437229,False,382,0.889175,0,0,0,0,0,0,0,0,0,0,0,0,1,1,0,0,0,0,0,0,0,0,0,0,0,0,2,0,0
891faeaa0cfffff,50.1115,8.55149,frankfurt,True,902,7.34147,299,False,0.442841,False,371,0.78329,0,0,0,0,0,0,0,0,0,0,0,0,0,0,0,0,0,0,0,0,0,0,0,0,0,0,3,0,0
891faeaa0d3ffff,50.116,8.54604,frankfurt,True,172,8.39438,0,True,0.350993,False,57,0.659574,0,0,0,0,0,0,0,0,0,0,0,0,0,0,0,0,0,0,0,0,0,0,0,0,0,0,0,0,0
891faeaa0d7ffff,50.1165,8.55079,frankfurt,True,134,6.14675,40,False,0.355372,False,41,0.75,0,0,0,0,0,0,0,0,0,0,0,0,0,0,0,0,0,0,0,0,0,0,0,0,0,0,0,0,0
891faeaa0dbffff,50.1133,8.54402,frankfurt,True,360,11.2648,126,False,0.355556,False,159,0.78125,0,0,0,0,0,0,0,1,0,0,0,0,1,0,0,0,0,0,1,0,0,0,0,0,0,0,2,0,1
891faeaa103ffff,50.1159,8.59424,frankfurt,True,0,,0,False,0.459599,False,0,0.873724,0,0,0,0,0,0,0,0,0,0,0,0,0,0,0,0,0,0,0,0,0,0,0,0,0,0,0,0,0
891faeaa107ffff,50.1164,8.59899,frankfurt,True,4,8.59,3,False,0.5,False,8,1,0,0,0,0,0,0,0,0,0,0,0,0,0,0,0,0,0,0,0,0,0,0,0,0,0,0,0,0,0
891faeaa10bffff,50.1132,8.59221,frankfurt,True,3,9.49832,0,True,0,False,3,0.873724,0,0,0,0,0,0,0,0,0,0,0,0,0,0,0,0,0,0,0,0,0,0,0,0,0,0,0,0,0
891faeaa10fffff,50.1137,8.59696,frankfurt,True,84,10.57,6,False,0.369048,False,29,0.833333,0,0,0,0,0,0,0,0,0,0,0,0,0,0,0,0,0,0,0,0,0,0,0,0,0,0,0,0,0
891faeaa113ffff,50.1182,8.59152,frankfurt,True,0,,0,False,0.459599,False,0,0.873724,0,0,0,0,0,0,0,0,0,0,0,0,0,0,0,0,0,0,0,0,0,0,0,0,0,0,0,0,0
891faeaa117ffff,50.1187,8.59627,frankfurt,True,10,9.93679,0,True,0.459599,True,4,0.873724,0,0,0,0,0,0,0,0,0,0,0,0,0,0,0,0,0,0,0,0,0,0,0,0,0,0,0,0,0
891faeaa11bffff,50.1154,8.58949,frankfurt,True,0,,0,False,0.459599,False,0,0.873724,0,0,0,0,0,0,0,0,0,0,0,0,0,0,0,0,0,0,0,0,0,0,0,0,0,0,0,0,0
891faeaa123ffff,50.1147,8.60647,frankfurt,True,0,,0,False,0.459599,False,0,0.873724,0,0,0,0,0,0,0,0,0,0,0,0,0,1,0,0,0,0,0,0,0,0,0,0,0,0,0,0,0
891faeaa127ffff,50.1152,8.61122,frankfurt,True,0,,0,False,0.459599,False,0,0.873724,0,0,0,0,0,0,0,0,0,0,0,0,0,0,0,0,0,0,0,0,0,0,0,0,0,0,0,0,0
891faeaa12bffff,50.1119,8.60444,frankfurt,True,0,,0,False,0.459599,False,0,0.873724,0,0,0,0,0,0,0,0,0,0,0,0,0,1,0,0,0,0,1,0,0,0,0,0,0,0,0,0,0
891faeaa12fffff,50.1124,8.60919,frankfurt,True,0,,0,False,0.459599,False,0,0.873724,0,0,0,0,0,0,0,0,0,0,0,0,0,0,0,0,0,0,0,0,0,0,0,0,0,0,0,0,0
891faeaa133ffff,50.1169,8.60374,frankfurt,True,61,13.36,16,False,0.5625,False,35,1,0,0,0,0,0,0,0,0,0,0,0,0,0,1,0,0,0,0,0,0,0,0,0,0,0,0,0,0,0
891faeaa137ffff,50.1174,8.6085,frankfurt,True,9,10.4407,0,True,0.459599,True,3,0.873724,0,0,0,0,0,0,0,0,0,0,0,0,0,0,0,0,0,0,0,0,0,0,0,0,0,0,0,0,0
891faeaa13bffff,50.1142,8.60171,frankfurt,True,0,,0,False,0.459599,False,0,0.873724,0,0,0,0,0,0,0,0,0,0,0,0,0,0,0,0,0,0,0,0,0,0,0,0,0,0,0,0,0
891faeaa143ffff,50.1099,8.58543,frankfurt,True,231,8.22519,131,False,0.248,False,130,0.904762,0,0,0,0,0,0,0,0,0,0,0,0,0,0,0,0,0,0,0,0,0,0,0,0,0,0,0,0,0
891faeaa147ffff,50.1104,8.59018,frankfurt,True,0,,0,False,0.459599,False,0,0.873724,0,0,0,0,0,0,0,0,0,0,0,0,0,0,0,0,0,0,0,0,0,0,0,0,0,0,0,0,0
891faeaa14bffff,50.1072,8.5834,frankfurt,True,1286,9.46512,416,False,0.401575,False,649,0.917445,0,0,0,0,0,0,0,0,0,0,0,0,0,0,0,0,0,0,0,0,0,0,0,0,0,0,2,0,0
891faeaa14fffff,50.1077,8.58815,frankfurt,True,785,10.5445,152,False,0.375,False,360,0.866295,0,0,0,0,0,0,0,1,0,0,0,0,0,0,0,0,0,0,0,0,0,0,0,0,0,0,0,0,0
891faeaa153ffff,50.1122,8.58271,frankfurt,True,0,,0,False,0.459599,False,0,0.873724,0,0,0,0,0,0,0,0,0,0,0,0,0,0,0,0,0,0,0,0,0,0,0,0,0,0,0,0,0
891faeaa157ffff,50.1127,8.58746,frankfurt,True,0,,0,False,0.459599,False,0,0.873724,0,0,0,0,0,0,0,0,0,0,0,0,0,0,0,0,0,0,0,0,0,0,0,0,0,0,0,0,0
891faeaa15bffff,50.1095,8.58068,frankfurt,True,175,7.95899,69,False,0.347059,False,83,0.805195,0,0,0,0,0,0,0,0,0,0,0,0,0,1,0,0,0,0,0,0,0,0,0,0,0,0,0,0,0
891faeaa163ffff,50.1087,8.59765,frankfurt,True,5,8.81446,0,True,0.459599,True,0,0.873724,0,0,0,0,0,0,0,0,0,0,0,0,0,0,0,0,0,0,0,0,0,0,0,0,0,0,0,0,0
891faeaa167ffff,50.1092,8.6024,frankfurt,True,49,23.93,4,False,0.346939,False,19,0.785714,0,0,0,0,0,0,0,0,0,0,0,0,0,0,0,0,0,0,0,0,0,0,0,0,0,0,1,0,0
891faeaa16bffff,50.1059,8.59562,frankfurt,True,60,6.31,14,False,0.33871,False,23,0.571429,0,0,0,0,0,0,0,0,0,0,0,0,0,0,0,0,0,0,0,0,0,0,0,0,0,0,0,0,0
891faeaa16fffff,50.1064,8.60037,frankfurt,True,224,9.65,41,False,0.392523,False,102,0.766355,0,0,0,0,0,0,0,0,0,0,0,0,0,0,0,0,0,0,0,0,0,0,0,0,0,0,2,0,0
891faeaa173ffff,50.1109,8.59493,frankfurt,True,122,10.175,6,False,0.179245,False,53,0.842105,0,0,0,0,0,0,0,0,0,0,0,0,0,0,0,0,0,0,0,0,0,0,0,0,0,0,0,0,0
891faeaa177ffff,50.1114,8.59968,frankfurt,True,8,10.429,0,True,0.459599,True,5,1,0,0,0,0,0,0,0,0,0,0,0,0,0,0,0,0,0,0,0,0,0,0,0,0,0,0,2,0,0
891faeaa17bffff,50.1082,8.5929,frankfurt,True,0,,0,False,0.459599,False,0,0.873724,0,0,0,0,0,0,0,0,0,0,0,0,0,0,0,0,0,0,0,0,0,0,0,0,0,0,0,0,0
891faeaa183ffff,50.1232,8.59083,frankfurt,True,98,12.0624,29,False,0.46875,False,47,0.93617,0,0,0,0,0,0,0,0,0,0,0,0,0,1,0,0,0,0,0,0,0,0,0,0,0,0,1,0,3
891faeaa187ffff,50.1237,8.59558,frankfurt,True,37,10.815,6,False,0.62963,False,15,0.873724,0,0,0,0,0,0,0,0,0,0,0,0,0,0,0,0,0,0,0,0,0,0,0,0,0,0,2,0,1
891faeaa18bffff,50.1205,8.5888,frankfurt,True,0,,0,False,0.459599,False,0,0.873724,0,0,0,0,0,0,0,0,0,0,0,0,0,0,0,0,0,0,0,0,0,0,0,0,0,0,0,0,0
891faeaa18fffff,50.1209,8.59355,frankfurt,True,0,,0,False,0.459599,False,0,0.873724,0,0,0,0,0,0,0,0,0,0,0,0,0,0,0,0,0,0,0,0,0,0,0,0,0,0,0,0,0
891faeaa193ffff,50.1255,8.58811,frankfurt,True,0,,0,False,0.459599,False,0,0.873724,0,0,0,0,0,0,0,0,0,0,0,0,0,0,0,0,0,0,0,0,0,0,0,0,0,0,3,0,0
891faeaa197ffff,50.126,8.59286,frankfurt,True,0,,0,False,0.459599,False,0,0.873724,0,0,0,0,0,0,0,0,0,0,0,0,0,0,0,0,0,0,0,0,0,0,0,0,0,0,0,0,0
891faeaa19bffff,50.1227,8.58608,frankfurt,True,159,10.3515,54,False,0.434783,False,77,0.848837,0,0,0,0,0,0,0,0,0,0,0,0,0,0,0,0,0,1,0,0,0,0,0,0,0,0,1,0,0
891faeaa1a3ffff,50.1219,8.60305,frankfurt,True,753,10.1613,253,False,0.447644,False,386,0.896,0,0,0,0,0,0,0,0,0,0,0,0,0,0,0,0,0,0,0,0,0,0,0,0,0,0,0,0,1
891faeaa1a7ffff,50.1224,8.60781,frankfurt,True,960,11.3036,365,False,0.432124,False,538,0.875926,0,0,0,0,0,0,0,0,0,0,0,0,0,1,0,0,0,0,0,0,0,0,0,0,0,0,0,0,0
891faeaa1abffff,50.1192,8.60102,frankfurt,True,623,9.6928,200,False,0.42492,False,321,0.890966,0,0,0,0,0,0,0,0,0,0,0,0,0,0,0,0,0,0,0,0,0,0,0,0,0,0,0,0,0
891faeaa1afffff,50.1197,8.60578,frankfurt,True,475,10.9707,94,False,0.358871,False,230,0.851528,0,0,0,0,0,0,0,0,0,0,0,0,0,0,0,0,0,0,0,0,0,0,0,0,0,0,0,0,0
891faeaa1b3ffff,50.1242,8.60033,frankfurt,True,274,7.82449,107,False,0.348754,False,125,0.802817,0,0,0,0,0,0,0,1,0,0,0,0,0,1,0,0,0,0,0,0,0,0,0,0,0,0,0,0,0
891faeaa1b7ffff,50.1247,8.60509,frankfurt,True,1484,9.25828,734,False,0.450505,False,740,0.876543,1,0,0,0,0,0,0,1,0,0,2,0,0,3,0,0,0,0,0,0,0,0,0,0,0,1,3,0,1
891faeaa1bbffff,50.1214,8.5983,frankfurt,True,169,9.92644,59,False,0.50289,False,91,0.903226,0,0,0,0,0,0,0,1,0,0,0,0,0,0,0,0,0,0,0,0,1,0,0,0,0,0,2,0,0
891faeaa1c3ffff,50.1172,8.58202,frankfurt,True,0,,0,False,0.459599,False,0,0.873724,0,0,0,0,0,0,0,0,0,0,0,0,0,0,0,0,0,0,0,0,0,0,0,0,0,0,0,0,0
891faeaa1c7ffff,50.1177,8.58677,frankfurt,True,0,,0,False,0.459599,False,0,0.873724,0,0,0,0,0,0,0,0,0,0,0,0,0,0,0,0,0,0,0,0,0,0,0,0,0,0,0,0,0
891faeaa1cbffff,50.1145,8.57999,frankfurt,True,0,,0,False,0.459599,False,0,0.873724,0,0,0,0,0,0,0,0,0,0,0,0,0,0,0,0,0,0,0,0,0,0,0,0,0,0,0,0,0
891faeaa1cfffff,50.115,8.58474,frankfurt,True,8,8.09481,0,True,0.5,False,3,0.873724,0,0,0,0,0,0,0,0,0,0,0,0,0,0,0,0,0,0,0,0,0,0,0,0,0,0,0,0,0
891faeaa1d3ffff,50.1195,8.5793,frankfurt,True,15,6.81,6,False,0.454545,False,6,1,0,0,0,0,0,0,0,0,0,0,0,0,1,0,0,0,0,0,0,0,0,0,0,0,0,0,0,0,0
891faeaa1d7ffff,50.12,8.58405,frankfurt,True,0,,0,False,0.459599,False,0,0.873724,0,0,0,0,0,0,0,0,0,0,0,0,0,0,0,0,0,0,0,0,0,0,0,0,0,0,0,0,0
891faeaa1dbffff,50.1167,8.57727,frankfurt,True,0,,0,False,0.459599,False,0,0.873724,0,0,0,0,0,0,0,0,0,0,0,0,0,0,0,0,0,0,0,0,0,0,0,0,0,0,0,0,0
891faeaa203ffff,50.0932,8.54679,frankfurt,True,0,,0,False,0.459599,False,0,0.873724,0,0,0,0,0,0,0,0,0,0,0,0,0,0,0,0,0,0,0,0,0,0,0,0,0,0,0,0,0
891faeaa207ffff,50.0937,8.55154,frankfurt,True,0,,0,False,0.459599,False,0,0.873724,0,0,0,0,0,0,0,0,0,0,0,0,0,0,0,0,0,0,0,0,0,0,0,0,0,0,0,0,0
891faeaa20bffff,50.0905,8.54477,frankfurt,True,0,,0,False,0.459599,False,0,0.873724,0,0,0,0,0,0,0,0,0,0,0,0,0,0,0,0,0,0,0,0,0,0,0,0,0,0,1,0,0
891faeaa20fffff,50.091,8.54951,frankfurt,True,0,,0,False,0.459599,False,0,0.873724,0,0,0,0,0,0,0,0,0,0,0,0,0,0,0,0,0,0,0,0,0,0,0,0,0,0,1,0,0
891faeaa213ffff,50.0955,8.54407,frankfurt,True,0,,0,False,0.459599,False,0,0.873724,0,0,0,0,0,0,0,0,0,0,0,0,0,1,1,0,0,0,0,0,0,0,0,0,0,0,0,0,0
891faeaa217ffff,50.096,8.54882,frankfurt,True,0,,0,False,0.459599,False,0,0.873724,0,0,0,0,0,0,0,0,0,0,0,0,0,0,0,0,0,0,0,0,0,0,0,0,0,0,0,0,0
891faeaa21bffff,50.0927,8.54204,frankfurt,True,0,,0,False,0.459599,False,0,0.873724,0,0,0,0,0,0,0,0,0,0,0,0,0,0,0,0,0,0,0,0,0,0,0,0,0,0,0,0,0
891faeaa223ffff,50.092,8.55901,frankfurt,True,0,,0,False,0.459599,False,0,0.873724,0,0,0,0,0,0,0,0,0,0,0,0,0,0,0,0,0,0,0,0,0,0,0,0,0,0,0,0,0
891faeaa227ffff,50.0925,8.56376,frankfurt,True,0,,0,False,0.459599,False,0,0.873724,0,0,0,0,0,0,0,0,0,0,0,0,0,0,0,0,0,0,0,0,0,0,0,0,0,0,0,0,0
891faeaa22bffff,50.0892,8.55698,frankfurt,True,0,,0,False,0.459599,False,0,0.873724,0,0,0,0,0,0,0,0,0,0,0,0,0,0,0,0,0,0,0,0,0,0,0,0,0,0,0,0,0
891faeaa22fffff,50.0897,8.56173,frankfurt,True,0,,0,False,0.459599,False,0,0.873724,0,0,0,0,0,0,0,0,0,0,0,0,0,0,0,0,0,0,0,0,0,0,0,0,0,0,0,0,0
891faeaa233ffff,50.0942,8.55629,frankfurt,True,0,,0,False,0.459599,False,0,0.873724,0,0,0,0,0,0,0,0,0,0,0,0,0,0,0,0,0,0,0,0,0,0,0,0,0,0,0,0,0
891faeaa237ffff,50.0947,8.56104,frankfurt,True,7,11.1871,0,True,0,False,0,0.873724,0,0,0,0,0,0,0,0,0,0,0,0,0,0,0,0,0,0,0,0,0,0,0,0,0,0,0,0,0
891faeaa23bffff,50.0915,8.55426,frankfurt,True,0,,0,False,0.459599,False,0,0.873724,0,0,0,0,0,0,0,0,0,0,0,0,0,0,0,0,0,0,0,0,0,0,0,0,0,0,1,0,0
891faeaa243ffff,50.0872,8.53799,frankfurt,True,0,,0,False,0.459599,False,0,0.873724,0,0,0,0,0,0,0,0,0,0,0,0,0,0,0,0,0,0,0,0,0,0,0,0,0,0,1,0,0
891faeaa247ffff,50.0877,8.54274,frankfurt,True,0,,0,False,0.459599,False,0,0.873724,0,0,0,0,0,0,0,0,0,0,0,0,0,0,0,0,0,0,0,0,0,0,0,0,0,0,0,0,0
891faeaa24bffff,50.0845,8.53596,frankfurt,True,0,,0,False,0.459599,False,0,0.873724,0,0,0,0,0,0,0,0,0,0,0,0,0,0,0,0,0,0,0,0,0,0,0,0,0,0,0,0,0
891faeaa24fffff,50.085,8.54071,frankfurt,True,0,,0,False,0.459599,False,0,0.873724,0,0,0,0,0,0,0,0,0,0,0,0,0,0,0,0,0,0,0,0,0,0,0,0,0,0,0,0,0
891faeaa253ffff,50.0895,8.53527,frankfurt,True,0,,0,False,0.459599,False,0,0.873724,0,0,0,0,0,0,0,0,0,0,0,0,0,0,0,0,0,0,0,0,0,0,0,0,0,0,0,0,0
891faeaa257ffff,50.09,8.54002,frankfurt,True,0,,0,False,0.459599,False,0,0.873724,0,0,0,0,0,0,0,0,0,0,0,0,0,0,0,0,0,0,0,0,0,0,0,0,0,0,0,0,0
891faeaa25bffff,50.0867,8.53324,frankfurt,True,0,,0,False,0.459599,False,0,0.873724,0,0,0,0,0,0,0,0,0,0,0,0,0,0,0,0,0,0,0,0,0,0,0,0,0,0,0,0,0
891faeaa263ffff,50.086,8.55021,frankfurt,True,0,,0,False,0.459599,False,0,0.873724,0,0,0,0,0,0,0,0,0,0,0,0,0,0,0,0,0,0,0,0,0,0,0,0,0,0,3,0,0
891faeaa267ffff,50.0865,8.55496,frankfurt,True,0,,0,False,0.459599,False,0,0.873724,0,0,0,0,0,0,0,0,0,0,0,0,0,0,0,0,0,0,0,0,0,0,0,0,0,0,0,0,0
891faeaa26bffff,50.0832,8.54818,frankfurt,True,0,,0,False,0.459599,False,0,0.873724,0,0,0,0,0,0,0,0,0,0,0,0,0,0,0,0,0,0,0,0,0,0,0,0,0,0,0,0,0
891faeaa26fffff,50.0837,8.55293,frankfurt,True,0,,0,False,0.459599,False,0,0.873724,0,0,0,0,0,0,0,0,0,0,0,0,0,0,0,0,0,0,0,0,0,0,0,0,0,0,0,0,0
891faeaa273ffff,50.0882,8.54749,frankfurt,True,0,,0,False,0.459599,False,0,0.873724,0,0,0,0,0,0,0,0,0,0,0,0,0,1,0,0,0,0,0,0,0,0,0,0,0,0,4,0,0
891faeaa277ffff,50.0887,8.55223,frankfurt,True,0,,0,False,0.459599,False,0,0.873724,0,0,0,0,0,0,0,0,0,0,0,0,0,0,0,0,0,0,0,0,0,0,0,0,0,0,0,0,0
891faeaa27bffff,50.0855,8.54546,frankfurt,True,0,,0,False,0.459599,False,0,0.873724,0,0,0,0,0,0,0,0,0,0,0,0,1,0,0,0,0,0,0,0,0,0,0,0,0,0,1,0,0
891faeaa283ffff,50.1005,8.54338,frankfurt,True,1115,10.6367,487,False,0.505272,False,603,0.890183,0,0,0,0,0,0,0,0,1,0,0,0,1,1,2,0,1,0,0,0,1,0,0,1,0,0,2,0,3
891faeaa287ffff,50.101,8.54813,frankfurt,True,1154,9.63302,443,False,0.52385,False,594,0.85034,0,0,0,1,0,0,0,4,0,0,3,1,3,10,0,0,0,7,1,1,1,0,0,0,0,0,3,0,6
891faeaa28bffff,50.0977,8.54135,frankfurt,True,797,9.63535,316,False,0.513479,False,385,0.84715,0,0,0,0,0,0,0,0,0,1,0,0,0,0,1,0,0,0,0,0,0,1,0,0,0,0,3,0,0
891faeaa28fffff,50.0982,8.5461,frankfurt,True,326,10.375,153,False,0.506173,False,185,0.893048,2,0,0,0,0,0,0,0,0,0,0,0,3,3,4,0,0,0,0,0,2,0,0,0,0,0,1,0,4
891faeaa293ffff,50.1028,8.54066,frankfurt,True,610,7.5783,212,False,0.371237,False,260,0.797834,0,0,0,0,0,0,0,0,1,0,3,0,1,1,1,1,0,0,0,0,0,0,0,0,0,1,4,0,0
891faeaa297ffff,50.1032,8.5454,frankfurt,True,829,9.59079,329,False,0.499401,False,398,0.79646,0,0,0,0,0,0,0,0,0,0,2,0,1,2,4,1,0,0,0,0,0,0,0,0,0,0,0,0,1
891faeaa29bffff,50.1,8.53863,frankfurt,True,233,9.05449,98,False,0.439834,False,122,0.875,0,0,0,0,0,0,0,0,0,0,0,0,2,0,0,0,0,0,0,0,0,0,0,0,0,0,0,0,1
891faeaa2a3ffff,50.0992,8.5556,frankfurt,True,0,,0,False,0.459599,False,0,0.873724,0,0,0,0,0,0,0,0,0,0,0,0,0,0,0,0,0,0,0,0,0,0,0,0,0,0,0,0,0
891faeaa2a7ffff,50.0997,8.56035,frankfurt,True,5,10.0829,0,True,0,False,4,0.873724,0,0,0,0,0,0,0,0,0,0,0,0,0,1,0,0,0,0,0,0,0,0,0,0,0,0,1,0,0
891faeaa2abffff,50.0965,8.55357,frankfurt,True,12,9.83865,0,True,0,False,4,0.5,0,0,0,0,0,0,0,0,0,0,0,0,0,0,0,0,0,0,0,0,0,0,0,0,0,0,0,0,0
891faeaa2afffff,50.097,8.55832,frankfurt,True,5,14.6,3,False,0,False,3,1,0,0,0,0,0,0,0,0,0,0,0,0,0,0,0,0,0,0,0,0,0,0,0,0,0,0,0,0,0
891faeaa2b3ffff,50.1015,8.55288,frankfurt,True,920,11.3055,352,False,0.444934,False,504,0.892057,0,0,0,0,0,0,0,2,0,0,0,0,2,2,2,0,0,0,0,0,0,0,0,0,2,0,1,0,2
891faeaa2b7ffff,50.102,8.55762,frankfurt,True,1167,8.82772,478,False,0.445117,False,563,0.837563,0,0,0,0,0,0,0,1,0,0,0,0,0,0,2,0,0,0,0,0,0,0,0,0,0,0,2,0,1
891faeaa2bbffff,50.0987,8.55085,frankfurt,True,197,9.39256,86,False,0.52973,False,105,0.90625,0,0,0,0,0,0,0,0,0,0,0,0,2,2,0,0,0,0,0,0,0,0,0,0,0,0,0,0,1
891faeaa2c3ffff,50.0945,8.53458,frankfurt,True,0,,0,False,0.459599,False,0,0.873724,0,0,0,0,0,0,0,0,0,0,0,0,0,0,0,0,0,0,0,0,0,0,0,0,0,0,1,0,0
891faeaa2c7ffff,50.095,8.53932,frankfurt,True,0,,0,False,0.459599,False,0,0.873724,0,0,0,0,0,0,0,0,0,0,0,0,0,1,0,0,0,0,0,1,0,0,0,0,0,0,1,0,0
891faeaa2cbffff,50.0917,8.53255,frankfurt,True,0,,0,False,0.459599,False,0,0.873724,0,0,0,0,0,0,0,0,0,0,0,0,0,0,0,0,0,0,0,0,0,0,0,0,0,0,3,0,0
891faeaa2cfffff,50.0922,8.5373,frankfurt,True,0,,0,False,0.459599,False,0,0.873724,0,0,0,0,0,0,0,0,0,0,0,0,0,0,0,0,0,0,0,0,0,0,0,0,0,0,0,0,0
891faeaa2d3ffff,50.0968,8.53185,frankfurt,True,0,,0,False,0.459599,False,0,0.873724,0,0,0,0,0,0,0,0,0,0,0,0,0,0,0,0,0,0,0,0,0,0,0,0,0,0,1,0,0
891faeaa2d7ffff,50.0972,8.5366,frankfurt,True,0,,0,False,0.459599,False,0,0.873724,0,0,0,0,0,0,0,0,0,0,0,0,0,0,0,0,0,0,0,0,0,0,0,0,0,0,3,0,0
891faeaa2dbffff,50.094,8.52983,frankfurt,True,0,,0,False,0.459599,False,0,0.873724,0,0,0,0,0,0,0,0,0,0,0,0,0,0,0,0,0,0,0,0,0,0,0,0,0,0,1,0,0
891faeaa303ffff,50.0967,8.58003,frankfurt,True,137,7.43,51,False,0.340741,False,57,0.795918,0,0,0,0,0,0,0,0,0,0,0,0,0,0,0,0,0,0,0,0,0,0,0,0,0,0,0,0,0
891faeaa307ffff,50.0972,8.58478,frankfurt,True,0,,0,False,0.459599,False,0,0.873724,0,0,0,0,0,0,0,0,0,0,0,0,0,0,0,0,0,0,0,0,0,0,0,0,0,0,0,0,0
891faeaa30bffff,50.0939,8.57801,frankfurt,True,0,,0,False,0.459599,False,0,0.873724,0,0,0,0,0,0,0,0,0,0,0,0,0,0,0,0,0,0,0,0,0,0,0,0,0,0,0,0,0
891faeaa30fffff,50.0944,8.58276,frankfurt,True,0,,0,False,0.459599,False,0,0.873724,0,0,0,0,0,0,0,0,0,0,0,0,0,0,0,0,0,0,0,0,0,0,0,0,0,0,0,0,0
891faeaa313ffff,50.0989,8.57731,frankfurt,True,1168,7.62631,556,False,0.368014,False,585,0.851789,0,0,0,0,0,0,0,0,0,0,0,0,0,0,0,0,0,0,0,0,0,0,0,0,2,0,0,0,0
891faeaa317ffff,50.0994,8.58206,frankfurt,True,0,,0,False,0.459599,False,0,0.873724,0,0,0,0,0,0,0,0,0,0,0,0,0,0,0,0,0,0,0,0,0,0,0,0,0,0,1,0,0
891faeaa31bffff,50.0962,8.57529,frankfurt,True,993,7.90722,241,False,0.384615,False,375,0.710744,0,0,0,0,0,0,0,0,0,0,0,0,0,0,0,0,0,0,0,0,0,0,0,0,0,0,0,0,0
891faeaa323ffff,50.0954,8.59225,frankfurt,True,0,,0,False,0.459599,False,0,0.873724,0,0,0,0,0,0,0,0,0,0,0,0,0,0,0,0,0,0,0,0,0,0,0,0,0,0,1,0,1
891faeaa327ffff,50.0959,8.597,frankfurt,True,259,10.2905,175,False,0.613281,False,198,0.949749,0,0,0,0,0,0,0,2,0,0,0,0,0,0,0,0,0,0,0,0,0,0,0,0,0,0,2,0,1
891faeaa32bffff,50.0927,8.59023,frankfurt,True,0,,0,False,0.459599,False,0,0.873724,0,0,0,0,0,0,0,0,0,0,0,0,0,0,0,0,0,0,0,0,0,0,0,0,0,0,0,0,0
891faeaa32fffff,50.0932,8.59497,frankfurt,True,18,9.83,6,False,0.611111,False,6,0.5,0,0,0,0,0,0,0,0,0,0,0,0,0,0,0,0,0,0,0,0,0,0,0,0,0,0,0,0,0
891faeaa333ffff,50.0977,8.58953,frankfurt,True,0,,0,False,0.459599,False,0,0.873724,0,0,0,0,0,0,0,1,0,0,0,0,0,0,0,0,0,0,0,0,0,0,0,0,0,0,1,0,0
891faeaa337ffff,50.0982,8.59428,frankfurt,True,743,6.91184,234,False,0.434667,False,266,0.675,0,0,0,0,0,0,0,0,0,0,0,0,0,0,0,0,0,0,0,0,0,0,0,0,0,0,0,0,0
891faeaa33bffff,50.0949,8.5875,frankfurt,True,0,,0,False,0.459599,False,0,0.873724,0,0,0,0,0,0,0,0,0,0,0,0,0,0,0,0,0,0,0,0,0,0,0,0,0,0,0,0,0
891faeaa343ffff,50.0907,8.57123,frankfurt,True,0,,0,False,0.459599,False,0,0.873724,0,0,0,0,0,0,0,0,0,0,0,0,0,0,0,0,0,0,0,0,0,0,0,0,0,0,1,0,0
891faeaa347ffff,50.0912,8.57598,frankfurt,True,13,9.28,3,False,0.538462,False,0,0.873724,0,0,0,0,0,0,0,0,0,0,0,0,0,0,0,0,0,0,0,0,0,0,0,0,0,0,1,0,0
891faeaa34bffff,50.0879,8.5692,frankfurt,True,506,7.33469,241,False,0.421782,False,248,0.837945,0,0,0,0,0,0,0,0,0,0,1,0,0,0,0,0,0,0,0,0,0,0,0,0,0,0,1,0,0
891faeaa34fffff,50.0884,8.57395,frankfurt,True,836,7.1789,264,False,0.411339,False,348,0.735795,0,0,0,0,0,0,0,1,0,0,0,0,0,0,0,0,0,0,0,0,0,0,0,0,0,0,3,0,0
891faeaa353ffff,50.0929,8.56851,frankfurt,True,0,,0,False,0.459599,False,0,0.873724,0,0,0,0,0,0,0,0,0,0,0,0,0,0,0,0,0,0,0,0,0,0,0,0,0,0,0,0,0
891faeaa357ffff,50.0934,8.57326,frankfurt,True,73,8.6675,12,False,0.315789,False,25,0.666667,0,0,0,0,0,0,0,0,0,0,0,0,0,0,0,0,0,0,0,0,0,0,0,0,0,0,0,0,0
891faeaa35bffff,50.0902,8.56648,frankfurt,True,0,,0,False,0.459599,False,0,0.873724,0,0,0,0,0,0,0,0,0,0,0,0,0,0,0,0,0,0,0,0,0,0,0,0,0,0,0,0,0
891faeaa363ffff,50.0894,8.58345,frankfurt,True,0,,0,False,0.459599,False,0,0.873724,0,0,0,0,0,0,0,0,0,0,0,0,0,0,0,0,0,0,0,0,0,0,0,0,0,0,0,0,0
891faeaa367ffff,50.0899,8.5882,frankfurt,True,0,,0,False,0.459599,False,0,0.873724,0,0,0,0,0,0,0,0,0,0,0,0,0,0,0,0,0,0,0,0,0,0,0,0,0,0,0,0,0
891faeaa36bffff,50.0867,8.58142,frankfurt,True,552,10.1627,185,False,0.460967,False,297,0.876325,0,0,0,0,0,0,0,1,0,0,2,0,0,7,5,0,0,0,0,0,0,1,0,0,0,0,3,0,0
891faeaa36fffff,50.0872,8.58617,frankfurt,True,260,8.58563,87,False,0.458647,False,123,0.831858,0,0,0,0,0,0,0,0,0,0,0,0,0,0,1,0,0,0,0,0,0,0,0,0,0,0,1,0,0
891faeaa373ffff,50.0917,8.58073,frankfurt,True,0,,0,False,0.459599,False,0,0.873724,0,0,0,0,0,0,0,0,0,0,0,0,0,0,0,0,0,0,0,0,0,0,0,0,0,0,0,0,1
891faeaa377ffff,50.0922,8.58548,frankfurt,True,0,,0,False,0.459599,False,0,0.873724,0,0,0,0,0,0,0,0,0,0,0,0,0,0,0,0,0,0,0,0,0,0,0,0,0,0,0,0,0
891faeaa37bffff,50.0889,8.5787,frankfurt,True,280,8.76562,73,False,0.438462,False,116,0.833333,0,0,0,0,0,0,0,0,0,0,0,0,0,0,1,0,0,0,0,0,0,0,0,0,0,0,0,0,0
891faeaa383ffff,50.104,8.57662,frankfurt,True,507,8.72636,151,False,0.380859,False,264,0.86194,0,0,0,0,0,0,0,0,0,0,1,0,0,0,1,0,0,0,0,0,0,0,0,0,0,0,1,0,0
891faeaa387ffff,50.1044,8.58137,frankfurt,True,830,8.90987,152,False,0.385645,False,351,0.837758,0,0,0,0,0,0,0,1,0,0,0,0,0,0,0,0,0,0,0,0,0,0,0,0,0,0,0,0,1
891faeaa38bffff,50.1012,8.57459,frankfurt,True,981,8.79738,393,False,0.442095,False,520,0.903733,0,0,0,0,0,0,0,0,0,0,0,0,0,0,0,0,0,0,0,0,0,0,0,0,0,0,0,0,0
891faeaa38fffff,50.1017,8.57934,frankfurt,True,1295,7.87501,597,False,0.317793,False,680,0.877551,0,0,0,0,0,0,0,0,0,0,0,0,0,0,0,0,0,0,0,0,0,0,0,0,0,0,1,0,0
891faeaa393ffff,50.1062,8.5739,frankfurt,True,114,9.92,32,False,0.362832,False,53,0.789474,0,0,0,0,0,0,0,0,0,0,0,0,0,1,1,0,0,0,0,0,0,0,0,0,0,0,0,0,0
891faeaa397ffff,50.1067,8.57865,frankfurt,True,1000,9.7435,234,False,0.441468,False,395,0.746269,0,0,0,0,0,0,0,0,0,0,1,0,0,0,0,0,0,0,0,0,0,0,0,0,0,0,2,0,0
891faeaa39bffff,50.1035,8.57187,frankfurt,True,326,9.51893,84,False,0.408955,False,159,0.838509,0,0,0,0,0,0,0,0,0,0,0,0,0,0,0,0,0,0,1,0,0,0,0,0,0,1,3,0,0
891faeaa3a3ffff,50.1027,8.58884,frankfurt,True,525,7.82538,171,False,0.353053,False,246,0.831325,0,0,0,0,0,0,0,1,0,1,1,0,0,0,0,0,0,0,0,0,0,0,0,0,0,0,0,0,0
891faeaa3a7ffff,50.1032,8.59359,frankfurt,True,870,9.03369,271,False,0.394527,False,425,0.869976,0,0,0,0,0,0,0,0,0,0,0,0,0,0,1,0,0,0,0,0,0,0,0,0,0,0,0,0,0
891faeaa3abffff,50.0999,8.58681,frankfurt,True,261,7.56644,104,False,0.389764,False,135,0.909722,0,0,0,0,0,0,0,2,0,0,1,0,0,1,0,0,0,1,0,0,0,0,0,0,0,0,1,0,0
891faeaa3afffff,50.1004,8.59156,frankfurt,True,410,7.19459,157,False,0.365432,False,192,0.842932,0,0,0,0,0,0,0,0,0,0,0,0,0,0,0,0,0,1,0,1,0,0,0,0,2,0,2,0,1
891faeaa3b3ffff,50.1049,8.58612,frankfurt,True,705,10.0633,111,False,0.456647,False,274,0.747212,0,0,0,0,0,0,0,0,0,0,0,0,0,0,1,0,0,0,0,0,0,0,0,0,0,0,0,0,0
891faeaa3b7ffff,50.1054,8.59087,frankfurt,True,105,8.42167,0,True,0.345794,False,30,0.517241,0,0,0,0,0,0,0,0,0,0,0,0,0,0,0,0,0,0,0,0,0,0,0,0,0,0,0,0,0
891faeaa3bbffff,50.1022,8.58409,frankfurt,True,1024,6.74612,477,False,0.406528,False,488,0.844017,0,0,0,0,0,0,0,0,0,0,0,0,0,0,0,0,0,0,0,0,0,0,0,0,0,0,0,0,0
891faeaa3c3ffff,50.098,8.56782,frankfurt,True,648,13.522,315,False,0.480438,False,377,0.891821,0,0,0,0,0,0,0,1,0,0,0,0,1,2,1,0,0,0,0,0,0,0,0,0,2,0,2,0,0
891faeaa3c7ffff,50.0984,8.57256,frankfurt,True,1535,9.3775,624,False,0.476913,False,727,0.825,0,0,0,0,0,0,0,1,0,0,0,0,0,0,1,0,0,0,0,0,0,0,0,0,2,0,1,0,0
891faeaa3cbffff,50.0952,8.56579,frankfurt,True,0,,0,False,0.459599,False,0,0.873724,0,0,0,0,0,0,0,0,0,0,0,0,0,0,0,0,0,0,0,0,0,0,0,0,0,0,0,0,0
891faeaa3cfffff,50.0957,8.57054,frankfurt,True,877,8.83172,174,False,0.409854,False,279,0.699634,0,0,0,0,0,0,0,0,0,0,0,0,0,0,0,0,0,0,0,0,0,0,0,0,0,0,2,0,0
891faeaa3d3ffff,50.1002,8.56509,frankfurt,True,992,10.2793,370,False,0.503024,False,472,0.848018,0,0,0,0,0,0,0,0,0,0,0,0,0,2,0,0,0,1,0,0,0,1,0,0,0,0,3,0,0
891faeaa3d7ffff,50.1007,8.56984,frankfurt,True,1343,9.52005,566,False,0.472325,False,731,0.884564,0,0,0,0,0,0,0,0,0,0,0,0,0,1,1,0,0,0,0,0,0,0,0,0,0,0,0,0,0
891faeaa3dbffff,50.0975,8.56307,frankfurt,True,3,9.73131,0,True,0.459599,True,0,0.873724,0,0,0,0,0,0,0,0,0,0,0,0,0,0,0,0,0,0,0,0,0,0,0,0,0,0,0,0,0
891faeaa403ffff,50.1283,8.54193,frankfurt,False,0,,0,False,0.459599,False,0,0.873724,0,0,0,0,0,0,0,0,0,0,0,0,0,0,0,0,0,0,0,0,0,0,0,0,0,0,0,0,0
891faeaa407ffff,50.1288,8.54668,frankfurt,False,0,,0,False,0.459599,False,0,0.873724,0,0,0,0,0,0,0,0,0,0,0,0,0,0,0,0,0,0,0,0,0,0,0,0,0,0,0,0,0
891faeaa40bffff,50.1255,8.53991,frankfurt,False,0,,0,False,0.459599,False,0,0.873724,0,0,0,0,0,0,0,0,0,0,0,0,0,0,0,0,0,0,0,0,0,0,0,0,0,0,0,0,0
891faeaa40fffff,50.126,8.54466,frankfurt,False,0,,0,False,0.459599,False,0,0.873724,0,0,0,0,0,0,0,0,0,0,0,0,0,0,0,0,0,0,0,0,0,0,0,0,0,0,0,0,0
891faeaa413ffff,50.1305,8.53921,frankfurt,False,10,15.92,6,False,0.5,False,6,1,0,0,0,0,0,0,0,0,0,0,0,0,0,0,0,0,0,0,0,0,0,0,0,0,0,0,0,0,0
891faeaa417ffff,50.131,8.54396,frankfurt,False,0,,0,False,0.459599,False,0,0.873724,0,0,0,0,0,0,0,0,0,0,0,0,0,0,0,0,0,0,0,0,0,0,0,0,0,0,0,0,0
891faeaa41bffff,50.1278,8.53718,frankfurt,False,52,8.71947,19,False,0.162791,False,18,1,0,0,0,0,0,0,0,0,0,0,0,0,0,0,0,0,0,0,0,0,0,0,0,0,0,0,0,0,0
891faeaa423ffff,50.127,8.55416,frankfurt,False,0,,0,False,0.459599,False,0,0.873724,0,0,0,0,0,0,0,0,0,0,0,0,0,0,0,0,0,0,0,0,0,0,0,0,0,0,0,0,0
891faeaa427ffff,50.1275,8.55891,frankfurt,True,0,,0,False,0.459599,False,0,0.873724,0,0,0,0,0,0,0,0,0,0,0,0,0,0,0,0,0,0,0,0,0,0,0,0,0,0,0,0,0
891faeaa42bffff,50.1243,8.55213,frankfurt,True,0,,0,False,0.459599,False,0,0.873724,0,0,0,0,0,0,0,0,0,0,0,0,0,0,0,0,0,0,0,0,0,0,0,0,0,0,0,0,0
891faeaa42fffff,50.1248,8.55688,frankfurt,True,0,,0,False,0.459599,False,0,0.873724,0,0,0,0,0,0,0,0,0,0,0,0,0,0,0,0,0,0,0,0,0,0,0,0,0,0,0,0,0
891faeaa433ffff,50.1293,8.55143,frankfurt,False,0,,0,False,0.459599,False,0,0.873724,0,0,0,0,0,0,0,0,0,0,0,0,0,0,0,0,0,0,0,0,0,0,0,0,0,0,0,0,0
891faeaa437ffff,50.1298,8.55619,frankfurt,False,0,,0,False,0.459599,False,0,0.873724,0,0,0,0,0,0,0,0,0,0,0,0,0,0,0,0,0,0,0,0,0,0,0,0,0,0,0,0,0
891faeaa43bffff,50.1265,8.54941,frankfurt,False,0,,0,False,0.459599,False,0,0.873724,0,0,0,0,0,0,0,0,0,0,0,0,0,0,0,0,0,0,0,0,0,0,0,0,0,0,0,0,0
891faeaa443ffff,50.1223,8.53313,frankfurt,False,0,,0,False,0.459599,False,0,0.873724,0,0,0,0,0,0,0,0,0,0,0,0,0,0,0,0,0,0,0,0,0,0,0,0,0,0,0,0,0
891faeaa447ffff,50.1228,8.53788,frankfurt,False,0,,0,False,0.459599,False,0,0.873724,0,0,0,0,0,0,0,0,0,0,0,0,0,0,0,0,0,0,0,0,0,0,0,0,0,0,0,0,0
891faeaa44bffff,50.1195,8.5311,frankfurt,False,0,,0,False,0.459599,False,0,0.873724,0,0,0,0,0,0,0,0,0,0,0,0,0,0,0,0,0,0,0,0,0,0,0,0,0,0,0,0,0
891faeaa44fffff,50.12,8.53585,frankfurt,False,0,,0,False,0.459599,False,0,0.873724,0,0,0,0,0,0,0,0,0,0,0,0,0,0,0,0,0,0,0,0,0,0,0,0,0,0,0,0,0
891faeaa453ffff,50.1245,8.53041,frankfurt,False,0,,0,False,0.459599,False,0,0.873724,0,0,0,0,0,0,0,0,0,0,0,0,0,0,0,0,0,0,0,0,0,0,0,0,0,0,0,0,0
891faeaa457ffff,50.125,8.53516,frankfurt,False,0,,0,False,0.459599,False,0,0.873724,0,0,0,0,0,0,0,0,0,0,0,0,0,0,0,0,0,0,0,0,0,0,0,0,0,0,0,0,0
891faeaa45bffff,50.1218,8.52838,frankfurt,False,0,,0,False,0.459599,False,0,0.873724,0,0,0,0,0,0,0,0,0,0,0,0,0,0,0,0,0,0,0,0,0,0,0,0,0,0,0,0,0
891faeaa463ffff,50.121,8.54535,frankfurt,True,0,,0,False,0.459599,False,0,0.873724,0,0,0,0,0,0,0,0,0,0,0,0,0,0,0,0,0,0,0,0,0,0,0,0,0,0,0,0,0
891faeaa467ffff,50.1215,8.5501,frankfurt,True,17,9.21,8,False,0,False,8,1,0,0,0,0,0,0,0,0,0,0,0,0,0,0,0,0,0,0,0,0,0,0,0,0,0,0,0,0,0
891faeaa46bffff,50.1183,8.54332,frankfurt,True,199,5.60143,84,False,0.411765,False,93,0.786517,0,0,0,0,0,0,0,0,0,0,0,0,0,0,0,0,0,0,0,0,0,0,0,0,0,0,0,0,0
891faeaa46fffff,50.1188,8.54807,frankfurt,True,4,7.43509,0,True,1,False,0,0.873724,0,0,0,0,0,0,0,0,0,0,0,0,0,0,0,0,0,0,0,0,0,0,0,0,0,0,0,0,0
891faeaa473ffff,50.1233,8.54263,frankfurt,False,0,,0,False,0.459599,False,0,0.873724,0,0,0,0,0,0,0,0,0,0,0,0,0,0,0,0,0,0,0,0,0,0,0,0,0,0,0,0,0
891faeaa477ffff,50.1238,8.54738,frankfurt,False,0,,0,False,0.459599,False,0,0.873724,0,0,0,0,0,0,0,0,0,0,0,0,0,0,0,0,0,0,0,0,0,0,0,0,0,0,0,0,0
891faeaa47bffff,50.1205,8.5406,frankfurt,False,0,,0,False,0.459599,False,0,0.873724,0,0,0,0,0,0,0,0,0,0,0,0,0,0,0,0,0,0,0,0,0,0,0,0,0,0,0,0,0
891faeaa487ffff,50.136,8.54327,frankfurt,False,0,,0,False,0.459599,False,0,0.873724,0,0,0,0,0,0,0,0,0,0,0,0,0,0,0,0,0,0,0,0,0,0,0,0,0,0,0,0,0
891faeaa48bffff,50.1328,8.53649,frankfurt,False,158,8.37,35,False,0.438356,False,64,0.707692,0,0,0,0,0,0,0,0,0,0,0,0,0,0,1,0,0,0,0,0,0,0,0,0,0,0,0,0,0
891faeaa48fffff,50.1333,8.54124,frankfurt,False,13,6.95,4,False,0.5,False,4,0.873724,0,0,0,0,0,0,0,0,0,0,0,0,0,1,0,0,0,0,0,0,0,0,0,0,0,0,0,0,0
891faeaa4a3ffff,50.1343,8.55074,frankfurt,False,0,,0,False,0.459599,False,0,0.873724,0,0,0,0,0,0,0,0,0,0,0,0,0,0,0,0,0,0,0,0,0,0,0,0,0,0,0,0,0
891faeaa4a7ffff,50.1348,8.55549,frankfurt,False,0,,0,False,0.459599,False,0,0.873724,0,0,0,0,0,0,0,1,0,0,1,0,0,0,0,0,0,0,0,0,0,0,0,0,0,0,0,0,0
891faeaa4abffff,50.1315,8.54871,frankfurt,False,0,,0,False,0.459599,False,0,0.873724,0,0,0,0,0,0,0,0,0,0,0,0,0,0,0,0,0,0,0,0,0,0,0,0,0,0,0,0,0
891faeaa4afffff,50.132,8.55346,frankfurt,False,0,,0,False,0.459599,False,0,0.873724,0,0,0,0,0,0,0,0,0,0,0,0,0,0,0,0,0,0,0,0,0,0,0,0,0,0,0,0,0
891faeaa4b3ffff,50.1365,8.54802,frankfurt,False,0,,0,False,0.459599,False,0,0.873724,0,0,0,0,0,0,0,0,0,0,0,0,0,0,0,0,0,0,0,0,0,0,0,0,0,0,0,0,0
891faeaa4b7ffff,50.137,8.55277,frankfurt,False,0,,0,False,0.459599,False,0,0.873724,0,0,0,0,0,0,0,0,0,0,0,0,0,0,0,0,0,0,0,0,0,0,0,0,0,0,0,0,0
891faeaa4bbffff,50.1338,8.54599,frankfurt,False,0,,0,False,0.459599,False,0,0.873724,0,0,0,0,0,0,0,0,0,0,0,0,0,0,0,0,0,0,0,0,0,0,0,0,0,0,0,0,0
891faeaa4c3ffff,50.1295,8.52971,frankfurt,False,274,9.93966,88,False,0.507463,False,119,0.909091,0,0,0,0,0,0,0,0,0,0,0,0,0,0,0,0,0,0,0,0,0,0,0,0,0,1,1,0,0
891faeaa4c7ffff,50.13,8.53446,frankfurt,False,46,5.62,26,False,0.227273,False,29,0.903226,0,0,0,0,0,0,0,0,0,0,0,0,0,1,0,0,0,0,0,0,0,0,0,0,0,0,0,0,0
891faeaa4cbffff,50.1268,8.52768,frankfurt,False,0,,0,False,0.459599,False,0,0.873724,0,0,0,0,0,0,0,0,0,0,0,0,0,0,0,0,0,0,0,0,0,0,0,0,0,0,0,0,0
891faeaa4cfffff,50.1273,8.53243,frankfurt,False,40,9.61,23,False,0.5,False,23,0.708333,0,0,0,0,0,0,0,0,0,0,0,0,0,0,0,0,0,0,0,0,0,0,0,0,0,0,0,0,0
891faeaa4d3ffff,50.1318,8.52699,frankfurt,False,325,8.791,80,False,0.308869,False,155,0.843537,0,0,0,0,0,0,0,0,0,0,0,0,0,2,0,0,0,0,0,0,0,0,0,0,0,0,2,0,0
891faeaa4d7ffff,50.1323,8.53174,frankfurt,False,274,8.78203,74,False,0.321033,False,139,0.938356,0,0,0,0,0,0,0,0,0,0,0,0,0,0,0,0,0,0,0,0,0,0,0,0,0,0,0,0,0
891faeaa4dbffff,50.1291,8.52496,frankfurt,False,415,9.7257,128,False,0.386935,False,197,0.818182,0,0,0,0,0,0,0,0,0,0,0,0,0,0,0,0,0,0,0,0,0,0,0,0,0,0,0,0,0
891faeaa503ffff,50.1317,8.57519,frankfurt,True,0,,0,False,0.459599,False,0,0.873724,0,0,0,0,0,0,0,0,0,0,0,0,0,0,0,0,0,0,0,0,0,0,0,0,0,0,2,0,0
891faeaa507ffff,50.1322,8.57994,frankfurt,True,0,,0,False,0.459599,False,0,0.873724,0,0,0,0,0,0,0,0,0,0,0,0,0,0,0,0,0,0,0,0,0,0,0,0,0,0,0,0,0
891faeaa50bffff,50.129,8.57316,frankfurt,True,160,7.498,65,False,0.358491,False,65,0.671875,0,0,0,0,0,0,0,0,0,0,0,0,0,0,0,0,0,0,0,0,0,0,0,0,0,0,0,0,0
891faeaa50fffff,50.1295,8.57791,frankfurt,True,0,,0,False,0.459599,False,0,0.873724,0,0,0,0,0,0,0,0,0,0,0,0,0,0,0,0,0,0,0,0,0,0,0,0,0,0,0,0,0
891faeaa513ffff,50.134,8.57247,frankfurt,False,0,,0,False,0.459599,False,0,0.873724,0,0,0,0,0,0,0,1,0,1,1,0,1,0,0,0,0,0,0,0,0,0,1,0,0,0,3,0,4
891faeaa517ffff,50.1345,8.57722,frankfurt,False,0,,0,False,0.459599,False,0,0.873724,0,0,0,0,0,0,0,0,0,0,1,0,0,1,0,0,0,0,0,0,0,0,0,0,0,1,2,0,1
891faeaa51bffff,50.1312,8.57044,frankfurt,True,0,,0,False,0.459599,False,0,0.873724,0,0,0,0,0,0,0,0,0,0,0,0,1,1,0,0,0,0,0,1,0,0,0,0,0,0,1,0,9
891faeaa523ffff,50.1305,8.58742,frankfurt,True,0,,0,False,0.459599,False,0,0.873724,0,0,0,0,0,0,0,0,0,0,0,0,0,0,0,0,0,0,0,0,0,0,0,0,0,0,0,0,0
891faeaa527ffff,50.131,8.59217,frankfurt,True,50,10.335,8,False,0.638889,False,20,0.75,0,0,0,0,0,0,0,0,0,0,0,0,0,2,0,0,0,0,0,0,0,0,0,0,0,0,1,0,1
891faeaa52bffff,50.1277,8.58539,frankfurt,True,0,,0,False,0.459599,False,0,0.873724,0,0,0,0,0,0,0,0,0,0,0,0,0,0,0,0,0,0,0,0,0,0,0,0,0,0,0,0,1
891faeaa52fffff,50.1282,8.59014,frankfurt,True,0,,0,False,0.459599,False,0,0.873724,0,0,0,0,0,0,0,0,0,0,0,0,0,0,0,0,0,0,0,0,0,0,0,0,0,0,0,0,0
891faeaa533ffff,50.1327,8.58469,frankfurt,True,0,,0,False,0.459599,False,0,0.873724,0,0,0,0,0,0,0,0,0,0,0,0,0,0,0,0,0,0,0,0,0,0,0,0,0,0,0,0,0
891faeaa537ffff,50.1332,8.58945,frankfurt,True,0,,0,False,0.459599,False,0,0.873724,0,0,0,0,0,0,0,0,0,0,0,0,0,0,0,0,0,0,0,0,0,0,0,0,0,0,0,0,0
891faeaa53bffff,50.13,8.58266,frankfurt,True,0,,0,False,0.459599,False,0,0.873724,0,0,0,0,0,0,0,0,0,0,0,0,0,0,0,0,0,0,0,0,0,0,0,0,0,0,0,0,0
891faeaa543ffff,50.1257,8.56638,frankfurt,True,437,7.82208,149,False,0.383948,False,193,0.820388,0,0,0,0,0,0,0,2,0,0,1,0,0,0,0,0,0,0,0,0,0,0,0,0,0,0,1,0,0
891faeaa547ffff,50.1262,8.57113,frankfurt,True,1363,7.64515,561,False,0.481373,False,567,0.766724,0,0,0,0,0,0,0,1,0,0,0,0,0,0,0,0,0,0,0,0,0,0,0,0,0,0,0,0,0
891faeaa54bffff,50.123,8.56435,frankfurt,True,1278,9.55994,350,False,0.418951,False,563,0.828877,0,0,0,0,0,0,0,0,0,0,0,0,0,0,0,0,0,0,1,0,0,0,0,0,0,0,1,0,0
891faeaa54fffff,50.1235,8.5691,frankfurt,True,1627,8.53077,426,False,0.399754,False,603,0.762144,0,0,0,0,0,0,0,0,0,0,0,0,0,0,0,0,0,0,0,0,0,0,0,1,0,0,2,0,0
891faeaa553ffff,50.128,8.56366,frankfurt,True,0,,0,False,0.459599,False,0,0.873724,0,0,0,0,0,0,0,0,0,0,0,0,0,0,0,0,0,0,0,0,0,0,0,0,0,0,0,0,0
891faeaa557ffff,50.1285,8.56841,frankfurt,True,458,6.68981,154,False,0.389868,False,154,0.643312,0,0,0,0,0,0,0,0,0,0,0,0,0,0,0,0,0,0,0,0,0,0,0,0,0,0,0,0,0
891faeaa55bffff,50.1253,8.56163,frankfurt,True,471,8.80077,130,False,0.515086,False,209,0.867299,0,0,0,0,0,0,0,0,0,0,0,0,0,0,0,0,0,0,0,0,0,0,0,0,0,0,0,0,0
891faeaa563ffff,50.1245,8.57861,frankfurt,True,276,9.37261,69,False,0.467857,False,130,0.87395,0,0,0,0,0,0,0,0,0,0,0,0,0,0,0,0,0,0,0,0,0,0,0,0,0,0,3,0,0
891faeaa567ffff,50.125,8.58336,frankfurt,True,200,9.48111,27,False,0.330144,False,96,0.806452,0,0,0,0,0,0,0,1,0,0,0,0,0,0,0,0,0,0,0,1,0,0,0,0,0,0,0,0,0
891faeaa56bffff,50.1217,8.57658,frankfurt,True,6,8.23946,0,True,0,False,5,1,0,0,0,0,0,0,0,0,0,0,0,0,0,0,0,0,0,0,0,0,0,0,0,0,0,0,0,0,0
891faeaa56fffff,50.1222,8.58133,frankfurt,True,11,8.31196,0,True,0.459599,True,5,1,0,0,0,0,0,0,0,0,0,0,0,0,0,0,0,0,0,0,0,0,0,0,0,0,0,0,0,0,0
891faeaa573ffff,50.1267,8.57588,frankfurt,True,425,9.25095,158,False,0.378753,False,190,0.809524,0,0,0,0,0,0,0,0,0,0,0,0,0,0,0,0,0,0,0,0,0,0,0,0,0,0,0,0,0
891faeaa577ffff,50.1272,8.58063,frankfurt,True,0,,0,False,0.459599,False,3,1,0,0,0,0,0,0,0,0,0,0,0,0,0,0,0,0,0,0,0,0,0,0,0,0,0,0,2,0,0
891faeaa57bffff,50.124,8.57385,frankfurt,True,887,6.80484,322,False,0.38521,False,395,0.804401,0,0,0,0,0,0,0,0,0,0,1,0,0,0,0,0,0,0,0,0,0,0,0,0,0,0,2,0,0
891faeaa583ffff,50.139,8.57178,frankfurt,False,920,9.76676,398,False,0.464365,False,492,0.837728,0,0,0,0,0,0,0,0,0,0,0,0,0,0,0,0,0,0,0,0,0,0,0,0,0,0,0,0,0
891faeaa587ffff,50.1395,8.57653,frankfurt,False,597,6.80939,179,False,0.352843,False,264,0.785978,0,0,0,0,0,0,0,0,0,0,0,0,0,0,0,0,0,0,0,0,0,0,0,0,0,0,0,0,1
891faeaa58bffff,50.1363,8.56975,frankfurt,False,217,7.17,114,False,0.39819,False,107,0.846847,0,0,0,0,0,0,0,0,0,0,0,0,1,3,0,0,0,0,0,0,0,0,0,0,0,0,1,0,3
891faeaa58fffff,50.1367,8.5745,frankfurt,False,0,,0,False,0.459599,False,0,0.873724,0,0,0,0,0,0,0,0,0,0,0,0,0,0,0,0,0,0,0,0,0,0,0,0,0,0,0,0,2
891faeaa593ffff,50.1413,8.56905,frankfurt,False,1052,11.2283,406,False,0.424696,False,541,0.862319,0,0,0,0,0,0,0,1,0,0,0,0,0,2,0,0,0,0,0,0,1,0,0,0,0,0,1,0,1
891faeaa597ffff,50.1418,8.57381,frankfurt,False,775,6.4497,266,False,0.333333,False,348,0.800539,0,0,0,0,0,0,0,1,0,0,1,0,1,4,1,1,0,1,2,0,0,0,0,0,0,0,1,0,2
891faeaa59bffff,50.1385,8.56702,frankfurt,False,962,10.1549,295,False,0.431624,False,494,0.850895,0,0,0,0,0,0,0,1,0,0,0,0,0,0,0,0,0,0,0,0,0,0,0,0,0,0,5,0,0
891faeaa5a3ffff,50.1377,8.584,frankfurt,False,0,,0,False,0.459599,False,0,0.873724,0,0,0,0,0,0,0,0,0,0,0,0,1,0,0,0,0,0,0,0,0,0,0,0,0,0,0,0,1
891faeaa5a7ffff,50.1382,8.58876,frankfurt,True,0,,0,False,0.459599,False,0,0.873724,0,0,0,0,0,0,0,0,0,0,0,0,0,0,0,0,0,0,0,0,0,0,0,0,0,0,0,0,0
891faeaa5abffff,50.135,8.58197,frankfurt,True,0,,0,False,0.459599,False,0,0.873724,0,0,0,0,0,0,0,0,0,0,0,0,0,0,0,0,0,0,0,0,0,0,0,0,0,0,0,0,0
891faeaa5afffff,50.1355,8.58673,frankfurt,True,0,,0,False,0.459599,False,0,0.873724,0,0,0,0,0,0,0,0,0,0,0,0,0,0,0,0,0,0,0,0,0,0,0,0,0,0,0,0,0
891faeaa5b3ffff,50.14,8.58128,frankfurt,False,0,,0,False,0.459599,False,0,0.873724,0,0,0,0,0,0,0,1,0,0,0,0,0,0,0,0,0,0,0,0,0,0,0,0,0,0,2,0,1
891faeaa5b7ffff,50.1405,8.58603,frankfurt,False,0,,0,False,0.459599,False,0,0.873724,0,0,0,0,0,0,0,0,0,0,0,0,0,0,0,0,0,0,0,0,0,0,0,0,0,0,0,0,0
891faeaa5bbffff,50.1372,8.57925,frankfurt,False,0,,0,False,0.459599,False,0,0.873724,0,0,0,0,0,0,0,0,0,0,0,0,0,0,0,0,0,0,0,0,0,0,0,0,0,0,0,0,1
891faeaa5c3ffff,50.133,8.56297,frankfurt,False,0,,0,False,0.459599,False,0,0.873724,0,1,0,0,0,1,0,0,0,0,0,0,0,0,0,0,0,0,0,0,0,0,0,0,0,0,2,0,2
891faeaa5c7ffff,50.1335,8.56772,frankfurt,False,0,,0,False,0.459599,False,0,0.873724,0,0,0,0,0,0,0,0,0,0,1,0,0,6,0,0,0,0,0,0,0,0,0,0,0,0,4,0,3
891faeaa5cbffff,50.1303,8.56094,frankfurt,False,0,,0,False,0.459599,False,0,0.873724,0,0,0,0,0,0,0,1,0,0,0,0,0,1,0,0,0,0,0,0,0,0,0,0,0,0,1,0,3
891faeaa5cfffff,50.1308,8.56569,frankfurt,True,0,,0,False,0.459599,False,0,0.873724,0,0,0,0,0,0,0,0,0,0,0,0,0,0,0,0,0,0,0,0,0,0,0,0,0,0,0,0,2
891faeaa5d3ffff,50.1353,8.56024,frankfurt,False,0,,0,False,0.459599,False,0,0.873724,0,0,0,0,0,0,0,1,0,0,0,0,0,1,0,0,0,0,0,0,0,0,0,0,0,0,2,0,0
891faeaa5d7ffff,50.1358,8.56499,frankfurt,False,564,11.33,142,False,0.556738,False,263,0.818868,0,0,0,0,0,0,0,0,0,0,0,0,0,0,0,0,0,0,0,0,0,0,0,0,0,0,0,0,0
891faeaa5dbffff,50.1325,8.55821,frankfurt,False,0,,0,False,0.459599,False,0,0.873724,0,0,0,0,0,0,0,0,0,0,0,0,0,0,0,0,0,0,0,1,0,0,0,0,0,0,1,0,1
891faeaa603ffff,50.109,8.52774,frankfurt,True,475,9.20464,181,False,0.386266,False,226,0.840517,0,0,0,0,0,0,0,2,0,0,0,0,0,0,0,0,0,0,0,0,0,0,0,0,0,1,0,0,0
891faeaa607ffff,50.1095,8.53249,frankfurt,True,876,9.89868,272,False,0.447339,False,435,0.890625,0,0,0,0,0,0,0,0,0,1,0,0,0,1,1,0,0,0,0,0,0,0,0,0,0,0,2,0,0
891faeaa60bffff,50.1063,8.52572,frankfurt,True,587,10.1386,87,False,0.498276,False,181,0.559783,0,0,0,0,0,0,0,0,0,0,0,0,0,0,0,0,0,0,0,0,0,0,0,0,0,0,0,0,0
891faeaa60fffff,50.1068,8.53046,frankfurt,True,189,8.53071,28,False,0.346154,False,79,0.805556,0,0,0,0,0,0,0,0,0,0,0,0,0,0,0,0,0,0,0,0,0,0,0,0,0,0,0,0,0
891faeaa613ffff,50.1113,8.52502,frankfurt,True,432,9.75692,65,False,0.33253,False,181,0.757895,0,0,0,0,0,0,0,0,0,0,0,0,0,0,0,0,0,0,0,0,0,0,0,0,0,0,2,0,0
891faeaa617ffff,50.1118,8.52977,frankfurt,True,540,9.09578,199,False,0.418647,False,273,0.878571,0,0,0,0,0,0,0,0,0,0,0,0,0,0,0,0,0,0,0,0,0,1,0,0,0,0,0,0,0
891faeaa61bffff,50.1085,8.52299,frankfurt,True,0,,0,False,0.459599,False,0,0.873724,0,0,0,0,0,0,0,0,0,0,0,0,0,0,0,0,0,0,0,0,0,0,0,0,0,0,0,0,0
891faeaa623ffff,50.1078,8.53996,frankfurt,True,898,9.47403,238,False,0.402935,False,416,0.832512,0,0,0,0,0,0,0,2,0,1,1,0,0,1,0,0,0,0,0,0,0,0,0,0,0,0,1,0,0
891faeaa627ffff,50.1083,8.54471,frankfurt,True,138,9.40957,69,False,0.624,False,81,0.925926,0,0,0,0,0,0,0,0,0,0,0,0,0,2,0,0,0,0,1,0,0,0,0,0,0,0,1,0,0
891faeaa62bffff,50.105,8.53793,frankfurt,True,675,9.29881,202,False,0.373112,False,297,0.835088,0,0,0,0,0,0,0,0,0,0,0,0,0,0,0,0,0,0,0,0,0,0,0,0,0,0,2,0,0
891faeaa62fffff,50.1055,8.54268,frankfurt,True,936,10.2443,358,False,0.497877,False,423,0.837772,0,0,0,0,0,0,0,1,0,0,1,0,0,1,0,0,0,0,0,0,0,0,0,0,0,0,2,0,1
891faeaa633ffff,50.11,8.53724,frankfurt,True,1055,9.22915,386,False,0.44041,False,536,0.847145,0,0,0,0,0,0,0,1,0,0,0,0,1,2,2,0,0,0,1,0,0,0,0,0,0,0,3,0,0
891faeaa637ffff,50.1105,8.54199,frankfurt,True,1701,12.8024,768,False,0.425118,False,808,0.827251,0,0,0,0,0,0,0,1,0,0,0,0,1,0,0,0,0,0,0,0,0,0,0,0,0,0,1,0,0
891faeaa63bffff,50.1073,8.53521,frankfurt,True,702,10.4248,190,False,0.389291,False,338,0.878419,0,0,0,0,0,0,0,0,0,0,0,0,0,0,0,0,0,0,0,0,0,0,0,0,0,0,1,0,1
891faeaa643ffff,50.103,8.51894,frankfurt,True,0,,0,False,0.459599,False,0,0.873724,0,0,0,0,0,0,0,0,0,0,0,0,0,0,0,0,0,0,0,0,0,0,0,0,0,0,0,0,0
891faeaa647ffff,50.1035,8.52369,frankfurt,True,24,9.64,18,False,0.724138,False,18,1,0,0,0,0,0,0,0,0,0,0,0,0,0,0,0,0,0,0,0,0,0,0,0,0,0,0,0,0,0
891faeaa64bffff,50.1003,8.51692,frankfurt,True,0,,0,False,0.459599,False,0,0.873724,0,0,0,0,0,0,0,0,0,0,0,0,0,0,0,0,0,0,0,0,1,0,0,0,0,0,0,0,0
891faeaa64fffff,50.1008,8.52166,frankfurt,True,0,,0,False,0.459599,False,0,0.873724,0,0,0,0,0,0,0,0,0,0,0,0,0,0,0,0,0,0,0,0,0,0,0,0,0,0,0,0,0
891faeaa653ffff,50.1053,8.51622,frankfurt,True,0,,0,False,0.459599,False,0,0.873724,0,0,0,0,0,0,0,0,0,0,0,0,0,0,0,0,0,0,0,0,0,0,0,0,0,0,0,0,0
891faeaa657ffff,50.1058,8.52097,frankfurt,True,0,,0,False,0.459599,False,0,0.873724,0,0,0,0,0,0,0,0,0,0,0,0,0,0,0,0,0,0,0,0,0,0,0,0,0,0,0,0,0
891faeaa65bffff,50.1025,8.51419,frankfurt,True,0,,0,False,0.459599,False,0,0.873724,0,0,0,0,0,0,0,0,0,0,0,0,0,0,0,0,0,0,0,0,0,0,0,0,0,0,0,0,0
891faeaa663ffff,50.1018,8.53116,frankfurt,True,45,9.76749,0,True,0.333333,False,16,1,0,0,0,0,0,0,0,0,0,0,1,0,0,0,0,0,0,0,0,0,0,0,0,0,0,0,2,0,0
891faeaa667ffff,50.1023,8.53591,frankfurt,True,559,12.4843,249,False,0.474265,False,269,0.815789,0,0,0,0,0,0,0,0,0,0,0,0,0,0,0,0,0,0,0,0,0,0,0,0,0,0,0,0,0
891faeaa66bffff,50.099,8.52913,frankfurt,True,0,,0,False,0.459599,False,0,0.873724,0,0,0,0,0,0,0,0,0,0,0,0,0,0,0,0,0,0,0,0,0,0,0,0,0,1,1,0,0
891faeaa66fffff,50.0995,8.53388,frankfurt,True,0,,0,False,0.459599,False,0,0.873724,0,0,0,0,0,0,0,0,0,0,0,0,0,0,0,0,0,0,0,0,0,0,0,0,0,0,0,0,0
891faeaa673ffff,50.104,8.52844,frankfurt,True,838,9.03609,179,False,0.421241,False,300,0.686007,0,0,0,0,0,0,0,0,0,0,0,0,0,1,0,0,0,0,0,0,0,0,0,0,0,0,0,0,0
891faeaa677ffff,50.1045,8.53319,frankfurt,True,470,9.5028,82,False,0.376321,False,200,0.786802,0,0,0,0,0,0,0,0,0,0,0,0,0,0,0,0,0,0,0,0,0,0,0,0,0,0,0,1,1
891faeaa67bffff,50.1013,8.52641,frankfurt,True,74,10.5413,0,True,0.917808,False,0,0.873724,0,0,0,0,0,0,0,0,0,0,0,0,0,0,0,0,0,0,0,0,0,0,0,0,0,0,1,0,2
891faeaa683ffff,50.1163,8.52432,frankfurt,True,0,,0,False,0.459599,False,0,0.873724,0,0,0,0,0,0,0,0,0,0,0,0,0,0,0,0,0,0,0,0,0,0,0,0,0,0,0,0,0
891faeaa687ffff,50.1168,8.52907,frankfurt,False,0,,0,False,0.459599,False,0,0.873724,0,0,0,1,0,0,0,0,0,0,0,0,1,0,0,0,0,5,1,0,0,0,0,0,0,0,0,0,0
891faeaa68bffff,50.1135,8.5223,frankfurt,True,0,,0,False,0.459599,False,0,0.873724,0,0,0,0,0,0,0,0,0,0,0,0,0,0,0,0,0,0,0,0,0,0,0,0,0,0,0,0,0
891faeaa68fffff,50.114,8.52705,frankfurt,True,15,6.6,6,False,0.461538,False,6,1,0,0,0,0,0,0,0,0,0,0,0,0,0,0,0,0,0,0,0,0,0,0,0,0,0,0,0,0,0
891faeaa693ffff,50.1185,8.5216,frankfurt,True,0,,0,False,0.459599,False,0,0.873724,0,0,0,0,0,0,0,0,0,0,0,0,0,0,0,0,0,0,0,0,0,0,0,0,0,0,0,0,0
891faeaa697ffff,50.119,8.52635,frankfurt,False,0,,0,False,0.459599,False,0,0.873724,0,0,1,0,0,0,0,1,1,0,4,0,4,8,0,1,1,18,1,0,0,1,0,0,0,0,1,0,0
891faeaa69bffff,50.1158,8.51958,frankfurt,True,0,,0,False,0.459599,False,0,0.873724,0,0,0,0,0,0,0,0,0,0,0,0,0,0,0,0,0,0,0,0,0,0,0,0,0,0,0,0,0
891faeaa6a3ffff,50.115,8.53655,frankfurt,True,1010,8.11501,443,False,0.449495,False,522,0.884766,0,0,0,0,0,0,0,0,0,0,0,0,0,1,0,0,0,0,0,0,0,0,0,0,0,0,3,0,0
891faeaa6a7ffff,50.1155,8.54129,frankfurt,True,1181,7.04465,426,False,0.426257,False,453,0.69214,0,0,0,0,0,0,0,0,0,0,0,0,0,0,0,0,0,0,0,0,0,0,0,0,0,0,2,0,0
891faeaa6abffff,50.1123,8.53452,frankfurt,True,764,9.25949,235,False,0.404393,False,372,0.866492,0,0,0,0,0,0,0,0,0,0,0,0,0,0,0,0,0,0,0,0,0,0,0,0,0,0,0,0,0
891faeaa6afffff,50.1128,8.53927,frankfurt,True,1243,8.4131,506,False,0.421697,False,596,0.849408,0,0,0,0,0,0,0,1,0,0,0,0,0,1,0,0,0,1,0,0,0,0,0,0,0,0,5,0,0
891faeaa6b3ffff,50.1173,8.53382,frankfurt,False,0,,0,False,0.459599,False,0,0.873724,0,0,0,0,0,0,0,0,0,0,0,0,0,0,0,0,0,0,0,0,0,0,0,0,0,0,0,0,0
891faeaa6b7ffff,50.1178,8.53857,frankfurt,True,500,5.62663,267,False,0.39521,False,269,0.846715,0,0,0,0,0,0,0,0,0,0,0,0,0,0,0,0,0,0,0,0,0,0,0,0,0,0,0,0,0
891faeaa6bbffff,50.1145,8.5318,frankfurt,True,128,9.39536,28,False,0.364341,False,41,0.578947,0,0,0,0,0,0,0,0,0,0,0,0,0,0,0,0,0,0,0,0,0,0,0,0,0,0,0,0,0
891faeaa6c3ffff,50.1103,8.51552,frankfurt,True,0,,0,False,0.459599,False,0,0.873724,0,0,0,0,0,0,0,0,0,0,0,0,0,0,0,0,0,0,0,0,0,0,0,0,0,0,0,0,0
891faeaa6c7ffff,50.1108,8.52027,frankfurt,True,0,,0,False,0.459599,False,0,0.873724,0,0,0,0,0,0,0,0,0,0,0,0,0,0,0,0,0,0,0,0,0,0,0,0,0,0,0,0,0
891faeaa6cbffff,50.1075,8.5135,frankfurt,True,0,,0,False,0.459599,False,0,0.873724,0,0,0,0,0,0,0,0,0,0,0,0,0,0,0,0,0,0,0,0,0,0,0,0,0,0,0,0,0
891faeaa6cfffff,50.108,8.51825,frankfurt,True,0,,0,False,0.459599,False,0,0.873724,0,0,0,0,0,0,0,0,0,0,0,0,0,0,0,0,0,0,0,0,0,0,0,0,0,0,0,0,0
891faeaa6d3ffff,50.1125,8.5128,frankfurt,True,0,,0,False,0.459599,False,0,0.873724,0,0,0,0,0,0,0,0,0,0,0,0,0,0,0,0,0,0,0,0,0,0,0,0,0,0,0,0,0
891faeaa6d7ffff,50.113,8.51755,frankfurt,True,0,,0,False,0.459599,False,0,0.873724,0,0,0,0,0,0,0,0,0,0,0,0,0,0,0,0,0,0,0,0,0,0,0,0,0,0,0,0,1
891faeaa6dbffff,50.1098,8.51077,frankfurt,True,0,,0,False,0.459599,False,0,0.873724,0,0,0,0,0,0,0,0,0,0,0,0,0,0,0,0,0,0,0,0,0,0,0,0,0,0,0,0,0
891faeaa803ffff,50.1036,8.64655,frankfurt,True,276,6.79606,208,False,0.715302,False,224,0.949541,0,0,0,0,0,0,0,0,0,0,1,0,1,3,0,0,0,0,0,0,0,0,0,1,1,0,3,0,4
891faeaa807ffff,50.1041,8.6513,frankfurt,True,165,12.1089,117,False,0.830189,False,117,0.973913,0,0,0,0,0,0,0,1,0,0,0,0,0,1,0,0,0,0,0,0,0,0,0,0,0,0,1,0,6
891faeaa80bffff,50.1008,8.64451,frankfurt,True,591,12.3021,413,False,0.738832,False,435,0.963883,0,0,0,0,0,0,0,0,0,0,0,0,0,0,0,0,0,0,0,0,0,0,0,0,0,0,0,0,2
891faeaa80fffff,50.1013,8.64927,frankfurt,True,0,,0,False,0.459599,False,0,0.873724,0,0,0,0,0,0,0,0,0,0,0,0,0,0,0,0,0,0,0,0,0,0,0,0,0,0,0,0,0
891faeaa813ffff,50.1058,8.64383,frankfurt,True,1558,10.8887,784,False,0.557051,False,896,0.90583,0,0,0,0,0,0,0,0,0,0,0,0,0,1,0,0,0,0,0,0,0,0,0,0,0,1,3,0,1
891faeaa817ffff,50.1063,8.64858,frankfurt,True,1914,10.119,1151,False,0.577003,False,1263,0.939151,0,0,0,0,0,0,0,0,0,0,0,0,0,3,2,0,1,1,0,0,0,0,1,0,2,0,1,0,4
891faeaa81bffff,50.1031,8.64179,frankfurt,True,1079,10.4036,460,False,0.54731,False,522,0.826667,0,0,0,0,0,0,0,0,0,0,0,0,0,7,2,0,0,1,0,0,1,1,0,0,0,0,0,0,6
891faeaa823ffff,50.1023,8.65877,frankfurt,True,1420,10.1578,873,False,0.610876,False,971,0.956612,0,0,0,0,0,0,0,0,0,0,0,0,5,6,0,0,0,0,0,0,0,0,0,0,1,0,2,0,4
891faeaa827ffff,50.1028,8.66352,frankfurt,True,1281,11.6512,746,False,0.666403,False,807,0.935208,0,0,0,0,0,0,0,0,0,0,1,0,3,6,4,0,0,0,0,0,0,0,0,0,0,0,1,0,5
891faeaa82bffff,50.0995,8.65674,frankfurt,True,397,12.5275,213,False,0.541872,False,247,0.933071,0,0,0,0,0,0,0,0,0,0,1,0,0,1,2,0,0,0,0,0,0,0,0,0,0,0,3,0,2
891faeaa82fffff,50.1,8.66149,frankfurt,True,995,14.4015,430,False,0.586345,False,556,0.927667,0,0,0,0,0,0,0,1,0,0,0,0,0,2,0,0,0,0,0,0,0,0,0,0,0,0,1,0,0
891faeaa833ffff,50.1045,8.65605,frankfurt,True,57,6.06,21,False,0.321429,False,21,0.611111,0,0,0,0,0,0,0,0,0,0,0,0,1,1,0,0,0,0,0,0,0,0,0,0,0,0,0,0,0
891faeaa837ffff,50.105,8.6608,frankfurt,True,34,11.46,8,False,0.6,False,11,1,0,0,0,0,0,0,0,0,0,0,0,0,0,1,0,0,0,0,0,0,0,0,1,0,0,0,8,0,0
891faeaa83bffff,50.1018,8.65402,frankfurt,True,663,11.6428,420,False,0.581288,False,430,0.922353,0,0,0,0,0,0,0,0,0,0,0,0,0,0,0,0,0,0,0,0,0,0,0,0,2,0,1,0,1
891faeaa843ffff,50.0976,8.63773,frankfurt,True,0,,0,False,0.459599,False,0,0.873724,0,0,0,0,0,0,0,0,0,0,0,0,0,0,0,0,0,0,0,0,0,0,0,0,0,0,0,0,0
891faeaa847ffff,50.0981,8.64248,frankfurt,True,4,11.2978,0,True,1,False,3,1,0,0,0,0,0,0,0,0,0,0,0,0,0,0,0,0,0,0,0,0,0,1,0,0,0,0,0,0,0
891faeaa84bffff,50.0948,8.6357,frankfurt,True,0,,0,False,0.459599,False,0,0.873724,0,0,0,0,0,0,0,0,0,0,0,0,0,0,0,0,0,0,0,0,0,0,0,0,0,0,1,0,0
891faeaa84fffff,50.0953,8.64045,frankfurt,True,283,7.2775,152,False,0.442857,False,154,0.838323,0,0,0,0,0,0,0,0,0,0,0,0,0,0,0,0,0,0,0,1,0,0,0,0,0,0,4,0,2
891faeaa853ffff,50.0998,8.63501,frankfurt,True,2091,12.8913,1064,False,0.549831,False,1066,0.849765,0,0,0,0,0,0,0,1,0,0,1,0,0,2,0,0,0,0,0,0,0,0,0,0,2,0,4,0,3
891faeaa857ffff,50.1003,8.63976,frankfurt,True,1375,12.23,619,False,0.652899,False,737,0.896836,0,0,0,0,0,0,0,0,0,0,0,0,2,3,1,0,0,0,0,0,0,0,0,0,1,0,1,0,1
891faeaa85bffff,50.0971,8.63298,frankfurt,True,122,10.7837,60,False,0.645161,False,69,0.901408,0,0,0,0,0,0,0,0,0,0,0,0,0,1,0,0,0,0,0,0,0,0,0,0,0,0,0,0,1
891faeaa863ffff,50.0963,8.64995,frankfurt,True,38,9.11,37,False,0,False,37,1,0,0,0,0,0,0,0,0,0,0,0,0,0,0,0,0,0,0,0,0,0,0,0,0,0,0,0,0,0
891faeaa867ffff,50.0968,8.65471,frankfurt,True,0,,0,False,0.459599,False,0,0.873724,0,0,0,0,0,0,0,0,0,0,0,0,0,2,0,0,0,0,0,0,0,0,0,0,0,0,2,0,1
891faeaa86bffff,50.0935,8.64792,frankfurt,True,221,9.46,134,False,0.536797,False,134,0.87218,0,0,0,0,0,0,0,0,0,0,0,0,1,0,0,0,0,0,0,0,0,0,0,0,0,0,0,0,1
891faeaa86fffff,50.094,8.65267,frankfurt,True,0,,0,False,0.459599,False,0,0.873724,0,0,0,0,0,0,0,0,0,0,0,0,0,0,0,0,0,0,0,0,0,0,0,0,0,0,2,0,0
891faeaa873ffff,50.0986,8.64723,frankfurt,True,633,7.2852,50,False,0.347003,False,99,0.96875,0,0,0,0,0,0,0,0,0,0,0,0,0,0,1,0,0,0,0,0,1,0,0,0,0,0,2,0,0
891faeaa877ffff,50.099,8.65199,frankfurt,True,0,,0,False,0.459599,False,0,0.873724,0,0,0,0,0,0,0,0,0,0,0,0,0,0,0,0,0,0,0,0,0,0,0,0,0,0,2,0,0
891faeaa87bffff,50.0958,8.6452,frankfurt,True,135,9.94106,85,False,0.20339,False,88,0.965116,0,0,0,0,0,0,0,0,0,0,0,0,0,1,0,0,0,0,0,0,0,0,0,0,0,0,0,0,2
891faeaa883ffff,50.1108,8.64314,frankfurt,True,0,,0,False,0.459599,False,3,1,0,0,0,0,0,0,0,0,0,0,0,0,0,0,0,0,0,0,0,0,0,0,0,0,0,1,0,0,1
891faeaa887ffff,50.1113,8.64789,frankfurt,True,0,,0,False,0.459599,False,0,0.873724,0,0,0,0,0,0,0,0,0,0,0,0,0,0,0,0,0,0,0,0,0,0,0,0,0,0,0,0,0
891faeaa88bffff,50.1081,8.64111,frankfurt,True,865,13.2368,484,False,0.770548,False,545,0.94964,0,0,0,0,0,0,0,0,0,0,1,0,2,3,0,0,0,0,0,0,0,0,0,0,0,0,2,0,4
891faeaa88fffff,50.1086,8.64586,frankfurt,True,1141,11.8054,753,False,0.712775,False,782,0.949559,0,0,0,0,0,0,0,0,0,0,0,0,0,2,0,0,0,0,0,2,0,0,0,0,0,0,2,0,1
891faeaa893ffff,50.1131,8.64042,frankfurt,True,0,,0,False,0.459599,False,0,0.873724,0,0,0,0,0,0,0,0,0,0,0,0,0,0,0,0,0,0,0,0,0,0,0,0,0,0,1,0,0
891faeaa897ffff,50.1136,8.64517,frankfurt,True,171,14.0013,80,False,0.717514,False,93,0.916667,0,0,0,0,0,0,0,0,0,0,0,0,0,1,0,0,0,0,0,0,0,0,0,0,0,0,1,0,1
891faeaa89bffff,50.1103,8.63839,frankfurt,True,0,,0,False,0.459599,False,0,0.873724,0,0,0,0,0,0,0,0,0,0,0,0,0,0,0,0,0,0,0,0,0,0,0,0,0,0,0,0,0
891faeaa8a3ffff,50.1096,8.65536,frankfurt,True,505,13.7604,207,False,0.692913,False,260,0.912214,0,0,0,0,0,0,0,1,0,0,1,0,3,1,1,0,1,4,0,1,0,1,1,1,0,0,0,0,6
891faeaa8a7ffff,50.11,8.66012,frankfurt,True,621,15.5882,406,False,0.61254,False,438,0.965278,0,0,0,0,0,0,0,0,0,0,1,0,1,9,0,0,0,1,0,1,1,1,0,0,1,0,3,0,3
891faeaa8abffff,50.1068,8.65333,frankfurt,True,403,10.4936,188,False,0.730392,False,215,0.930233,0,0,0,0,0,0,0,1,0,0,1,0,0,1,0,0,0,0,0,0,0,0,0,0,1,0,1,0,7
891faeaa8afffff,50.1073,8.65808,frankfurt,True,1362,12.3027,776,False,0.666667,False,818,0.925245,0,0,0,0,0,0,0,1,0,0,1,0,5,13,1,0,0,1,0,0,0,2,0,0,1,0,3,0,7
891faeaa8b3ffff,50.1118,8.65265,frankfurt,True,48,13.2565,0,True,0.296296,False,9,0.538462,0,0,0,0,0,0,0,0,0,0,0,0,0,1,0,0,0,0,0,0,0,0,0,0,3,0,4,0,2
891faeaa8b7ffff,50.1123,8.6574,frankfurt,True,835,18.7999,520,False,0.592593,False,545,0.922652,0,0,0,0,0,0,0,0,0,0,0,0,1,4,0,0,0,0,0,1,0,0,0,0,3,0,1,0,5
891faeaa8bbffff,50.1091,8.65061,frankfurt,True,485,13.4009,293,False,0.741053,False,292,0.941581,0,0,0,2,0,0,0,0,0,0,2,0,5,7,0,0,1,7,1,0,0,1,0,0,0,0,2,0,0
891faeaa8c3ffff,50.1048,8.63432,frankfurt,True,1153,9.62787,586,False,0.535043,False,631,0.899054,1,0,0,0,0,0,0,0,0,0,0,0,1,0,0,0,0,0,0,0,0,0,0,0,0,0,2,0,1
891faeaa8c7ffff,50.1053,8.63907,frankfurt,True,1582,11.1476,823,False,0.613824,False,850,0.890443,0,0,0,0,0,0,0,0,0,0,1,0,2,2,0,0,0,1,1,0,0,1,0,1,0,0,2,0,1
891faeaa8cbffff,50.1021,8.63229,frankfurt,True,2172,12.5527,1101,False,0.672192,False,1209,0.927213,0,1,0,0,0,0,0,3,0,0,4,0,1,2,0,0,0,0,1,0,0,0,0,0,0,0,0,0,3
891faeaa8cfffff,50.1026,8.63704,frankfurt,True,1675,11.2233,732,False,0.620238,False,1161,0.961005,0,0,0,0,0,0,0,4,0,0,1,0,4,8,2,0,0,2,0,1,0,0,0,0,2,0,2,0,3
891faeaa8d3ffff,50.1071,8.6316,frankfurt,True,1199,11.3715,347,False,0.530915,False,534,0.837838,0,0,0,0,0,0,0,0,0,0,0,0,0,1,0,0,0,0,0,0,0,0,0,0,0,0,0,0,0
891faeaa8d7ffff,50.1076,8.63635,frankfurt,True,1446,13.8484,577,False,0.649792,False,822,0.918114,0,0,0,0,0,0,0,1,0,0,0,0,0,0,0,0,0,0,0,2,0,0,0,0,0,0,2,0,5
891faeaa8dbffff,50.1044,8.62957,frankfurt,True,1626,7.73695,884,False,0.396192,False,876,0.892325,0,0,0,0,0,0,0,0,0,0,1,0,1,0,1,0,0,0,0,0,0,1,0,0,0,0,2,0,1
891faeaa903ffff,50.107,8.67982,frankfurt,True,0,,0,False,0.459599,False,0,0.873724,0,0,0,0,0,0,0,0,0,0,0,0,0,2,0,0,0,0,0,0,0,2,0,0,0,0,0,0,0
891faeaa907ffff,50.1075,8.68457,frankfurt,True,725,11.8771,462,False,0.550069,False,511,0.955598,0,0,0,0,0,0,0,0,0,0,0,0,1,3,4,0,0,1,0,0,0,0,0,0,0,0,0,0,3
891faeaa90bffff,50.1042,8.67778,frankfurt,True,841,13.7397,391,False,0.487211,False,471,0.876858,0,0,0,0,0,0,0,0,0,0,1,0,6,7,0,0,0,3,1,0,1,3,0,0,1,0,0,0,2
891faeaa90fffff,50.1047,8.68254,frankfurt,True,1092,12.3986,502,False,0.466544,False,589,0.914237,0,0,0,0,0,0,0,0,0,0,0,0,0,1,1,0,0,0,0,0,0,1,0,0,0,0,0,0,0
891faeaa913ffff,50.1093,8.6771,frankfurt,True,591,14.8771,317,False,0.56176,False,360,0.956522,0,0,0,0,0,0,0,0,0,0,0,0,3,8,3,0,0,0,0,0,3,2,0,0,2,0,2,0,4
891faeaa917ffff,50.1097,8.68185,frankfurt,True,592,11.5233,291,False,0.426202,False,357,0.936963,0,0,0,0,0,0,0,0,0,2,1,0,6,6,2,0,0,2,0,0,0,5,0,0,3,1,2,0,0
891faeaa91bffff,50.1065,8.67506,frankfurt,True,65,15.0278,41,False,0.62069,False,48,1,0,0,0,0,0,0,0,1,0,0,0,0,0,2,0,0,0,0,0,0,1,1,0,0,0,0,0,0,2
891faeaa923ffff,50.1057,8.69204,frankfurt,True,1876,11.9173,1078,False,0.6242,False,1237,0.937347,0,0,0,0,0,0,0,1,0,0,0,0,4,16,19,0,0,0,2,0,0,1,0,0,2,0,2,0,1
891faeaa927ffff,50.1062,8.6968,frankfurt,True,1059,11.1043,404,False,0.528478,False,612,0.897227,0,0,0,0,0,0,0,1,0,0,1,0,2,1,0,0,0,0,0,2,0,0,0,1,0,0,2,1,0
891faeaa92bffff,50.103,8.69001,frankfurt,True,1509,10.9106,760,False,0.512583,False,879,0.889764,0,0,0,0,0,0,0,3,0,0,2,0,4,9,4,2,0,0,1,2,1,0,0,1,4,0,4,0,2
891faeaa92fffff,50.1034,8.69476,frankfurt,True,860,10.7265,498,False,0.56682,False,549,0.949821,0,0,0,0,0,0,0,0,0,0,0,0,0,0,0,0,0,0,0,0,0,0,0,0,2,0,2,0,0
891faeaa933ffff,50.108,8.68932,frankfurt,True,49,9.2,13,False,0.461538,False,19,0.833333,0,0,0,0,0,0,0,0,0,0,0,0,0,0,2,0,0,0,0,0,1,2,0,1,0,0,0,0,1
891faeaa937ffff,50.1085,8.69408,frankfurt,True,448,13.2058,265,False,0.62635,False,273,0.896797,0,0,0,0,0,0,0,1,0,0,0,0,0,3,0,0,0,0,0,0,0,0,0,0,0,0,0,0,0
891faeaa93bffff,50.1052,8.68729,frankfurt,True,2363,12.6005,1301,False,0.556253,False,1476,0.926174,0,0,0,1,0,2,0,1,0,1,1,1,7,10,4,1,1,8,1,0,1,2,0,1,0,0,2,0,2
891faeaa943ffff,50.101,8.671,frankfurt,True,902,11.7779,309,False,0.395429,False,403,0.805851,1,0,0,0,0,1,0,0,0,0,0,0,2,0,0,0,0,0,0,0,0,2,0,0,0,0,0,0,1
891faeaa947ffff,50.1015,8.67575,frankfurt,True,780,12.5418,325,False,0.406888,False,390,0.823077,0,0,0,0,0,0,0,0,0,0,0,0,0,3,0,1,0,0,0,0,0,0,0,0,1,0,2,1,0
891faeaa94bffff,50.0983,8.66896,frankfurt,True,365,12.551,185,False,0.550847,False,218,0.935484,0,0,0,0,0,0,0,0,0,0,0,0,0,1,0,0,0,0,0,0,0,0,0,0,4,0,3,0,3
891faeaa94fffff,50.0987,8.67371,frankfurt,True,952,11.8432,374,False,0.409138,False,494,0.83559,0,0,0,0,0,0,0,0,0,0,0,0,0,0,0,0,0,0,0,0,0,0,0,0,0,0,2,0,2
891faeaa953ffff,50.1033,8.66828,frankfurt,True,101,13.6205,63,False,0.637255,False,64,0.953846,0,0,0,0,0,0,0,0,0,0,0,0,1,2,0,0,0,0,0,0,0,0,0,0,0,0,0,0,5
891faeaa957ffff,50.1038,8.67303,frankfurt,True,9,9.6,4,False,0.333333,False,5,1,0,0,0,0,0,0,0,0,0,0,0,0,0,1,0,0,0,0,0,0,0,1,0,0,0,0,0,0,0
891faeaa95bffff,50.1005,8.66624,frankfurt,True,0,,0,False,0.459599,False,0,0.873724,0,0,0,0,0,0,0,0,0,0,0,0,0,2,0,0,0,0,0,0,0,0,0,0,0,0,1,0,3
891faeaa963ffff,50.0997,8.68322,frankfurt,True,1341,12.1787,648,False,0.476841,False,767,0.913386,0,1,0,1,0,1,0,0,0,0,1,0,4,10,0,0,1,3,2,2,0,1,0,0,2,0,8,2,2
891faeaa967ffff,50.1002,8.68797,frankfurt,True,1196,11.5362,588,False,0.46796,False,649,0.909236,1,1,0,0,0,0,0,1,0,0,3,0,1,0,2,0,0,0,0,0,0,0,0,0,2,1,3,0,2
891faeaa96bffff,50.097,8.68119,frankfurt,True,952,12.8037,406,False,0.544872,False,490,0.864542,0,0,0,0,0,0,0,1,0,0,0,0,0,2,0,0,0,0,0,0,0,0,0,1,1,0,1,0,1
891faeaa96fffff,50.0975,8.68594,frankfurt,True,792,12.4209,370,False,0.546816,False,520,0.926923,0,0,0,0,0,0,0,0,0,0,0,0,0,2,0,0,0,0,0,0,1,0,0,0,2,0,4,0,0
891faeaa973ffff,50.102,8.6805,frankfurt,True,2111,12.8358,1038,False,0.51322,False,1274,0.93397,0,0,0,0,1,1,0,1,1,2,6,0,5,8,2,1,0,6,2,1,0,0,0,0,4,0,4,0,3
891faeaa977ffff,50.1025,8.68525,frankfurt,True,2035,12.1212,923,False,0.463153,False,1172,0.906542,0,0,0,0,0,0,0,0,0,1,1,0,1,4,0,0,0,0,0,0,0,0,0,1,1,0,1,0,0
891faeaa97bffff,50.0992,8.67847,frankfurt,True,1052,11.7868,436,False,0.398866,False,588,0.888158,0,0,0,0,0,0,0,0,0,0,1,0,0,1,1,0,0,0,0,0,0,0,0,0,0,0,2,0,0
891faeaa983ffff,50.1143,8.67641,frankfurt,True,134,17.623,66,False,0.601626,False,107,0.971963,2,0,0,0,0,0,0,1,0,0,4,0,5,18,5,1,4,27,1,0,0,2,0,0,0,1,1,0,6
891faeaa987ffff,50.1148,8.68117,frankfurt,True,126,12.9551,45,False,0.704348,False,69,0.942308,0,0,0,1,0,0,0,3,1,0,2,0,11,11,5,0,2,18,0,1,2,1,0,0,1,0,0,0,3
891faeaa98bffff,50.1115,8.67438,frankfurt,True,249,24.6955,174,False,0.721774,False,185,0.967914,0,0,0,1,0,0,0,2,0,0,1,0,8,5,1,0,0,10,0,1,0,3,1,0,0,0,1,0,11
891faeaa98fffff,50.112,8.67913,frankfurt,True,353,11.6315,177,False,0.640719,False,211,0.956098,0,0,0,1,1,0,0,0,0,1,1,0,10,17,3,2,3,12,0,0,2,3,0,0,0,0,1,0,6
891faeaa993ffff,50.1165,8.67369,frankfurt,True,522,14.4143,338,False,0.560297,False,395,0.962121,0,1,0,0,0,0,0,0,0,0,0,0,3,12,4,0,0,2,0,2,1,0,1,0,0,0,0,0,4
891faeaa997ffff,50.117,8.67845,frankfurt,True,464,13.781,232,False,0.625,False,311,0.909968,1,0,0,1,0,0,0,3,0,0,0,0,2,14,4,1,0,4,0,2,1,1,0,0,1,0,3,0,1
891faeaa99bffff,50.1138,8.67166,frankfurt,True,65,13.0793,29,False,0.569231,False,48,0.934783,0,0,0,1,0,0,0,0,1,0,0,0,3,7,1,0,0,8,0,0,0,0,2,0,1,0,2,0,5
891faeaa9a3ffff,50.113,8.68864,frankfurt,True,1365,11.7772,724,False,0.522182,False,839,0.9375,0,0,0,0,0,0,0,2,0,0,1,0,3,8,5,0,0,0,0,1,0,1,0,0,5,0,5,0,5
891faeaa9a7ffff,50.1135,8.69339,frankfurt,True,824,11.581,393,False,0.419856,False,485,0.931959,0,0,0,0,0,0,0,2,0,0,0,0,2,3,4,0,0,0,0,0,0,1,0,1,2,0,3,0,4
891faeaa9abffff,50.1102,8.6866,frankfurt,True,945,11.0393,510,False,0.531116,False,574,0.940246,0,0,0,0,0,0,0,0,0,0,0,0,9,6,4,0,0,2,0,0,0,6,0,1,0,0,2,0,2
891faeaa9afffff,50.1107,8.69136,frankfurt,True,1044,12.5099,596,False,0.620155,False,727,0.939435,0,0,0,0,0,0,0,0,0,0,1,0,0,1,0,0,0,0,0,0,2,0,0,0,1,0,0,0,2
891faeaa9b3ffff,50.1152,8.68592,frankfurt,True,397,15.2885,213,False,0.653367,False,265,0.944649,1,0,0,0,0,0,0,1,0,1,3,0,7,13,3,0,0,6,1,3,0,2,0,0,1,2,2,0,4
891faeaa9b7ffff,50.1157,8.69067,frankfurt,True,694,13.5085,356,False,0.563401,False,391,0.957333,0,0,0,0,0,0,0,0,0,0,1,0,2,8,4,1,0,3,0,0,1,1,0,0,0,0,1,0,3
891faeaa9bbffff,50.1125,8.68389,frankfurt,True,1265,13.668,739,False,0.555556,False,828,0.946924,1,0,0,2,0,3,0,2,0,2,3,0,13,19,4,3,4,12,2,0,0,6,0,1,0,0,1,0,2
891faeaa9c3ffff,50.1083,8.66759,frankfurt,True,1365,11.9808,618,False,0.687591,False,802,0.927409,1,0,0,1,0,0,0,6,1,1,1,0,2,27,13,0,0,2,0,0,0,0,0,0,2,0,1,0,8
891faeaa9c7ffff,50.1088,8.67234,frankfurt,True,203,17.3004,134,False,0.723005,False,150,0.939597,0,0,0,0,0,0,0,0,0,0,2,0,7,11,2,1,0,1,0,1,4,0,0,2,3,0,6,0,4
891faeaa9cbffff,50.1055,8.66556,frankfurt,True,589,13.707,428,False,0.67893,False,497,0.965657,0,0,0,0,0,0,0,2,0,1,3,1,6,6,3,0,0,0,0,0,0,0,2,0,5,0,6,0,8
891faeaa9cfffff,50.106,8.67031,frankfurt,True,674,15.6617,309,False,0.676783,False,495,0.966667,0,0,0,0,0,0,0,0,0,0,1,0,0,5,1,0,0,0,0,0,0,1,0,0,0,0,0,0,7
891faeaa9d3ffff,50.1105,8.66487,frankfurt,True,583,13.2361,308,False,0.680815,False,402,0.951691,0,0,0,0,0,0,0,0,0,1,0,0,4,6,3,0,0,0,0,1,1,0,1,0,0,0,1,0,9
891faeaa9d7ffff,50.111,8.66962,frankfurt,True,55,8.84875,48,False,0.559322,False,54,1,0,0,0,0,0,0,0,0,0,0,0,0,1,3,0,0,0,0,0,1,0,0,1,0,0,0,2,0,0
891faeaa9dbffff,50.1078,8.66284,frankfurt,True,71,15.466,43,False,0.517647,False,57,1,0,0,0,0,0,0,0,2,0,0,4,0,5,6,2,1,0,0,2,0,0,1,1,0,4,2,4,0,5
891faeaaa03ffff,50.0843,8.63232,frankfurt,True,702,18.8383,444,False,0.782979,False,438,0.961798,0,1,0,0,0,0,0,0,0,0,0,0,0,1,0,0,0,0,0,0,0,0,0,0,0,0,4,0,4
891faeaaa07ffff,50.0848,8.63707,frankfurt,True,1456,9.31609,751,False,0.449415,False,779,0.892308,0,0,0,1,0,0,0,0,0,0,1,0,1,3,1,0,0,0,0,0,0,0,0,0,0,0,3,0,0
891faeaaa0bffff,50.0816,8.63029,frankfurt,True,271,11.14,101,False,0.655431,False,101,0.776699,0,0,0,0,0,0,0,0,0,0,0,0,0,2,0,0,0,0,0,0,0,0,0,0,0,0,1,0,2
891faeaaa0fffff,50.0821,8.63504,frankfurt,True,536,9.94863,249,False,0.596623,False,257,0.854902,0,0,0,0,0,0,0,2,0,0,1,0,0,1,0,0,0,0,0,1,0,0,0,0,0,0,2,0,4
891faeaaa13ffff,50.0866,8.6296,frankfurt,True,0,,0,False,0.459599,False,0,0.873724,0,0,0,0,0,0,0,0,0,0,0,0,0,0,0,0,0,0,0,0,0,0,0,0,0,0,0,0,0
891faeaaa17ffff,50.0871,8.63436,frankfurt,True,427,10.0314,182,False,0.446809,False,215,0.848624,0,0,0,0,0,0,0,0,0,0,0,0,0,0,0,0,0,0,0,0,0,0,0,0,1,0,0,0,0
891faeaaa1bffff,50.0838,8.62757,frankfurt,True,0,,0,False,0.459599,False,0,0.873724,0,0,0,0,0,0,0,1,0,0,0,0,0,1,0,0,0,0,0,0,0,0,0,1,0,0,2,0,3
891faeaaa23ffff,50.083,8.64454,frankfurt,True,1336,10.8361,580,False,0.503748,False,738,0.888591,0,0,0,0,0,0,0,2,0,0,1,0,0,1,1,0,0,0,1,0,0,0,0,0,1,0,3,0,1
891faeaaa27ffff,50.0835,8.6493,frankfurt,True,1198,15.7075,774,False,0.597643,False,840,0.944377,0,0,0,0,0,0,0,1,0,0,0,0,0,3,2,0,0,0,0,0,0,0,0,0,2,0,2,0,2
891faeaaa2bffff,50.0803,8.64251,frankfurt,True,774,10.5536,130,False,0.433938,False,296,0.813953,0,0,0,0,0,0,0,0,0,0,0,0,0,1,0,0,0,0,0,0,0,0,0,0,0,0,0,0,0
891faeaaa2fffff,50.0808,8.64726,frankfurt,True,1661,10.5319,673,False,0.482185,False,891,0.877596,0,0,0,0,0,0,0,0,0,0,0,0,0,0,0,0,0,0,0,1,0,0,0,0,0,0,3,0,1
891faeaaa33ffff,50.0853,8.64183,frankfurt,True,1948,9.54526,889,False,0.459869,False,1054,0.87206,0,0,0,0,0,0,0,1,0,0,0,0,1,1,2,0,0,0,0,0,0,0,0,0,2,0,2,0,2
891faeaaa37ffff,50.0858,8.64658,frankfurt,True,1297,10.552,679,False,0.512962,False,811,0.921544,1,0,0,0,0,0,0,3,0,2,4,0,5,4,4,1,0,2,2,1,0,1,0,1,2,0,3,0,4
891faeaaa3bffff,50.0825,8.63979,frankfurt,True,1435,7.94948,717,False,0.439917,False,734,0.846568,0,0,0,0,0,0,0,1,0,0,0,0,0,1,0,0,0,0,0,0,0,0,0,0,1,0,2,0,0
891faeaaa43ffff,50.0783,8.62351,frankfurt,True,5,17.582,0,True,0.5,False,3,0.873724,0,0,0,0,0,0,0,0,0,0,0,0,0,0,0,0,0,0,0,1,0,0,0,0,0,0,0,0,1
891faeaaa47ffff,50.0788,8.62826,frankfurt,True,381,27.2951,412,False,0.697917,False,236,0.891213,0,0,0,0,0,0,0,0,0,0,0,0,0,5,0,0,0,0,0,0,0,0,0,0,1,0,2,0,2
891faeaaa4bffff,50.0756,8.62148,frankfurt,True,0,,0,False,0.459599,False,0,0.873724,0,0,0,0,0,0,0,0,0,0,0,0,0,0,0,0,0,0,0,0,0,0,0,0,0,0,0,0,0
891faeaaa4fffff,50.0761,8.62623,frankfurt,True,305,15.08,134,False,0.858086,False,200,0.970149,0,0,0,0,0,0,0,0,0,0,0,0,0,0,0,0,0,0,0,0,0,0,0,0,0,0,0,0,0
891faeaaa53ffff,50.0806,8.62079,frankfurt,True,18,17.02,19,False,0.666667,False,19,1,0,0,0,0,0,0,0,0,0,0,0,0,0,0,0,0,0,0,0,0,0,0,0,0,0,0,0,0,0
891faeaaa57ffff,50.0811,8.62554,frankfurt,True,411,15.2144,279,False,0.765133,False,274,0.977358,0,0,0,0,0,0,0,0,0,0,0,0,0,1,0,0,0,0,0,0,0,0,0,0,0,0,2,0,3
891faeaaa5bffff,50.0778,8.61876,frankfurt,True,0,,0,False,0.459599,False,0,0.873724,0,0,0,0,0,0,0,0,0,0,0,0,0,1,0,0,0,0,0,0,0,0,0,0,2,0,0,0,0
891faeaaa63ffff,50.077,8.63573,frankfurt,True,0,,0,False,0.459599,False,0,0.873724,0,0,0,0,0,0,0,0,0,0,0,0,0,1,0,0,0,0,0,0,0,0,0,0,0,0,0,0,0
891faeaaa67ffff,50.0775,8.64048,frankfurt,True,480,11.6835,133,False,0.466951,False,252,0.87747,0,0,0,0,0,0,0,0,0,0,0,0,0,0,0,0,0,0,0,0,0,0,0,0,0,0,0,0,0
891faeaaa6bffff,50.0743,8.6337,frankfurt,True,0,,0,False,0.459599,False,0,0.873724,0,0,0,0,0,0,0,0,0,0,0,0,0,0,0,0,0,0,0,0,0,0,0,0,0,0,0,0,0
891faeaaa6fffff,50.0748,8.63845,frankfurt,True,8,12.2583,0,True,0.5,False,0,0.873724,0,0,0,0,0,0,0,0,0,0,0,0,0,0,0,0,0,0,0,0,0,0,0,0,0,0,0,0,0
891faeaaa73ffff,50.0793,8.63301,frankfurt,True,551,16.4586,362,False,0.722117,False,252,0.869919,0,0,0,0,0,0,0,0,0,0,0,0,0,1,0,0,0,0,0,0,0,0,0,0,0,0,2,0,3
891faeaaa77ffff,50.0798,8.63776,frankfurt,True,414,7.49952,208,False,0.426506,False,217,0.866972,0,0,0,0,0,0,0,0,0,0,1,0,0,0,0,0,0,0,0,0,0,0,0,0,1,1,3,0,0
891faeaaa7bffff,50.0765,8.63098,frankfurt,True,861,13.3138,347,False,0.62297,False,380,0.815789,0,0,0,0,0,0,0,0,0,0,0,0,0,0,0,0,0,0,0,0,0,0,0,0,0,0,0,0,0
891faeaaa83ffff,50.0916,8.62892,frankfurt,True,0,,0,False,0.459599,False,0,0.873724,0,0,0,0,0,0,0,0,0,0,0,0,0,0,0,0,0,0,0,0,0,0,0,0,0,0,0,0,0
891faeaaa87ffff,50.0921,8.63367,frankfurt,True,4,8.3,3,False,1,False,0,0.873724,0,0,0,0,0,0,0,0,0,0,0,0,0,0,0,0,0,0,0,0,0,0,0,0,0,0,1,0,2
891faeaaa8bffff,50.0888,8.62689,frankfurt,True,0,,0,False,0.459599,False,0,0.873724,0,0,0,0,0,0,0,0,0,0,0,0,0,0,0,0,0,0,0,0,0,0,0,0,0,0,0,0,1
891faeaaa8fffff,50.0893,8.63164,frankfurt,True,3,10.349,0,True,0.459599,True,0,0.873724,0,0,0,0,0,0,0,0,0,0,0,0,0,0,0,0,0,0,0,0,0,0,0,0,0,0,0,0,0
891faeaaa93ffff,50.0938,8.6262,frankfurt,True,0,,0,False,0.459599,False,0,0.873724,0,0,0,0,0,0,0,0,0,0,0,0,0,0,0,0,0,0,0,0,0,0,0,0,0,0,1,0,0
891faeaaa97ffff,50.0943,8.63095,frankfurt,True,0,,0,False,0.459599,False,0,0.873724,0,0,0,0,0,0,0,0,0,0,0,0,0,0,0,0,0,0,0,0,0,0,0,0,0,0,0,0,0
891faeaaa9bffff,50.0911,8.62417,frankfurt,True,0,,0,False,0.459599,False,0,0.873724,0,0,0,0,0,0,0,0,0,0,0,0,0,0,0,0,0,0,0,0,0,0,0,0,0,0,0,0,0
891faeaaaa3ffff,50.0903,8.64114,frankfurt,True,1371,5.46559,615,False,0.395652,False,608,0.756623,0,0,0,0,0,0,0,0,0,0,0,0,0,0,0,0,0,0,0,0,0,0,0,0,0,0,1,0,0
891faeaaaa7ffff,50.0908,8.64589,frankfurt,True,292,7.77,238,False,0.283333,False,259,0.977778,0,0,0,0,0,0,0,0,0,0,0,0,0,0,0,0,0,0,0,0,0,0,0,0,0,0,0,0,0
891faeaaaabffff,50.0876,8.63911,frankfurt,True,1805,10.0306,836,False,0.465565,False,1030,0.913843,0,0,0,0,0,0,0,0,0,0,0,0,0,2,1,0,0,0,0,0,0,0,0,0,0,0,1,0,1
891faeaaaafffff,50.088,8.64386,frankfurt,True,1001,10.9388,550,False,0.491592,False,646,0.918058,0,0,0,0,0,0,0,0,0,0,0,0,0,1,0,0,0,0,0,0,0,1,0,1,0,0,3,0,0
891faeaaab3ffff,50.0926,8.63842,frankfurt,True,23,9.04298,0,True,1,False,14,1,0,0,0,0,0,0,0,0,0,0,0,0,0,0,0,0,0,0,0,0,0,0,0,0,0,0,0,0,1
891faeaaab7ffff,50.0931,8.64317,frankfurt,True,0,,0,False,0.459599,False,0,0.873724,0,0,0,0,0,0,0,0,0,0,0,0,0,0,0,0,0,0,0,0,0,0,0,0,0,0,0,0,0
891faeaaabbffff,50.0898,8.63639,frankfurt,True,179,13.33,114,False,0.612717,False,133,0.978102,0,0,0,0,0,0,0,0,0,0,0,0,0,0,0,0,0,0,0,0,0,0,0,0,0,0,0,0,0
891faeaaac3ffff,50.0856,8.6201,frankfurt,True,0,,0,False,0.459599,False,0,0.873724,0,0,0,0,0,0,0,0,0,0,0,0,0,0,0,0,0,0,0,0,0,0,0,0,0,0,1,0,2
891faeaaac7ffff,50.0861,8.62485,frankfurt,True,0,,0,False,0.459599,False,0,0.873724,0,0,0,0,0,0,0,0,0,0,0,0,0,0,0,0,0,0,0,0,0,0,0,0,0,0,0,0,0
891faeaaacbffff,50.0828,8.61807,frankfurt,True,273,9.71295,44,False,0.376761,False,124,0.801653,0,0,0,0,0,0,0,0,0,0,0,0,0,0,0,0,0,1,0,0,0,0,0,0,0,0,0,0,1
891faeaaacfffff,50.0833,8.62282,frankfurt,True,0,,0,False,0.459599,False,0,0.873724,0,0,0,0,0,0,0,0,0,0,0,0,0,0,0,0,0,0,0,0,0,0,0,0,0,0,1,0,2
891faeaaad3ffff,50.0878,8.61738,frankfurt,True,49,8.67,3,False,0.526316,False,21,1,0,0,0,0,0,0,0,0,0,0,0,0,0,0,0,0,0,0,0,0,0,0,0,0,0,0,2,0,0
891faeaaad7ffff,50.0883,8.62213,frankfurt,True,0,,0,False,0.459599,False,0,0.873724,0,0,0,0,0,0,0,0,0,0,0,0,0,0,0,0,0,0,0,0,0,0,0,0,0,0,0,0,0
891faeaaadbffff,50.0851,8.61535,frankfurt,True,406,9.75018,57,False,0.385185,False,183,0.825843,0,0,0,0,0,0,0,0,0,0,1,0,0,0,0,0,0,0,0,0,0,0,0,0,0,0,2,0,0
891faeaab03ffff,50.0877,8.66558,frankfurt,True,223,13.674,20,False,0.290909,False,91,0.709677,0,0,0,0,0,0,0,0,0,0,0,0,0,0,0,0,0,0,0,0,0,0,0,0,0,0,2,0,0
891faeaab07ffff,50.0882,8.67033,frankfurt,True,848,7.99637,482,False,0.411339,False,487,0.896761,0,0,0,0,0,0,0,1,1,0,0,0,0,1,1,0,0,0,1,0,0,0,0,0,1,0,2,0,0
891faeaab0bffff,50.085,8.66355,frankfurt,True,24,8.46748,0,True,0.459599,True,9,0.873724,0,0,0,0,0,0,0,0,0,0,0,0,0,0,0,0,0,0,0,0,0,0,0,0,0,0,0,0,0
891faeaab0fffff,50.0855,8.6683,frankfurt,True,85,6.21,30,False,0.369048,False,38,0.71875,0,0,0,0,0,0,0,0,0,0,0,0,0,0,0,0,0,0,0,0,0,0,0,0,0,0,0,0,0
891faeaab13ffff,50.09,8.66286,frankfurt,True,227,15.241,77,False,0.491071,False,128,0.930769,0,0,0,0,0,0,0,0,0,0,0,0,0,0,0,0,0,0,0,0,0,0,0,0,0,0,0,0,0
891faeaab17ffff,50.0905,8.66761,frankfurt,True,612,6.91541,316,False,0.346906,False,334,0.877301,0,0,0,0,0,0,0,0,0,0,0,0,0,0,0,0,0,0,0,0,0,0,0,0,0,0,0,0,1
891faeaab1bffff,50.0873,8.66083,frankfurt,True,16,8.95792,0,True,0.35,False,8,0.873724,0,0,0,0,0,0,0,0,0,0,0,0,0,0,0,0,0,0,0,0,0,0,0,0,0,0,1,0,0
891faeaab23ffff,50.0865,8.6778,frankfurt,True,19,12.49,6,False,0.315789,False,8,0.7,0,0,0,0,0,0,0,0,0,0,0,0,0,0,0,0,0,0,0,0,0,0,0,0,0,0,0,0,0
891faeaab27ffff,50.0869,8.68256,frankfurt,True,223,13.0997,61,False,0.487805,False,84,0.807692,0,0,0,0,0,0,0,0,0,0,0,0,0,0,0,0,0,0,0,0,0,0,0,0,0,0,0,0,0
891faeaab2bffff,50.0837,8.67577,frankfurt,True,126,13.2387,23,False,0.268817,False,65,0.885246,0,0,0,0,0,0,0,0,0,0,0,0,0,0,0,0,0,0,0,0,0,0,0,0,0,0,0,0,0
891faeaab2fffff,50.0842,8.68052,frankfurt,True,156,13.255,12,False,0.299363,False,62,0.811321,0,0,0,0,0,0,0,0,0,0,0,0,0,0,0,0,0,0,0,0,0,0,0,0,0,0,3,0,0
891faeaab33ffff,50.0887,8.67509,frankfurt,True,884,9.75977,533,False,0.501695,False,528,0.942197,0,0,0,0,0,0,0,0,0,0,0,0,0,0,0,0,0,0,0,0,0,0,0,0,0,0,0,0,0
891faeaab37ffff,50.0892,8.67984,frankfurt,True,533,11.3543,190,False,0.422932,False,283,0.911972,0,0,0,0,0,0,0,0,0,0,0,0,0,1,0,0,0,0,0,0,0,0,0,0,0,0,0,0,0
891faeaab3bffff,50.086,8.67305,frankfurt,True,1012,8.6619,484,False,0.434303,False,521,0.878049,0,0,0,0,0,0,0,0,0,0,0,0,0,1,0,0,0,0,0,0,0,0,0,1,0,0,3,0,0
891faeaab43ffff,50.0818,8.65676,frankfurt,True,0,,0,False,0.459599,False,0,0.873724,0,0,0,0,0,0,0,0,0,0,0,0,0,0,0,0,0,0,0,0,0,0,0,0,0,0,0,0,1
891faeaab47ffff,50.0822,8.66152,frankfurt,True,0,,0,False,0.459599,False,0,0.873724,0,0,0,0,0,0,0,0,0,0,0,0,0,0,0,0,0,0,0,0,0,0,0,0,0,0,0,0,0
891faeaab4bffff,50.079,8.65473,frankfurt,True,121,11.9395,19,False,0.333333,False,47,0.868421,0,0,0,0,0,0,0,0,0,0,0,0,0,0,0,0,0,0,0,0,0,0,0,0,1,0,3,0,1
891faeaab4fffff,50.0795,8.65948,frankfurt,True,0,,0,False,0.459599,False,0,0.873724,0,0,0,0,0,0,0,0,0,0,0,0,0,0,0,0,0,0,0,0,0,0,0,0,0,0,0,0,0
891faeaab53ffff,50.084,8.65405,frankfurt,True,0,,0,False,0.459599,False,0,0.873724,0,0,0,0,0,0,0,0,0,0,0,0,0,0,0,0,0,0,0,0,0,0,0,0,0,0,0,0,0
891faeaab57ffff,50.0845,8.6588,frankfurt,True,0,,0,False,0.459599,False,0,0.873724,0,0,0,0,0,0,0,0,0,0,0,0,0,0,0,0,0,0,0,0,0,0,0,0,0,0,0,0,0
891faeaab5bffff,50.0813,8.65201,frankfurt,True,1067,12.0032,364,False,0.555556,False,655,0.958204,0,0,0,0,0,1,0,0,0,0,0,0,0,1,1,0,0,0,0,0,0,0,0,0,0,0,0,0,1
891faeaab63ffff,50.0805,8.66899,frankfurt,True,8,8.9,3,False,0.5,False,5,1,0,0,0,0,0,0,0,0,0,0,0,0,0,0,0,0,0,0,0,0,0,0,0,0,0,0,0,0,0
891faeaab67ffff,50.081,8.67374,frankfurt,True,39,8.23,3,False,0.404762,False,11,0.75,0,0,0,0,0,0,0,0,0,0,0,0,0,1,0,0,0,0,0,0,0,0,0,0,0,0,0,0,0
891faeaab6bffff,50.0777,8.66695,frankfurt,True,3,9.24318,0,True,0,False,0,0.873724,0,0,0,0,0,0,0,0,0,0,0,0,0,0,0,0,0,0,0,0,0,0,0,0,0,0,0,0,0
891faeaab6fffff,50.0782,8.6717,frankfurt,True,5,11.8386,0,True,0.459599,True,3,0.873724,0,0,0,0,0,0,0,0,0,0,0,0,0,0,0,0,0,0,0,0,0,0,0,0,0,0,0,0,0
891faeaab73ffff,50.0827,8.66627,frankfurt,True,0,,0,False,0.459599,False,0,0.873724,0,0,0,0,0,0,0,0,0,0,0,0,0,0,0,0,0,0,0,0,0,0,0,0,0,0,0,0,0
891faeaab77ffff,50.0832,8.67102,frankfurt,True,32,8.49,6,False,0.419355,False,9,1,0,0,0,0,0,0,0,0,0,0,0,0,0,0,0,0,0,0,0,0,0,0,0,0,1,1,0,0,0
891faeaab7bffff,50.08,8.66423,frankfurt,True,0,,0,False,0.459599,False,0,0.873724,0,0,0,0,0,0,0,0,0,0,0,0,0,0,0,0,0,0,0,0,0,0,0,0,0,0,0,0,0
891faeaab83ffff,50.095,8.66218,frankfurt,True,0,,0,False,0.459599,False,0,0.873724,0,0,0,0,0,0,0,0,0,0,0,0,0,1,0,0,0,0,0,0,0,0,0,0,0,0,2,0,0
891faeaab87ffff,50.0955,8.66693,frankfurt,True,681,12.0329,293,False,0.478788,False,364,0.854497,0,0,0,0,0,0,0,0,0,0,0,0,0,0,0,0,0,0,0,0,0,0,0,0,0,0,0,0,5
891faeaab8bffff,50.0923,8.66014,frankfurt,True,314,10.53,16,False,0.859375,False,300,0.99026,0,0,0,0,0,0,0,0,0,0,0,0,0,0,0,0,0,0,0,0,0,0,0,0,0,0,2,0,0
891faeaab8fffff,50.0928,8.6649,frankfurt,True,102,15.4622,32,False,0.559633,False,45,0.869565,0,0,0,0,0,0,0,0,0,0,0,0,0,1,0,0,0,0,0,0,0,0,0,0,0,0,0,0,1
891faeaab93ffff,50.0973,8.65946,frankfurt,True,125,15.5115,52,False,0.522388,False,80,0.929412,0,0,0,0,0,0,0,0,0,0,0,0,0,0,0,0,0,0,0,0,0,0,0,0,2,0,1,0,0
891faeaab97ffff,50.0978,8.66421,frankfurt,True,399,12.5427,183,False,0.560976,False,218,0.899083,0,0,0,0,0,0,0,0,0,0,0,0,0,2,0,0,0,0,0,0,0,0,0,0,1,0,2,0,1
891faeaab9bffff,50.0945,8.65742,frankfurt,True,0,,0,False,0.459599,False,0,0.873724,0,0,0,0,0,0,0,0,0,0,0,0,0,0,0,0,0,0,0,0,0,0,0,0,0,0,1,0,1
891faeaaba3ffff,50.0937,8.6744,frankfurt,True,800,12.1844,302,False,0.501253,False,411,0.884422,0,0,0,0,0,0,0,0,0,0,0,0,0,0,0,0,0,0,0,0,0,0,0,0,0,0,0,0,0
891faeaaba7ffff,50.0942,8.67915,frankfurt,True,999,11.2874,514,False,0.506061,False,589,0.898164,0,0,0,0,0,0,0,0,0,0,0,0,0,0,1,0,0,0,0,0,0,0,0,0,2,0,1,0,0
891faeaababffff,50.091,8.67237,frankfurt,True,1268,8.43555,857,False,0.417969,False,771,0.917632,0,0,0,0,0,0,0,1,0,0,1,0,0,1,1,0,0,0,0,0,0,0,0,0,1,0,2,0,0
891faeaabafffff,50.0915,8.67712,frankfurt,True,1125,9.29682,719,False,0.483245,False,720,0.92233,0,0,0,0,0,0,0,0,0,0,0,0,0,0,0,0,0,0,0,0,0,0,0,0,1,0,3,0,0
891faeaabb3ffff,50.096,8.67168,frankfurt,True,571,12.7767,195,False,0.492281,False,285,0.866906,0,0,0,0,0,0,0,0,0,0,0,0,0,0,0,0,0,0,0,0,0,0,0,0,1,0,2,0,3
891faeaabb7ffff,50.0965,8.67643,frankfurt,True,945,11.1434,229,False,0.416488,False,390,0.759894,0,0,0,0,0,0,0,0,0,0,0,0,0,0,0,0,0,0,0,0,0,0,0,0,0,0,2,0,0
891faeaabbbffff,50.0932,8.66965,frankfurt,True,1318,8.3703,598,False,0.441332,False,670,0.852691,0,0,0,0,0,0,0,0,0,0,0,0,0,0,0,0,0,0,0,0,0,0,0,0,1,1,1,0,3
891faeaabc3ffff,50.089,8.65336,frankfurt,True,207,10.2705,63,False,0.372727,False,88,0.877778,0,0,0,0,0,0,0,0,0,0,0,0,0,0,0,0,0,0,0,0,0,0,0,0,2,0,2,0,0
891faeaabc7ffff,50.0895,8.65811,frankfurt,True,225,12.2335,17,False,0.507246,False,125,0.944444,0,0,0,0,0,0,0,0,0,0,0,0,0,0,0,0,0,0,0,0,0,0,0,0,0,0,0,0,1
891faeaabcbffff,50.0863,8.65133,frankfurt,True,414,10.2095,193,False,0.510896,False,217,0.924171,0,0,0,0,0,0,0,0,0,0,0,0,0,1,0,0,0,0,2,0,0,0,0,0,1,0,3,0,0
891faeaabcfffff,50.0868,8.65608,frankfurt,True,0,,0,False,0.459599,False,0,0.873724,0,0,0,0,0,0,0,0,0,0,0,0,0,0,0,0,0,0,0,0,0,0,0,0,0,0,0,0,0
891faeaabd3ffff,50.0913,8.65064,frankfurt,True,639,11.306,354,False,0.570992,False,437,0.926097,0,0,0,0,0,0,0,0,0,0,0,0,0,0,0,0,0,0,0,0,0,0,0,0,0,0,3,0,0
891faeaabd7ffff,50.0918,8.65539,frankfurt,True,274,10.8415,0,True,0.870968,False,217,0.986607,0,0,0,0,0,0,0,0,0,0,0,0,0,0,0,0,0,0,0,0,0,0,0,0,1,0,1,0,0
891faeaabdbffff,50.0885,8.64861,frankfurt,True,1170,11.3698,427,False,0.491033,False,652,0.917305,0,0,0,0,0,0,0,0,0,0,1,0,0,0,1,0,0,0,0,0,0,0,0,0,1,0,3,0,2
891faeaac03ffff,50.1194,8.62751,frankfurt,True,267,14.9832,145,False,0.725,False,172,0.957576,0,0,0,1,0,0,0,0,0,0,1,0,0,0,0,0,0,0,0,0,0,0,0,0,0,0,0,0,1
891faeaac07ffff,50.1199,8.63226,frankfurt,True,51,10.281,31,False,0.634615,False,32,0.909091,0,0,0,0,0,0,0,0,0,0,0,0,0,0,0,0,0,0,0,0,0,0,0,0,0,0,0,0,1
891faeaac0bffff,50.1166,8.62547,frankfurt,True,24,16.98,20,False,0.823529,False,23,1,0,0,0,0,0,0,0,0,0,0,0,0,0,0,0,0,0,0,0,0,0,0,0,0,0,0,0,0,0
891faeaac0fffff,50.1171,8.63023,frankfurt,True,944,13.5889,579,False,0.695742,False,627,0.9472,0,0,0,0,0,0,0,1,0,0,0,0,2,4,0,0,0,0,0,0,0,0,0,0,1,0,1,1,6
891faeaac13ffff,50.1216,8.62478,frankfurt,True,201,9.68938,65,False,0.604278,False,115,0.962963,0,0,0,0,0,0,0,1,0,0,0,0,1,0,0,0,0,0,0,0,0,0,0,0,0,0,0,0,2
891faeaac17ffff,50.1221,8.62954,frankfurt,True,564,10.5841,278,False,0.499096,False,310,0.87291,0,0,0,0,0,0,0,1,0,0,0,0,0,0,0,0,0,0,0,0,0,0,0,0,0,0,2,0,0
891faeaac1bffff,50.1189,8.62275,frankfurt,True,1065,10.2959,301,False,0.507477,False,366,0.850667,0,0,0,0,0,0,0,2,0,0,0,0,0,0,0,0,0,0,0,0,0,0,0,0,0,0,2,0,1
891faeaac23ffff,50.1181,8.63973,frankfurt,True,1387,10.7621,694,False,0.579886,False,784,0.891995,0,0,0,0,0,0,0,1,0,0,1,0,0,1,1,0,0,0,0,0,0,0,0,0,1,1,2,0,1
891faeaac27ffff,50.1186,8.64448,frankfurt,True,1956,10.9505,1142,False,0.594262,False,1217,0.929752,0,0,0,0,0,0,0,0,0,0,3,0,0,8,2,0,0,1,0,0,0,0,0,2,2,0,1,0,2
891faeaac2bffff,50.1154,8.6377,frankfurt,True,556,12.646,267,False,0.605893,False,288,0.888489,0,0,0,0,0,0,0,0,0,0,0,0,0,0,0,0,0,0,0,0,0,0,0,0,0,0,2,0,1
891faeaac2fffff,50.1158,8.64245,frankfurt,True,971,12.5958,506,False,0.649378,False,533,0.908918,0,0,0,0,0,0,0,0,0,0,0,0,0,1,0,0,0,1,0,0,0,0,0,0,1,0,0,0,3
891faeaac33ffff,50.1204,8.63701,frankfurt,True,245,11.8244,179,False,0.652,False,183,0.923913,0,0,0,0,0,0,0,0,0,0,0,0,0,1,0,0,0,0,0,1,0,0,0,0,0,0,1,0,5
891faeaac37ffff,50.1209,8.64176,frankfurt,True,1406,10.6055,732,False,0.483848,False,789,0.893564,0,0,0,0,0,0,0,1,0,0,0,0,0,1,0,0,0,0,0,0,0,0,0,0,0,0,2,0,2
891faeaac3bffff,50.1176,8.63498,frankfurt,True,1754,12.7742,882,False,0.63221,False,941,0.908504,0,0,0,0,0,0,0,1,0,0,0,0,3,4,0,0,0,0,1,1,0,0,0,0,0,0,0,0,4
891faeaac43ffff,50.1134,8.61869,frankfurt,True,748,12.3623,296,False,0.483131,False,321,0.839009,0,0,0,0,0,0,0,0,0,0,0,0,0,0,0,0,0,0,0,0,0,0,0,0,1,0,4,0,1
891faeaac47ffff,50.1139,8.62344,frankfurt,True,1267,14.1184,211,False,0.528958,False,457,0.698031,0,0,0,0,0,0,0,0,0,0,0,0,0,0,0,0,0,0,0,0,0,0,0,0,0,0,0,0,0
891faeaac4bffff,50.1106,8.61666,frankfurt,True,0,,0,False,0.459599,False,0,0.873724,0,0,0,0,0,0,0,0,0,0,0,0,0,0,0,0,0,0,0,0,0,0,0,0,0,0,0,0,0
891faeaac4fffff,50.1111,8.62141,frankfurt,True,592,14.1765,68,False,0.428082,False,164,0.795181,0,0,0,0,0,0,0,0,0,0,0,0,0,0,0,0,0,0,0,0,0,0,0,0,0,0,1,0,0
891faeaac53ffff,50.1156,8.61597,frankfurt,True,0,,0,False,0.459599,False,0,0.873724,0,0,0,0,0,0,0,0,0,0,0,0,0,0,0,0,0,0,0,0,0,0,0,0,0,0,0,0,0
891faeaac57ffff,50.1161,8.62072,frankfurt,True,0,,0,False,0.459599,False,0,0.873724,0,0,0,0,0,0,0,0,0,0,0,0,0,0,0,0,0,0,0,0,0,0,0,0,0,0,0,0,0
891faeaac5bffff,50.1129,8.61394,frankfurt,True,0,,0,False,0.459599,False,0,0.873724,0,0,0,0,0,0,0,0,0,0,0,0,0,0,0,0,0,0,0,0,0,0,0,0,0,0,0,0,0
891faeaac63ffff,50.1121,8.63091,frankfurt,True,923,9.38236,419,False,0.449561,False,459,0.861472,0,0,0,0,0,0,0,0,0,0,0,0,0,0,1,0,0,0,0,0,0,0,0,0,0,0,0,0,0
891faeaac67ffff,50.1126,8.63567,frankfurt,True,591,10.0142,289,False,0.518644,False,322,0.919355,0,0,0,0,0,0,0,0,0,0,0,0,0,0,0,0,0,0,0,0,0,0,0,0,0,0,0,0,0
891faeaac6bffff,50.1094,8.62888,frankfurt,True,1659,10.4134,508,False,0.544907,False,669,0.753731,0,0,0,0,0,0,0,1,0,0,1,0,0,1,0,0,0,0,0,0,0,0,0,0,0,0,2,0,0
891faeaac6fffff,50.1099,8.63363,frankfurt,True,1152,13.7895,400,False,0.581786,False,587,0.859322,0,0,0,0,0,0,0,0,0,0,0,0,1,0,0,0,0,0,0,0,0,0,0,0,0,0,2,0,0
891faeaac73ffff,50.1144,8.62819,frankfurt,True,997,12.4193,379,False,0.581927,False,436,0.839535,0,0,0,0,0,0,0,1,0,0,1,0,0,0,0,0,0,0,0,0,0,0,0,0,1,0,4,0,0
891faeaac77ffff,50.1149,8.63295,frankfurt,True,365,9.41497,191,False,0.457865,False,191,0.859459,0,0,0,0,0,0,0,0,0,0,0,0,0,0,0,0,0,0,0,0,0,0,0,0,0,0,0,0,2
891faeaac7bffff,50.1116,8.62616,frankfurt,True,1165,13.1521,301,False,0.547395,False,528,0.83237,0,0,0,0,0,0,0,0,0,0,0,0,0,1,0,0,0,0,0,0,0,0,0,0,0,0,0,0,0
891faeaac83ffff,50.1266,8.6241,frankfurt,True,627,10.0622,352,False,0.552548,False,402,0.934146,0,0,0,0,0,0,0,0,0,0,0,0,0,1,0,0,0,0,0,0,0,0,0,0,0,0,0,0,1
891faeaac87ffff,50.1271,8.62885,frankfurt,True,7,12.72,3,False,0.459599,True,3,0.873724,0,0,0,0,0,0,0,0,0,0,0,0,0,0,0,0,0,0,0,1,0,0,0,0,0,0,0,0,3
891faeaac8bffff,50.1239,8.62206,frankfurt,True,140,8.53338,77,False,0.467153,False,83,0.860215,0,0,0,0,0,0,0,0,0,0,0,0,0,0,0,0,0,0,0,0,0,0,0,0,0,0,0,0,0
891faeaac8fffff,50.1244,8.62682,frankfurt,True,557,10.3774,257,False,0.555752,False,277,0.893382,0,0,0,0,0,0,0,0,0,0,0,0,0,0,0,0,0,0,0,0,0,0,0,0,0,0,0,0,0
891faeaac93ffff,50.1289,8.62137,frankfurt,True,438,11.69,52,False,0.764706,False,342,0.953216,0,0,0,0,0,0,0,0,0,0,0,0,0,0,0,0,0,0,0,0,0,0,0,0,0,0,0,0,1
891faeaac97ffff,50.1294,8.62613,frankfurt,True,1113,8.0728,132,False,0.679159,False,570,0.883513,0,0,0,0,0,0,0,0,0,0,0,0,1,0,0,0,0,0,0,0,0,0,0,0,0,1,2,0,0
891faeaac9bffff,50.1262,8.61934,frankfurt,True,0,,0,False,0.459599,False,0,0.873724,0,0,0,0,0,0,0,0,0,0,0,0,0,0,1,0,0,0,0,0,0,0,0,0,0,0,0,0,0
891faeaaca3ffff,50.1254,8.63632,frankfurt,True,1288,11.4829,701,False,0.505443,False,821,0.930909,0,0,0,0,0,0,0,0,0,0,1,0,0,1,1,0,0,0,0,0,0,0,0,0,1,0,4,0,0
891faeaaca7ffff,50.1259,8.64108,frankfurt,True,2477,11.7726,1171,False,0.525342,False,1453,0.923129,0,0,0,0,0,0,0,0,0,0,0,0,1,3,1,0,0,0,0,0,1,0,0,0,0,0,0,0,2
891faeaacabffff,50.1226,8.63429,frankfurt,True,892,10.8323,440,False,0.58324,False,450,0.869663,0,0,0,0,0,0,0,0,0,0,0,0,0,2,0,0,0,0,0,0,0,0,0,0,0,0,3,0,6
891faeaacafffff,50.1231,8.63904,frankfurt,True,1779,12.1152,940,False,0.536736,False,1061,0.915076,0,0,0,0,0,0,0,0,0,0,1,0,5,6,1,0,0,0,0,0,1,0,0,0,0,0,0,0,1
891faeaacb3ffff,50.1276,8.6336,frankfurt,True,3,10.977,0,True,0.459599,True,0,0.873724,0,0,0,0,0,0,0,0,0,0,0,0,0,0,0,0,0,0,0,0,0,0,0,0,0,0,0,0,1
891faeaacb7ffff,50.1281,8.63836,frankfurt,True,219,13.4836,69,False,0.321101,False,102,0.969072,0,0,0,0,0,0,0,0,0,0,0,0,0,0,0,0,0,0,0,0,0,0,0,0,0,0,0,0,0
891faeaacbbffff,50.1249,8.63157,frankfurt,True,43,14.29,22,False,0.5,False,26,0.896552,0,0,0,0,0,0,0,0,0,0,0,0,0,0,0,0,0,0,0,0,0,0,0,0,0,0,0,0,0
891faeaacc3ffff,50.1207,8.61528,frankfurt,True,507,10.1903,222,False,0.507968,False,280,0.898496,0,0,0,0,0,0,0,0,0,0,0,0,0,1,0,0,0,0,0,0,0,0,0,0,0,0,2,0,0
891faeaacc7ffff,50.1211,8.62003,frankfurt,True,1279,8.49205,527,False,0.415168,False,644,0.871951,0,0,0,0,0,0,0,0,0,0,0,0,0,0,0,0,0,0,0,0,0,0,0,0,0,0,1,0,1
891faeaaccbffff,50.1179,8.61325,frankfurt,True,0,,0,False,0.459599,False,0,0.873724,0,0,0,0,0,0,0,0,0,0,0,0,0,0,0,0,0,0,0,0,0,0,0,0,0,0,0,0,0
891faeaaccfffff,50.1184,8.618,frankfurt,True,146,11.0586,83,False,0.37415,False,83,0.808989,0,0,0,0,0,0,0,0,0,0,0,0,0,0,0,0,0,0,0,0,0,0,0,0,0,0,0,0,0
891faeaacd3ffff,50.1229,8.61256,frankfurt,True,416,9.36651,172,False,0.489104,False,210,0.863415,0,0,0,0,0,0,0,0,0,0,0,0,0,0,0,0,0,0,0,0,0,0,0,0,0,0,0,0,0
891faeaacd7ffff,50.1234,8.61731,frankfurt,True,798,11.0085,367,False,0.441975,False,408,0.839286,0,0,0,0,0,0,0,0,0,0,0,0,0,0,0,0,0,0,0,0,0,0,0,0,0,0,0,0,0
891faeaacdbffff,50.1202,8.61053,frankfurt,True,76,10.5469,32,False,0.380282,False,48,0.933333,0,0,0,0,0,0,0,0,0,0,0,0,0,0,0,0,0,0,0,0,0,0,0,0,0,0,0,0,0
891faeaad03ffff,50.1228,8.66078,frankfurt,True,894,14.5896,341,False,0.443814,False,462,0.840173,0,0,0,0,0,0,0,0,0,0,0,0,2,3,1,0,0,0,0,0,0,1,0,0,0,0,1,0,2
891faeaad07ffff,50.1233,8.66553,frankfurt,True,739,15.2228,334,False,0.471218,False,437,0.91954,0,0,0,0,0,0,0,0,0,0,1,0,0,3,0,0,1,0,0,0,0,0,0,0,0,0,2,0,0
891faeaad0bffff,50.1201,8.65874,frankfurt,True,567,14.7227,255,False,0.459966,False,354,0.899457,0,0,0,0,0,0,0,0,0,0,0,0,0,2,0,0,0,0,0,1,1,0,0,0,0,0,2,2,7
891faeaad0fffff,50.1206,8.6635,frankfurt,True,1858,14.1313,796,False,0.420516,False,1027,0.871345,0,0,0,0,0,0,0,0,0,0,0,0,0,1,0,0,0,0,0,0,0,0,0,0,0,0,1,0,2
891faeaad13ffff,50.1251,8.65806,frankfurt,True,3,13.787,0,True,0.459599,True,0,0.873724,0,0,0,0,0,0,0,0,0,0,0,0,1,0,0,0,0,0,0,0,0,0,0,0,0,0,0,0,0
891faeaad17ffff,50.1256,8.66281,frankfurt,True,76,15.534,15,False,0.333333,False,33,0.684211,0,0,0,0,0,0,0,0,0,0,0,0,1,0,0,0,0,0,0,0,0,0,0,0,0,0,0,0,0
891faeaad1bffff,50.1223,8.65602,frankfurt,True,28,12.53,9,False,0.310345,False,11,1,0,0,0,0,0,0,0,0,0,0,0,0,0,1,1,0,0,0,0,0,1,0,0,0,0,0,0,0,0
891faeaad23ffff,50.1215,8.67301,frankfurt,True,1233,13.6086,712,False,0.564061,False,840,0.943713,0,1,0,1,0,0,0,1,0,0,0,1,5,6,0,0,0,1,0,1,0,0,1,0,0,0,0,0,8
891faeaad27ffff,50.122,8.67776,frankfurt,True,1997,13.3828,828,False,0.502008,False,1123,0.891556,0,1,0,1,0,0,0,0,0,0,0,0,1,4,3,0,0,0,1,0,0,0,0,2,1,0,2,1,5
891faeaad2bffff,50.1188,8.67097,frankfurt,True,668,12.3476,324,False,0.571856,False,389,0.920398,0,0,0,0,0,0,0,0,0,0,1,0,0,1,0,0,0,0,0,1,0,0,0,0,0,0,0,0,2
891faeaad2fffff,50.1193,8.67573,frankfurt,True,1003,13.6988,560,False,0.529007,False,650,0.953125,0,0,0,0,0,0,0,0,0,0,1,0,2,2,0,0,0,0,0,0,0,0,0,0,0,0,0,1,4
891faeaad33ffff,50.1238,8.67029,frankfurt,True,1649,13.9507,711,False,0.514822,False,948,0.903564,0,0,0,0,0,0,0,0,0,0,0,0,0,3,0,0,0,0,0,0,0,0,0,0,0,0,4,0,0
891faeaad37ffff,50.1243,8.67504,frankfurt,True,1347,12.5137,615,False,0.492873,False,754,0.891421,0,0,0,0,0,0,0,0,0,0,0,0,2,3,0,0,0,0,0,0,1,1,0,0,0,0,1,0,0
891faeaad3bffff,50.121,8.66825,frankfurt,True,1966,14.1365,926,False,0.530342,False,1196,0.89701,0,0,0,0,0,0,0,1,0,1,2,0,2,5,1,1,0,0,2,1,0,2,0,0,0,0,3,0,2
891faeaad43ffff,50.1168,8.65196,frankfurt,True,293,14.5156,91,False,0.598007,False,207,0.960396,0,0,0,0,0,0,0,0,0,0,0,0,0,2,1,0,0,0,0,0,0,1,1,0,0,0,1,3,5
891faeaad47ffff,50.1173,8.65671,frankfurt,True,1364,14.5225,616,False,0.5,False,788,0.888745,0,0,0,0,0,0,0,0,0,0,0,0,0,2,0,0,0,0,0,0,0,0,0,0,0,0,1,0,2
891faeaad4bffff,50.1141,8.64993,frankfurt,True,207,14.1663,19,False,0.697561,False,157,0.962733,0,0,0,0,0,0,0,0,0,0,0,0,0,0,0,0,0,0,0,0,0,0,1,0,2,0,1,0,2
891faeaad4fffff,50.1146,8.65468,frankfurt,True,897,12.9609,389,False,0.511312,False,477,0.878099,0,0,0,0,0,0,0,0,0,0,0,0,0,0,0,0,0,0,0,0,0,0,0,0,0,0,2,1,2
891faeaad53ffff,50.1191,8.64924,frankfurt,True,1825,13.8764,1168,False,0.613624,False,1245,0.94964,1,0,0,0,0,0,0,1,0,0,1,0,10,10,4,2,1,1,0,0,1,0,0,2,0,0,0,0,3
891faeaad57ffff,50.1196,8.65399,frankfurt,True,205,15.4667,63,False,0.387255,False,90,0.808989,1,0,0,0,0,0,0,0,0,0,0,0,1,1,0,0,0,0,1,0,0,0,0,0,2,0,4,0,2
891faeaad5bffff,50.1163,8.6472,frankfurt,True,1369,12.245,729,False,0.577496,False,886,0.923777,0,0,0,0,0,0,0,0,0,0,0,0,2,7,0,0,0,0,0,0,1,1,0,0,1,0,1,0,2
891faeaad63ffff,50.1155,8.66418,frankfurt,True,1033,15.8178,435,False,0.533201,False,582,0.896839,0,0,0,0,0,0,0,0,0,0,0,0,0,12,0,0,0,0,0,0,0,0,1,0,0,0,0,0,3
891faeaad67ffff,50.116,8.66894,frankfurt,True,155,14.5021,66,False,0.551724,False,93,0.956522,0,1,0,0,0,0,0,0,0,0,1,0,3,2,1,0,1,2,0,0,0,0,0,0,0,0,4,0,4
891faeaad6bffff,50.1128,8.66215,frankfurt,True,1327,14.8765,586,False,0.549734,False,783,0.909207,0,0,0,0,0,0,0,0,0,0,0,0,1,4,0,0,0,0,0,0,0,0,0,0,0,0,0,0,2
891faeaad6fffff,50.1133,8.6669,frankfurt,True,672,14.6261,345,False,0.520179,False,408,0.929293,0,0,0,0,0,0,0,0,0,0,0,0,0,8,0,0,0,0,1,0,0,0,2,0,0,1,1,0,2
891faeaad73ffff,50.1178,8.66146,frankfurt,True,939,15.5559,360,False,0.468584,False,565,0.919643,0,0,0,0,0,0,0,1,0,0,0,0,2,3,0,0,0,0,0,0,0,0,0,0,0,1,2,0,4
891faeaad77ffff,50.1183,8.66622,frankfurt,True,1383,15.1022,698,False,0.544721,False,864,0.922184,0,0,0,0,0,1,0,0,0,0,0,0,3,9,0,0,0,0,0,1,0,0,0,0,0,0,1,0,4
891faeaad7bffff,50.1151,8.65943,frankfurt,True,1250,14.7758,605,False,0.531727,False,792,0.907478,0,0,0,1,0,0,0,1,0,0,1,0,0,6,1,0,0,1,0,0,0,0,0,0,0,0,1,0,2
891faeaad83ffff,50.1301,8.65737,frankfurt,True,0,,0,False,0.459599,False,0,0.873724,0,0,0,0,0,0,0,0,0,0,0,0,0,0,0,0,0,0,0,0,0,0,0,0,0,0,0,0,0
891faeaad87ffff,50.1306,8.66213,frankfurt,True,88,15.9271,21,False,0.353535,False,37,0.764706,0,0,0,0,0,0,0,0,0,0,0,0,0,0,0,0,0,0,0,0,0,0,0,0,0,0,2,0,0
891faeaad8bffff,50.1273,8.65534,frankfurt,True,184,16.1536,50,False,0.388889,False,92,0.85,0,0,0,0,0,0,0,0,0,0,0,0,0,0,0,0,0,0,0,0,0,0,0,0,0,0,1,0,0
891faeaad8fffff,50.1278,8.66009,frankfurt,True,0,,0,False,0.459599,False,0,0.873724,0,0,0,0,0,0,0,0,0,0,0,0,0,0,0,0,0,0,0,0,0,0,0,0,0,0,0,0,0
891faeaad93ffff,50.1323,8.65465,frankfurt,True,0,,0,False,0.459599,False,0,0.873724,0,0,0,0,0,0,0,0,0,0,0,0,0,1,0,0,0,0,0,0,0,0,0,0,0,0,0,0,0
891faeaad97ffff,50.1328,8.65941,frankfurt,True,0,,0,False,0.459599,False,0,0.873724,0,0,0,0,0,0,0,0,0,0,0,0,0,0,0,0,0,0,0,0,0,0,0,0,0,0,0,0,0
891faeaad9bffff,50.1296,8.65262,frankfurt,True,171,16.7259,29,False,0.333333,False,86,0.842105,0,0,0,0,0,0,0,0,0,0,0,0,0,0,0,0,0,0,0,0,0,0,0,0,0,0,0,0,0
891faeaada3ffff,50.1288,8.6696,frankfurt,True,428,13.9974,129,False,0.510588,False,176,0.757225,0,0,0,0,0,0,0,0,0,0,0,0,3,2,0,0,0,0,0,0,0,0,0,1,0,0,3,0,0
891faeaada7ffff,50.1293,8.67436,frankfurt,True,979,13.698,318,False,0.386899,False,429,0.848073,0,0,0,0,0,0,0,0,0,0,0,0,1,1,0,0,0,0,0,0,0,0,0,0,0,0,0,0,2
891faeaadabffff,50.1261,8.66757,frankfurt,True,0,,0,False,0.459599,False,0,0.873724,0,0,0,0,0,0,0,0,0,0,0,0,3,2,1,0,0,0,0,0,0,0,0,0,0,0,0,2,0
891faeaadafffff,50.1265,8.67232,frankfurt,True,886,14.7224,339,False,0.40484,False,495,0.928131,0,0,0,0,0,0,0,1,0,0,0,0,1,1,1,0,0,0,0,0,0,0,0,0,1,0,6,1,2
891faeaadb3ffff,50.1311,8.66688,frankfurt,True,496,9.08858,212,False,0.50101,False,214,0.73301,0,0,0,0,0,0,0,0,0,0,0,0,0,0,0,0,0,0,0,0,0,0,0,0,0,0,3,0,2
891faeaadb7ffff,50.1316,8.67164,frankfurt,True,1089,12.295,494,False,0.528926,False,536,0.819853,0,0,0,0,0,0,0,0,0,0,1,0,0,0,0,0,0,0,0,0,0,0,0,0,1,0,4,3,2
891faeaadbbffff,50.1283,8.66485,frankfurt,True,368,13.0519,0,True,0.897297,False,407,0.992629,0,0,0,0,0,0,0,0,0,0,0,0,3,1,0,0,0,0,0,0,0,0,0,0,0,0,0,0,2
891faeaadc3ffff,50.1241,8.64855,frankfurt,True,1073,11.5161,430,False,0.469253,False,578,0.901007,0,0,0,0,0,0,0,0,0,0,0,0,0,2,0,1,0,1,1,0,0,0,0,0,0,0,0,0,3
891faeaadc7ffff,50.1246,8.6533,frankfurt,True,193,12.8344,71,False,0.417085,False,86,0.772727,0,0,0,0,0,0,0,0,0,0,0,0,1,0,0,0,0,0,0,0,0,0,0,0,0,0,1,0,1
891faeaadcbffff,50.1213,8.64652,frankfurt,True,2297,11.4113,1261,False,0.544143,False,1450,0.921488,0,2,0,0,1,1,0,0,2,1,3,0,2,10,0,1,3,2,2,1,0,0,0,0,1,0,0,0,1
891faeaadcfffff,50.1218,8.65127,frankfurt,True,777,12.3615,300,False,0.498677,False,379,0.844086,0,0,0,0,0,0,0,1,0,0,1,0,0,4,0,0,0,1,0,3,1,1,0,0,1,0,3,0,7
891faeaadd3ffff,50.1264,8.64583,frankfurt,True,1207,11.4969,518,False,0.46798,False,709,0.914894,0,0,0,0,0,0,0,0,0,0,0,0,0,1,0,0,0,0,0,0,0,1,0,0,2,0,4,0,0
891faeaadd7ffff,50.1268,8.65058,frankfurt,True,467,12.5487,132,False,0.335443,False,202,0.748815,0,0,0,0,0,0,0,0,0,0,0,0,0,0,0,0,0,0,0,0,0,0,0,0,0,0,0,0,0
891faeaaddbffff,50.1236,8.6438,frankfurt,True,1828,11.3755,983,False,0.557849,False,1160,0.937182,0,0,0,0,0,0,0,4,1,0,2,0,5,8,3,1,1,1,0,0,0,0,0,0,0,0,0,0,6
891faeaae03ffff,50.1001,8.61329,frankfurt,True,0,,0,False,0.459599,False,0,0.873724,0,0,0,0,0,0,0,0,0,0,0,0,0,0,0,0,0,0,0,0,0,0,0,0,0,0,0,0,0
891faeaae07ffff,50.1006,8.61804,frankfurt,True,1088,8.73703,454,False,0.457379,False,584,0.895189,0,0,0,0,0,0,0,0,0,0,0,0,0,1,0,0,0,0,0,0,0,0,0,0,2,0,3,0,0
891faeaae0bffff,50.0974,8.61126,frankfurt,True,508,8.84289,128,False,0.419103,False,216,0.722467,0,0,0,0,0,0,0,0,0,0,0,0,0,0,0,0,0,0,0,0,0,0,0,0,0,0,2,0,0
891faeaae0fffff,50.0979,8.61601,frankfurt,True,0,,0,False,0.459599,False,0,0.873724,0,0,0,0,0,0,0,0,0,0,0,0,0,0,0,0,0,0,0,0,0,0,0,0,0,0,0,0,0
891faeaae13ffff,50.1024,8.61057,frankfurt,True,0,,0,False,0.459599,False,0,0.873724,0,0,0,0,0,0,0,0,0,0,0,0,0,0,0,0,0,0,0,0,0,0,0,0,0,0,0,0,0
891faeaae17ffff,50.1029,8.61532,frankfurt,True,40,10.5296,26,False,0.475,False,35,1,0,0,0,0,0,0,0,0,0,0,0,0,0,0,0,0,0,0,0,0,0,0,0,0,0,0,0,0,0
891faeaae1bffff,50.0996,8.60854,frankfurt,True,267,8.02733,90,False,0.412409,False,90,0.639535,0,0,0,0,0,0,0,0,0,0,0,0,0,0,0,0,0,0,0,0,0,0,0,0,0,0,0,0,0
891faeaae23ffff,50.0989,8.62551,frankfurt,True,1008,8.91205,483,False,0.432136,False,524,0.88716,0,0,0,0,0,0,0,0,0,0,0,0,0,0,0,0,0,0,0,0,0,0,0,0,0,0,1,0,0
891faeaae27ffff,50.0993,8.63026,frankfurt,True,261,12.8244,150,False,0.645914,False,150,0.933333,0,0,0,0,0,0,0,0,0,0,0,0,0,1,0,0,0,0,0,0,1,0,0,0,2,0,0,0,1
891faeaae2bffff,50.0961,8.62348,frankfurt,True,880,8.84273,499,False,0.445977,False,496,0.911469,0,0,0,0,0,0,0,0,0,0,0,0,0,2,0,0,0,0,0,0,0,0,0,0,0,0,0,0,0
891faeaae2fffff,50.0966,8.62823,frankfurt,True,368,8.74858,219,False,0.456044,False,229,0.927928,0,0,0,0,0,0,0,1,0,0,1,0,0,0,0,0,0,0,0,0,0,0,0,0,0,0,2,0,0
891faeaae33ffff,50.1011,8.62279,frankfurt,True,1284,9.67761,645,False,0.534738,False,668,0.866567,0,0,0,0,0,0,0,0,0,0,0,0,1,1,1,0,0,0,0,0,0,0,0,0,2,0,2,0,0
891faeaae37ffff,50.1016,8.62754,frankfurt,True,1038,8.61709,484,False,0.447036,False,483,0.806653,0,0,0,0,0,0,0,1,0,0,0,0,0,2,2,0,0,0,0,0,0,0,0,0,2,0,2,0,2
891faeaae3bffff,50.0984,8.62076,frankfurt,True,193,7.78305,82,False,0.485876,False,89,0.793103,0,0,0,0,0,0,0,0,0,0,0,0,0,1,0,0,0,0,0,0,0,0,0,0,0,0,0,0,0
891faeaae43ffff,50.0941,8.60447,frankfurt,True,757,9.43851,322,False,0.507853,False,414,0.896373,0,0,0,0,0,0,0,1,0,0,0,0,1,0,1,0,0,0,0,0,0,1,0,1,0,1,2,0,0
891faeaae47ffff,50.0946,8.60923,frankfurt,True,1002,9.09974,380,False,0.403808,False,478,0.818367,0,0,0,0,0,0,0,1,0,0,1,0,0,0,1,0,0,0,0,0,0,0,0,0,0,0,1,0,0
891faeaae4bffff,50.0914,8.60244,frankfurt,True,1130,9.88981,417,False,0.50223,False,559,0.876344,0,0,0,0,0,0,0,0,0,0,1,1,0,0,1,0,0,0,0,0,0,0,0,0,0,0,1,0,0
891faeaae4fffff,50.0919,8.60719,frankfurt,True,971,9.5633,421,False,0.478395,False,526,0.868979,0,0,0,0,0,0,0,1,0,0,1,0,1,3,4,0,0,3,1,0,0,0,0,0,0,0,3,0,0
891faeaae53ffff,50.0964,8.60175,frankfurt,True,355,9.82398,103,False,0.430137,False,154,0.882353,0,0,0,0,0,0,0,0,0,0,0,0,0,0,0,0,0,0,0,0,0,0,0,0,0,0,2,0,0
891faeaae57ffff,50.0969,8.60651,frankfurt,True,1410,9.8388,585,False,0.473277,False,691,0.847458,0,0,0,0,0,0,0,0,0,0,0,0,0,1,1,0,0,0,0,0,0,0,0,0,0,0,4,0,0
891faeaae5bffff,50.0936,8.59972,frankfurt,True,1010,10.0061,387,False,0.44955,False,458,0.812775,0,0,0,0,0,0,0,0,0,0,0,0,0,1,0,0,0,0,0,0,0,0,0,0,0,0,0,0,0
891faeaae63ffff,50.0929,8.6167,frankfurt,True,416,7.00968,185,False,0.437939,False,187,0.827225,0,0,0,0,0,0,0,0,0,0,0,0,0,0,0,0,0,0,0,0,0,0,0,0,0,0,0,0,0
891faeaae67ffff,50.0934,8.62145,frankfurt,True,0,,0,False,0.459599,False,0,0.873724,0,0,0,0,0,0,0,0,0,0,0,0,0,1,0,0,0,0,0,0,0,0,0,0,0,0,0,0,0
891faeaae6bffff,50.0901,8.61466,frankfurt,True,358,9.02562,185,False,0.448087,False,211,0.938095,0,0,0,0,0,0,0,0,0,0,0,0,0,0,0,0,0,0,0,0,0,0,0,0,0,0,1,0,0
891faeaae6fffff,50.0906,8.61942,frankfurt,True,79,9.22105,19,False,0.454545,False,27,0.8,0,0,0,0,0,0,0,0,0,0,0,0,0,0,0,0,0,0,0,0,0,0,0,0,0,0,0,0,0
891faeaae73ffff,50.0951,8.61398,frankfurt,True,808,9.03928,222,False,0.457711,False,308,0.788162,0,0,0,0,0,0,0,0,0,0,0,0,0,0,0,0,0,0,0,0,0,0,0,0,0,0,1,0,0
891faeaae77ffff,50.0956,8.61873,frankfurt,True,0,,0,False,0.459599,False,0,0.873724,0,0,0,0,0,0,0,0,0,0,0,0,0,1,0,0,0,0,0,0,0,0,0,0,0,0,0,0,0
891faeaae7bffff,50.0924,8.61195,frankfurt,True,1388,8.76664,571,False,0.470122,False,690,0.847042,0,0,0,0,0,0,0,0,0,0,0,0,0,1,0,0,0,0,0,0,0,0,0,0,0,0,1,0,0
891faeaae83ffff,50.1074,8.60988,frankfurt,True,0,,0,False,0.459599,False,0,0.873724,0,0,0,0,0,0,0,0,0,0,0,0,0,0,0,0,0,0,0,0,0,1,0,0,0,0,2,0,0
891faeaae87ffff,50.1079,8.61463,frankfurt,True,52,10.6202,0,True,0.481481,False,0,0.873724,0,0,0,0,0,0,0,0,0,0,0,0,0,1,0,0,0,0,0,0,0,0,0,0,0,0,0,0,1
891faeaae8bffff,50.1046,8.60785,frankfurt,True,7,8.11969,0,True,0.333333,False,4,0.873724,0,0,0,0,0,0,0,0,0,0,0,0,0,0,0,0,0,0,0,0,0,0,0,0,0,0,0,0,0
891faeaae8fffff,50.1051,8.6126,frankfurt,True,3,8.3845,0,True,0.459599,True,0,0.873724,0,0,0,0,0,0,0,0,0,0,0,0,0,0,0,0,0,0,0,0,0,0,0,0,0,0,0,0,0
891faeaae93ffff,50.1097,8.60716,frankfurt,True,3,9.02486,0,True,0.459599,True,0,0.873724,0,0,0,0,0,0,0,0,0,0,0,0,0,0,0,0,0,0,0,0,0,0,0,0,0,0,1,0,0
891faeaae97ffff,50.1101,8.61191,frankfurt,True,0,,0,False,0.459599,False,0,0.873724,0,0,0,0,0,0,0,0,0,0,0,0,0,0,0,0,0,0,0,0,0,0,0,0,0,0,0,0,0
891faeaae9bffff,50.1069,8.60513,frankfurt,True,63,8.73,3,False,0.323944,False,32,0.642857,0,0,0,0,0,0,0,0,0,0,0,0,0,0,0,0,0,0,0,0,0,0,0,0,0,0,0,0,0
891faeaaea3ffff,50.1061,8.6221,frankfurt,True,1791,9.05429,688,False,0.479912,False,789,0.804404,0,0,0,0,0,0,0,0,0,0,0,0,0,0,0,0,0,0,0,0,0,0,0,0,0,0,1,0,0
891faeaaea7ffff,50.1066,8.62685,frankfurt,True,2103,10.6414,797,False,0.53445,False,919,0.800647,0,0,0,0,0,0,0,0,0,0,0,0,2,2,0,0,0,0,0,0,0,0,0,0,0,0,0,0,1
891faeaaeabffff,50.1034,8.62007,frankfurt,True,318,9.55765,136,False,0.421725,False,136,0.810219,0,0,0,0,0,0,0,1,0,0,0,0,0,1,0,0,0,0,0,0,1,0,0,0,0,0,2,0,2
891faeaaeafffff,50.1039,8.62482,frankfurt,True,1876,8.63812,1009,False,0.491471,False,1025,0.891519,0,0,0,0,0,0,0,1,0,0,0,0,1,1,0,0,0,0,0,0,0,0,0,0,0,0,1,0,1
891faeaaeb3ffff,50.1084,8.61938,frankfurt,True,5,6.38,3,False,0.459599,True,3,0.873724,0,0,0,0,0,0,0,0,0,0,0,0,0,0,0,0,0,0,1,0,0,0,0,0,0,0,3,0,1
891faeaaeb7ffff,50.1089,8.62413,frankfurt,True,965,12.3108,519,False,0.541068,False,538,0.886654,0,0,0,0,0,0,0,0,0,0,0,0,0,0,1,0,0,0,0,0,0,0,0,0,0,0,3,0,0
891faeaaebbffff,50.1056,8.61735,frankfurt,True,204,5.71587,80,False,0.386598,False,75,0.75,0,0,0,0,0,0,0,0,0,0,0,0,0,0,0,0,0,0,0,0,0,0,0,0,0,0,0,0,0
891faeaaec3ffff,50.1014,8.60106,frankfurt,True,1089,8.30531,629,False,0.467391,False,641,0.897314,0,0,0,0,0,0,0,0,0,0,0,0,1,0,0,0,0,0,1,0,0,0,0,0,0,0,2,0,0
891faeaaec7ffff,50.1019,8.60582,frankfurt,True,846,6.83037,374,False,0.408088,False,383,0.781915,0,0,0,0,0,0,0,0,0,0,0,0,0,0,0,0,0,0,0,0,0,0,0,0,0,0,0,0,0
891faeaaecbffff,50.0987,8.59903,frankfurt,True,577,9.95591,215,False,0.492255,False,294,0.893688,0,0,0,1,0,0,0,0,0,0,0,0,0,1,0,0,0,0,0,0,0,0,0,0,0,0,0,0,0
891faeaaecfffff,50.0991,8.60378,frankfurt,True,1675,9.00125,610,False,0.441404,False,733,0.808163,0,0,0,0,0,0,0,1,0,0,1,0,0,0,0,0,0,0,0,0,0,0,0,0,2,0,3,0,0
891faeaaed3ffff,50.1037,8.59834,frankfurt,True,697,7.24381,218,False,0.348872,False,318,0.832787,0,0,0,0,0,0,0,0,0,0,0,0,0,1,0,0,0,0,0,0,0,0,0,0,0,0,0,0,0
891faeaaed7ffff,50.1042,8.60309,frankfurt,True,418,8.34992,125,False,0.388626,False,193,0.833333,0,0,0,0,0,0,0,0,0,0,0,0,0,0,0,0,0,0,0,0,0,0,0,0,0,0,2,0,0
891faeaaedbffff,50.1009,8.59631,frankfurt,True,768,9.21841,320,False,0.473545,False,393,0.849624,0,0,0,0,0,0,0,1,0,0,1,0,0,2,1,0,0,0,0,0,0,0,0,0,1,0,2,0,0
891faeab003ffff,50.0705,8.49939,frankfurt,False,909,7.45753,393,False,0.41105,False,414,0.809179,0,0,0,0,0,0,0,0,0,0,0,0,0,0,0,0,0,0,0,0,0,0,0,0,0,0,2,0,0
891faeab007ffff,50.071,8.50413,frankfurt,False,270,7.67952,63,False,0.386861,False,123,0.847458,0,0,0,0,0,0,0,0,0,0,0,0,0,0,0,0,0,0,0,0,0,0,0,0,0,0,0,0,0
891faeab00bffff,50.0677,8.49736,frankfurt,False,518,9.69459,109,False,0.322266,False,271,0.883065,0,0,0,0,0,0,0,0,0,0,0,0,0,0,0,0,0,0,0,0,0,0,0,0,0,0,2,0,0
891faeab00fffff,50.0682,8.50211,frankfurt,False,0,,0,False,0.459599,False,0,0.873724,0,0,0,0,0,0,0,0,0,0,0,0,0,0,0,0,0,0,0,0,0,0,0,0,0,0,0,0,0
891faeab013ffff,50.0728,8.49667,frankfurt,False,768,7.5363,308,False,0.446615,False,340,0.799419,0,0,0,0,0,0,0,1,0,0,0,0,1,0,1,0,0,0,0,0,0,0,0,0,0,0,0,0,1
891faeab017ffff,50.0733,8.50141,frankfurt,False,806,7.67796,294,False,0.406369,False,390,0.836364,0,0,0,0,0,0,0,1,0,0,0,0,0,0,0,0,0,0,0,0,0,0,0,0,0,0,3,0,0
891faeab01bffff,50.07,8.49464,frankfurt,False,739,6.73878,370,False,0.411528,False,428,0.893271,0,0,0,0,0,0,0,0,0,0,0,0,0,0,0,0,0,0,0,0,0,0,0,0,0,0,0,0,1
891faeab023ffff,50.0692,8.5116,frankfurt,True,0,,0,False,0.459599,False,0,0.873724,0,0,0,0,0,0,0,0,0,0,0,0,0,0,0,0,0,0,0,0,0,0,0,0,0,0,0,0,0
891faeab027ffff,50.0697,8.51634,frankfurt,True,3,10.6418,0,True,0.459599,True,0,0.873724,0,0,0,0,0,0,0,0,0,0,0,0,0,0,0,0,0,0,0,0,0,0,0,0,0,0,0,0,0
891faeab02bffff,50.0665,8.50957,frankfurt,False,0,,0,False,0.459599,False,0,0.873724,0,0,0,0,0,0,0,0,0,0,0,0,0,0,0,0,0,0,0,0,0,0,0,0,0,0,0,0,0
891faeab02fffff,50.067,8.51432,frankfurt,True,0,,0,False,0.459599,False,0,0.873724,0,0,0,0,0,0,0,0,0,0,0,0,0,0,0,0,0,0,0,0,0,0,0,0,0,0,0,0,0
891faeab033ffff,50.0715,8.50888,frankfurt,True,0,,0,False,0.459599,False,0,0.873724,0,0,0,0,0,0,0,0,0,0,0,0,0,0,0,0,0,0,0,0,0,0,0,0,0,0,0,0,0
891faeab037ffff,50.072,8.51362,frankfurt,True,0,,0,False,0.459599,False,0,0.873724,0,0,0,0,0,0,0,0,0,0,0,0,0,0,0,0,0,0,0,0,0,0,0,0,0,0,0,0,0
891faeab03bffff,50.0687,8.50685,frankfurt,False,0,,0,False,0.459599,False,0,0.873724,0,0,0,0,0,0,0,0,0,0,0,0,0,0,0,0,0,0,0,0,0,0,0,0,0,0,0,0,0
891faeab043ffff,50.0645,8.49059,frankfurt,False,445,10.2475,63,False,0.426087,False,165,0.659574,0,0,0,0,0,0,0,1,0,0,0,0,0,0,0,0,0,0,0,0,0,1,0,0,0,0,2,0,0
891faeab047ffff,50.065,8.49534,frankfurt,False,697,12.2106,264,False,0.428152,False,373,0.852941,0,0,0,0,0,0,0,0,0,0,0,0,0,1,0,0,0,0,0,0,0,0,0,0,0,0,0,0,0
891faeab04fffff,50.0622,8.49331,frankfurt,False,472,12.0873,93,False,0.525641,False,189,0.728571,0,0,0,0,0,0,0,0,0,0,0,0,0,0,0,0,0,0,0,0,0,0,0,0,0,0,0,0,0
891faeab053ffff,50.0668,8.48787,frankfurt,False,141,8.69364,22,False,0.409722,False,62,0.816901,0,0,0,0,0,0,0,0,0,0,0,0,0,0,1,0,0,2,0,0,0,0,0,0,0,0,3,0,1
891faeab057ffff,50.0673,8.49262,frankfurt,False,316,8.133,100,False,0.460784,False,157,0.901316,0,0,0,0,0,0,0,0,0,0,0,0,0,0,0,0,0,0,0,0,0,0,0,0,0,0,0,0,0
891faeab063ffff,50.0632,8.5028,frankfurt,False,0,,0,False,0.459599,False,0,0.873724,0,0,0,0,0,0,0,0,0,0,0,0,0,0,0,0,0,0,0,0,0,0,0,0,0,0,0,0,0
891faeab067ffff,50.0637,8.50755,frankfurt,False,0,,0,False,0.459599,False,0,0.873724,0,0,0,0,0,0,0,0,0,0,0,0,0,0,0,0,0,0,0,0,0,0,0,0,0,0,0,0,0
891faeab06bffff,50.0605,8.50078,frankfurt,False,0,,0,False,0.459599,False,0,0.873724,0,0,0,0,0,0,0,0,0,0,0,0,0,0,0,0,0,0,0,0,0,0,0,0,0,0,0,0,0
891faeab06fffff,50.061,8.50552,frankfurt,False,0,,0,False,0.459599,False,0,0.873724,0,0,0,0,0,0,0,0,0,0,0,0,0,0,0,0,0,0,0,0,0,0,0,0,0,0,0,0,0
891faeab073ffff,50.0655,8.50008,frankfurt,False,0,,0,False,0.459599,False,0,0.873724,0,0,0,0,0,0,0,0,0,0,0,0,0,0,0,0,0,0,0,0,0,0,0,0,0,0,0,0,0
891faeab077ffff,50.066,8.50483,frankfurt,False,0,,0,False,0.459599,False,0,0.873724,0,0,0,0,0,0,0,0,0,0,0,0,0,0,0,0,0,0,0,0,0,0,0,0,0,0,0,0,0
891faeab07bffff,50.0627,8.49806,frankfurt,False,58,8.58,17,False,0.758621,False,28,1,0,0,0,0,0,0,0,0,0,0,0,0,0,0,0,0,0,0,0,0,0,0,0,0,0,0,0,0,0
891faeab083ffff,50.0778,8.49597,frankfurt,False,17,10.11,8,False,0.73913,False,12,1,0,0,0,0,0,0,0,0,0,0,0,0,0,0,0,0,0,0,0,0,0,0,0,0,0,0,0,0,0
891faeab087ffff,50.0783,8.50071,frankfurt,False,0,,0,False,0.459599,False,0,0.873724,0,0,0,0,0,0,0,0,0,0,0,0,0,0,0,0,0,0,0,0,0,0,0,0,0,0,0,0,0
891faeab08bffff,50.075,8.49394,frankfurt,False,1378,8.17229,489,False,0.4,False,672,0.842025,0,0,0,0,0,0,0,0,0,0,0,0,0,0,0,0,0,0,0,0,0,0,0,0,0,0,2,0,0
891faeab08fffff,50.0755,8.49869,frankfurt,False,0,,0,False,0.459599,False,0,0.873724,0,0,0,0,0,0,0,0,0,0,0,0,0,0,0,0,0,0,0,0,0,0,0,0,0,0,2,0,0
891faeab093ffff,50.08,8.49325,frankfurt,False,0,,0,False,0.459599,False,0,0.873724,0,0,0,0,0,0,0,0,0,0,0,0,0,0,0,0,0,0,0,0,0,0,0,0,0,0,0,0,0
891faeab097ffff,50.0805,8.49799,frankfurt,False,0,,0,False,0.459599,False,0,0.873724,0,0,0,0,0,0,0,0,0,0,0,0,0,0,0,0,0,0,0,0,0,0,0,0,0,0,0,0,0
891faeab09bffff,50.0773,8.49122,frankfurt,False,285,10.8024,50,False,0.365591,False,149,0.938776,0,0,0,0,0,0,0,0,0,0,0,0,0,0,0,0,0,0,0,0,0,0,0,0,0,0,0,0,0
891faeab0a3ffff,50.0765,8.50818,frankfurt,True,190,7.13286,42,False,0.454545,False,79,0.635135,0,0,0,0,0,0,0,0,0,0,0,0,0,0,0,0,0,0,0,0,0,0,0,0,0,0,1,0,0
891faeab0a7ffff,50.077,8.51293,frankfurt,True,318,8.11221,68,False,0.384615,False,139,0.767296,0,0,0,0,0,0,0,0,0,0,0,0,0,0,0,0,0,0,0,0,0,0,0,0,0,0,2,0,0
891faeab0abffff,50.0737,8.50616,frankfurt,True,0,,0,False,0.459599,False,0,0.873724,0,0,0,0,0,0,0,0,0,0,0,0,0,0,0,0,0,0,0,0,0,0,0,0,0,0,0,0,0
891faeab0afffff,50.0742,8.5109,frankfurt,True,0,,0,False,0.459599,False,0,0.873724,0,0,0,0,0,0,0,0,0,0,0,0,0,0,0,0,0,0,0,0,0,0,0,0,0,0,0,0,0
891faeab0b3ffff,50.0788,8.50546,frankfurt,True,0,,0,False,0.459599,False,0,0.873724,0,0,0,0,0,0,0,0,0,0,0,0,0,0,0,0,0,0,0,0,0,0,0,0,0,0,0,0,0
891faeab0b7ffff,50.0793,8.51021,frankfurt,True,541,7.92848,178,False,0.431373,False,215,0.748879,0,0,0,0,0,0,0,0,0,0,0,0,0,0,0,0,0,0,0,0,0,0,0,0,0,0,3,0,0
891faeab0bbffff,50.076,8.50343,frankfurt,True,0,,0,False,0.459599,False,0,0.873724,0,0,0,0,0,0,0,0,0,0,0,0,0,0,0,0,0,0,0,0,0,0,0,0,0,0,0,0,0
891faeab0c3ffff,50.0718,8.48718,frankfurt,False,488,9.2044,109,False,0.35503,False,233,0.862661,0,0,0,0,0,0,0,0,0,0,0,0,1,3,0,0,0,0,0,0,0,0,0,0,0,0,3,0,0
891faeab0c7ffff,50.0723,8.49192,frankfurt,False,862,8.14492,246,False,0.402778,False,397,0.816794,0,0,0,0,0,0,0,0,0,0,1,0,0,0,0,0,0,0,1,0,0,0,0,0,0,0,4,0,0
891faeab0cbffff,50.069,8.48515,frankfurt,False,503,9.01527,129,False,0.402344,False,232,0.832618,0,0,0,0,0,0,0,1,0,0,0,0,1,2,2,1,0,1,0,0,0,0,0,0,0,0,0,0,0
891faeab0cfffff,50.0695,8.4899,frankfurt,False,381,9.57908,109,False,0.460705,False,185,0.863158,0,0,0,0,0,0,0,1,0,1,1,0,0,4,3,0,0,0,0,0,0,0,0,0,0,1,4,0,0
891faeab0d3ffff,50.074,8.48445,frankfurt,False,243,9.61923,26,False,0.278027,False,102,0.818182,0,0,0,0,0,0,0,0,0,0,0,0,0,0,0,0,0,0,0,0,0,0,0,0,0,0,0,0,0
891faeab0d7ffff,50.0745,8.4892,frankfurt,False,983,9.72516,254,False,0.393476,False,516,0.905039,0,0,0,0,0,0,0,0,0,0,0,0,0,0,0,0,0,0,0,0,0,0,0,0,0,0,1,0,0
891faeab0dbffff,50.0713,8.48243,frankfurt,False,494,9.21545,110,False,0.351129,False,228,0.829694,0,0,0,0,0,0,0,0,0,0,0,0,0,1,0,0,0,0,0,0,0,0,0,0,0,0,1,0,0
891faeab103ffff,50.074,8.53261,frankfurt,False,118,10.0906,17,False,0.304688,False,59,0.907407,0,0,0,0,0,0,0,0,0,0,0,0,0,0,0,0,0,0,0,0,0,0,0,0,0,0,0,0,0
891faeab107ffff,50.0745,8.53735,frankfurt,False,0,,0,False,0.459599,False,0,0.873724,0,0,0,0,0,0,0,0,0,0,0,0,0,0,0,0,0,0,0,0,0,0,0,0,0,0,0,0,0
891faeab10bffff,50.0712,8.53058,frankfurt,False,684,9.89567,224,False,0.415152,False,388,0.927027,0,0,0,0,0,0,0,0,0,0,0,0,0,0,0,0,0,0,0,0,0,0,0,0,0,0,1,0,0
891faeab10fffff,50.0717,8.53533,frankfurt,False,0,,0,False,0.459599,False,0,0.873724,0,0,0,0,0,0,0,0,0,0,0,0,0,0,0,0,0,0,0,0,0,0,0,0,0,0,0,0,0
891faeab113ffff,50.0762,8.52989,frankfurt,False,0,,0,False,0.459599,False,0,0.873724,0,0,0,0,0,0,0,0,0,0,0,0,0,0,0,0,0,0,0,0,0,0,0,0,0,0,1,0,0
891faeab117ffff,50.0767,8.53463,frankfurt,False,0,,0,False,0.459599,False,0,0.873724,0,0,0,0,0,0,0,0,0,0,0,0,0,0,0,0,0,0,0,0,0,0,0,0,0,0,0,0,0
891faeab11bffff,50.0735,8.52786,frankfurt,False,300,10.2803,72,False,0.366559,False,139,0.841379,0,0,0,0,0,0,0,0,0,0,0,0,0,0,0,0,0,0,0,0,0,0,0,0,0,0,2,0,0
891faeab123ffff,50.0727,8.54482,frankfurt,True,0,,0,False,0.459599,False,0,0.873724,0,0,0,0,0,0,0,0,0,0,0,0,0,0,0,0,0,0,0,0,0,0,0,0,0,0,0,0,0
891faeab127ffff,50.0732,8.54957,frankfurt,True,0,,0,False,0.459599,False,0,0.873724,0,0,0,0,0,0,0,0,0,0,0,0,0,0,0,0,0,0,0,0,0,0,0,0,0,0,0,0,0
891faeab12bffff,50.0699,8.54279,frankfurt,False,0,,0,False,0.459599,False,0,0.873724,0,0,0,0,0,0,0,0,0,0,0,0,0,0,0,0,0,0,0,0,0,0,0,0,0,0,0,0,0
891faeab12fffff,50.0704,8.54754,frankfurt,True,0,,0,False,0.459599,False,0,0.873724,0,0,0,0,0,0,0,0,0,0,0,0,0,0,0,0,0,0,0,0,0,0,0,0,0,0,0,0,0
891faeab133ffff,50.075,8.5421,frankfurt,True,0,,0,False,0.459599,False,0,0.873724,0,0,0,0,0,0,0,0,0,0,0,0,0,0,0,0,0,0,0,0,0,0,0,0,0,0,0,0,0
891faeab137ffff,50.0754,8.54685,frankfurt,True,0,,0,False,0.459599,False,0,0.873724,0,0,0,0,0,0,0,0,0,0,0,0,0,0,0,0,0,0,0,0,0,0,0,0,0,0,0,0,0
891faeab13bffff,50.0722,8.54007,frankfurt,False,0,,0,False,0.459599,False,0,0.873724,0,0,0,0,0,0,0,0,0,0,0,0,0,0,0,0,0,0,0,0,0,0,0,0,0,0,0,0,0
891faeab143ffff,50.068,8.52381,frankfurt,True,0,,0,False,0.459599,False,0,0.873724,0,0,0,0,0,0,0,0,0,0,0,0,0,0,0,0,0,0,0,0,0,0,0,0,0,0,0,0,0
891faeab147ffff,50.0685,8.52856,frankfurt,False,331,8.71449,118,False,0.457055,False,186,0.884615,0,0,0,0,0,0,0,0,0,0,0,0,0,0,2,0,0,0,0,0,0,1,0,0,0,0,2,0,0
891faeab14bffff,50.0652,8.52178,frankfurt,True,0,,0,False,0.459599,False,0,0.873724,0,0,0,0,0,0,0,0,0,0,0,0,0,0,0,0,0,0,0,0,0,0,0,0,0,0,0,0,0
891faeab14fffff,50.0657,8.52653,frankfurt,False,34,10.7014,7,False,0.472222,False,11,0.666667,0,0,0,0,0,0,0,0,0,0,0,0,0,1,0,0,0,0,0,0,0,0,0,0,0,0,0,0,0
891faeab153ffff,50.0702,8.52109,frankfurt,True,0,,0,False,0.459599,False,0,0.873724,0,0,0,0,0,0,0,0,0,0,0,0,0,0,0,0,0,0,0,0,0,0,0,0,0,0,1,0,0
891faeab157ffff,50.0707,8.52583,frankfurt,False,27,9.99,7,False,0.333333,False,19,1,0,0,0,0,0,0,0,0,0,0,0,0,0,1,0,0,0,0,0,0,0,0,0,0,0,0,0,0,0
891faeab15bffff,50.0675,8.51906,frankfurt,True,0,,0,False,0.459599,False,0,0.873724,0,0,0,0,0,0,0,0,0,0,0,0,0,0,0,0,0,0,0,0,0,0,0,0,0,0,0,0,0
891faeab163ffff,50.0667,8.53602,frankfurt,False,558,10.3715,156,False,0.35009,False,297,0.876325,0,0,0,0,0,0,0,0,0,0,0,0,0,0,0,0,0,0,0,0,0,0,0,0,0,0,3,0,0
891faeab167ffff,50.0672,8.54077,frankfurt,False,248,9.484,30,False,0.337719,False,107,0.769231,0,0,0,0,0,0,0,0,0,0,0,0,0,0,0,0,0,0,0,0,0,0,0,0,0,0,1,0,0
891faeab16bffff,50.0639,8.534,frankfurt,False,467,10.1541,129,False,0.434599,False,241,0.867769,0,0,0,0,0,0,0,0,0,0,0,0,0,1,0,0,0,0,0,0,0,0,0,0,0,0,0,0,0
891faeab16fffff,50.0644,8.53874,frankfurt,False,609,9.73046,130,False,0.408333,False,275,0.820144,0,0,0,0,0,0,0,0,0,0,0,0,0,0,0,0,0,0,0,0,0,0,0,0,0,0,2,0,0
891faeab173ffff,50.069,8.5333,frankfurt,False,261,9.16843,83,False,0.383459,False,149,0.945205,0,0,0,0,0,0,0,0,0,0,0,0,0,0,0,0,0,0,0,0,0,0,0,0,0,0,0,0,0
891faeab177ffff,50.0695,8.53805,frankfurt,False,0,,0,False,0.459599,False,0,0.873724,0,0,0,0,0,0,0,0,0,0,0,0,0,0,0,0,0,0,0,0,0,0,0,0,0,0,0,0,0
891faeab17bffff,50.0662,8.53128,frankfurt,False,488,9.8206,133,False,0.4,False,264,0.858736,0,0,0,0,0,0,0,0,0,0,0,0,0,1,1,0,0,0,0,0,0,0,0,0,0,0,1,0,0
891faeab183ffff,50.0812,8.52919,frankfurt,False,0,,0,False,0.459599,False,0,0.873724,0,0,0,0,0,0,0,0,0,0,0,0,0,0,0,0,0,0,0,0,0,0,0,0,0,0,0,0,1
891faeab187ffff,50.0817,8.53394,frankfurt,True,0,,0,False,0.459599,False,0,0.873724,0,0,0,0,0,0,0,0,0,0,0,0,0,0,0,0,0,0,0,0,0,0,0,0,0,0,1,0,0
891faeab18bffff,50.0785,8.52717,frankfurt,False,0,,0,False,0.459599,False,0,0.873724,0,0,0,0,0,0,0,0,0,0,0,0,0,0,0,0,0,0,0,0,0,0,0,0,0,0,0,0,0
891faeab18fffff,50.079,8.53191,frankfurt,False,0,,0,False,0.459599,False,0,0.873724,0,0,0,0,0,0,0,0,0,0,0,0,0,0,0,0,0,0,0,0,0,0,0,0,0,0,1,0,0
891faeab193ffff,50.0835,8.52647,frankfurt,True,0,,0,False,0.459599,False,0,0.873724,0,0,0,0,0,0,0,0,0,0,0,0,0,0,0,0,0,0,0,0,0,0,0,0,0,0,0,0,0
891faeab197ffff,50.084,8.53122,frankfurt,True,0,,0,False,0.459599,False,0,0.873724,0,0,0,0,0,0,0,0,0,0,0,0,0,0,0,0,0,0,0,0,0,0,0,0,0,0,1,0,0
891faeab19bffff,50.0807,8.52444,frankfurt,False,0,,0,False,0.459599,False,0,0.873724,0,0,0,0,0,0,0,0,0,0,0,0,0,0,0,0,0,0,0,0,0,0,0,0,0,0,0,0,0
891faeab1a3ffff,50.08,8.54141,frankfurt,True,0,,0,False,0.459599,False,0,0.873724,0,0,0,0,0,0,0,0,0,0,0,0,0,0,0,0,0,0,0,0,0,0,0,0,0,0,0,0,0
891faeab1a7ffff,50.0805,8.54615,frankfurt,True,0,,0,False,0.459599,False,0,0.873724,0,0,0,0,0,0,0,0,0,0,0,0,0,0,0,0,0,0,0,0,0,0,0,0,0,0,1,0,0
891faeab1abffff,50.0772,8.53938,frankfurt,False,0,,0,False,0.459599,False,0,0.873724,0,0,0,0,0,0,0,0,0,0,0,0,0,0,0,0,0,0,0,0,0,0,0,0,0,0,0,0,0
891faeab1afffff,50.0777,8.54413,frankfurt,True,0,,0,False,0.459599,False,0,0.873724,0,0,0,0,0,0,0,0,0,0,0,0,0,0,0,0,0,0,0,0,0,0,0,0,0,0,0,0,0
891faeab1b3ffff,50.0822,8.53869,frankfurt,True,0,,0,False,0.459599,False,0,0.873724,0,0,0,0,0,0,0,0,0,0,0,0,0,0,0,0,0,0,0,0,0,0,0,0,0,0,1,0,0
891faeab1b7ffff,50.0827,8.54343,frankfurt,True,0,,0,False,0.459599,False,0,0.873724,0,0,0,0,0,0,0,0,0,0,0,0,0,0,0,0,0,0,0,0,0,0,0,0,0,0,3,0,0
891faeab1bbffff,50.0795,8.53666,frankfurt,False,0,,0,False,0.459599,False,0,0.873724,0,0,0,0,0,0,0,0,0,0,0,0,0,0,0,0,0,0,0,0,0,0,0,0,0,0,0,0,0
891faeab1c3ffff,50.0752,8.52039,frankfurt,True,33,9.2,6,False,0.242424,False,23,1,0,0,0,0,0,0,0,0,0,0,0,0,0,1,0,0,0,0,0,0,0,0,0,0,0,0,0,0,0
891faeab1c7ffff,50.0757,8.52514,frankfurt,False,0,,0,False,0.459599,False,0,0.873724,0,0,0,0,0,0,0,0,0,0,0,0,0,0,0,0,0,0,0,0,0,0,0,0,0,0,0,0,0
891faeab1cbffff,50.0725,8.51837,frankfurt,True,0,,0,False,0.459599,False,0,0.873724,0,0,0,0,0,0,0,0,0,0,0,0,0,0,0,0,0,0,0,0,0,0,0,0,0,0,1,0,0
891faeab1cfffff,50.073,8.52311,frankfurt,True,0,,0,False,0.459599,False,0,0.873724,0,0,0,0,0,0,0,0,0,0,0,0,0,0,0,0,0,0,0,0,0,0,0,0,0,0,0,0,0
891faeab1d3ffff,50.0775,8.51767,frankfurt,True,714,9.77973,183,False,0.438028,False,315,0.843949,0,0,0,0,0,0,0,0,0,0,0,0,0,0,0,0,0,0,0,0,0,0,0,0,0,0,0,0,0
891faeab1d7ffff,50.078,8.52242,frankfurt,True,0,,0,False,0.459599,False,0,0.873724,0,0,0,0,0,0,0,0,0,0,0,0,0,0,0,0,0,0,0,0,0,0,0,0,0,0,0,0,0
891faeab1dbffff,50.0747,8.51565,frankfurt,True,41,12.11,9,False,0.28125,False,22,1,0,0,0,0,0,0,0,0,0,0,0,0,0,0,0,0,0,0,0,0,0,0,0,0,0,0,1,0,0
891faeab2a7ffff,50.0577,8.49876,frankfurt,False,450,8.0503,132,False,0.31929,False,247,0.897872,0,0,0,0,0,0,0,0,0,0,0,0,0,0,0,0,0,0,0,0,0,0,0,0,0,0,1,0,0
891faeab2b7ffff,50.06,8.49604,frankfurt,False,14,10.4424,0,True,0.459599,True,3,0.873724,0,0,0,0,0,0,0,0,0,0,0,0,0,0,0,0,0,0,0,0,0,0,0,0,0,0,0,0,0
891faeab303ffff,50.0547,8.51843,frankfurt,False,109,9.71093,43,False,0.37963,False,55,0.946429,0,0,0,0,0,0,0,1,0,0,0,0,0,0,0,0,0,0,0,0,0,0,0,0,0,0,2,0,0
891faeab307ffff,50.0552,8.52317,frankfurt,False,19,11.72,4,False,0.5,False,12,0.873724,0,0,0,0,0,0,0,0,0,0,0,0,0,0,1,0,0,0,0,0,0,0,0,0,0,0,1,0,4
891faeab30bffff,50.0519,8.51641,frankfurt,False,528,9.94214,140,False,0.38716,False,228,0.789916,0,0,0,0,0,0,0,0,0,0,0,0,0,0,1,0,0,0,0,0,0,0,0,0,0,0,0,0,0
891faeab30fffff,50.0524,8.52115,frankfurt,False,77,10.0492,36,False,0.338983,False,39,0.846154,0,0,0,0,0,0,0,0,0,0,0,0,0,0,0,0,0,0,0,0,0,0,0,0,0,0,0,0,0
891faeab313ffff,50.057,8.51571,frankfurt,False,209,9.35859,92,False,0.402116,False,98,0.747368,0,0,0,0,0,0,0,0,0,0,0,0,0,0,0,0,0,0,0,0,0,0,0,0,0,0,0,0,0
891faeab317ffff,50.0575,8.52045,frankfurt,False,14,9.1073,0,True,0.8,False,13,1,0,0,0,0,0,0,0,2,0,0,2,0,0,0,0,0,0,0,0,0,0,0,0,0,0,0,0,0,0
891faeab31bffff,50.0542,8.51368,frankfurt,False,546,6.14836,195,False,0.382353,False,196,0.675676,0,0,0,0,0,0,0,0,0,0,0,0,0,0,0,0,0,0,0,0,0,0,0,0,0,0,2,0,0
891faeab323ffff,50.0534,8.53064,frankfurt,False,501,8.33669,172,False,0.369352,False,266,0.853933,0,0,0,0,0,0,0,0,0,0,0,0,0,0,0,0,0,0,0,0,0,0,0,0,0,0,1,0,0
891faeab327ffff,50.0539,8.53538,frankfurt,False,398,7.98189,111,False,0.299748,False,176,0.794118,0,0,0,0,0,0,0,0,0,0,0,0,0,0,0,0,0,0,0,0,0,0,0,0,0,0,0,0,0
891faeab32bffff,50.0507,8.52861,frankfurt,False,3,8.83596,0,True,0.459599,True,0,0.873724,0,0,0,0,0,0,0,0,0,0,0,0,0,1,0,0,0,0,0,0,0,0,0,0,0,0,1,0,0
891faeab32fffff,50.0512,8.53336,frankfurt,False,0,,0,False,0.459599,False,0,0.873724,0,0,0,0,0,0,0,0,0,0,0,0,0,0,0,0,0,0,0,0,0,0,0,0,0,0,0,0,0
891faeab333ffff,50.0557,8.52792,frankfurt,False,882,8.79307,303,False,0.395716,False,377,0.750685,0,0,0,0,0,0,0,0,0,0,0,0,0,2,0,0,0,0,0,0,0,0,0,0,0,0,1,0,1
891faeab337ffff,50.0562,8.53266,frankfurt,False,788,9.11722,237,False,0.390585,False,425,0.880196,0,0,0,0,0,0,0,0,0,0,0,0,0,1,0,0,0,0,0,0,0,0,0,0,0,0,1,0,0
891faeab33bffff,50.0529,8.52589,frankfurt,False,135,8.53625,80,False,0.462069,False,85,0.927711,0,0,0,0,0,0,0,1,0,0,0,0,0,0,0,0,0,0,0,0,0,0,0,0,0,0,1,0,0
891faeab347ffff,50.0492,8.51438,frankfurt,False,0,,0,False,0.459599,False,0,0.873724,0,0,0,0,0,0,0,0,0,0,0,0,0,0,0,0,0,0,0,0,0,0,0,0,0,0,0,0,0
891faeab34bffff,50.0459,8.50761,frankfurt,False,0,,0,False,0.459599,False,0,0.873724,0,0,0,0,0,0,0,0,0,0,0,0,0,0,0,0,0,0,0,0,0,0,0,0,0,0,0,0,0
891faeab34fffff,50.0464,8.51236,frankfurt,False,0,,0,False,0.459599,False,0,0.873724,0,0,0,0,0,0,0,0,0,0,0,0,0,0,0,0,0,0,0,0,0,0,0,0,0,0,0,0,0
891faeab357ffff,50.0514,8.51166,frankfurt,False,0,,0,False,0.459599,False,0,0.873724,0,0,0,0,0,0,0,0,0,0,0,0,0,0,0,0,0,0,0,0,0,0,0,0,0,0,0,0,0
891faeab363ffff,50.0474,8.52184,frankfurt,False,0,,0,False,0.459599,False,0,0.873724,0,0,0,0,0,0,0,0,0,0,0,0,0,0,0,0,0,0,0,0,0,0,0,0,0,0,0,0,0
891faeab367ffff,50.0479,8.52659,frankfurt,False,0,,0,False,0.459599,False,0,0.873724,0,0,0,0,0,0,0,0,0,0,0,0,0,0,0,0,0,0,0,0,0,0,0,0,0,0,0,0,0
891faeab36bffff,50.0447,8.51982,frankfurt,False,0,,0,False,0.459599,False,0,0.873724,0,0,0,0,0,0,0,0,0,0,0,0,0,0,0,0,0,0,0,0,0,0,0,0,0,0,0,0,0
891faeab36fffff,50.0452,8.52456,frankfurt,False,0,,0,False,0.459599,False,0,0.873724,0,0,0,0,0,0,0,0,0,0,0,0,0,0,0,0,0,0,0,0,0,0,0,0,0,0,0,0,0
891faeab373ffff,50.0497,8.51912,frankfurt,False,202,10.2335,74,False,0.415,False,110,0.843478,0,0,0,0,0,0,0,0,0,0,0,0,0,0,0,0,0,0,0,0,0,0,0,0,0,0,0,0,0
891faeab377ffff,50.0502,8.52387,frankfurt,False,0,,0,False,0.459599,False,0,0.873724,0,0,0,0,0,0,0,0,0,0,0,0,0,0,0,0,0,0,0,0,0,0,0,0,0,0,0,0,1
891faeab37bffff,50.0469,8.5171,frankfurt,False,0,,0,False,0.459599,False,0,0.873724,0,0,0,0,0,0,0,0,0,0,0,0,0,0,0,0,0,0,0,0,0,0,0,0,0,0,0,0,0
891faeab383ffff,50.062,8.51501,frankfurt,False,0,,0,False,0.459599,False,0,0.873724,0,0,0,0,0,0,0,0,0,0,0,0,0,0,0,0,0,0,0,0,0,0,0,0,0,0,0,0,0
891faeab387ffff,50.0625,8.51976,frankfurt,True,0,,0,False,0.459599,False,0,0.873724,0,0,0,0,0,0,0,0,0,0,0,0,0,0,0,0,0,0,0,0,0,0,0,0,0,0,0,0,0
891faeab38bffff,50.0592,8.51299,frankfurt,False,0,,0,False,0.459599,False,0,0.873724,0,0,0,0,0,0,0,0,0,0,0,0,0,0,0,0,0,0,0,0,0,0,0,0,0,0,0,0,0
891faeab38fffff,50.0597,8.51773,frankfurt,False,166,6.30909,66,False,0.346591,False,71,0.8,0,0,0,0,0,0,0,0,0,0,0,0,0,0,0,0,0,0,0,0,0,0,0,0,0,0,1,0,0
891faeab393ffff,50.0642,8.51229,frankfurt,False,0,,0,False,0.459599,False,0,0.873724,0,0,0,0,0,0,0,0,0,0,0,0,0,0,0,0,0,0,0,0,0,0,0,0,0,0,0,0,0
891faeab397ffff,50.0647,8.51704,frankfurt,False,0,,0,False,0.459599,False,0,0.873724,0,0,0,0,0,0,0,0,0,0,0,0,0,0,0,0,0,0,0,0,0,0,0,0,0,0,0,0,0
891faeab39bffff,50.0615,8.51027,frankfurt,False,14,9.37461,0,True,0.5,False,7,0.873724,0,0,0,0,0,0,0,0,0,0,0,0,0,0,0,0,0,0,0,0,0,0,0,0,0,0,0,0,0
891faeab3a3ffff,50.0607,8.52722,frankfurt,False,585,9.72133,256,False,0.488636,False,348,0.894444,0,0,0,0,0,0,0,0,0,0,0,0,0,1,0,0,0,0,0,0,0,0,0,0,0,0,0,0,0
891faeab3a7ffff,50.0612,8.53197,frankfurt,False,641,10.3873,237,False,0.475358,False,356,0.897143,1,0,0,0,0,0,0,2,0,1,1,0,3,0,1,0,1,0,0,0,0,0,0,0,0,0,2,0,3
891faeab3abffff,50.0579,8.5252,frankfurt,False,292,8.65128,94,False,0.378472,False,143,0.846667,0,0,0,0,0,0,0,0,0,0,0,0,0,2,1,0,0,0,0,0,0,0,0,0,0,0,0,0,1
891faeab3afffff,50.0584,8.52994,frankfurt,False,425,10.6109,169,False,0.368687,False,263,0.951311,0,0,0,0,0,0,0,0,0,0,0,0,0,0,0,0,0,0,0,0,0,0,0,0,0,0,0,0,0
891faeab3b3ffff,50.063,8.5245,frankfurt,False,207,11.7961,49,False,0.482927,False,84,0.764706,0,0,0,0,0,0,0,0,0,0,1,0,0,0,0,0,0,0,0,0,0,0,0,0,0,0,0,0,0
891faeab3b7ffff,50.0635,8.52925,frankfurt,False,585,9.81376,218,False,0.42953,False,317,0.862385,0,0,0,0,0,0,0,0,0,0,0,0,2,6,1,0,0,0,1,0,0,0,0,0,0,1,4,0,2
891faeab3bbffff,50.0602,8.52248,frankfurt,False,737,11.0162,111,False,0.520718,False,303,0.726277,0,0,0,0,0,0,0,0,0,0,0,0,0,0,0,0,0,1,0,0,0,0,0,0,0,0,3,0,0
891faeab3c3ffff,50.056,8.50622,frankfurt,False,606,10.1176,296,False,0.441128,False,441,0.964045,0,0,0,0,0,0,0,0,0,0,0,0,0,0,0,0,0,0,0,0,0,0,0,0,0,0,1,0,0
891faeab3c7ffff,50.0565,8.51096,frankfurt,False,24,6.63,8,False,0.230769,False,8,0.666667,0,0,0,0,0,0,0,0,0,0,0,0,0,0,0,0,0,0,0,0,0,0,0,0,0,0,0,0,0
891faeab3cfffff,50.0537,8.50894,frankfurt,False,0,,0,False,0.459599,False,0,0.873724,0,0,0,0,0,0,0,0,0,0,0,0,0,0,0,0,0,0,0,0,0,0,0,0,0,0,0,0,0
891faeab3d3ffff,50.0582,8.5035,frankfurt,False,111,10.83,4,False,0.411215,False,46,0.833333,0,0,0,0,0,0,0,0,0,0,0,0,0,0,0,0,0,0,0,0,0,0,0,0,0,0,0,0,0
891faeab3d7ffff,50.0587,8.50824,frankfurt,False,0,,0,False,0.459599,False,0,0.873724,0,0,0,0,0,0,0,0,0,0,0,0,0,0,0,0,0,0,0,0,0,0,0,0,0,0,0,0,0
891faeab3dbffff,50.0555,8.50148,frankfurt,False,677,8.36579,126,False,0.399703,False,302,0.828947,0,0,0,0,0,0,0,0,0,0,0,0,0,0,0,0,0,0,0,0,0,0,0,0,0,0,0,0,0
891faeab403ffff,50.0863,8.48034,frankfurt,False,663,11.2582,102,False,0.341867,False,302,0.82623,0,0,0,0,0,0,0,0,0,0,0,0,0,0,0,0,0,0,0,0,0,0,0,0,0,0,0,0,0
891faeab407ffff,50.0868,8.48508,frankfurt,False,44,8.61,8,False,0.466667,False,20,0.909091,0,0,0,0,0,0,0,0,0,0,0,0,0,0,0,0,0,0,0,0,0,0,0,0,0,0,0,0,0
891faeab40bffff,50.0835,8.47831,frankfurt,False,499,9.95091,55,False,0.413793,False,265,0.867159,0,0,0,0,0,0,0,0,0,0,0,0,0,1,0,0,0,0,0,0,0,0,0,0,0,0,0,0,0
891faeab40fffff,50.084,8.48306,frankfurt,False,277,7.355,48,False,0.336879,False,105,0.660377,0,0,0,0,0,0,0,0,0,0,0,0,0,0,0,0,0,0,0,0,0,0,0,0,0,0,0,0,0
891faeab413ffff,50.0885,8.47761,frankfurt,False,450,11.556,30,False,0.340136,False,166,0.690058,0,0,0,0,0,0,0,0,0,0,0,0,0,0,0,0,0,0,0,0,0,0,0,0,0,0,0,0,0
891faeab417ffff,50.089,8.48236,frankfurt,False,262,12.2229,7,False,0.347015,False,83,0.545455,0,0,0,0,0,0,0,0,0,0,0,0,0,0,0,0,0,0,0,0,0,0,0,0,0,0,0,0,0
891faeab41bffff,50.0858,8.47559,frankfurt,False,595,9.7181,84,False,0.328333,False,254,0.810078,0,0,0,0,0,0,0,0,0,0,0,0,0,0,0,0,0,0,0,0,0,0,0,0,0,0,0,0,0
891faeab423ffff,50.085,8.49255,frankfurt,False,0,,0,False,0.459599,False,0,0.873724,0,0,0,0,0,0,0,0,0,0,0,0,0,0,0,0,0,0,0,0,0,0,0,0,0,0,0,0,0
891faeab427ffff,50.0855,8.4973,frankfurt,True,0,,0,False,0.459599,False,0,0.873724,0,0,0,0,0,0,0,0,0,0,0,0,0,0,0,0,0,0,0,0,0,0,0,0,0,0,0,0,0
891faeab42bffff,50.0823,8.49053,frankfurt,False,0,,0,False,0.459599,False,0,0.873724,0,0,0,0,0,0,0,0,0,0,0,0,0,0,0,0,0,0,0,0,0,0,0,0,0,0,0,0,0
891faeab42fffff,50.0828,8.49527,frankfurt,False,0,,0,False,0.459599,False,0,0.873724,0,0,0,0,0,0,0,0,0,0,0,0,0,0,0,0,0,0,0,0,0,0,0,0,0,0,0,0,0
891faeab433ffff,50.0873,8.48983,frankfurt,True,0,,0,False,0.459599,False,0,0.873724,0,0,0,0,0,0,0,0,0,0,0,0,0,0,0,0,0,0,0,0,0,0,0,0,0,0,0,0,0
891faeab437ffff,50.0878,8.49457,frankfurt,True,0,,0,False,0.459599,False,0,0.873724,0,0,0,0,0,0,0,0,0,0,0,0,0,0,0,0,0,0,0,0,0,0,0,0,0,0,0,0,0
891faeab43bffff,50.0845,8.4878,frankfurt,False,12,10.0142,0,True,0.666667,False,0,0.873724,0,0,0,0,0,0,0,0,0,0,0,0,0,0,0,0,0,0,0,0,0,0,0,0,0,0,0,0,0
891faeab443ffff,50.0803,8.47154,frankfurt,False,464,9.419,70,False,0.315193,False,207,0.793103,0,0,0,0,0,0,0,0,0,0,0,0,0,0,0,0,0,0,0,0,0,0,0,0,0,0,0,0,0
891faeab447ffff,50.0808,8.47629,frankfurt,False,230,10.8405,58,False,0.419492,False,109,0.816,0,0,0,0,0,0,0,0,0,0,0,0,0,0,0,0,0,0,0,0,0,0,0,0,0,0,0,0,0
891faeab44fffff,50.078,8.47427,frankfurt,False,7,9.72194,0,True,0.666667,False,0,0.873724,0,0,0,0,0,0,0,0,0,0,0,0,0,0,0,0,0,0,0,0,0,0,0,0,0,0,0,0,0
891faeab453ffff,50.0825,8.46882,frankfurt,False,772,9.75706,218,False,0.38369,False,384,0.851759,0,0,0,0,0,0,0,1,1,1,1,0,0,5,1,0,0,1,0,0,0,0,0,0,0,0,1,0,0
891faeab457ffff,50.083,8.47357,frankfurt,False,617,9.93217,106,False,0.380417,False,278,0.827957,0,0,0,0,0,0,0,0,0,0,0,0,0,3,0,1,0,0,0,0,0,0,0,0,0,1,0,0,0
891faeab463ffff,50.079,8.48376,frankfurt,False,0,,0,False,0.459599,False,0,0.873724,0,0,0,0,0,0,0,0,0,0,0,0,0,0,0,0,0,0,0,0,0,0,0,0,0,0,0,0,0
891faeab467ffff,50.0795,8.4885,frankfurt,False,0,,0,False,0.459599,False,0,0.873724,0,0,0,0,0,0,0,0,0,0,0,0,0,0,0,0,0,0,0,0,0,0,0,0,0,0,0,0,0
891faeab46bffff,50.0763,8.48173,frankfurt,False,106,8.51,6,False,0.234234,False,45,0.860465,0,0,0,0,0,0,0,0,0,0,0,0,0,0,0,0,0,0,0,0,0,0,0,0,0,0,0,0,0
891faeab46fffff,50.0768,8.48648,frankfurt,False,63,10.57,4,False,0.413793,False,22,0.76,0,0,0,0,0,0,0,0,0,0,0,0,0,0,0,0,0,0,0,0,0,0,0,0,0,0,0,0,0
891faeab473ffff,50.0813,8.48103,frankfurt,False,3,9.8349,0,True,0.459599,True,0,0.873724,0,0,0,0,0,0,0,0,0,0,0,0,0,0,0,0,0,0,0,0,0,0,0,0,0,0,0,0,0
891faeab477ffff,50.0818,8.48578,frankfurt,False,0,,0,False,0.459599,False,0,0.873724,0,0,0,0,0,0,0,0,0,0,0,0,0,0,0,0,0,0,0,0,0,0,0,0,0,0,0,0,0
891faeab47bffff,50.0785,8.47901,frankfurt,False,0,,0,False,0.459599,False,0,0.873724,0,0,0,0,0,0,0,0,0,0,0,0,0,0,0,0,0,0,0,0,0,0,0,0,0,0,0,0,1
891faeab483ffff,50.0936,8.47692,frankfurt,False,3,9.12582,0,True,0.459599,True,0,0.873724,0,0,0,0,0,0,0,0,1,0,0,0,0,0,0,0,0,0,0,0,0,0,0,0,0,0,0,0,0
891faeab487ffff,50.0941,8.48166,frankfurt,True,0,,0,False,0.459599,False,0,0.873724,0,0,0,0,0,0,0,0,0,0,0,0,0,0,0,0,0,0,0,0,0,0,0,0,0,0,0,0,0
891faeab48bffff,50.0908,8.47489,frankfurt,False,0,,0,False,0.459599,False,0,0.873724,0,0,0,0,0,0,0,0,0,0,0,0,0,0,0,0,0,0,0,0,0,0,0,0,0,0,0,0,0
891faeab48fffff,50.0913,8.47964,frankfurt,False,0,,0,False,0.459599,False,0,0.873724,0,0,0,0,0,0,0,0,0,0,0,0,0,0,0,0,0,0,0,0,0,0,0,0,0,0,0,0,0
891faeab493ffff,50.0958,8.47419,frankfurt,False,0,,0,False,0.459599,False,0,0.873724,0,0,0,0,0,0,0,0,0,0,0,0,0,0,0,0,0,0,0,0,0,0,0,0,0,0,0,0,0
891faeab497ffff,50.0963,8.47894,frankfurt,True,3,9.21176,0,True,0,False,0,0.873724,0,0,0,0,0,0,0,0,0,0,0,0,0,0,0,0,0,0,0,0,0,0,0,0,0,0,0,0,0
891faeab49bffff,50.0931,8.47217,frankfurt,False,0,,0,False,0.459599,False,0,0.873724,0,0,0,0,0,0,0,0,2,0,0,0,0,0,0,0,0,0,0,0,0,0,0,0,0,0,0,0,0
891faeab4a3ffff,50.0923,8.48913,frankfurt,True,0,,0,False,0.459599,False,0,0.873724,0,0,0,0,0,0,0,0,0,0,0,0,0,0,0,0,0,0,0,0,0,0,0,0,0,0,0,0,0
891faeab4a7ffff,50.0928,8.49388,frankfurt,True,213,9.01294,17,False,0.365591,False,74,0.769231,0,0,0,0,0,0,0,0,0,0,0,0,0,0,0,0,0,0,0,0,0,0,0,0,0,0,0,0,0
891faeab4abffff,50.0895,8.48711,frankfurt,True,0,,0,False,0.459599,False,0,0.873724,0,0,0,0,0,0,0,0,0,0,0,0,0,0,0,0,0,0,0,0,0,0,0,0,0,0,0,0,0
891faeab4afffff,50.09,8.49185,frankfurt,True,8,9.49807,0,True,0.459599,True,0,0.873724,0,0,0,0,0,0,0,0,0,0,0,0,0,0,0,0,0,0,0,0,0,0,0,0,0,0,0,0,0
891faeab4b3ffff,50.0945,8.48641,frankfurt,True,106,9.12727,11,False,0.302083,False,51,0.775862,0,0,0,0,0,0,0,0,0,0,0,0,0,0,0,0,0,0,0,0,0,0,0,0,0,0,0,0,0
891faeab4b7ffff,50.095,8.49115,frankfurt,True,460,9.87482,114,False,0.40305,False,213,0.843137,0,0,0,0,0,0,0,0,0,0,0,0,0,0,0,0,0,0,1,0,0,1,0,0,0,0,2,0,0
891faeab4bbffff,50.0918,8.48438,frankfurt,True,0,,0,False,0.459599,False,0,0.873724,0,0,0,0,0,0,0,0,0,0,0,0,0,0,0,0,0,0,0,0,0,0,0,0,0,0,0,0,0
891faeab4c3ffff,50.0876,8.46812,frankfurt,False,338,8.55574,47,False,0.216301,False,154,0.846667,0,0,0,0,0,0,0,0,0,0,0,0,0,0,0,0,0,0,0,0,0,0,0,0,0,0,1,0,0
891faeab4c7ffff,50.0881,8.47287,frankfurt,False,532,8.60835,164,False,0.373308,False,281,0.95053,0,0,0,0,0,0,0,0,0,0,0,0,0,0,0,0,0,0,0,0,0,0,0,1,0,0,2,0,0
891faeab4cbffff,50.0848,8.4661,frankfurt,False,593,8.7241,134,False,0.357737,False,257,0.814229,0,0,0,0,0,0,0,0,0,0,1,0,0,0,0,0,0,0,0,0,0,0,0,0,0,0,0,0,0
891faeab4cfffff,50.0853,8.47085,frankfurt,False,749,10.0024,193,False,0.36,False,366,0.836898,0,0,0,0,0,0,0,0,0,1,1,0,2,2,2,0,0,0,1,0,0,0,0,0,0,0,1,0,1
891faeab4d3ffff,50.0898,8.4654,frankfurt,False,436,9.92574,122,False,0.424036,False,236,0.901786,0,0,0,0,0,0,0,0,0,0,0,0,0,0,0,0,0,0,0,0,0,0,0,0,0,0,0,0,0
891faeab4d7ffff,50.0903,8.47015,frankfurt,False,184,9.3092,25,False,0.302083,False,91,0.894737,0,0,0,0,0,0,0,0,0,0,0,0,0,0,0,0,0,0,0,0,0,0,0,0,0,0,0,0,0
891faeab4dbffff,50.0871,8.46338,frankfurt,False,707,8.13314,191,False,0.329132,False,341,0.817143,0,0,0,0,0,0,0,0,0,0,0,0,0,0,0,0,0,0,0,0,0,0,0,0,0,0,2,0,0
891faeab503ffff,50.0898,8.51356,frankfurt,True,81,5.78512,43,False,0.310345,False,43,0.926829,0,0,0,0,0,0,0,0,0,0,0,0,0,0,0,0,0,0,0,0,0,0,0,0,0,0,0,0,0
891faeab507ffff,50.0903,8.51831,frankfurt,True,0,,0,False,0.459599,False,0,0.873724,0,0,0,0,0,0,0,0,0,0,0,0,0,0,0,0,0,0,0,0,0,0,0,0,0,0,0,0,0
891faeab50bffff,50.087,8.51153,frankfurt,True,513,7.86942,260,False,0.441905,False,291,0.922535,0,0,0,0,0,0,0,0,0,0,0,0,0,1,0,0,0,0,0,0,0,0,0,0,0,1,2,0,0
891faeab50fffff,50.0875,8.51628,frankfurt,True,12,10.04,7,False,1,False,10,1,0,0,0,0,0,0,0,0,0,0,0,0,0,0,0,0,0,0,0,0,0,0,0,0,0,0,3,0,0
891faeab513ffff,50.092,8.51084,frankfurt,True,26,4.68,18,False,0.21875,False,18,0.8,0,0,0,0,0,0,0,0,0,0,0,0,0,0,0,0,0,0,0,0,0,0,0,0,0,0,0,0,0
891faeab517ffff,50.0925,8.51559,frankfurt,True,0,,0,False,0.459599,False,0,0.873724,0,0,0,0,0,0,0,0,0,0,0,0,0,0,0,0,0,0,0,0,0,0,0,0,0,0,0,0,0
891faeab51bffff,50.0893,8.50881,frankfurt,True,689,5.87225,386,False,0.330422,False,384,0.911227,0,0,0,0,0,0,0,0,0,0,0,0,0,0,0,0,0,0,0,0,0,0,0,0,0,0,0,0,1
891faeab523ffff,50.0885,8.52578,frankfurt,True,0,,0,False,0.459599,False,0,0.873724,0,0,0,0,0,0,0,0,0,0,0,0,0,0,0,0,0,0,0,0,0,0,0,0,0,0,0,0,0
891faeab527ffff,50.089,8.53052,frankfurt,True,0,,0,False,0.459599,False,0,0.873724,0,0,0,0,0,0,0,0,0,0,0,0,0,0,0,0,0,0,0,0,0,0,0,0,0,0,0,0,0
891faeab52bffff,50.0857,8.52375,frankfurt,True,0,,0,False,0.459599,False,0,0.873724,0,0,0,0,0,0,0,0,0,0,0,0,0,0,0,0,0,0,0,0,0,0,0,0,0,0,0,0,0
891faeab52fffff,50.0862,8.5285,frankfurt,True,0,,0,False,0.459599,False,0,0.873724,0,0,0,0,0,0,0,0,0,0,0,0,0,0,0,0,0,0,0,0,0,0,0,0,0,0,0,0,0
891faeab533ffff,50.0908,8.52305,frankfurt,True,0,,0,False,0.459599,False,0,0.873724,0,0,0,0,0,0,0,0,0,0,0,0,0,0,0,0,0,0,0,0,0,0,0,0,0,0,4,0,0
891faeab537ffff,50.0913,8.5278,frankfurt,True,0,,0,False,0.459599,False,0,0.873724,0,0,0,0,0,0,0,0,0,0,0,0,0,1,0,0,0,0,0,0,0,0,0,0,0,0,1,0,0
891faeab53bffff,50.088,8.52103,frankfurt,True,0,,0,False,0.459599,False,0,0.873724,0,0,0,0,0,0,0,0,0,0,0,0,0,0,0,0,0,0,0,0,0,0,0,0,0,0,0,0,0
891faeab543ffff,50.0838,8.50476,frankfurt,True,84,12.4,50,False,0.505747,False,60,1,0,0,0,0,0,0,0,0,0,0,0,0,0,0,0,0,0,0,0,0,0,0,0,0,0,0,0,0,0
891faeab547ffff,50.0843,8.50951,frankfurt,True,127,9.7269,29,False,0.425373,False,51,0.511628,0,0,0,0,0,0,0,0,0,0,0,0,0,0,0,0,0,0,0,0,0,0,0,0,0,0,0,0,0
891faeab54bffff,50.081,8.50274,frankfurt,True,0,,0,False,0.459599,False,0,0.873724,0,0,0,0,0,0,0,0,0,0,0,0,0,0,0,0,0,0,0,0,0,0,0,0,0,0,0,0,0
891faeab54fffff,50.0815,8.50748,frankfurt,True,0,,0,False,0.459599,False,0,0.873724,0,0,0,0,0,0,0,0,0,0,0,0,0,0,0,0,0,0,0,0,0,0,0,0,0,0,0,0,0
891faeab553ffff,50.086,8.50204,frankfurt,True,0,,0,False,0.459599,False,0,0.873724,0,0,0,0,0,0,0,0,0,0,0,0,0,0,0,0,0,0,0,0,0,0,0,0,0,0,0,0,0
891faeab557ffff,50.0865,8.50679,frankfurt,True,1454,7.22483,615,False,0.434329,False,694,0.854197,0,0,0,0,0,0,0,1,0,0,0,0,0,1,0,0,0,0,0,0,0,0,0,0,0,0,0,0,0
891faeab55bffff,50.0833,8.50002,frankfurt,True,0,,0,False,0.459599,False,0,0.873724,0,0,0,0,0,0,0,0,0,0,0,0,0,0,0,0,0,0,0,0,0,0,0,0,0,0,0,0,0
891faeab563ffff,50.0825,8.51698,frankfurt,True,535,9.10232,151,False,0.420664,False,253,0.870588,0,0,0,0,0,0,0,1,0,0,0,0,0,0,0,0,0,0,0,0,0,0,0,0,0,0,1,0,0
891faeab567ffff,50.083,8.52172,frankfurt,True,0,,0,False,0.459599,False,0,0.873724,0,0,0,0,0,0,0,0,0,0,0,0,0,0,0,0,0,0,0,0,0,0,0,0,0,0,0,0,0
891faeab56bffff,50.0797,8.51495,frankfurt,True,683,10.8098,211,False,0.439137,False,344,0.868195,0,0,0,0,0,0,0,0,0,0,1,0,0,1,0,0,0,0,0,0,0,0,0,0,0,0,1,0,0
891faeab56fffff,50.0802,8.5197,frankfurt,True,357,8.45476,124,False,0.292818,False,210,0.890476,0,0,0,0,0,0,0,0,0,0,0,0,0,0,0,0,0,0,0,0,0,0,0,0,0,0,0,0,0
891faeab573ffff,50.0848,8.51426,frankfurt,True,434,8.71156,180,False,0.449275,False,236,0.854701,0,0,0,0,0,0,0,0,0,0,0,0,0,4,0,0,0,0,0,0,0,0,0,0,0,0,4,0,0
891faeab577ffff,50.0853,8.519,frankfurt,True,74,9.14154,13,False,0.366197,False,32,0.705882,0,0,0,0,0,0,0,0,0,0,0,0,0,0,0,0,0,0,0,0,0,0,0,0,0,0,1,0,0
891faeab57bffff,50.082,8.51223,frankfurt,True,865,7.25307,427,False,0.426606,False,426,0.834928,0,0,0,0,0,0,0,0,0,0,0,0,0,0,0,0,0,0,0,0,0,0,0,0,0,0,0,0,0
891faeab583ffff,50.097,8.51014,frankfurt,True,557,6.5769,126,False,0.331522,False,251,0.819277,0,0,0,0,0,0,0,0,0,0,0,0,0,1,0,0,0,0,0,0,0,0,0,0,0,0,2,0,0
891faeab587ffff,50.0975,8.51489,frankfurt,True,0,,0,False,0.459599,False,0,0.873724,0,0,0,0,0,0,0,0,0,0,0,0,0,0,0,0,0,0,0,0,0,0,0,0,0,0,0,0,0
891faeab58bffff,50.0943,8.50812,frankfurt,True,383,7.71164,122,False,0.343008,False,165,0.836478,0,0,0,0,0,0,0,0,0,0,0,0,0,0,0,0,0,0,0,0,0,0,0,0,0,0,0,0,0
891faeab58fffff,50.0948,8.51286,frankfurt,True,0,,0,False,0.459599,False,0,0.873724,0,0,0,0,0,0,0,0,0,0,0,0,0,0,0,0,0,0,0,0,0,0,0,0,0,0,0,0,0
891faeab593ffff,50.0993,8.50742,frankfurt,True,261,8.18,33,False,0.329457,False,109,0.697248,0,0,0,0,0,0,0,0,0,0,0,0,0,0,0,0,0,0,0,0,0,0,0,0,0,0,0,0,0
891faeab597ffff,50.0998,8.51217,frankfurt,True,94,7.79455,11,False,0.277108,False,44,0.914286,0,0,0,0,0,0,0,0,0,0,0,0,0,0,0,0,0,0,0,0,0,0,0,0,0,0,0,0,0
891faeab59bffff,50.0965,8.50539,frankfurt,True,706,9.44705,224,False,0.380261,False,297,0.765677,0,0,0,0,0,0,0,0,0,0,1,0,0,1,0,0,0,0,0,0,0,0,0,0,0,0,4,0,0
891faeab5a3ffff,50.0958,8.52236,frankfurt,True,28,7.83375,0,True,0.612903,False,3,0.873724,0,0,0,0,0,0,0,0,0,0,0,0,0,0,0,0,0,0,0,0,0,0,0,0,0,0,0,0,0
891faeab5a7ffff,50.0963,8.52711,frankfurt,True,0,,0,False,0.459599,False,0,0.873724,0,0,0,0,0,0,0,0,0,0,0,0,0,0,0,0,0,0,0,0,0,0,0,0,0,0,1,0,0
891faeab5abffff,50.093,8.52033,frankfurt,True,0,,0,False,0.459599,False,0,0.873724,0,0,0,0,0,0,0,0,0,0,0,0,0,0,0,0,0,0,0,0,0,0,0,0,0,0,0,0,0
891faeab5afffff,50.0935,8.52508,frankfurt,True,0,,0,False,0.459599,False,0,0.873724,0,0,0,0,0,0,0,0,0,0,0,0,0,0,0,0,0,0,0,0,0,0,0,0,0,0,0,0,0
891faeab5b3ffff,50.098,8.51964,frankfurt,True,0,,0,False,0.459599,False,0,0.873724,0,0,0,0,0,0,0,0,0,0,0,0,0,0,0,0,0,0,0,0,0,0,0,0,0,0,2,0,0
891faeab5b7ffff,50.0985,8.52438,frankfurt,True,23,7.83375,8,False,0.764706,False,10,1,0,0,0,0,0,0,0,0,0,0,0,0,0,0,0,0,0,0,0,0,0,0,0,0,0,0,1,0,2
891faeab5bbffff,50.0953,8.51761,frankfurt,True,0,,0,False,0.459599,False,0,0.873724,0,0,0,0,0,0,0,0,0,0,0,0,0,0,0,0,0,0,0,0,0,0,0,0,0,0,0,0,0
891faeab5c3ffff,50.091,8.50134,frankfurt,True,306,9.0906,50,False,0.355049,False,144,0.821429,0,0,0,0,0,0,0,1,0,0,0,0,0,0,0,0,0,0,0,0,0,0,0,0,0,0,1,0,1
891faeab5c7ffff,50.0915,8.50609,frankfurt,True,83,8.04794,34,False,0.278481,False,34,0.8,0,0,0,0,0,0,0,0,0,0,0,0,0,0,0,0,0,0,0,0,0,0,0,0,0,1,0,0,0
891faeab5cbffff,50.0883,8.49932,frankfurt,True,0,,0,False,0.459599,False,0,0.873724,0,0,0,0,0,0,0,0,0,0,0,0,0,0,0,0,0,0,0,0,0,0,0,0,0,0,0,0,0
891faeab5cfffff,50.0888,8.50407,frankfurt,True,752,5.83541,377,False,0.359948,False,371,0.846575,0,0,0,0,0,0,0,0,0,0,0,0,0,0,0,0,0,0,0,0,0,0,0,0,0,0,0,0,0
891faeab5d3ffff,50.0933,8.49862,frankfurt,True,648,9.91838,105,False,0.313146,False,307,0.85342,0,0,0,0,0,0,0,0,0,0,0,0,0,0,0,0,0,0,0,0,0,0,0,0,0,0,0,0,0
891faeab5d7ffff,50.0938,8.50337,frankfurt,True,1307,9.50093,484,False,0.380062,False,539,0.758879,0,0,0,0,0,0,0,0,0,0,0,0,0,0,0,0,0,1,0,0,0,0,0,0,0,0,1,0,0
891faeab5dbffff,50.0905,8.4966,frankfurt,True,87,8.48758,0,True,0.333333,False,40,0.892857,0,0,0,0,0,0,0,0,0,0,0,0,0,0,0,0,0,0,0,0,0,0,0,0,0,0,0,0,0
891faeab6a7ffff,50.0735,8.47971,frankfurt,False,222,8.43192,26,False,0.394619,False,101,0.793103,0,0,0,0,0,0,0,0,0,0,0,0,0,1,0,0,0,0,0,0,0,0,0,0,0,0,0,0,0
891faeab6b7ffff,50.0758,8.47699,frankfurt,False,55,7.2,18,False,0.391304,False,18,0.565217,0,0,0,0,0,0,0,0,0,0,0,0,0,0,0,0,0,0,0,0,0,0,0,0,0,0,0,0,0
891faeac413ffff,50.1036,8.79599,frankfurt,False,0,,0,False,0.459599,False,0,0.873724,0,0,0,0,0,0,0,0,0,0,0,0,0,0,0,0,0,0,0,0,0,0,0,0,0,0,0,0,0
891faeac483ffff,50.1086,8.79531,frankfurt,False,223,8.191,50,False,0.340909,False,110,0.857143,0,0,0,0,0,0,0,0,0,0,0,0,0,0,0,0,0,0,0,0,0,0,0,1,0,0,2,0,0
891faeac487ffff,50.1091,8.80007,frankfurt,False,3,7.84687,0,True,0,False,0,0.873724,0,0,0,0,0,0,0,0,0,0,0,0,0,0,0,0,0,0,0,0,0,0,0,0,0,0,0,0,0
891faeac48bffff,50.1059,8.79327,frankfurt,False,12,7.93545,0,True,0.5,False,4,0.5,0,0,0,0,0,0,0,0,0,0,0,0,0,0,0,0,0,0,0,0,0,0,0,0,0,0,0,0,0
891faeac48fffff,50.1064,8.79803,frankfurt,False,0,,0,False,0.459599,False,0,0.873724,0,0,0,0,0,0,0,0,0,0,0,0,0,0,0,0,0,0,0,0,0,0,0,0,0,0,0,0,0
891faeac493ffff,50.1109,8.79259,frankfurt,False,56,8.1,7,False,0.439394,False,31,0.84,0,0,0,0,0,0,0,0,0,0,0,0,0,0,0,0,0,0,0,0,0,0,0,0,0,0,0,0,0
891faeac497ffff,50.1114,8.79735,frankfurt,False,222,8.06927,109,False,0.522936,False,121,0.918182,0,0,0,0,0,0,0,0,0,0,0,0,0,0,0,0,0,0,0,0,0,0,0,0,0,0,0,0,0
891faeac49bffff,50.1082,8.79055,frankfurt,False,111,6.612,35,False,0.480769,False,60,0.930233,0,0,0,0,0,0,0,0,0,0,0,0,0,0,0,0,0,0,0,0,0,0,0,0,0,0,2,0,1
891faeac4c3ffff,50.1027,8.78647,frankfurt,False,281,8.08697,155,False,0.448529,False,155,0.851613,0,0,0,0,0,0,0,0,0,0,0,0,0,0,0,0,0,0,0,0,0,0,0,0,0,1,2,0,0
891faeac4c7ffff,50.1032,8.79123,frankfurt,False,22,8.13743,0,True,0.459599,True,3,1,0,0,0,0,0,0,0,0,0,0,0,0,0,0,0,0,0,0,0,0,0,0,0,0,0,0,0,0,0
891faeac4cbffff,50.0999,8.78443,frankfurt,False,756,8.61827,255,False,0.440816,False,346,0.824363,0,0,0,0,0,0,0,0,0,0,0,0,0,0,0,0,0,0,0,0,0,0,0,0,0,0,6,0,0
891faeac4cfffff,50.1004,8.78919,frankfurt,False,14,8.76507,0,True,0.4,False,3,1,0,0,0,0,0,0,0,0,0,0,0,0,0,0,0,0,0,0,0,0,0,0,0,0,0,0,0,0,0
891faeac4d3ffff,50.1049,8.78376,frankfurt,False,51,7.63,11,False,0.254902,False,24,0.793103,0,0,0,0,0,0,0,0,0,0,0,0,0,0,0,0,0,0,0,0,0,0,0,0,0,0,1,0,0
891faeac4d7ffff,50.1054,8.78851,frankfurt,False,68,7.72455,11,False,0.614286,False,40,0.88,0,0,0,0,0,0,0,0,0,0,0,0,0,0,0,0,0,0,0,0,0,0,0,0,0,0,0,0,0
891faeac4dbffff,50.1022,8.78172,frankfurt,False,466,7.95757,300,False,0.380753,False,314,0.947368,0,0,0,0,0,0,0,0,0,0,0,0,0,0,0,0,0,0,0,0,0,0,0,0,0,0,0,0,0
891faead403ffff,50.0595,8.73689,frankfurt,False,0,,0,False,0.459599,False,0,0.873724,0,0,0,0,0,0,0,0,0,0,0,0,0,0,0,0,0,0,0,0,0,0,0,0,0,0,0,0,0
891faead40bffff,50.0567,8.73486,frankfurt,False,0,,0,False,0.459599,False,0,0.873724,0,0,0,0,0,0,0,0,0,0,0,0,0,0,0,0,0,0,0,0,0,0,0,0,0,0,0,0,0
891faead413ffff,50.0617,8.73418,frankfurt,False,3,,0,False,0.459599,True,0,0.873724,0,0,0,0,0,0,0,0,0,0,0,0,0,0,0,0,0,0,0,0,0,0,0,0,0,0,2,0,0
891faead417ffff,50.0622,8.73893,frankfurt,False,6,,0,False,0,False,3,0.873724,0,0,0,0,0,0,0,0,0,0,0,0,0,0,0,0,0,0,0,0,0,0,0,0,0,0,0,0,0
891faead41bffff,50.059,8.73214,frankfurt,False,0,,0,False,0.459599,False,0,0.873724,0,0,0,0,0,0,0,0,0,0,0,0,0,0,0,0,0,0,0,0,0,0,0,0,0,0,0,0,0
891faead443ffff,50.0535,8.72807,frankfurt,False,0,,0,False,0.459599,False,0,0.873724,0,0,0,0,0,0,0,0,0,0,0,0,0,0,0,0,0,0,0,0,0,0,0,0,0,0,0,0,0
891faead447ffff,50.054,8.73282,frankfurt,False,0,,0,False,0.459599,False,0,0.873724,0,0,0,0,0,0,0,0,0,0,0,0,0,0,0,0,0,0,0,0,0,0,0,0,0,0,0,0,0
891faead44bffff,50.0507,8.72603,frankfurt,False,0,,0,False,0.459599,False,0,0.873724,0,0,0,0,0,0,0,0,0,0,0,0,0,0,0,0,0,0,0,0,0,0,0,0,0,0,0,0,0
891faead453ffff,50.0558,8.72535,frankfurt,False,0,,0,False,0.459599,False,0,0.873724,0,0,0,0,0,0,0,0,0,0,0,0,0,0,0,0,0,0,0,0,0,0,0,0,0,0,1,0,1
891faead457ffff,50.0562,8.7301,frankfurt,False,0,,0,False,0.459599,False,0,0.873724,0,0,0,0,0,0,0,0,0,0,0,0,0,0,0,0,0,0,0,0,0,0,0,0,0,0,0,0,0
891faead45bffff,50.053,8.72332,frankfurt,False,0,,0,False,0.459599,False,0,0.873724,0,0,0,0,0,0,0,0,0,0,0,0,0,0,0,0,0,0,0,0,0,0,0,0,0,0,0,0,0
891faead483ffff,50.0668,8.73349,frankfurt,False,5,,0,False,0.428571,False,3,0.873724,0,0,0,0,0,0,0,0,0,0,0,0,0,0,0,0,0,0,0,0,0,0,0,0,0,0,2,0,0
891faead487ffff,50.0672,8.73825,frankfurt,False,0,,0,False,0.459599,False,0,0.873724,0,0,0,0,0,0,0,0,0,0,0,0,0,0,0,0,0,0,0,0,0,0,0,0,0,0,0,0,0
891faead48bffff,50.064,8.73146,frankfurt,False,0,,0,False,0.459599,False,0,0.873724,0,0,0,0,0,0,0,0,0,0,0,0,0,0,0,0,0,0,0,0,0,0,0,0,0,0,0,0,0
891faead48fffff,50.0645,8.73621,frankfurt,False,0,,0,False,0.459599,False,0,0.873724,0,0,0,0,0,0,0,0,0,0,0,0,0,0,0,0,0,0,0,0,0,0,0,0,0,0,0,0,0
891faead493ffff,50.069,8.73078,frankfurt,False,0,,0,False,0.459599,False,0,0.873724,0,0,0,0,0,0,0,0,0,0,0,0,0,0,0,0,0,0,0,0,0,0,0,0,0,0,0,0,0
891faead497ffff,50.0695,8.73553,frankfurt,False,0,,0,False,0.459599,False,0,0.873724,0,0,0,0,0,0,0,0,0,0,0,0,0,0,0,0,0,0,0,0,0,0,0,0,0,0,0,0,0
891faead49bffff,50.0663,8.72874,frankfurt,False,0,,0,False,0.459599,False,0,0.873724,0,0,0,0,0,0,0,0,0,0,0,0,0,0,0,0,0,0,0,0,0,0,0,0,0,0,0,0,0
891faead4b3ffff,50.0677,8.743,frankfurt,False,0,,0,False,0.459599,False,0,0.873724,0,0,0,0,0,0,0,0,0,0,0,0,0,0,0,0,0,0,0,0,0,0,0,0,0,0,0,0,0
891faead4bbffff,50.065,8.74096,frankfurt,False,0,,0,False,0.459599,False,0,0.873724,0,0,0,0,0,0,0,0,0,0,0,0,0,0,0,0,0,0,0,0,0,0,0,0,0,0,0,0,0
891faead4c3ffff,50.0608,8.72467,frankfurt,False,0,,0,False,0.459599,False,0,0.873724,0,0,0,0,0,0,0,0,0,0,0,0,0,1,0,0,0,0,0,0,0,0,0,0,0,0,0,0,0
891faead4c7ffff,50.0613,8.72942,frankfurt,False,0,,0,False,0.459599,False,0,0.873724,0,0,0,0,0,0,0,0,0,0,0,0,0,0,0,0,0,0,0,0,0,0,0,0,0,0,0,0,0
891faead4cbffff,50.058,8.72264,frankfurt,False,0,,0,False,0.459599,False,0,0.873724,0,0,0,0,0,0,0,0,0,0,0,0,0,0,0,0,0,0,0,0,0,0,0,0,0,0,0,0,0
891faead4cfffff,50.0585,8.72739,frankfurt,False,0,,0,False,0.459599,False,0,0.873724,0,0,0,0,0,0,0,0,0,0,0,0,0,0,0,0,0,0,0,0,0,0,0,0,0,0,0,0,0
891faead4d3ffff,50.063,8.72195,frankfurt,False,0,,0,False,0.459599,False,0,0.873724,0,0,0,0,0,0,0,0,0,0,0,0,0,0,0,0,0,0,0,0,0,0,0,0,0,0,0,0,0
891faead4d7ffff,50.0635,8.72671,frankfurt,False,0,,0,False,0.459599,False,0,0.873724,0,0,0,0,0,0,0,0,0,0,0,0,0,0,0,0,0,0,0,0,0,0,0,0,0,0,0,0,0
891faead4dbffff,50.0603,8.71992,frankfurt,False,0,,0,False,0.459599,False,0,0.873724,0,0,0,0,0,0,0,0,0,0,0,0,0,0,0,0,0,0,0,0,0,0,0,0,0,0,0,0,0
891faead693ffff,50.0498,8.71653,frankfurt,False,9,10.1944,0,True,0,False,0,0.873724,0,0,0,0,0,0,0,0,0,0,0,0,0,0,0,0,0,0,0,0,0,0,0,0,0,0,0,0,0
891faead697ffff,50.0503,8.72128,frankfurt,False,0,,0,False,0.459599,False,0,0.873724,0,0,0,0,0,0,0,0,0,0,0,0,0,0,0,0,0,0,0,0,0,0,0,0,0,0,2,0,0
891faeae003ffff,50.1365,8.79396,frankfurt,False,0,,0,False,0.459599,False,0,0.873724,0,0,0,0,0,0,0,0,0,0,0,0,0,0,0,0,0,0,0,0,0,0,0,0,0,0,0,0,0
891faeae007ffff,50.1369,8.79872,frankfurt,False,0,,0,False,0.459599,False,0,0.873724,0,0,0,0,0,0,0,0,0,0,0,0,0,0,0,0,0,0,0,0,0,0,0,0,0,0,0,0,0
891faeae00bffff,50.1337,8.79192,frankfurt,False,0,,0,False,0.459599,False,0,0.873724,0,0,0,0,0,0,0,0,0,0,0,0,0,0,0,0,0,0,0,0,0,0,0,0,0,0,0,0,0
891faeae00fffff,50.1342,8.79668,frankfurt,False,212,9.04778,45,False,0.339286,False,94,0.857143,0,0,0,0,0,0,0,0,0,0,0,0,0,0,0,0,0,0,0,0,0,0,0,0,0,0,0,0,0
891faeae013ffff,50.1387,8.79124,frankfurt,False,5,8.3883,0,True,0.459599,True,0,0.873724,0,0,0,0,0,0,0,0,0,0,0,0,0,0,0,0,0,0,0,0,0,0,0,0,0,0,0,0,0
891faeae017ffff,50.1392,8.796,frankfurt,False,0,,0,False,0.459599,False,0,0.873724,0,0,0,0,0,0,0,0,0,0,0,0,0,0,0,0,0,0,0,0,0,0,0,0,0,0,0,0,0
891faeae01bffff,50.136,8.7892,frankfurt,False,0,,0,False,0.459599,False,0,0.873724,0,0,0,0,0,0,0,0,0,0,0,0,0,0,0,0,0,0,0,0,0,0,0,0,0,0,0,0,0
891faeae033ffff,50.1374,8.80348,frankfurt,False,0,,0,False,0.459599,False,0,0.873724,0,0,0,0,0,0,0,0,0,0,0,0,0,0,0,0,0,0,0,0,0,0,0,0,0,0,0,0,0
891faeae03bffff,50.1347,8.80144,frankfurt,False,82,10.6862,13,False,0.3875,False,41,0.8125,0,0,0,0,0,0,0,0,0,0,0,0,0,0,0,0,0,0,0,0,0,0,0,0,0,0,0,0,0
891faeae043ffff,50.1305,8.78512,frankfurt,False,0,,0,False,0.459599,False,0,0.873724,0,0,0,0,0,0,0,0,0,0,0,0,0,0,0,0,0,0,0,0,0,0,0,0,0,0,0,0,0
891faeae047ffff,50.131,8.78988,frankfurt,False,0,,0,False,0.459599,False,0,0.873724,0,0,0,0,0,0,0,0,0,0,0,0,0,0,0,0,0,0,0,0,0,0,0,0,0,0,0,0,0
891faeae04bffff,50.1277,8.78308,frankfurt,False,0,,0,False,0.459599,False,0,0.873724,0,0,0,0,0,0,0,0,0,0,0,0,0,0,0,0,0,0,0,0,0,0,0,0,0,0,0,0,0
891faeae04fffff,50.1282,8.78784,frankfurt,False,57,9.42,14,False,0.32,False,26,1,0,0,0,0,0,0,0,0,0,0,0,0,0,0,0,0,0,0,0,0,0,0,0,0,0,0,0,0,0
891faeae053ffff,50.1327,8.7824,frankfurt,False,0,,0,False,0.459599,False,0,0.873724,0,0,0,0,0,0,0,0,0,0,0,0,0,0,0,0,0,0,0,0,0,0,0,0,0,0,0,0,0
891faeae057ffff,50.1332,8.78716,frankfurt,False,4,8.26307,0,True,1,False,3,1,0,0,0,0,0,0,0,0,0,0,0,0,0,0,0,0,0,0,0,0,0,0,0,0,0,0,0,0,0
891faeae05bffff,50.13,8.78036,frankfurt,False,6,8.34531,0,True,0,False,0,0.873724,0,0,0,0,0,0,0,0,0,0,0,0,0,0,0,0,0,0,0,0,0,0,0,0,0,0,0,0,0
891faeae063ffff,50.1292,8.79736,frankfurt,False,685,8.10315,197,False,0.356305,False,328,0.819767,0,0,0,0,0,0,0,0,0,0,1,0,0,1,1,0,0,0,0,0,0,0,0,0,0,0,4,0,1
891faeae06bffff,50.1264,8.79532,frankfurt,False,375,7.4,47,False,0.332454,False,141,0.795455,0,0,0,0,0,0,0,1,0,0,1,0,0,0,0,0,0,0,0,0,0,0,0,0,0,0,2,0,0
891faeae073ffff,50.1314,8.79464,frankfurt,False,529,7.67366,93,False,0.321429,False,244,0.827731,0,0,0,0,0,0,0,0,0,0,0,0,0,0,0,0,0,0,0,0,0,0,0,0,0,0,0,0,0
891faeae077ffff,50.1319,8.7994,frankfurt,False,687,8.30057,174,False,0.357567,False,327,0.87234,0,0,0,0,0,0,0,0,0,0,0,0,0,1,0,0,0,0,0,0,0,0,0,0,0,0,2,0,0
891faeae07bffff,50.1287,8.7926,frankfurt,False,314,8.31817,60,False,0.258462,False,155,0.905063,0,0,0,0,0,0,0,0,0,0,0,0,0,0,0,0,0,0,0,0,0,0,0,0,0,0,0,0,0
891faeae083ffff,50.1437,8.79057,frankfurt,False,136,8.19,4,False,0.316176,False,52,0.857143,0,0,0,0,0,0,0,0,0,0,0,0,0,0,0,0,0,0,0,0,0,0,0,0,0,0,0,0,0
891faeae087ffff,50.1442,8.79532,frankfurt,False,640,8.22873,181,False,0.409437,False,327,0.870482,0,0,0,0,0,0,0,0,0,0,0,0,0,0,0,0,0,0,0,0,0,0,0,0,0,0,0,0,0
891faeae08bffff,50.141,8.78852,frankfurt,False,7,8.107,0,True,0.459599,True,4,1,0,0,0,0,0,0,0,0,0,0,0,0,0,0,0,0,0,0,0,0,0,0,0,0,0,0,0,0,0
891faeae08fffff,50.1415,8.79328,frankfurt,False,0,,0,False,0.459599,False,0,0.873724,0,0,0,0,0,0,0,0,0,0,0,0,0,0,0,0,0,0,0,0,0,0,0,0,0,0,0,0,0
891faeae093ffff,50.146,8.78785,frankfurt,False,5,8.10921,0,True,0.459599,True,3,0.873724,0,0,0,0,0,0,0,0,0,0,0,0,0,0,0,0,0,0,0,0,0,0,0,0,0,0,0,0,0
891faeae097ffff,50.1465,8.79261,frankfurt,False,254,8.0592,50,False,0.405858,False,122,0.833333,0,0,0,0,0,0,0,0,0,0,0,0,0,0,0,0,0,0,0,0,0,0,0,0,0,0,1,0,0
891faeae09bffff,50.1432,8.78581,frankfurt,False,3,8.107,0,True,0.459599,True,3,1,0,0,0,0,0,0,0,0,0,0,0,0,0,0,0,0,0,0,0,0,0,0,0,0,0,0,0,0,0
891faeae0a3ffff,50.1424,8.8028,frankfurt,False,38,6.68,5,False,0.5,False,13,0.842105,0,0,0,0,0,0,0,0,0,0,0,0,0,0,0,0,0,0,0,0,0,0,0,0,0,0,0,0,0
891faeae0abffff,50.1397,8.80076,frankfurt,False,0,,0,False,0.459599,False,0,0.873724,0,0,0,0,0,0,0,0,0,0,0,0,0,0,0,0,0,0,0,0,0,0,0,0,0,0,0,0,0
891faeae0b3ffff,50.1447,8.80008,frankfurt,False,315,7.0956,25,False,0.302326,False,128,0.794643,0,0,0,0,0,0,0,0,0,0,0,0,0,0,0,0,0,0,0,0,0,0,0,0,0,0,0,0,0
891faeae0bbffff,50.142,8.79804,frankfurt,False,3,7.96582,0,True,0.459599,True,3,1,0,0,0,0,0,0,0,0,0,0,0,0,0,0,0,0,0,0,0,0,0,0,0,0,0,0,0,0,0
891faeae0c3ffff,50.1377,8.78173,frankfurt,False,7,7.82689,0,True,0.5,False,0,0.873724,0,0,0,0,0,0,0,0,0,0,0,0,0,0,0,0,0,0,0,0,0,0,0,0,0,0,0,0,0
891faeae0c7ffff,50.1382,8.78648,frankfurt,False,0,,0,False,0.459599,False,0,0.873724,0,0,0,0,0,0,0,0,0,0,0,0,0,0,0,0,0,0,0,0,0,0,0,0,0,0,0,0,0
891faeae0cbffff,50.135,8.77969,frankfurt,False,0,,0,False,0.459599,False,0,0.873724,0,0,0,0,0,0,0,0,0,0,0,0,0,0,0,0,0,0,0,0,0,0,0,0,0,0,0,0,0
891faeae0cfffff,50.1355,8.78444,frankfurt,False,0,,0,False,0.459599,False,0,0.873724,0,0,0,0,0,0,0,0,0,0,0,0,0,0,0,0,0,0,0,0,0,0,0,0,0,0,0,0,0
891faeae0d3ffff,50.14,8.77901,frankfurt,True,46,7.39357,28,False,0.660377,False,39,0.930233,0,0,0,0,0,0,0,0,0,0,0,0,0,0,0,0,0,0,0,0,0,0,0,0,0,0,0,0,0
891faeae0d7ffff,50.1405,8.78377,frankfurt,False,0,,0,False,0.459599,False,0,0.873724,0,0,0,0,0,0,0,0,0,0,0,0,0,0,0,0,0,0,0,0,0,0,0,0,0,0,0,0,0
891faeae0dbffff,50.1373,8.77697,frankfurt,True,29,8.25,5,False,0.333333,False,11,0.7,0,0,0,0,0,0,0,0,0,0,0,0,0,0,0,0,0,0,0,0,0,0,0,0,0,0,2,0,0
891faeae203ffff,50.1172,8.77968,frankfurt,True,163,8.55345,55,False,0.316129,False,90,0.942529,0,0,0,0,0,0,0,0,0,0,0,0,1,1,0,0,0,0,0,0,0,0,0,0,0,0,0,0,0
891faeae207ffff,50.1177,8.78444,frankfurt,False,1234,8.3495,519,False,0.41547,False,654,0.911215,0,1,0,0,0,0,0,1,1,0,5,0,0,3,3,0,0,0,1,0,0,0,0,0,0,0,1,0,0
891faeae20bffff,50.1145,8.77764,frankfurt,True,0,,0,False,0.459599,False,0,0.873724,0,0,0,0,0,0,0,0,0,0,0,0,0,0,0,0,0,0,0,0,0,0,0,0,0,0,0,0,0
891faeae20fffff,50.115,8.7824,frankfurt,False,680,8.90461,232,False,0.390578,False,371,0.890052,0,0,0,0,0,0,0,0,0,0,1,0,1,3,1,0,0,0,0,0,0,0,0,0,0,0,2,0,1
891faeae213ffff,50.1195,8.77696,frankfurt,True,0,,0,False,0.459599,False,0,0.873724,0,0,0,0,0,0,0,0,0,0,0,0,0,1,1,0,0,0,0,0,0,0,0,0,0,0,0,0,0
891faeae217ffff,50.12,8.78172,frankfurt,False,920,6.70831,378,False,0.377778,False,466,0.868534,0,0,0,0,0,0,0,0,0,0,0,0,0,0,0,0,0,0,0,0,0,0,0,0,0,0,0,0,0
891faeae21bffff,50.1167,8.77492,frankfurt,True,496,6.0217,182,False,0.374745,False,198,0.718447,0,0,0,0,0,0,0,0,0,0,0,0,0,0,0,0,0,0,0,0,0,0,0,0,0,0,0,0,0
891faeae223ffff,50.1159,8.79191,frankfurt,False,52,8.37,6,False,0.510204,False,21,1,0,0,0,0,0,0,0,0,0,0,0,0,0,0,0,0,0,0,0,0,0,0,0,0,0,0,2,0,0
891faeae227ffff,50.1164,8.79667,frankfurt,False,3,8.13262,0,True,0.5,False,0,0.873724,0,0,0,0,0,0,0,0,0,0,0,0,0,0,0,0,0,0,0,0,0,0,0,0,0,0,0,0,0
891faeae22bffff,50.1132,8.78987,frankfurt,False,217,7.727,40,False,0.324444,False,113,0.855769,0,0,0,0,0,0,0,0,0,0,0,0,0,0,0,0,0,0,0,0,0,0,0,0,0,0,0,0,0
891faeae22fffff,50.1137,8.79463,frankfurt,False,10,7.85081,0,True,0,False,3,1,0,0,0,0,0,0,0,0,0,0,0,0,0,0,0,0,0,0,0,0,0,0,0,0,0,0,0,0,0
891faeae233ffff,50.1182,8.7892,frankfurt,False,689,8.18907,140,False,0.381955,False,310,0.842466,0,0,0,0,0,0,0,0,0,0,0,0,0,0,0,0,0,0,0,0,0,0,0,0,0,0,0,0,0
891faeae237ffff,50.1187,8.79395,frankfurt,False,53,8.30799,0,True,0.534483,False,17,0.529412,0,0,0,0,0,0,0,0,0,0,0,0,0,0,0,0,0,0,0,0,0,0,0,0,0,0,1,0,0
891faeae23bffff,50.1154,8.78716,frankfurt,False,746,8.22607,244,False,0.371658,False,388,0.88946,0,0,0,0,0,0,0,0,0,0,0,0,0,0,0,0,0,0,0,0,0,0,0,0,0,0,0,0,0
891faeae243ffff,50.1112,8.77085,frankfurt,True,0,,0,False,0.459599,False,0,0.873724,0,0,0,0,0,0,0,0,0,0,0,0,0,0,0,0,0,0,0,0,0,0,0,0,0,0,0,0,0
891faeae247ffff,50.1117,8.7756,frankfurt,True,0,,0,False,0.459599,False,0,0.873724,0,0,0,0,0,0,0,0,0,0,0,0,0,0,0,0,0,0,0,0,0,0,0,0,0,0,0,0,0
891faeae24bffff,50.1085,8.76881,frankfurt,True,285,8.43,77,False,0.406475,False,142,0.828767,0,0,0,0,0,0,0,0,0,0,0,0,0,0,1,0,0,0,0,0,0,0,0,0,0,0,2,0,0
891faeae24fffff,50.109,8.77356,frankfurt,True,6,8.2,7,False,0.666667,False,7,1,0,0,0,0,0,0,0,0,0,0,0,0,0,0,0,0,0,0,0,0,0,0,0,0,0,0,0,0,0
891faeae253ffff,50.1135,8.76813,frankfurt,True,42,7.63,17,False,0.382979,False,24,0.857143,0,0,0,0,0,0,0,0,0,0,0,0,0,0,0,0,0,0,0,0,0,0,0,0,0,0,0,0,0
891faeae257ffff,50.114,8.77288,frankfurt,True,0,,0,False,0.459599,False,0,0.873724,0,0,0,0,0,0,0,0,0,0,0,0,0,0,0,0,0,0,0,0,0,0,0,0,0,0,0,0,0
891faeae25bffff,50.1108,8.76609,frankfurt,True,3,9.57771,0,True,1,False,0,0.873724,0,0,0,0,0,0,0,0,0,0,0,0,0,1,0,0,0,0,0,0,0,0,0,0,0,0,0,0,0
891faeae263ffff,50.1099,8.78308,frankfurt,False,0,,0,False,0.459599,False,0,0.873724,0,0,0,0,0,0,0,0,0,0,0,0,0,0,0,0,0,0,0,0,0,0,0,0,0,0,0,0,0
891faeae267ffff,50.1104,8.78783,frankfurt,False,0,,0,False,0.459599,False,0,0.873724,0,0,0,0,0,0,0,0,0,0,0,0,0,0,0,0,0,0,0,0,0,0,0,0,0,0,0,0,0
891faeae26bffff,50.1072,8.78104,frankfurt,False,0,,0,False,0.459599,False,0,0.873724,0,0,0,0,0,0,0,0,0,0,0,0,0,0,0,0,0,0,0,0,0,0,0,0,0,0,0,0,0
891faeae26fffff,50.1077,8.78579,frankfurt,False,0,,0,False,0.459599,False,0,0.873724,0,0,0,0,0,0,0,1,0,0,0,0,0,0,0,0,0,0,0,0,0,0,0,0,0,0,1,0,0
891faeae273ffff,50.1122,8.78036,frankfurt,True,14,8.32,5,False,0.461538,False,7,0.873724,0,0,0,0,0,0,0,0,0,0,0,0,0,0,0,0,0,0,0,0,0,0,0,0,0,0,0,0,0
891faeae277ffff,50.1127,8.78512,frankfurt,False,1125,7.55062,454,False,0.397516,False,555,0.862007,0,0,0,0,0,0,0,0,0,0,0,0,0,0,0,0,0,0,0,0,0,0,0,0,0,0,4,0,0
891faeae27bffff,50.1095,8.77832,frankfurt,False,0,,0,False,0.459599,False,0,0.873724,0,0,0,0,0,0,0,0,0,0,0,0,0,0,0,0,0,0,0,0,0,0,0,0,0,0,2,0,0
891faeae283ffff,50.1245,8.77628,frankfurt,False,0,,0,False,0.459599,False,0,0.873724,0,0,0,0,0,0,0,0,0,0,0,0,0,0,0,0,0,0,0,0,0,0,0,0,0,0,0,0,0
891faeae287ffff,50.125,8.78104,frankfurt,False,113,8.85,20,False,0.259259,False,50,0.918919,0,0,0,0,0,0,0,0,0,0,0,0,0,0,0,0,0,0,0,0,0,0,0,0,0,0,0,0,0
891faeae28bffff,50.1217,8.77424,frankfurt,True,139,10.0636,39,False,0.392593,False,68,0.780822,0,0,0,0,0,0,0,0,0,0,0,0,0,1,0,0,0,0,0,0,0,0,0,0,2,0,1,0,0
891faeae28fffff,50.1222,8.779,frankfurt,False,61,5.58,34,False,0.309091,False,37,1,0,0,0,0,0,0,0,0,0,0,0,0,0,0,0,0,0,0,0,0,0,0,0,0,0,0,0,0,0
891faeae293ffff,50.1268,8.77357,frankfurt,False,0,,0,False,0.459599,False,0,0.873724,0,0,0,0,0,0,0,0,0,0,0,0,0,1,0,0,0,0,0,0,0,0,0,0,0,0,0,0,0
891faeae297ffff,50.1272,8.77832,frankfurt,False,0,,0,False,0.459599,False,0,0.873724,0,0,0,0,0,0,0,0,0,0,0,0,0,0,0,0,0,0,0,0,0,0,0,0,0,0,0,0,0
891faeae29bffff,50.124,8.77153,frankfurt,True,314,10.1561,113,False,0.495017,False,153,0.863014,0,0,0,0,0,0,0,1,0,0,2,0,0,2,0,0,0,1,0,0,0,0,0,0,0,0,0,0,0
891faeae2a3ffff,50.1232,8.78852,frankfurt,False,423,8.93782,133,False,0.351807,False,211,0.901345,0,0,0,0,0,0,0,0,0,0,0,0,0,0,0,0,0,0,0,0,0,0,0,0,0,0,3,0,0
891faeae2a7ffff,50.1237,8.79328,frankfurt,False,113,9.10405,37,False,0.336283,False,51,0.830189,0,0,0,0,0,0,0,1,0,0,0,0,0,0,0,0,0,0,0,0,0,0,0,0,0,0,0,0,0
891faeae2abffff,50.1205,8.78648,frankfurt,False,904,7.99993,307,False,0.358512,False,467,0.872917,0,0,0,0,0,0,0,0,0,0,0,0,0,0,0,0,0,1,1,0,0,0,0,0,0,0,3,0,0
891faeae2afffff,50.1209,8.79124,frankfurt,False,50,6.88,7,False,0.224138,False,27,0.828571,0,0,0,0,0,0,0,0,0,0,0,0,0,2,0,0,0,0,0,0,0,0,0,0,0,0,1,0,0
891faeae2b3ffff,50.1255,8.7858,frankfurt,False,502,8.17193,145,False,0.316103,False,259,0.873563,0,0,0,0,0,0,0,0,0,0,0,0,0,0,0,0,0,0,0,0,0,0,0,0,0,0,0,0,0
891faeae2b7ffff,50.1259,8.79056,frankfurt,False,1482,7.66563,600,False,0.414209,False,649,0.783489,0,0,0,0,0,0,0,0,0,0,0,0,0,0,0,0,0,0,0,0,0,0,0,0,0,0,2,0,0
891faeae2bbffff,50.1227,8.78376,frankfurt,False,206,9.365,42,False,0.385714,False,98,0.847059,0,0,0,0,0,0,0,0,0,0,0,0,0,0,0,0,0,0,0,0,0,0,0,0,0,0,0,0,0
891faeae2c3ffff,50.1185,8.76745,frankfurt,True,847,6.38372,363,False,0.309776,False,430,0.867882,0,0,0,0,0,0,0,0,0,0,0,0,0,0,0,0,0,0,0,0,0,0,0,0,0,0,0,0,0
891faeae2c7ffff,50.119,8.77221,frankfurt,True,1023,8.71251,390,False,0.442815,False,466,0.811159,0,0,0,0,0,0,0,0,0,0,0,0,1,0,0,0,0,0,0,0,0,0,0,0,0,0,5,0,0
891faeae2cbffff,50.1158,8.76541,frankfurt,True,402,9.71802,177,False,0.462567,False,201,0.928205,0,0,0,0,0,0,0,1,0,0,0,0,0,0,0,0,0,0,0,0,0,0,0,0,0,0,1,0,0
891faeae2cfffff,50.1162,8.77017,frankfurt,True,775,8.40896,279,False,0.467974,False,331,0.813253,0,0,0,0,0,0,0,0,0,0,0,0,0,0,0,0,0,0,0,0,0,0,0,0,0,0,2,0,0
891faeae2d3ffff,50.1208,8.76473,frankfurt,True,518,9.30068,117,False,0.38817,False,212,0.788018,0,0,0,0,0,0,0,0,0,0,0,0,0,0,0,0,0,0,0,0,0,0,0,0,0,0,0,0,0
891faeae2d7ffff,50.1213,8.76949,frankfurt,True,1700,8.9226,681,False,0.446073,False,872,0.864834,0,0,0,0,0,1,0,2,0,0,0,0,1,1,1,1,0,0,0,0,0,0,0,0,0,0,3,0,0
891faeae2dbffff,50.118,8.76269,frankfurt,True,12,9.00083,0,True,0,False,6,1,0,0,0,0,0,0,0,0,0,0,0,0,0,0,0,0,0,0,0,0,0,0,0,0,0,0,0,0,0
891faeae353ffff,50.1169,8.80143,frankfurt,False,3,8.08496,0,True,0.459599,True,0,0.873724,0,0,0,0,0,0,0,0,0,0,0,0,0,0,0,0,0,0,0,0,0,0,0,0,0,0,0,0,0
891faeae35bffff,50.1141,8.79939,frankfurt,False,15,8.04292,0,True,0.459599,True,3,0.873724,0,0,0,0,0,0,0,0,0,0,0,0,0,0,0,0,0,0,0,0,0,0,0,0,0,0,0,0,0
891faeae3cbffff,50.1192,8.79871,frankfurt,False,0,,0,False,0.459599,False,0,0.873724,0,0,0,0,0,0,0,0,0,0,0,0,0,0,0,0,0,0,0,0,0,0,0,0,0,0,0,0,0
891faeae3d3ffff,50.1242,8.79803,frankfurt,False,80,10.75,12,False,0.3,False,27,0.677419,0,0,0,0,0,0,0,0,0,0,0,0,0,0,0,0,0,0,0,0,0,0,0,0,0,0,0,0,0
891faeae3dbffff,50.1214,8.79599,frankfurt,False,0,,0,False,0.459599,False,0,0.873724,0,0,0,0,0,0,0,0,0,0,0,0,0,0,0,0,0,0,0,0,0,0,0,0,0,0,0,0,0
891faeae403ffff,50.1523,8.77493,frankfurt,True,0,,0,False,0.459599,False,0,0.873724,0,0,0,0,0,0,0,0,0,0,0,0,0,0,0,0,0,0,0,0,0,0,0,0,0,0,0,0,0
891faeae407ffff,50.1528,8.77969,frankfurt,True,0,,0,False,0.459599,False,0,0.873724,0,0,0,0,0,0,0,0,0,0,0,0,0,0,0,0,0,0,0,0,0,0,0,0,0,0,0,0,0
891faeae40bffff,50.1495,8.77289,frankfurt,True,0,,0,False,0.459599,False,0,0.873724,0,0,0,0,0,0,0,0,0,0,0,0,0,0,0,0,0,0,0,0,0,0,0,0,0,0,0,0,0
891faeae40fffff,50.15,8.77765,frankfurt,True,0,,0,False,0.459599,False,0,0.873724,0,0,0,0,0,0,0,0,0,0,0,0,0,0,0,0,0,0,0,0,0,0,0,0,0,0,0,0,0
891faeae413ffff,50.1546,8.77221,frankfurt,True,0,,0,False,0.459599,False,0,0.873724,0,0,0,0,0,0,0,0,0,0,0,0,0,0,0,0,0,0,0,0,0,0,0,0,0,0,0,0,0
891faeae417ffff,50.155,8.77697,frankfurt,True,0,,0,False,0.459599,False,0,0.873724,0,0,0,0,0,0,0,0,0,0,0,0,0,0,0,0,0,0,0,0,0,0,0,0,0,0,0,0,0
891faeae41bffff,50.1518,8.77017,frankfurt,True,0,,0,False,0.459599,False,0,0.873724,0,0,0,0,0,0,0,0,0,0,0,0,0,0,0,0,0,0,0,0,0,0,0,0,0,0,0,0,0
891faeae423ffff,50.151,8.78717,frankfurt,False,0,,0,False,0.459599,False,0,0.873724,0,0,0,0,0,0,0,0,0,0,0,0,0,0,0,0,0,0,0,0,0,0,0,0,0,0,0,0,0
891faeae427ffff,50.1515,8.79193,frankfurt,False,8,8.19845,0,True,0.5,False,3,0.873724,0,0,0,0,0,0,0,0,0,0,0,0,0,0,0,0,0,0,0,0,0,0,0,0,0,0,0,0,0
891faeae42bffff,50.1483,8.78513,frankfurt,False,0,,0,False,0.459599,False,0,0.873724,0,0,0,0,0,0,0,0,0,0,0,0,0,0,0,0,0,0,0,0,0,0,0,0,0,0,0,0,0
891faeae42fffff,50.1487,8.78989,frankfurt,False,0,,0,False,0.459599,False,0,0.873724,0,0,0,0,0,0,0,0,0,0,0,0,0,0,0,0,0,0,0,0,0,0,0,0,0,0,0,0,0
891faeae433ffff,50.1533,8.78445,frankfurt,False,0,,0,False,0.459599,False,0,0.873724,0,0,0,0,0,0,0,0,0,0,0,0,0,0,0,0,0,0,0,0,0,0,0,0,0,0,0,0,0
891faeae437ffff,50.1537,8.78921,frankfurt,False,0,,0,False,0.459599,False,0,0.873724,0,0,0,0,0,0,0,0,0,0,0,0,0,0,0,0,0,0,0,0,0,0,0,0,0,0,0,0,0
891faeae43bffff,50.1505,8.78241,frankfurt,True,0,,0,False,0.459599,False,0,0.873724,0,0,0,0,0,0,0,0,0,0,0,0,0,0,0,0,0,0,0,0,0,0,0,0,0,0,0,0,0
891faeae443ffff,50.1463,8.76609,frankfurt,True,0,,0,False,0.459599,False,0,0.873724,0,0,0,0,0,0,0,0,0,0,0,0,0,0,0,0,0,0,0,0,0,0,0,0,0,0,0,0,0
891faeae447ffff,50.1468,8.77085,frankfurt,True,0,,0,False,0.459599,False,0,0.873724,0,0,0,0,0,0,0,0,0,0,0,0,0,0,0,0,0,0,0,0,0,0,0,0,0,0,0,0,0
891faeae44bffff,50.1436,8.76405,frankfurt,True,668,8.07944,304,False,0.322108,False,344,0.874269,0,0,0,0,0,0,0,0,0,0,0,0,0,0,0,0,0,0,0,0,0,0,0,0,0,0,1,0,0
891faeae44fffff,50.1441,8.76881,frankfurt,True,0,,0,False,0.459599,False,0,0.873724,0,0,0,0,0,0,0,0,0,0,0,0,0,0,0,0,0,0,0,0,0,0,0,0,0,0,0,0,0
891faeae453ffff,50.1486,8.76337,frankfurt,True,29,10.79,3,False,0.517241,False,15,0.823529,0,0,0,0,0,0,0,0,0,0,0,0,0,0,0,0,0,0,0,0,0,0,0,0,0,0,1,0,0
891faeae457ffff,50.1491,8.76813,frankfurt,True,0,,0,False,0.459599,False,0,0.873724,0,0,0,0,0,0,0,0,0,0,0,0,0,0,0,0,0,0,0,0,0,0,0,0,0,0,0,0,0
891faeae45bffff,50.1458,8.76133,frankfurt,True,714,8.16371,291,False,0.316156,False,392,0.913386,0,0,0,0,0,0,0,0,0,0,0,0,0,0,0,0,0,0,0,0,0,0,0,0,0,0,1,0,0
891faeae463ffff,50.145,8.77833,frankfurt,True,0,,0,False,0.459599,False,0,0.873724,0,0,0,0,0,0,0,0,0,0,0,0,0,0,0,0,0,0,0,0,0,0,0,0,0,0,0,0,0
891faeae467ffff,50.1455,8.78309,frankfurt,False,0,,0,False,0.459599,False,0,0.873724,0,0,0,0,0,0,0,0,0,0,0,0,0,0,0,0,0,0,0,0,0,0,0,0,0,0,0,0,0
891faeae46bffff,50.1423,8.77629,frankfurt,True,0,,0,False,0.459599,False,0,0.873724,0,0,0,0,0,0,0,0,0,0,0,0,0,0,0,0,0,0,0,0,0,0,0,0,0,0,0,0,0
891faeae46fffff,50.1428,8.78105,frankfurt,True,0,,0,False,0.459599,False,0,0.873724,0,0,0,0,0,0,0,0,0,0,0,0,0,0,0,0,0,0,0,0,0,0,0,0,0,0,0,0,0
891faeae473ffff,50.1473,8.77561,frankfurt,True,0,,0,False,0.459599,False,0,0.873724,0,0,0,0,0,0,0,0,0,0,0,0,0,0,0,0,0,0,0,0,0,0,0,0,0,0,0,0,0
891faeae477ffff,50.1478,8.78037,frankfurt,True,0,,0,False,0.459599,False,0,0.873724,0,0,0,0,0,0,0,0,0,0,0,0,0,0,0,0,0,0,0,0,0,0,0,0,0,0,0,0,0
891faeae47bffff,50.1445,8.77357,frankfurt,True,0,,0,False,0.459599,False,0,0.873724,0,0,0,0,0,0,0,0,0,0,0,0,0,0,0,0,0,0,0,0,0,0,0,0,0,0,0,0,0
891faeae483ffff,50.1596,8.77153,frankfurt,True,0,,0,False,0.459599,False,0,0.873724,0,0,0,0,0,0,0,0,0,0,0,0,0,0,0,0,0,0,0,0,0,0,0,0,0,0,0,0,0
891faeae487ffff,50.16,8.77629,frankfurt,True,0,,0,False,0.459599,False,0,0.873724,0,0,0,0,0,0,0,0,0,0,0,0,0,0,0,0,0,0,0,0,0,0,0,0,0,0,0,0,0
891faeae48bffff,50.1568,8.76949,frankfurt,True,201,8.63182,77,False,0.316832,False,91,0.835294,0,0,0,0,0,0,0,0,0,0,0,0,0,0,0,0,0,0,0,0,0,0,0,0,0,0,2,0,0
891faeae48fffff,50.1573,8.77425,frankfurt,True,0,,0,False,0.459599,False,0,0.873724,0,0,0,0,0,0,0,0,0,0,0,0,0,0,0,0,0,0,0,0,0,0,0,0,0,0,0,0,0
891faeae493ffff,50.1618,8.76881,frankfurt,True,0,,0,False,0.459599,False,0,0.873724,0,0,0,0,0,0,0,0,0,0,0,0,0,0,0,0,0,0,0,0,0,0,0,0,0,0,0,0,0
891faeae497ffff,50.1623,8.77357,frankfurt,True,0,,0,False,0.459599,False,0,0.873724,0,0,0,0,0,0,0,0,0,0,0,0,0,0,0,0,0,0,0,0,0,0,0,0,0,0,0,0,0
891faeae49bffff,50.1591,8.76677,frankfurt,True,436,8.52513,115,False,0.364035,False,204,0.804878,0,0,0,0,0,0,0,0,0,0,0,0,0,0,0,0,0,0,0,0,0,0,0,0,0,0,0,0,1
891faeae4a3ffff,50.1583,8.78377,frankfurt,False,0,,0,False,0.459599,False,0,0.873724,0,0,0,0,0,0,0,0,0,0,0,0,0,0,0,0,0,0,0,0,0,0,0,0,0,0,0,0,0
891faeae4a7ffff,50.1588,8.78853,frankfurt,False,0,,0,False,0.459599,False,0,0.873724,0,0,0,0,0,0,0,0,0,0,0,0,0,0,0,0,0,0,0,0,0,0,0,0,0,0,0,0,0
891faeae4abffff,50.1555,8.78173,frankfurt,True,0,,0,False,0.459599,False,0,0.873724,0,0,0,0,0,0,0,0,0,0,0,0,0,0,0,0,0,0,0,0,0,0,0,0,0,0,0,0,0
891faeae4afffff,50.156,8.78649,frankfurt,False,0,,0,False,0.459599,False,0,0.873724,0,0,0,0,0,0,0,0,0,0,0,0,0,0,0,0,0,0,0,0,0,0,0,0,0,0,0,0,0
891faeae4b3ffff,50.1605,8.78105,frankfurt,True,0,,0,False,0.459599,False,0,0.873724,0,0,0,0,0,0,0,0,0,0,0,0,0,0,0,0,0,0,0,0,0,0,0,0,0,0,0,0,0
891faeae4b7ffff,50.161,8.78581,frankfurt,True,0,,0,False,0.459599,False,0,0.873724,0,0,0,0,0,0,0,0,0,0,0,0,0,0,0,0,0,0,0,0,0,0,0,0,0,0,0,0,0
891faeae4bbffff,50.1578,8.77901,frankfurt,True,0,,0,False,0.459599,False,0,0.873724,0,0,0,0,0,0,0,0,0,0,0,0,0,0,0,0,0,0,0,0,0,0,0,0,0,0,0,0,0
891faeae4c3ffff,50.1536,8.76269,frankfurt,True,292,10.6578,36,False,0.277592,False,136,0.837209,0,0,0,0,0,0,0,0,0,0,0,0,0,0,0,0,0,0,0,0,0,0,0,0,0,0,1,0,0
891faeae4c7ffff,50.1541,8.76745,frankfurt,True,0,,0,False,0.459599,False,0,0.873724,0,0,0,0,0,0,0,0,0,0,0,0,0,0,0,0,0,0,0,0,0,0,0,0,0,0,0,0,0
891faeae4cbffff,50.1508,8.76065,frankfurt,True,632,10.5384,100,False,0.300826,False,280,0.852113,0,0,0,0,0,0,0,0,0,0,0,0,0,0,0,0,0,0,0,0,0,0,0,0,0,0,2,0,0
891faeae4cfffff,50.1513,8.76541,frankfurt,True,23,10.51,5,False,0.459599,True,7,0.666667,0,0,0,0,0,0,0,0,0,0,0,0,0,0,0,0,0,0,0,0,0,0,0,0,0,0,0,0,0
891faeae4d3ffff,50.1558,8.75997,frankfurt,True,603,10.5961,179,False,0.362602,False,309,0.88959,0,0,0,0,0,0,0,0,0,0,0,0,0,0,0,0,0,0,0,0,0,0,0,0,0,0,5,0,0
891faeae4d7ffff,50.1563,8.76473,frankfurt,True,161,9.66,24,False,0.284884,False,65,0.761905,0,0,0,0,0,0,0,0,0,0,0,0,0,0,0,0,0,0,0,0,0,0,0,0,0,0,0,0,0
891faeae4dbffff,50.1531,8.75793,frankfurt,True,333,10.385,42,False,0.233728,False,150,0.791045,0,0,0,0,0,0,0,0,0,0,0,0,0,0,0,0,0,0,0,0,0,0,0,0,0,0,0,0,0
891faeae503ffff,50.1557,8.80825,frankfurt,False,144,7.40333,9,False,0.308725,False,42,0.454545,0,0,0,0,0,0,0,0,0,0,0,0,0,0,0,0,0,0,0,0,0,0,0,0,0,0,2,0,1
891faeae50bffff,50.1529,8.80621,frankfurt,False,617,7.80715,172,False,0.35468,False,302,0.876712,1,0,0,0,0,0,0,0,0,0,1,0,0,0,0,0,0,0,0,0,0,0,0,0,0,0,1,0,1
891faeae513ffff,50.1579,8.80553,frankfurt,False,9,8.03238,0,True,0,False,0,0.873724,0,0,0,0,0,0,0,0,0,0,0,0,0,0,0,0,0,0,0,0,0,0,0,0,0,0,0,0,0
891faeae517ffff,50.1584,8.81029,frankfurt,False,0,,0,False,0.459599,False,0,0.873724,0,0,0,0,0,0,0,0,0,0,0,0,0,0,0,0,0,0,0,0,0,0,0,0,0,0,0,0,0
891faeae51bffff,50.1552,8.80349,frankfurt,False,468,7.3769,100,False,0.240449,False,235,0.897778,0,0,0,0,0,0,0,0,0,0,0,0,0,0,0,0,0,0,0,0,0,0,0,0,0,0,0,0,0
891faeae543ffff,50.1497,8.79941,frankfurt,False,679,8.11075,161,False,0.353712,False,304,0.804124,0,0,0,0,0,0,0,0,0,0,1,0,0,1,0,0,0,0,0,0,0,0,0,1,0,0,0,0,0
891faeae547ffff,50.1502,8.80417,frankfurt,False,602,8.20133,181,False,0.376026,False,318,0.865815,0,0,0,0,0,0,0,0,0,0,0,0,0,0,0,0,0,0,1,0,0,0,0,0,0,0,2,0,0
891faeae54bffff,50.147,8.79737,frankfurt,False,617,8.37914,151,False,0.351307,False,284,0.837456,0,0,0,0,0,0,0,1,0,0,0,0,0,2,2,0,0,0,0,0,0,0,0,0,0,0,3,0,1
891faeae54fffff,50.1474,8.80213,frankfurt,False,689,7.50349,189,False,0.326705,False,333,0.893939,0,0,0,0,0,0,0,0,0,0,0,0,0,0,0,0,0,0,0,0,0,0,0,0,0,0,0,0,0
891faeae553ffff,50.152,8.79669,frankfurt,False,89,5.19286,7,False,0.25,False,39,0.914286,0,0,0,0,0,0,0,0,0,0,0,0,0,0,0,0,0,0,0,0,0,0,0,0,0,0,0,0,0
891faeae557ffff,50.1525,8.80145,frankfurt,False,530,8.69873,165,False,0.396947,False,290,0.884488,0,0,0,0,0,0,0,0,0,0,1,0,1,3,0,0,0,0,0,0,0,0,0,0,0,0,1,0,0
891faeae55bffff,50.1492,8.79465,frankfurt,False,271,7.39238,84,False,0.328467,False,134,0.916667,0,0,0,0,0,0,0,0,0,0,0,0,0,0,0,0,0,0,0,0,0,0,0,0,0,0,0,0,0
891faeae583ffff,50.163,8.80486,frankfurt,False,0,,0,False,0.459599,False,0,0.873724,0,0,0,0,0,0,0,0,0,0,0,0,0,0,0,0,0,0,0,0,0,0,0,0,0,0,0,0,0
891faeae587ffff,50.1634,8.80962,frankfurt,False,0,,0,False,0.459599,False,0,0.873724,0,0,0,0,0,0,0,0,0,0,0,0,0,0,0,0,0,0,0,0,0,0,0,0,0,0,0,0,0
891faeae58bffff,50.1602,8.80281,frankfurt,False,0,,0,False,0.459599,False,0,0.873724,0,0,0,0,0,0,0,0,0,0,0,0,0,0,0,0,0,0,0,0,0,0,0,0,0,0,0,0,0
891faeae58fffff,50.1607,8.80757,frankfurt,False,0,,0,False,0.459599,False,0,0.873724,0,0,0,0,0,0,0,0,0,0,0,0,0,0,0,0,0,0,0,0,0,0,0,0,0,0,0,0,0
891faeae593ffff,50.1652,8.80214,frankfurt,False,0,,0,False,0.459599,False,0,0.873724,0,0,0,0,0,0,0,0,0,0,0,0,0,0,0,0,0,0,0,0,0,0,0,0,0,0,0,0,0
891faeae597ffff,50.1657,8.8069,frankfurt,False,0,,0,False,0.459599,False,0,0.873724,0,0,0,0,0,0,0,0,0,0,0,0,0,0,0,0,0,0,0,0,0,0,0,0,0,0,0,0,0
891faeae59bffff,50.1625,8.80009,frankfurt,False,0,,0,False,0.459599,False,0,0.873724,0,0,0,0,0,0,0,0,0,0,0,0,0,0,0,0,0,0,0,0,0,0,0,0,0,0,0,0,0
891faeae5a3ffff,50.1617,8.8171,frankfurt,False,0,,0,False,0.459599,False,0,0.873724,0,0,0,0,0,0,0,0,0,0,0,0,0,0,0,0,0,0,0,0,0,0,0,0,0,0,0,0,0
891faeae5b3ffff,50.1639,8.81438,frankfurt,False,0,,0,False,0.459599,False,0,0.873724,0,0,0,0,0,0,0,0,0,0,0,0,0,0,0,0,0,0,0,0,0,0,0,0,0,0,0,0,0
891faeae5b7ffff,50.1644,8.81914,frankfurt,False,0,,0,False,0.459599,False,0,0.873724,0,0,0,0,0,0,0,0,0,0,0,0,0,0,0,0,0,0,0,0,0,0,0,0,0,0,0,0,0
891faeae5bbffff,50.1612,8.81234,frankfurt,False,0,,0,False,0.459599,False,0,0.873724,0,0,0,0,0,0,0,0,0,0,0,0,0,0,0,0,0,0,0,0,0,0,0,0,0,0,0,0,0
891faeae5c3ffff,50.157,8.79601,frankfurt,False,0,,0,False,0.459599,False,0,0.873724,0,0,0,0,0,0,0,0,0,0,0,0,0,0,0,0,0,0,0,0,0,0,0,0,0,0,0,0,0
891faeae5c7ffff,50.1575,8.80077,frankfurt,False,0,,0,False,0.459599,False,0,0.873724,0,0,0,0,0,0,0,0,0,0,0,0,0,0,0,0,0,0,0,0,0,0,0,0,0,0,0,0,0
891faeae5cbffff,50.1542,8.79397,frankfurt,False,0,,0,False,0.459599,False,0,0.873724,0,0,0,0,0,0,0,0,0,0,0,0,0,0,0,0,0,0,0,0,0,0,0,0,0,0,0,0,0
891faeae5cfffff,50.1547,8.79873,frankfurt,False,28,7.99775,0,True,0.363636,False,13,0.625,0,0,0,0,0,0,0,0,0,0,0,0,0,0,0,0,0,0,0,0,0,0,0,0,0,0,0,0,0
891faeae5d3ffff,50.1592,8.79329,frankfurt,False,0,,0,False,0.459599,False,0,0.873724,0,0,0,0,0,0,0,0,0,0,0,0,0,0,0,0,0,0,0,0,0,0,0,0,0,0,0,0,0
891faeae5d7ffff,50.1597,8.79805,frankfurt,False,0,,0,False,0.459599,False,0,0.873724,0,0,0,0,0,0,0,0,0,0,0,0,0,0,0,0,0,0,0,0,0,0,0,0,0,0,0,0,0
891faeae5dbffff,50.1565,8.79125,frankfurt,False,0,,0,False,0.459599,False,0,0.873724,0,0,0,0,0,0,0,0,0,0,0,0,0,0,0,0,0,0,0,0,0,0,0,0,0,0,0,0,0
891faeae603ffff,50.1331,8.76065,frankfurt,True,1361,9.54654,361,False,0.435,False,558,0.779661,0,0,0,0,0,0,0,0,0,0,0,0,0,0,0,0,0,0,0,0,0,0,0,0,0,0,2,0,0
891faeae607ffff,50.1335,8.76541,frankfurt,True,149,10.3443,46,False,0.506098,False,57,0.777778,0,0,0,0,0,0,0,0,0,0,0,0,0,0,1,0,0,0,0,0,0,0,0,0,1,1,4,0,1
891faeae60bffff,50.1303,8.75861,frankfurt,True,353,11.5729,146,False,0.511236,False,172,0.826816,0,0,0,0,0,0,0,2,0,0,0,0,0,0,0,0,0,0,0,0,0,0,0,0,2,0,2,0,0
891faeae60fffff,50.1308,8.76337,frankfurt,True,23,8.05,7,False,0.76,False,11,0.571429,0,0,0,0,0,0,0,0,0,0,0,0,0,0,0,0,0,0,0,1,0,0,0,0,0,0,0,0,0
891faeae613ffff,50.1353,8.75793,frankfurt,True,230,9.98,21,False,0.277533,False,97,0.857143,0,0,0,0,0,0,0,0,0,0,0,0,0,0,0,0,0,0,0,0,0,0,0,0,0,0,0,0,0
891faeae617ffff,50.1358,8.76269,frankfurt,True,304,10.1696,49,False,0.412698,False,139,0.816176,0,0,0,0,0,0,0,0,0,0,0,0,0,0,0,0,0,0,0,0,0,0,0,0,0,0,3,0,0
891faeae61bffff,50.1326,8.75589,frankfurt,True,432,6.41107,103,False,0.372685,False,227,0.84188,0,0,0,0,0,0,0,0,0,0,0,0,0,1,0,0,0,0,0,0,0,1,0,1,0,0,2,0,0
891faeae623ffff,50.1318,8.77289,frankfurt,False,0,,0,False,0.459599,False,0,0.873724,0,0,0,0,0,0,0,0,0,0,0,0,0,0,0,0,0,0,0,0,0,0,0,0,0,0,0,0,0
891faeae627ffff,50.1323,8.77765,frankfurt,False,0,,0,False,0.459599,False,0,0.873724,0,0,0,0,0,0,0,0,0,0,0,0,0,0,0,0,0,0,0,0,0,0,0,0,0,0,0,0,0
891faeae62bffff,50.129,8.77085,frankfurt,False,0,,0,False,0.459599,False,0,0.873724,0,0,0,0,0,0,0,0,0,0,0,0,0,0,0,0,0,0,0,0,0,0,0,0,0,0,0,0,0
891faeae62fffff,50.1295,8.77561,frankfurt,False,0,,0,False,0.459599,False,0,0.873724,0,0,0,0,0,0,0,0,0,0,0,0,0,0,0,0,0,0,0,0,0,0,0,0,0,0,0,0,0
891faeae633ffff,50.134,8.77017,frankfurt,True,7,9.56866,0,True,0,False,3,1,0,0,0,0,0,0,0,0,0,0,0,0,0,0,0,0,0,0,0,0,0,0,0,0,0,0,0,0,0
891faeae637ffff,50.1345,8.77493,frankfurt,False,0,,0,False,0.459599,False,0,0.873724,0,0,0,0,0,0,0,0,0,0,0,0,0,0,0,0,0,0,0,0,0,0,0,0,0,0,0,0,0
891faeae63bffff,50.1313,8.76813,frankfurt,True,0,,0,False,0.459599,False,0,0.873724,0,0,0,0,0,0,0,0,0,0,0,0,0,0,0,0,0,0,0,0,0,0,0,0,0,0,0,0,0
891faeae643ffff,50.1271,8.75182,frankfurt,True,0,,0,False,0.459599,False,0,0.873724,0,0,0,0,0,0,0,0,0,0,0,0,0,0,0,0,0,0,0,0,0,0,0,0,2,0,2,0,0
891faeae647ffff,50.1276,8.75657,frankfurt,True,14,5.3,3,False,0.5,False,4,0.873724,0,0,0,0,0,0,0,0,0,0,0,0,0,1,0,0,0,0,0,0,0,0,0,0,0,0,2,0,0
891faeae64bffff,50.1243,8.74978,frankfurt,True,0,,0,False,0.459599,False,0,0.873724,0,0,0,0,0,0,0,0,0,0,0,0,0,0,0,0,0,0,0,0,0,0,0,0,0,0,0,0,0
891faeae64fffff,50.1248,8.75454,frankfurt,True,0,,0,False,0.459599,False,0,0.873724,0,0,0,0,0,0,0,0,0,0,0,0,0,0,0,0,0,0,0,0,0,0,0,0,1,0,1,0,0
891faeae653ffff,50.1293,8.7491,frankfurt,True,41,19.83,8,False,0.46875,False,22,1,0,0,0,0,0,0,0,0,0,0,0,0,0,0,0,0,0,0,0,0,0,0,0,0,0,0,0,0,0
891faeae657ffff,50.1298,8.75386,frankfurt,True,127,9.69882,85,False,0.58156,False,103,0.97,0,0,0,1,0,0,0,0,0,0,0,0,0,0,0,0,1,0,0,0,0,0,0,1,0,0,0,0,0
891faeae65bffff,50.1266,8.74706,frankfurt,True,0,,0,False,0.459599,False,0,0.873724,0,0,0,0,0,0,0,0,0,0,0,0,0,0,0,0,0,0,0,0,1,0,0,0,0,0,0,0,0
891faeae663ffff,50.1258,8.76405,frankfurt,True,930,8.14558,330,False,0.39893,False,440,0.822323,0,0,0,0,0,0,0,0,0,0,0,0,0,0,0,0,0,0,0,0,0,0,0,0,0,0,4,0,0
891faeae667ffff,50.1263,8.76881,frankfurt,True,432,10.0039,122,False,0.466667,False,201,0.824742,0,0,0,0,0,0,0,1,0,0,0,0,0,1,1,0,0,1,0,0,0,0,0,0,1,0,1,0,0
891faeae66bffff,50.123,8.76201,frankfurt,True,1386,8.22989,564,False,0.428261,False,581,0.732419,0,0,0,0,0,0,0,0,0,0,0,0,0,0,0,0,0,0,0,0,0,0,0,0,0,0,2,0,0
891faeae66fffff,50.1235,8.76677,frankfurt,True,1467,9.09836,623,False,0.450382,False,733,0.868207,0,0,0,0,0,0,0,0,0,1,0,0,0,0,0,0,0,0,0,0,0,0,0,0,0,0,4,0,1
891faeae673ffff,50.128,8.76133,frankfurt,True,0,,0,False,0.459599,False,0,0.873724,0,0,0,0,0,0,0,0,0,0,0,0,0,0,0,0,0,0,0,0,0,0,0,0,0,0,0,0,0
891faeae677ffff,50.1285,8.76609,frankfurt,True,122,11.02,34,False,0.491228,False,58,0.83871,0,0,0,0,0,0,0,0,0,0,0,0,0,0,0,0,0,0,0,0,0,0,0,0,1,0,2,0,0
891faeae67bffff,50.1253,8.75929,frankfurt,True,448,8.1289,155,False,0.561798,False,287,0.928315,0,0,0,0,0,0,0,0,0,0,0,0,0,0,0,0,0,0,0,0,0,0,0,0,0,0,0,0,0
891faeae683ffff,50.1403,8.75725,frankfurt,True,151,5.7905,40,False,0.363014,False,65,0.765625,0,0,0,0,0,0,0,0,0,0,0,0,0,0,0,0,0,0,0,0,0,0,0,0,0,0,0,0,0
891faeae687ffff,50.1408,8.76201,frankfurt,True,18,7.97,3,False,0.25,False,10,1,0,0,0,0,0,0,0,0,0,0,0,0,0,0,0,0,0,0,0,0,0,0,0,0,0,0,0,0,0
891faeae68bffff,50.1376,8.75521,frankfurt,True,0,,0,False,0.459599,False,0,0.873724,0,0,0,0,0,0,0,0,0,0,0,0,0,0,0,0,0,0,0,0,0,0,0,0,0,0,0,0,0
891faeae68fffff,50.1381,8.75997,frankfurt,True,0,,0,False,0.459599,False,0,0.873724,0,0,0,0,0,0,0,0,0,0,0,0,0,0,0,0,0,0,0,0,0,0,0,0,0,0,0,0,0
891faeae693ffff,50.1426,8.75453,frankfurt,True,807,7.54439,310,False,0.397277,False,375,0.816273,0,0,0,0,0,0,0,0,0,0,0,0,1,1,0,0,0,0,0,0,0,0,0,0,0,1,4,0,0
891faeae697ffff,50.1431,8.75929,frankfurt,True,820,7.87685,352,False,0.357488,False,443,0.878104,0,0,0,0,0,0,0,0,0,0,0,0,0,0,0,0,0,0,0,0,0,0,0,0,0,0,0,0,0
891faeae69bffff,50.1398,8.75249,frankfurt,True,148,5.51,40,False,0.331081,False,40,0.461538,0,0,1,0,0,0,0,1,0,0,1,0,1,0,0,1,0,8,1,0,0,0,0,0,0,0,2,0,0
891faeae6a3ffff,50.139,8.76949,frankfurt,True,0,,0,False,0.459599,False,0,0.873724,0,0,0,0,0,0,0,0,0,0,0,0,0,0,0,0,0,0,0,0,0,0,0,0,0,0,0,0,0
891faeae6a7ffff,50.1395,8.77425,frankfurt,True,153,8.00263,57,False,0.140127,False,62,1,0,0,0,0,0,0,0,0,0,0,0,0,0,0,0,0,0,0,0,0,0,0,0,0,0,0,0,0,1
891faeae6abffff,50.1363,8.76745,frankfurt,True,0,,0,False,0.459599,False,0,0.873724,0,0,0,0,0,0,0,0,0,0,0,0,0,0,0,0,0,0,0,0,0,0,0,0,0,0,0,0,0
891faeae6afffff,50.1368,8.77221,frankfurt,True,0,,0,False,0.459599,False,0,0.873724,0,0,0,0,0,0,0,0,0,0,0,0,0,0,0,0,0,0,0,0,0,0,0,0,0,0,0,0,0
891faeae6b3ffff,50.1413,8.76677,frankfurt,True,0,,0,False,0.459599,False,0,0.873724,0,0,0,0,0,0,0,0,0,0,0,0,0,0,0,0,0,0,0,0,0,0,0,0,0,0,0,0,0
891faeae6b7ffff,50.1418,8.77153,frankfurt,True,0,,0,False,0.459599,False,0,0.873724,0,0,0,0,0,0,0,0,0,0,0,0,0,0,0,0,0,0,0,0,0,0,0,0,0,0,0,0,0
891faeae6bbffff,50.1386,8.76473,frankfurt,True,0,,0,False,0.459599,False,0,0.873724,0,0,0,0,0,0,0,0,0,0,0,0,0,0,0,0,0,0,0,0,0,0,0,0,0,0,0,0,0
891faeae6c3ffff,50.1343,8.74842,frankfurt,True,491,9.14072,181,False,0.452756,False,196,0.774359,0,0,0,0,0,0,0,0,0,0,0,0,0,0,0,0,0,0,0,0,0,0,0,0,0,0,0,0,0
891faeae6c7ffff,50.1348,8.75318,frankfurt,True,450,8.88941,221,False,0.32043,False,248,0.851406,0,0,0,0,0,0,0,0,0,0,0,0,0,0,0,0,0,0,0,0,0,0,0,0,0,0,0,0,0
891faeae6cbffff,50.1316,8.74638,frankfurt,True,16,8.76375,0,True,0.5,False,6,1,0,0,0,0,0,0,0,0,0,0,0,0,1,0,0,0,0,0,0,0,1,0,0,1,0,0,3,0,2
891faeae6cfffff,50.1321,8.75114,frankfurt,True,398,7.2968,147,False,0.357683,False,149,0.705521,0,0,0,0,0,0,0,1,0,1,1,0,0,0,0,0,0,0,0,0,0,0,0,0,0,0,2,0,1
891faeae6d3ffff,50.1366,8.7457,frankfurt,True,0,,0,False,0.459599,False,0,0.873724,0,0,0,0,0,0,0,0,0,0,0,0,0,0,0,0,0,0,0,0,0,0,0,0,0,0,0,0,0
891faeae6d7ffff,50.1371,8.75046,frankfurt,True,18,7.97794,0,True,0.285714,False,9,0.873724,0,0,0,0,0,0,0,0,0,0,0,0,0,0,0,0,0,0,0,0,0,0,0,0,0,0,0,0,0
891faeae6dbffff,50.1339,8.74366,frankfurt,True,0,,0,False,0.459599,False,0,0.873724,0,0,0,0,0,0,0,0,0,0,0,0,0,0,0,0,0,0,0,0,0,0,0,0,0,0,1,0,0
891faeaf003ffff,50.0946,8.73212,frankfurt,True,0,,0,False,0.459599,False,0,0.873724,0,0,0,0,0,0,0,0,0,0,0,0,0,0,0,0,0,0,0,0,0,0,0,0,0,0,1,0,0
891faeaf007ffff,50.0951,8.73688,frankfurt,True,63,11.0765,17,False,0.513158,False,32,1,0,0,0,0,0,0,0,0,0,0,0,0,0,0,0,0,0,0,0,0,0,0,0,0,0,0,0,0,0
891faeaf00bffff,50.0918,8.73009,frankfurt,True,0,,0,False,0.459599,False,0,0.873724,0,0,0,0,0,0,0,0,0,0,0,0,0,0,0,0,0,0,0,0,0,0,0,0,0,0,0,0,0
891faeaf00fffff,50.0923,8.73484,frankfurt,True,0,,0,False,0.459599,False,0,0.873724,0,0,0,0,0,0,0,0,0,0,0,0,0,0,0,0,0,0,0,0,0,0,0,0,0,0,0,0,0
891faeaf013ffff,50.0968,8.72941,frankfurt,True,229,9.94761,67,False,0.386957,False,135,0.917241,0,0,0,0,0,0,0,0,0,0,0,0,0,0,0,0,0,0,0,0,0,0,0,0,0,0,2,0,0
891faeaf017ffff,50.0973,8.73416,frankfurt,True,533,11.6543,209,False,0.41989,False,314,0.93871,0,0,0,0,0,0,0,0,0,0,0,0,0,0,0,0,0,0,0,0,0,0,0,0,0,0,1,0,0
891faeaf01bffff,50.0941,8.72737,frankfurt,True,10,10.0407,0,True,0.727273,False,3,0.873724,0,0,0,0,0,0,0,0,0,0,0,0,0,1,0,0,0,0,0,0,0,0,0,0,0,0,2,0,0
891faeaf023ffff,50.0933,8.74435,frankfurt,True,331,8.91647,102,False,0.459283,False,150,0.798658,0,0,0,0,0,0,0,0,0,0,0,0,0,0,0,0,0,0,0,0,0,0,0,0,0,0,2,0,0
891faeaf027ffff,50.0938,8.74911,frankfurt,False,1153,9.10893,497,False,0.474055,False,600,0.884746,0,0,0,0,0,0,0,0,0,0,1,0,0,0,0,0,0,0,0,0,0,0,0,0,0,0,0,0,0
891faeaf02bffff,50.0905,8.74231,frankfurt,False,451,9.98824,91,False,0.364253,False,214,0.809756,0,0,0,0,0,0,0,0,0,0,0,0,0,0,0,0,0,0,0,0,0,0,0,0,0,0,0,0,0
891faeaf02fffff,50.091,8.74707,frankfurt,False,376,10.328,132,False,0.474227,False,208,0.845455,0,0,0,0,0,0,0,0,0,0,0,0,0,0,0,0,0,0,0,0,0,0,0,0,0,0,0,0,0
891faeaf033ffff,50.0955,8.74163,frankfurt,True,0,,0,False,0.459599,False,0,0.873724,0,0,0,0,0,0,0,0,0,0,0,0,0,0,0,0,0,0,0,0,0,0,0,0,0,0,0,0,0
891faeaf037ffff,50.096,8.74639,frankfurt,True,0,,0,False,0.459599,False,0,0.873724,0,0,0,0,0,0,0,0,0,0,0,0,0,0,0,0,0,0,0,0,0,0,0,0,0,0,0,0,0
891faeaf03bffff,50.0928,8.7396,frankfurt,True,36,10.39,5,False,0.285714,False,16,1,0,0,0,0,0,0,0,0,0,0,0,0,0,0,0,0,0,0,0,0,0,0,0,0,0,0,0,0,0
891faeaf043ffff,50.0886,8.7233,frankfurt,True,0,,0,False,0.459599,False,0,0.873724,0,0,0,0,0,0,0,0,0,0,0,0,0,1,0,0,0,0,0,0,0,0,0,0,0,0,0,0,0
891faeaf047ffff,50.0891,8.72805,frankfurt,True,0,,0,False,0.459599,False,0,0.873724,0,0,0,0,0,0,0,0,0,0,0,0,0,0,0,0,0,0,0,0,0,0,0,0,0,0,0,0,0
891faeaf04bffff,50.0858,8.72126,frankfurt,True,0,,0,False,0.459599,False,0,0.873724,0,0,0,0,0,0,0,0,0,0,0,0,0,0,0,0,0,0,0,0,0,0,0,0,0,0,0,0,0
891faeaf04fffff,50.0863,8.72602,frankfurt,True,0,,0,False,0.459599,False,0,0.873724,0,0,0,0,0,0,0,0,0,0,0,0,0,0,0,0,0,0,0,0,0,0,0,0,0,0,0,0,0
891faeaf053ffff,50.0909,8.72058,frankfurt,True,0,,0,False,0.459599,False,0,0.873724,0,0,0,0,0,0,0,0,0,0,0,0,0,0,0,0,0,0,0,0,0,0,0,0,0,0,0,0,0
891faeaf057ffff,50.0913,8.72533,frankfurt,True,0,,0,False,0.459599,False,0,0.873724,0,0,0,0,0,0,0,0,0,0,0,0,0,0,0,0,0,0,0,0,0,0,0,0,0,0,0,0,0
891faeaf05bffff,50.0881,8.71854,frankfurt,True,0,,0,False,0.459599,False,0,0.873724,0,0,0,0,0,0,0,0,0,0,0,0,0,0,0,0,0,0,0,0,0,0,0,0,0,0,0,0,0
891faeaf063ffff,50.0873,8.73552,frankfurt,True,0,,0,False,0.459599,False,0,0.873724,0,0,0,0,0,0,0,0,0,0,0,0,0,0,0,0,0,0,0,0,0,0,0,0,0,0,0,0,0
891faeaf067ffff,50.0878,8.74028,frankfurt,False,74,11.68,3,False,0.408451,False,28,0.708333,0,0,0,0,0,0,0,0,0,0,0,0,0,0,0,0,0,0,0,0,0,0,0,0,0,0,0,0,0
891faeaf06bffff,50.0845,8.73349,frankfurt,False,0,,0,False,0.459599,False,0,0.873724,0,0,0,0,0,0,0,0,0,0,0,0,0,0,0,0,0,0,0,0,0,0,0,0,0,0,0,0,0
891faeaf06fffff,50.085,8.73824,frankfurt,False,3,9.25704,0,True,0,False,0,0.873724,0,0,0,0,0,0,0,0,0,0,0,0,0,0,0,0,0,0,0,0,0,0,0,0,0,0,0,0,0
891faeaf073ffff,50.0896,8.73281,frankfurt,True,0,,0,False,0.459599,False,0,0.873724,0,0,0,0,0,0,0,0,0,0,0,0,0,0,0,0,0,0,0,0,0,0,0,0,0,0,0,0,0
891faeaf077ffff,50.09,8.73756,frankfurt,True,0,,0,False,0.459599,False,0,0.873724,0,0,0,0,0,0,0,0,0,0,0,0,0,0,0,0,0,0,0,0,0,0,0,0,0,0,0,0,0
891faeaf07bffff,50.0868,8.73077,frankfurt,True,0,,0,False,0.459599,False,0,0.873724,0,0,0,0,0,0,0,0,0,0,0,0,0,0,0,0,0,0,0,0,0,0,0,0,0,0,0,0,0
891faeaf083ffff,50.1018,8.72872,frankfurt,True,616,10.3437,242,False,0.47619,False,328,0.880503,0,0,0,0,0,0,0,0,0,0,0,0,0,0,0,0,0,0,0,0,0,0,0,0,0,0,0,0,0
891faeaf087ffff,50.1023,8.73348,frankfurt,True,114,12.3867,27,False,0.540984,False,57,0.890909,0,0,0,0,0,0,0,0,0,0,0,0,0,0,0,0,0,0,0,0,0,0,0,0,0,0,0,0,0
891faeaf08bffff,50.0991,8.72669,frankfurt,True,1809,9.68453,684,False,0.427536,False,891,0.867861,0,0,0,0,0,0,0,0,0,0,0,0,0,1,0,0,1,0,0,0,1,0,0,0,0,0,0,0,1
891faeaf08fffff,50.0996,8.73144,frankfurt,True,1715,9.91094,831,False,0.452644,False,958,0.881923,0,0,0,0,0,0,0,1,0,0,0,0,0,1,1,0,0,0,0,0,0,0,0,0,2,0,0,0,0
891faeaf093ffff,50.1041,8.72601,frankfurt,True,86,11.12,29,False,0.443038,False,44,1,0,0,0,0,0,0,0,0,0,0,0,0,0,0,0,0,0,0,0,0,0,0,0,0,0,0,0,0,0
891faeaf097ffff,50.1046,8.73076,frankfurt,True,0,,0,False,0.459599,False,0,0.873724,0,0,0,0,0,0,0,0,0,0,0,0,0,0,0,0,0,0,0,0,0,0,0,0,0,0,0,0,0
891faeaf09bffff,50.1014,8.72397,frankfurt,True,977,10.204,390,False,0.411645,False,525,0.884328,0,0,0,0,0,0,0,1,0,0,2,0,1,2,0,0,0,0,0,0,0,0,0,0,1,0,3,0,0
891faeaf0a3ffff,50.1006,8.74095,frankfurt,True,186,8.75513,39,False,0.353261,False,73,0.681159,0,0,0,0,0,0,0,0,0,0,0,0,0,0,0,0,0,0,0,0,0,0,0,0,0,0,0,0,0
891faeaf0a7ffff,50.101,8.74571,frankfurt,False,198,10.541,50,False,0.439614,False,84,0.78022,0,0,0,0,0,0,0,0,0,0,0,0,0,0,0,0,0,0,0,0,0,0,0,0,1,0,3,0,1
891faeaf0abffff,50.0978,8.73892,frankfurt,True,0,,0,False,0.459599,False,0,0.873724,0,0,0,0,0,0,0,0,0,0,0,0,0,0,0,0,0,0,0,0,0,0,0,0,0,0,0,0,0
891faeaf0afffff,50.0983,8.74367,frankfurt,True,0,,0,False,0.459599,False,0,0.873724,0,0,0,0,0,0,0,0,0,0,0,0,0,0,0,0,0,0,0,0,0,0,0,0,0,0,0,0,0
891faeaf0b3ffff,50.1028,8.73823,frankfurt,True,0,,0,False,0.459599,False,0,0.873724,0,0,0,0,0,0,0,0,0,0,0,0,0,0,0,0,0,0,0,0,0,0,0,0,0,0,0,0,0
891faeaf0b7ffff,50.1033,8.74299,frankfurt,False,704,9.94596,188,False,0.421808,False,307,0.793814,0,0,0,0,0,0,0,0,0,0,0,0,0,0,0,0,0,0,0,0,0,0,0,0,0,0,0,0,0
891faeaf0bbffff,50.1001,8.7362,frankfurt,True,1518,9.46491,678,False,0.397342,False,721,0.873773,0,0,0,0,0,0,0,0,0,0,0,0,0,0,0,0,0,0,0,0,0,1,0,0,2,0,1,0,0
891faeaf0c3ffff,50.0959,8.7199,frankfurt,True,605,9.84673,214,False,0.455611,False,325,0.896657,0,0,0,0,0,0,0,0,0,0,0,0,0,0,0,0,0,0,0,0,0,0,0,0,0,0,2,0,0
891faeaf0c7ffff,50.0964,8.72465,frankfurt,True,644,11.1736,198,False,0.416036,False,324,0.891813,0,0,0,0,0,0,0,0,0,0,0,0,0,0,1,0,0,0,0,0,0,0,0,0,0,0,2,0,0
891faeaf0cbffff,50.0931,8.71786,frankfurt,True,6,10.61,5,False,0.459599,True,4,1,0,0,0,0,0,0,0,0,1,0,0,0,0,0,0,0,0,0,0,0,0,0,0,0,0,0,0,0,0
891faeaf0cfffff,50.0936,8.72262,frankfurt,True,53,12.77,7,False,0.155172,False,18,0.722222,0,0,0,0,0,0,0,0,0,0,0,0,0,0,0,0,0,0,0,0,0,0,0,0,0,0,0,0,0
891faeaf0d3ffff,50.0981,8.71718,frankfurt,True,1083,9.08359,463,False,0.380112,False,609,0.913043,0,0,0,0,0,0,0,0,0,0,0,0,0,1,1,0,0,0,0,0,0,0,0,0,0,0,1,0,0
891faeaf0d7ffff,50.0986,8.72193,frankfurt,True,1325,9.65911,529,False,0.420257,False,733,0.88203,0,0,0,0,0,0,0,0,0,0,0,0,0,0,0,0,0,0,0,0,0,0,0,0,0,0,0,0,0
891faeaf0dbffff,50.0954,8.71514,frankfurt,True,279,11.0912,81,False,0.231317,False,137,0.921053,0,0,0,0,0,0,0,0,0,0,0,0,0,0,0,0,0,0,0,0,0,0,0,0,0,0,1,0,0
891faeaf103ffff,50.098,8.76541,frankfurt,False,1867,9.27984,810,False,0.568596,False,870,0.849269,0,0,0,0,0,0,0,0,0,0,1,0,0,1,4,0,0,0,1,0,0,0,0,0,0,0,2,0,1
891faeaf107ffff,50.0985,8.77016,frankfurt,False,1004,8.31782,312,False,0.417417,False,480,0.84127,0,0,0,0,0,1,0,0,0,0,0,0,0,0,0,0,0,0,0,0,0,0,0,0,0,0,0,0,0
891faeaf10bffff,50.0952,8.76337,frankfurt,False,1814,8.55298,866,False,0.514286,False,934,0.890792,0,0,0,0,0,0,0,1,0,0,1,0,1,1,1,0,1,0,1,0,0,0,0,0,0,0,1,0,0
891faeaf10fffff,50.0957,8.76813,frankfurt,False,889,8.71028,327,False,0.493771,False,431,0.833718,0,0,0,0,0,0,0,0,0,0,1,0,0,0,0,0,0,0,0,0,0,0,0,0,0,0,2,0,1
891faeaf113ffff,50.1002,8.76269,frankfurt,False,1433,8.45768,642,False,0.536603,False,701,0.854108,0,0,0,0,0,0,0,0,0,0,0,0,1,0,4,0,0,0,0,0,0,0,0,0,0,1,5,0,0
891faeaf117ffff,50.1007,8.76745,frankfurt,False,1668,8.95838,648,False,0.509792,False,806,0.859951,0,0,0,0,0,0,0,1,0,0,0,0,3,2,5,0,0,1,0,0,1,0,0,0,0,0,3,0,1
891faeaf11bffff,50.0975,8.76065,frankfurt,False,2322,8.53053,1085,False,0.49827,False,1185,0.864592,0,0,0,0,0,0,0,1,0,0,0,0,1,1,1,0,0,0,0,0,0,0,0,0,0,0,0,0,0
891faeaf123ffff,50.0967,8.77764,frankfurt,False,1161,9.0969,413,False,0.394937,False,559,0.815884,0,0,0,0,0,0,0,0,0,0,0,0,0,0,0,0,0,0,0,0,0,0,0,0,0,0,2,0,0
891faeaf127ffff,50.0972,8.78239,frankfurt,False,670,9.04297,263,False,0.422727,False,345,0.86533,0,0,0,0,0,0,0,0,0,0,0,0,0,1,0,0,0,0,0,0,0,0,0,0,0,0,3,0,0
891faeaf133ffff,50.0989,8.77492,frankfurt,False,602,7.58301,193,False,0.336585,False,292,0.876712,0,0,0,0,0,0,0,0,0,0,0,0,0,0,0,0,0,0,0,0,0,0,0,0,0,0,0,0,0
891faeaf137ffff,50.0994,8.77968,frankfurt,False,1575,9.37421,551,False,0.423664,False,780,0.866667,0,0,0,0,0,0,0,1,0,0,0,0,0,0,1,0,0,0,0,0,0,0,0,0,0,0,0,0,0
891faeaf13bffff,50.0962,8.77288,frankfurt,False,741,9.08241,294,False,0.281806,False,394,0.92973,0,0,0,0,0,0,0,0,0,0,0,0,0,0,0,0,0,0,0,0,0,0,0,0,0,0,2,0,0
891faeaf143ffff,50.092,8.75658,frankfurt,False,550,7.86089,192,False,0.378893,False,274,0.857651,0,0,0,0,0,0,0,0,0,0,0,0,1,0,0,0,0,0,0,0,0,0,0,0,0,0,2,0,1
891faeaf147ffff,50.0925,8.76133,frankfurt,False,718,8.57625,240,False,0.40896,False,363,0.854497,0,0,0,0,0,0,0,0,0,0,0,0,0,0,0,0,0,0,0,0,0,0,0,0,0,0,1,0,0
891faeaf14bffff,50.0892,8.75454,frankfurt,False,988,7.70439,412,False,0.40321,False,455,0.80303,0,0,0,0,0,0,0,1,0,0,0,0,0,0,0,0,0,0,0,0,0,0,0,0,0,0,1,0,0
891faeaf14fffff,50.0897,8.7593,frankfurt,False,622,7.46057,174,False,0.348726,False,279,0.792857,0,0,0,0,0,0,0,0,0,0,0,0,0,0,0,0,0,0,0,0,0,0,0,0,0,0,2,0,0
891faeaf153ffff,50.0943,8.75386,frankfurt,False,838,8.11167,400,False,0.474847,False,464,0.888158,0,0,0,0,0,0,0,0,0,0,1,0,0,4,2,0,0,0,0,0,0,0,0,0,0,0,1,0,0
891faeaf157ffff,50.0947,8.75862,frankfurt,False,584,8.61702,235,False,0.453608,False,272,0.836576,0,0,0,0,0,0,0,0,0,0,0,0,0,1,0,0,0,0,0,0,0,0,0,0,0,0,2,0,1
891faeaf15bffff,50.0915,8.75182,frankfurt,False,839,8.85247,332,False,0.450059,False,390,0.843243,0,0,0,0,0,0,0,0,0,0,0,0,0,0,0,0,0,0,0,0,0,0,0,0,0,0,4,0,0
891faeaf163ffff,50.0907,8.76881,frankfurt,False,1077,9.92636,354,False,0.435996,False,488,0.854978,0,0,0,0,0,0,0,0,0,0,0,0,0,0,0,0,0,0,0,0,0,0,0,0,0,0,2,0,1
891faeaf16bffff,50.088,8.76677,frankfurt,False,37,5.69,3,False,0.4,False,18,0.7,0,0,0,0,0,0,0,0,0,0,0,0,0,0,0,0,0,0,0,0,0,0,0,0,0,0,0,0,0
891faeaf173ffff,50.093,8.76609,frankfurt,False,1343,7.58546,557,False,0.404303,False,709,0.885431,0,0,0,0,0,0,0,0,0,0,0,0,0,3,0,0,0,0,0,0,0,0,0,0,0,0,0,0,0
891faeaf17bffff,50.0902,8.76405,frankfurt,False,724,9.53781,278,False,0.457026,False,372,0.882051,0,0,0,0,0,0,0,0,0,0,0,0,0,0,0,0,0,1,0,0,0,0,0,0,0,0,3,0,0
891faeaf183ffff,50.1053,8.76201,frankfurt,False,523,10.2499,275,False,0.523256,False,309,0.901899,0,0,0,0,0,0,0,1,0,1,4,0,6,9,3,1,0,13,3,1,0,2,0,0,0,1,1,1,10
891faeaf187ffff,50.1057,8.76677,frankfurt,False,926,9.69989,464,False,0.459607,False,541,0.89272,0,0,0,1,0,0,0,5,0,0,6,1,6,6,3,1,0,0,0,0,0,0,0,1,0,0,5,0,3
891faeaf18bffff,50.1025,8.75997,frankfurt,False,1659,9.0348,734,False,0.496333,False,817,0.841787,0,0,0,1,0,0,0,1,0,0,2,0,2,3,3,1,1,6,0,2,0,0,0,0,0,0,1,0,5
891faeaf18fffff,50.103,8.76473,frankfurt,False,1609,8.99863,773,False,0.488416,False,846,0.881862,1,0,0,2,0,1,0,2,1,1,2,0,8,13,7,0,2,6,0,1,1,1,0,0,0,0,0,0,1
891faeaf193ffff,50.1075,8.75929,frankfurt,False,488,9.93544,217,False,0.561077,False,253,0.904,0,0,0,1,0,1,0,1,0,0,1,0,1,5,4,0,0,1,0,0,0,2,1,1,0,0,1,0,4
891faeaf197ffff,50.108,8.76405,frankfurt,False,619,9.34836,269,False,0.482258,False,331,0.921212,0,0,0,0,0,0,0,0,0,0,0,0,1,1,2,0,0,0,0,0,1,0,0,0,0,0,1,1,3
891faeaf19bffff,50.1048,8.75726,frankfurt,False,1496,9.85351,638,False,0.56885,False,813,0.879353,0,0,1,1,0,0,0,3,0,0,1,0,4,5,5,0,1,1,1,0,0,1,1,0,0,0,2,0,0
891faeaf1a3ffff,50.104,8.77424,frankfurt,False,1751,9.91982,740,False,0.537943,False,900,0.864294,0,0,0,1,0,0,0,2,0,0,2,0,1,2,3,0,0,0,0,0,0,0,0,0,0,0,4,0,0
891faeaf1a7ffff,50.1044,8.779,frankfurt,False,357,10.2557,115,False,0.490463,False,157,0.772152,0,0,0,0,0,0,0,0,0,0,0,0,0,0,0,0,0,0,0,0,0,0,0,0,0,0,2,0,0
891faeaf1abffff,50.1012,8.7722,frankfurt,False,1289,8.5484,531,False,0.48882,False,610,0.867987,0,0,0,0,0,0,0,0,0,0,0,0,1,0,1,0,0,0,0,0,0,0,0,0,0,0,3,0,1
891faeaf1afffff,50.1017,8.77696,frankfurt,False,1482,8.61859,644,False,0.512312,False,708,0.814346,0,0,0,0,0,0,0,1,0,0,1,0,1,3,4,0,0,1,0,0,0,0,0,1,0,0,5,0,2
891faeaf1b3ffff,50.1062,8.77152,frankfurt,False,3114,8.69541,1092,False,0.464552,False,1520,0.855533,0,0,0,0,0,0,0,1,0,0,0,0,1,1,0,0,0,0,0,0,1,0,0,0,0,0,0,0,1
891faeaf1b7ffff,50.1067,8.77628,frankfurt,False,744,11.5756,261,False,0.588949,False,361,0.849604,0,0,0,0,0,0,0,0,0,0,0,0,0,0,0,0,0,0,0,0,1,0,0,0,0,0,2,0,0
891faeaf1bbffff,50.1035,8.76949,frankfurt,False,2053,8.94959,1012,False,0.537938,False,1094,0.868062,0,0,0,0,1,0,0,0,0,0,3,0,3,4,3,0,0,1,0,0,0,1,0,0,0,0,0,0,4
891faeaf1c3ffff,50.0993,8.75318,frankfurt,False,769,8.85177,277,False,0.437252,False,427,0.944844,0,0,0,0,0,0,0,0,0,0,0,0,0,0,0,0,0,0,0,1,0,0,0,0,0,0,2,0,1
891faeaf1c7ffff,50.0998,8.75794,frankfurt,False,1441,9.75703,656,False,0.501414,False,775,0.890812,0,0,0,0,0,0,0,0,0,0,0,0,1,0,1,0,0,0,0,0,0,0,0,0,0,0,0,0,1
891faeaf1cbffff,50.0965,8.75114,frankfurt,False,440,8.58763,139,False,0.323462,False,193,0.896373,0,0,0,0,0,0,0,0,0,0,0,0,0,0,0,0,0,0,0,0,0,0,0,0,0,0,0,0,0
891faeaf1cfffff,50.097,8.7559,frankfurt,False,1301,8.50234,670,False,0.507692,False,717,0.910221,0,0,0,0,0,0,0,1,0,0,1,0,0,2,1,0,0,0,1,0,1,0,0,0,0,0,4,0,0
891faeaf1d3ffff,50.1015,8.75046,frankfurt,False,672,8.97745,192,False,0.386431,False,351,0.89415,0,0,0,0,0,0,0,0,0,0,0,0,0,0,0,0,0,0,0,0,0,1,0,0,0,0,2,0,0
891faeaf1d7ffff,50.102,8.75522,frankfurt,False,1363,10.7988,609,False,0.473723,False,737,0.921162,0,0,0,0,0,0,0,0,0,0,0,0,1,1,1,0,0,0,0,0,0,1,0,0,0,0,0,1,1
891faeaf1dbffff,50.0988,8.74843,frankfurt,True,93,9.68617,47,False,0.411111,False,49,0.892857,0,0,0,0,0,0,0,0,0,0,0,0,0,1,0,0,0,0,0,0,0,0,0,0,0,0,1,0,0
891faeaf203ffff,50.0753,8.71787,frankfurt,True,0,,0,False,0.459599,False,0,0.873724,0,0,0,0,0,0,0,0,0,0,0,0,0,0,0,0,0,0,0,0,0,0,0,0,0,0,0,0,0
891faeaf207ffff,50.0758,8.72263,frankfurt,True,0,,0,False,0.459599,False,0,0.873724,0,0,0,0,0,0,0,0,0,0,0,0,0,0,0,0,0,0,0,0,0,0,0,0,0,0,0,0,0
891faeaf20bffff,50.0726,8.71584,frankfurt,True,0,,0,False,0.459599,False,0,0.873724,0,0,0,0,0,0,0,0,0,0,0,0,0,0,0,0,0,0,0,0,0,0,0,0,0,0,0,0,0
891faeaf20fffff,50.0731,8.72059,frankfurt,True,0,,0,False,0.459599,False,0,0.873724,0,0,0,0,0,0,0,0,0,0,0,0,0,0,0,0,0,0,0,0,0,0,0,0,0,0,0,0,0
891faeaf213ffff,50.0776,8.71516,frankfurt,True,0,,0,False,0.459599,False,0,0.873724,0,0,0,0,0,0,0,0,0,0,0,0,0,0,0,0,0,0,0,0,0,0,0,0,0,0,0,0,0
891faeaf217ffff,50.0781,8.71991,frankfurt,True,0,,0,False,0.459599,False,0,0.873724,0,0,0,0,0,0,0,0,0,0,0,0,0,0,0,0,0,0,0,0,0,0,0,0,0,0,0,0,0
891faeaf21bffff,50.0748,8.71312,frankfurt,True,0,,0,False,0.459599,False,0,0.873724,0,0,0,0,0,0,0,0,0,0,0,0,0,0,0,0,0,0,0,0,0,0,0,0,0,0,0,0,0
891faeaf223ffff,50.074,8.7301,frankfurt,False,0,,0,False,0.459599,False,0,0.873724,0,0,0,0,0,0,0,0,0,0,0,0,0,0,0,0,0,0,0,0,0,0,0,0,0,0,0,0,0
891faeaf227ffff,50.0745,8.73485,frankfurt,False,0,,0,False,0.459599,False,0,0.873724,0,0,0,0,0,0,0,0,0,0,0,0,0,0,0,0,0,0,0,0,0,0,0,0,0,0,0,0,0
891faeaf22bffff,50.0713,8.72806,frankfurt,False,0,,0,False,0.459599,False,0,0.873724,0,0,0,0,0,0,0,0,0,0,0,0,0,0,0,0,0,0,0,0,0,0,0,0,0,0,0,0,0
891faeaf22fffff,50.0718,8.73281,frankfurt,False,0,,0,False,0.459599,False,0,0.873724,0,0,0,0,0,0,0,0,0,0,0,0,0,0,0,0,0,0,0,0,0,0,0,0,0,0,0,0,0
891faeaf233ffff,50.0763,8.72738,frankfurt,True,0,,0,False,0.459599,False,0,0.873724,0,0,0,0,0,0,0,0,0,0,0,0,0,0,0,0,0,0,0,0,0,0,0,0,0,0,0,0,0
891faeaf237ffff,50.0768,8.73213,frankfurt,False,0,,0,False,0.459599,False,0,0.873724,0,0,0,0,0,0,0,0,0,0,0,0,0,0,0,0,0,0,0,0,0,0,0,0,0,0,0,0,0
891faeaf23bffff,50.0735,8.72534,frankfurt,True,0,,0,False,0.459599,False,0,0.873724,0,0,0,0,0,0,0,0,0,0,0,0,0,0,0,0,0,0,0,0,0,0,0,0,0,0,0,0,0
891faeaf243ffff,50.0693,8.70905,frankfurt,True,0,,0,False,0.459599,False,0,0.873724,0,0,0,0,0,0,0,0,0,0,0,0,0,0,0,0,0,0,0,0,0,0,0,0,0,0,0,0,0
891faeaf247ffff,50.0698,8.7138,frankfurt,True,0,,0,False,0.459599,False,0,0.873724,0,0,0,0,0,0,0,0,0,0,0,0,0,0,0,0,0,0,0,0,0,0,0,0,0,0,0,0,0
891faeaf24bffff,50.0666,8.70702,frankfurt,True,0,,0,False,0.459599,False,0,0.873724,0,0,0,0,0,0,0,0,0,0,0,0,0,0,0,0,0,0,0,0,0,0,0,0,0,0,0,0,0
891faeaf24fffff,50.0671,8.71177,frankfurt,True,0,,0,False,0.459599,False,0,0.873724,0,0,0,0,0,0,0,0,0,0,0,0,0,0,0,0,0,0,0,0,0,0,0,0,0,0,0,0,0
891faeaf253ffff,50.0716,8.70633,frankfurt,True,0,,0,False,0.459599,False,0,0.873724,0,0,0,0,0,0,0,0,0,0,0,0,0,0,0,0,0,0,0,0,0,0,0,0,0,0,0,0,0
891faeaf257ffff,50.0721,8.71109,frankfurt,True,0,,0,False,0.459599,False,0,0.873724,0,0,0,0,0,0,0,0,0,0,0,0,0,0,0,0,0,0,0,0,0,0,0,0,0,0,0,0,0
891faeaf25bffff,50.0688,8.7043,frankfurt,True,0,,0,False,0.459599,False,0,0.873724,0,0,0,0,0,0,0,0,0,0,0,0,0,0,0,0,0,0,0,0,0,0,0,0,0,0,0,0,0
891faeaf263ffff,50.068,8.72127,frankfurt,True,0,,0,False,0.459599,False,0,0.873724,0,0,0,0,0,0,0,0,0,0,0,0,0,0,0,0,0,0,0,0,0,0,0,0,0,0,0,0,0
891faeaf267ffff,50.0685,8.72602,frankfurt,False,0,,0,False,0.459599,False,0,0.873724,0,0,0,0,0,0,0,0,0,0,0,0,0,0,0,0,0,0,0,0,0,0,0,0,0,0,0,0,0
891faeaf26bffff,50.0653,8.71924,frankfurt,False,0,,0,False,0.459599,False,0,0.873724,0,0,0,0,0,0,0,0,0,0,0,0,0,0,0,0,0,0,0,0,0,0,0,0,0,0,0,0,0
891faeaf26fffff,50.0658,8.72399,frankfurt,False,0,,0,False,0.459599,False,0,0.873724,0,0,0,0,0,0,0,0,0,0,0,0,0,0,0,0,0,0,0,0,0,0,0,0,0,0,0,0,0
891faeaf273ffff,50.0703,8.71856,frankfurt,True,0,,0,False,0.459599,False,0,0.873724,0,0,0,0,0,0,0,0,0,0,0,0,0,0,0,0,0,0,0,0,0,0,0,0,0,0,0,0,0
891faeaf277ffff,50.0708,8.72331,frankfurt,True,0,,0,False,0.459599,False,0,0.873724,0,0,0,0,0,0,0,0,0,0,0,0,0,0,0,0,0,0,0,0,0,0,0,0,0,0,0,0,0
891faeaf27bffff,50.0676,8.71652,frankfurt,True,0,,0,False,0.459599,False,0,0.873724,0,0,0,0,0,0,0,0,0,0,0,0,0,0,0,0,0,0,0,0,0,0,0,0,0,0,0,0,0
891faeaf283ffff,50.0826,8.71447,frankfurt,True,0,,0,False,0.459599,False,0,0.873724,0,0,0,0,0,0,0,0,0,0,0,0,0,0,0,0,0,0,0,0,0,0,0,0,0,0,0,0,0
891faeaf287ffff,50.0831,8.71923,frankfurt,True,0,,0,False,0.459599,False,0,0.873724,0,0,0,0,0,0,0,0,0,0,0,0,0,0,0,0,0,0,0,0,0,0,0,0,0,0,0,0,0
891faeaf28bffff,50.0799,8.71244,frankfurt,True,0,,0,False,0.459599,False,0,0.873724,0,0,0,0,0,0,0,0,0,0,0,0,0,0,0,0,0,0,0,0,0,0,0,0,0,0,0,0,0
891faeaf28fffff,50.0803,8.71719,frankfurt,True,0,,0,False,0.459599,False,0,0.873724,0,0,0,0,0,0,0,0,0,0,0,0,0,0,0,0,0,0,0,0,0,0,0,0,0,0,0,0,0
891faeaf293ffff,50.0849,8.71176,frankfurt,True,0,,0,False,0.459599,False,0,0.873724,0,0,0,0,0,0,0,0,0,0,0,0,0,0,0,0,0,0,0,0,0,0,0,0,0,0,0,0,0
891faeaf297ffff,50.0854,8.71651,frankfurt,True,0,,0,False,0.459599,False,0,0.873724,0,0,0,0,0,0,0,0,0,0,0,0,0,0,0,0,0,0,0,0,0,0,0,0,0,0,0,0,0
891faeaf29bffff,50.0821,8.70972,frankfurt,True,0,,0,False,0.459599,False,0,0.873724,0,0,0,0,0,0,0,0,0,0,0,0,0,0,0,0,0,0,0,0,0,0,0,0,0,0,0,0,0
891faeaf2a3ffff,50.0813,8.7267,frankfurt,True,0,,0,False,0.459599,False,0,0.873724,0,0,0,0,0,0,0,0,0,0,0,0,0,0,0,0,0,0,0,0,0,0,0,0,0,0,0,0,0
891faeaf2a7ffff,50.0818,8.73145,frankfurt,True,0,,0,False,0.459599,False,0,0.873724,0,0,0,0,0,0,0,0,0,0,0,0,0,0,0,0,0,0,0,0,0,0,0,0,0,0,0,0,0
891faeaf2abffff,50.0786,8.72466,frankfurt,True,0,,0,False,0.459599,False,0,0.873724,0,0,0,0,0,0,0,0,0,0,0,0,0,0,0,0,0,0,0,0,0,0,0,0,0,0,0,0,0
891faeaf2afffff,50.079,8.72941,frankfurt,True,0,,0,False,0.459599,False,0,0.873724,0,0,0,0,0,0,0,0,0,0,0,0,0,0,0,0,0,0,0,0,0,0,0,0,0,0,0,0,0
891faeaf2b3ffff,50.0836,8.72398,frankfurt,True,0,,0,False,0.459599,False,0,0.873724,0,0,0,0,0,0,0,0,0,0,0,0,0,0,0,0,0,0,0,0,0,0,0,0,0,0,0,0,0
891faeaf2b7ffff,50.0841,8.72873,frankfurt,True,0,,0,False,0.459599,False,0,0.873724,0,0,0,0,0,0,0,0,0,0,0,0,0,0,0,0,0,0,0,0,0,0,0,0,0,0,0,0,0
891faeaf2bbffff,50.0808,8.72194,frankfurt,True,0,,0,False,0.459599,False,0,0.873724,0,0,0,0,0,0,0,0,0,0,0,0,0,0,0,0,0,0,0,0,0,0,0,0,0,0,0,0,0
891faeaf2c3ffff,50.0766,8.70565,frankfurt,True,0,,0,False,0.459599,False,0,0.873724,0,0,0,0,0,0,0,0,0,0,0,0,0,0,0,0,0,0,0,0,0,0,0,0,0,0,0,0,0
891faeaf2c7ffff,50.0771,8.7104,frankfurt,True,0,,0,False,0.459599,False,0,0.873724,0,0,0,0,0,0,0,0,0,0,0,0,0,0,0,0,0,0,0,0,0,0,0,0,0,0,0,0,0
891faeaf2cbffff,50.0739,8.70362,frankfurt,True,0,,0,False,0.459599,False,0,0.873724,0,0,0,0,0,0,0,0,0,0,0,0,0,0,0,0,0,0,0,0,0,0,0,0,0,0,0,0,0
891faeaf2cfffff,50.0744,8.70837,frankfurt,True,0,,0,False,0.459599,False,0,0.873724,0,0,0,0,0,0,0,0,0,0,0,0,0,0,0,0,0,0,0,0,0,0,0,0,0,0,0,0,0
891faeaf2d3ffff,50.0789,8.70293,frankfurt,True,0,,0,False,0.459599,False,0,0.873724,0,0,0,0,0,0,0,0,0,0,0,0,0,0,0,0,0,0,0,0,0,0,0,0,0,0,0,0,0
891faeaf2d7ffff,50.0794,8.70769,frankfurt,True,0,,0,False,0.459599,False,0,0.873724,0,0,0,0,0,0,0,0,0,0,0,0,0,0,0,0,0,0,0,0,0,0,0,0,0,0,0,0,0
891faeaf2dbffff,50.0761,8.7009,frankfurt,True,0,,0,False,0.459599,False,0,0.873724,0,0,0,0,0,0,0,0,0,0,0,0,0,0,0,0,0,0,0,0,0,0,0,0,0,0,0,0,0
891faeaf303ffff,50.0787,8.75115,frankfurt,False,10,6.96701,0,True,0.375,False,5,0.873724,0,0,0,0,0,0,0,0,0,0,0,0,0,0,0,0,0,0,0,0,0,0,0,0,0,0,0,0,0
891faeaf30bffff,50.076,8.74911,frankfurt,False,0,,0,False,0.459599,False,0,0.873724,0,0,0,0,0,0,0,0,0,0,0,0,0,0,0,0,0,0,0,0,0,0,0,0,0,0,0,0,0
891faeaf313ffff,50.081,8.74843,frankfurt,False,9,6.85248,0,True,0.459599,True,3,0.873724,0,0,0,0,0,0,0,0,0,0,0,0,0,0,0,0,0,0,0,0,0,0,0,0,0,0,0,0,0
891faeaf317ffff,50.0815,8.75318,frankfurt,False,242,5.74446,83,False,0.407895,False,96,0.797872,0,0,0,0,0,0,0,0,0,0,0,0,0,0,0,0,0,0,0,0,0,0,0,0,0,0,0,0,0
891faeaf31bffff,50.0782,8.74639,frankfurt,False,65,8.27,8,False,0.132353,False,8,1,0,0,0,0,0,0,0,0,0,0,0,0,0,0,0,0,0,0,0,0,0,0,0,0,0,0,0,0,0
891faeaf343ffff,50.0727,8.74232,frankfurt,False,0,,0,False,0.459599,False,0,0.873724,0,0,0,0,0,0,0,0,0,0,0,0,0,0,0,0,0,0,0,0,0,0,0,0,0,0,0,0,0
891faeaf347ffff,50.0732,8.74707,frankfurt,False,0,,0,False,0.459599,False,0,0.873724,0,0,0,0,0,0,0,0,0,0,0,0,0,0,0,0,0,0,0,0,0,0,0,0,0,0,0,0,0
891faeaf34bffff,50.07,8.74028,frankfurt,False,0,,0,False,0.459599,False,0,0.873724,0,0,0,0,0,0,0,0,0,0,0,0,0,0,0,0,0,0,0,0,0,0,0,0,0,0,0,0,0
891faeaf34fffff,50.0705,8.74504,frankfurt,False,0,,0,False,0.459599,False,0,0.873724,0,0,0,0,0,0,0,0,0,0,0,0,0,0,0,0,0,0,0,0,0,0,0,0,0,0,0,0,0
891faeaf353ffff,50.075,8.7396,frankfurt,False,0,,0,False,0.459599,False,0,0.873724,0,0,0,0,0,0,0,0,0,0,0,0,0,0,0,0,0,0,0,0,0,0,0,0,0,0,0,0,0
891faeaf357ffff,50.0755,8.74436,frankfurt,False,0,,0,False,0.459599,False,0,0.873724,0,0,0,0,0,0,0,0,0,0,0,0,0,0,0,0,0,0,0,0,0,0,0,0,0,0,0,0,0
891faeaf35bffff,50.0723,8.73757,frankfurt,False,0,,0,False,0.459599,False,0,0.873724,0,0,0,0,0,0,0,0,0,0,0,0,0,0,0,0,0,0,0,0,0,0,0,0,0,0,0,0,0
891faeaf383ffff,50.086,8.74775,frankfurt,False,135,8.72854,48,False,0.539062,False,70,0.865672,0,0,0,0,0,0,0,1,0,0,0,0,0,1,0,0,0,0,0,0,0,0,0,0,0,0,2,0,0
891faeaf387ffff,50.0865,8.7525,frankfurt,False,1265,6.38684,446,False,0.383096,False,477,0.694093,0,0,0,0,0,0,0,2,0,0,0,0,0,0,0,0,0,0,0,0,0,0,0,0,0,0,1,0,2
891faeaf38bffff,50.0833,8.74571,frankfurt,False,61,7.84,23,False,0.455882,False,27,0.76,0,0,0,0,0,0,0,1,0,0,0,0,0,0,0,0,0,0,0,0,0,0,0,0,0,0,4,0,0
891faeaf38fffff,50.0837,8.75047,frankfurt,False,1166,6.26787,408,False,0.347414,False,461,0.741866,0,0,0,0,0,0,0,0,0,0,0,0,0,0,0,0,0,0,0,0,0,0,0,0,0,0,0,0,0
891faeaf393ffff,50.0883,8.74503,frankfurt,False,289,8.87049,41,False,0.275986,False,127,0.863636,0,0,0,0,0,0,0,0,0,0,0,0,0,0,0,0,0,0,0,0,0,0,0,0,0,0,0,0,0
891faeaf397ffff,50.0888,8.74979,frankfurt,False,644,7.49687,256,False,0.428797,False,335,0.901899,0,0,0,0,0,0,0,1,0,0,1,0,0,0,0,0,0,0,0,0,0,0,0,0,0,0,3,0,1
891faeaf39bffff,50.0855,8.74299,frankfurt,False,0,,0,False,0.459599,False,0,0.873724,0,0,0,0,0,0,0,0,0,0,0,0,0,0,0,0,0,0,0,0,0,0,0,0,0,0,0,0,0
891faeaf3a3ffff,50.0847,8.75997,frankfurt,False,458,8.66647,116,False,0.347826,False,206,0.765,0,0,0,0,0,0,0,0,0,0,0,0,0,0,0,0,0,0,0,0,0,0,0,0,0,0,1,0,0
891faeaf3abffff,50.082,8.75794,frankfurt,False,204,9.74115,26,False,0.336634,False,72,0.747126,0,0,0,0,0,0,0,0,0,0,0,0,0,0,0,0,0,0,0,0,0,0,0,0,0,0,0,0,0
891faeaf3b3ffff,50.087,8.75726,frankfurt,False,904,7.87742,364,False,0.376667,False,387,0.78961,0,0,0,0,0,0,0,0,0,0,0,0,0,0,1,0,0,0,0,0,0,0,0,0,0,0,0,0,0
891faeaf3b7ffff,50.0875,8.76201,frankfurt,False,343,7.32033,121,False,0.414706,False,121,0.778689,0,1,0,0,0,0,0,2,0,0,1,0,1,0,0,0,0,3,1,1,0,0,0,0,0,0,2,0,0
891faeaf3bbffff,50.0842,8.75522,frankfurt,False,1492,7.5601,479,False,0.389257,False,587,0.709282,0,0,0,0,0,0,0,0,0,0,1,0,0,0,0,0,0,0,0,0,0,0,0,0,0,0,1,0,0
891faeaf3c3ffff,50.08,8.73892,frankfurt,False,0,,0,False,0.459599,False,0,0.873724,0,0,0,0,0,0,0,0,0,0,0,0,0,0,0,0,0,0,0,0,0,0,0,0,0,0,0,0,0
891faeaf3c7ffff,50.0805,8.74368,frankfurt,False,81,6.4904,0,True,0,False,0,0.873724,0,0,0,0,0,0,0,1,0,0,0,0,0,0,0,0,0,0,0,0,0,0,0,0,0,0,3,0,0
891faeaf3cbffff,50.0773,8.73689,frankfurt,False,0,,0,False,0.459599,False,0,0.873724,0,0,0,0,0,0,0,0,0,0,0,0,0,0,0,0,0,0,0,0,0,0,0,0,0,0,0,0,0
891faeaf3cfffff,50.0778,8.74164,frankfurt,False,0,,0,False,0.459599,False,0,0.873724,0,0,0,0,0,0,0,0,0,0,0,0,0,0,0,0,0,0,0,0,0,0,0,0,0,0,0,0,0
891faeaf3d3ffff,50.0823,8.7362,frankfurt,False,0,,0,False,0.459599,False,0,0.873724,0,0,0,0,0,0,0,0,0,0,0,0,0,0,0,0,0,0,0,0,0,0,0,0,0,0,0,0,0
891faeaf3d7ffff,50.0828,8.74096,frankfurt,False,0,,0,False,0.459599,False,0,0.873724,0,0,0,0,0,0,0,0,0,0,0,0,0,0,0,0,0,0,0,0,1,0,0,0,0,0,0,0,0
891faeaf3dbffff,50.0795,8.73417,frankfurt,False,0,,0,False,0.459599,False,0,0.873724,0,0,0,0,0,0,0,0,0,0,0,0,0,0,0,0,0,0,0,0,0,0,0,0,0,0,0,0,0
891faeaf403ffff,50.1104,8.7131,frankfurt,True,201,13.4004,78,False,0.598958,False,116,0.973684,1,0,0,0,0,0,0,0,0,1,1,0,4,5,1,0,0,0,0,0,0,0,0,0,1,0,0,0,2
891faeaf407ffff,50.1109,8.71785,frankfurt,True,0,,0,False,0.459599,False,0,0.873724,0,0,0,0,0,0,0,0,0,0,0,0,0,1,0,0,0,0,0,0,0,0,0,0,0,0,0,0,3
891faeaf40bffff,50.1077,8.71106,frankfurt,True,0,,0,False,0.459599,False,0,0.873724,0,0,0,0,0,0,0,0,0,0,0,0,0,0,0,0,0,0,0,0,1,0,0,0,0,0,0,0,0
891faeaf40fffff,50.1081,8.71581,frankfurt,True,3,15.4108,0,True,0.459599,True,0,0.873724,0,0,0,0,0,0,0,0,0,0,0,0,0,0,0,0,0,0,0,0,0,0,0,0,0,0,2,0,1
891faeaf413ffff,50.1127,8.71038,frankfurt,True,798,15.4121,291,False,0.660691,False,415,0.850816,0,0,0,0,0,0,0,0,0,0,0,0,1,1,2,0,0,0,0,1,0,0,0,0,1,1,1,0,0
891faeaf417ffff,50.1132,8.71513,frankfurt,True,674,15.4014,390,False,0.726172,False,394,0.945137,0,0,0,0,0,0,0,1,0,0,0,0,1,5,0,0,0,0,0,2,0,0,2,0,1,0,2,0,7
891faeaf41bffff,50.1099,8.70834,frankfurt,True,813,16.275,442,False,0.764411,False,445,0.935841,0,1,0,0,0,0,0,0,0,0,1,0,0,1,0,0,0,0,0,0,0,0,0,0,0,0,3,0,1
891faeaf423ffff,50.1091,8.72532,frankfurt,True,11,8.45,8,False,0.75,False,10,1,0,0,0,0,0,0,0,0,0,0,0,0,0,0,0,0,0,0,0,0,0,0,0,0,0,0,4,0,1
891faeaf427ffff,50.1096,8.73008,frankfurt,False,8,6.69,5,False,0.459599,True,5,0.666667,0,0,0,0,0,0,0,0,0,0,0,0,0,0,0,0,0,0,0,0,0,0,0,0,0,0,0,0,0
891faeaf42bffff,50.1064,8.72329,frankfurt,True,0,,0,False,0.459599,False,0,0.873724,0,0,0,0,0,0,0,0,0,0,0,0,0,2,0,0,0,0,0,0,0,0,0,0,0,0,2,0,0
891faeaf42fffff,50.1069,8.72804,frankfurt,False,0,,0,False,0.459599,False,0,0.873724,0,0,0,0,0,0,0,0,0,0,0,0,0,0,0,0,0,0,0,0,0,0,0,0,0,0,0,0,0
891faeaf433ffff,50.1114,8.72261,frankfurt,True,12,6,4,False,0.5,False,4,0.873724,0,0,0,0,0,0,0,0,0,0,0,0,0,1,1,0,0,0,0,0,0,0,0,0,0,0,0,0,0
891faeaf437ffff,50.1119,8.72736,frankfurt,True,3,9.23685,0,True,0.459599,True,0,0.873724,0,0,0,0,0,0,0,0,0,0,0,0,0,0,0,0,0,0,0,0,0,0,0,0,0,0,0,0,1
891faeaf43bffff,50.1086,8.72057,frankfurt,True,0,,0,False,0.459599,False,0,0.873724,0,0,0,0,0,0,0,0,0,0,0,0,0,0,0,0,0,0,0,0,0,0,0,0,0,0,2,0,0
891faeaf443ffff,50.1044,8.70427,frankfurt,True,591,14.8689,169,False,0.573854,False,292,0.871972,0,0,0,0,0,0,0,0,0,0,0,0,0,1,0,0,0,0,0,0,0,0,0,1,0,0,1,0,3
891faeaf447ffff,50.1049,8.70902,frankfurt,True,17,11.75,5,False,0.5,False,12,1,0,0,0,0,0,0,0,0,0,0,0,0,0,0,0,0,0,0,0,0,0,0,0,0,0,0,1,0,0
891faeaf44bffff,50.1017,8.70223,frankfurt,True,122,10.9522,58,False,0.533333,False,75,0.924051,0,0,0,0,0,0,0,0,0,0,1,0,0,0,0,0,0,0,0,0,0,0,0,0,0,1,1,0,1
891faeaf44fffff,50.1022,8.70699,frankfurt,True,36,11.88,12,False,0.459599,True,26,1,0,0,0,0,0,0,0,0,0,0,0,0,0,0,0,0,0,0,0,0,0,0,0,0,0,0,0,0,0
891faeaf453ffff,50.1067,8.70155,frankfurt,True,710,13.6586,199,False,0.463727,False,366,0.877049,0,0,0,0,0,0,0,0,0,0,0,0,0,1,0,0,0,0,0,0,0,0,0,0,0,0,1,0,0
891faeaf457ffff,50.1072,8.70631,frankfurt,True,0,,0,False,0.459599,False,0,0.873724,0,0,0,0,0,0,0,0,0,0,0,0,0,0,0,0,0,0,0,0,0,0,0,0,0,1,0,0,0
891faeaf45bffff,50.1039,8.69952,frankfurt,True,752,13.3385,272,False,0.528947,False,373,0.865591,0,0,0,0,0,0,0,0,0,0,0,0,0,0,0,0,0,0,0,0,0,0,0,0,1,0,0,0,0
891faeaf463ffff,50.1031,8.7165,frankfurt,True,11,10.031,0,True,0.459599,True,6,0.873724,0,0,0,0,0,0,0,0,0,0,0,0,0,0,0,0,0,0,0,0,0,0,0,0,0,0,0,0,0
891faeaf467ffff,50.1036,8.72125,frankfurt,True,52,12.02,13,False,0.462963,False,21,1,0,0,0,0,0,0,0,0,0,0,0,0,0,0,0,0,0,0,0,0,0,0,0,0,0,0,0,0,0
891faeaf46bffff,50.1004,8.71446,frankfurt,True,467,10.4736,229,False,0.477612,False,256,0.904382,0,0,0,0,0,0,0,0,0,0,0,0,0,1,1,0,0,0,0,0,0,0,0,0,1,0,0,0,0
891faeaf46fffff,50.1009,8.71922,frankfurt,True,891,10.8324,437,False,0.504994,False,529,0.933594,0,0,0,0,0,0,0,0,0,0,1,0,2,0,1,0,1,2,1,0,0,0,0,0,2,0,0,0,0
891faeaf473ffff,50.1054,8.71378,frankfurt,True,0,,0,False,0.459599,False,0,0.873724,0,0,0,0,0,0,0,0,0,0,0,0,0,2,0,0,0,0,0,0,0,0,0,0,0,0,1,0,0
891faeaf477ffff,50.1059,8.71853,frankfurt,True,0,,0,False,0.459599,False,0,0.873724,0,0,0,0,0,0,0,0,0,0,0,0,0,2,0,0,0,0,0,0,0,0,0,0,0,0,2,0,0
891faeaf47bffff,50.1026,8.71174,frankfurt,True,31,8.545,6,False,0.3125,False,15,0.625,0,0,0,0,0,0,0,0,0,0,0,0,0,0,0,0,0,0,0,0,0,0,0,0,0,0,0,0,0
891faeaf483ffff,50.1177,8.70969,frankfurt,True,2122,10.5287,1159,False,0.463748,False,1331,0.913338,0,0,0,0,0,0,0,1,0,0,2,0,0,0,1,0,0,0,1,0,0,0,0,1,1,0,2,0,2
891faeaf487ffff,50.1182,8.71445,frankfurt,True,1018,9.05321,532,False,0.369291,False,605,0.92869,0,0,0,0,0,0,0,0,0,0,0,0,0,0,0,0,0,0,0,0,0,0,0,0,0,0,0,0,1
891faeaf48bffff,50.1149,8.70766,frankfurt,True,1409,9.44208,706,False,0.374734,False,728,0.892617,0,0,0,0,0,0,0,0,0,0,0,0,1,1,0,0,0,0,0,0,0,1,0,0,0,0,1,0,3
891faeaf48fffff,50.1154,8.71241,frankfurt,True,691,13.0505,397,False,0.586257,False,473,0.955032,0,0,0,0,0,0,0,0,0,0,0,0,0,1,0,0,0,0,0,2,0,0,0,0,0,0,0,0,4
891faeaf493ffff,50.1199,8.70697,frankfurt,True,1315,11.5264,590,False,0.571538,False,765,0.895078,0,0,0,0,0,0,0,0,0,0,0,0,1,4,0,0,0,0,0,0,0,0,0,1,1,0,2,0,0
891faeaf497ffff,50.1204,8.71173,frankfurt,True,1367,9.53389,684,False,0.444364,False,799,0.91909,0,0,0,0,0,0,0,0,0,0,0,0,1,0,0,0,0,0,0,0,0,0,0,0,1,0,0,0,0
891faeaf49bffff,50.1172,8.70494,frankfurt,True,956,9.80208,514,False,0.448665,False,562,0.924694,0,0,0,0,0,0,0,0,0,0,0,0,0,0,0,0,0,0,0,1,0,0,0,0,0,0,0,0,0
891faeaf4a3ffff,50.1164,8.72192,frankfurt,True,11,5.71,10,False,0.3,False,10,1,0,0,0,0,0,0,0,2,0,0,0,0,0,0,0,0,0,0,0,0,0,0,0,0,0,0,0,0,0
891faeaf4a7ffff,50.1169,8.72668,frankfurt,True,9,9.19853,0,True,0.459599,True,4,1,0,0,0,0,0,0,0,1,0,0,0,0,0,0,0,0,0,0,0,1,0,0,0,0,1,0,2,0,3
891faeaf4abffff,50.1136,8.71989,frankfurt,True,23,9.17,4,False,0.571429,False,8,0.873724,0,0,0,0,0,0,0,1,0,0,1,0,0,3,1,0,0,0,0,0,2,0,0,0,2,0,2,0,3
891faeaf4afffff,50.1141,8.72464,frankfurt,True,0,,0,False,0.459599,False,0,0.873724,0,0,0,0,0,1,0,0,0,0,0,0,0,3,0,0,0,1,0,0,1,0,0,0,0,0,0,0,4
891faeaf4b3ffff,50.1187,8.7192,frankfurt,True,167,10.6001,0,True,0.461988,False,0,0.873724,0,0,0,0,0,0,0,0,0,0,0,0,0,0,0,0,0,0,0,0,0,0,0,0,0,0,0,0,0
891faeaf4b7ffff,50.1191,8.72396,frankfurt,True,0,,0,False,0.459599,False,0,0.873724,0,0,0,0,0,0,0,0,0,0,0,0,0,0,0,0,0,0,0,0,0,0,0,0,0,0,0,0,0
891faeaf4bbffff,50.1159,8.71717,frankfurt,True,0,,0,False,0.459599,False,0,0.873724,0,0,0,0,0,0,0,0,0,0,0,0,0,0,0,0,0,0,0,0,0,0,0,0,0,0,0,0,0
891faeaf4c3ffff,50.1117,8.70087,frankfurt,True,1895,11.3257,896,False,0.53102,False,1045,0.885356,0,0,0,0,0,0,0,1,0,0,1,0,3,5,1,0,0,0,0,0,0,0,0,0,1,0,3,0,0
891faeaf4c7ffff,50.1122,8.70562,frankfurt,True,1734,12.0954,927,False,0.583094,False,1049,0.920192,0,0,0,0,0,0,0,2,0,0,2,0,2,8,3,0,0,0,0,1,0,1,0,0,2,0,3,0,0
891faeaf4cbffff,50.1089,8.69883,frankfurt,True,971,14.397,328,False,0.476939,False,505,0.875969,0,0,0,0,0,1,0,0,0,0,0,0,0,1,0,0,0,0,1,0,0,0,0,0,0,0,0,1,1
891faeaf4cfffff,50.1094,8.70359,frankfurt,True,113,13.6,87,False,0.718182,False,87,1,0,0,0,0,0,0,0,0,0,0,0,0,0,0,0,0,0,0,0,0,0,0,0,0,0,0,0,0,2
891faeaf4d3ffff,50.114,8.69815,frankfurt,True,1343,11.4318,800,False,0.552827,False,875,0.941793,0,0,0,0,0,0,0,0,0,0,0,0,4,3,2,0,0,0,0,1,1,0,0,1,2,0,2,0,1
891faeaf4d7ffff,50.1144,8.7029,frankfurt,True,1215,11.779,697,False,0.494215,False,755,0.92247,0,0,0,0,0,0,0,0,0,0,0,0,0,0,0,0,0,0,0,0,0,0,0,0,0,0,0,0,0
891faeaf4dbffff,50.1112,8.69611,frankfurt,True,2167,11.0307,988,False,0.487782,False,1182,0.875635,0,0,0,0,0,0,0,0,0,0,0,0,0,1,4,0,0,0,0,0,0,0,0,0,0,1,0,0,0
891faeaf503ffff,50.1138,8.74638,frankfurt,False,139,13.76,32,False,0.539568,False,58,0.868852,0,0,0,0,0,0,0,0,0,0,1,0,1,1,0,0,0,0,0,0,0,0,0,0,0,0,2,0,3
891faeaf507ffff,50.1143,8.75114,frankfurt,False,732,13.9123,294,False,0.596953,False,354,0.900285,0,0,0,0,0,0,0,0,0,0,0,0,0,0,0,0,0,0,0,0,0,0,0,0,0,0,0,0,0
891faeaf50bffff,50.1111,8.74435,frankfurt,False,35,8.42667,12,False,0.423077,False,12,0.4,0,0,0,0,0,0,0,0,0,0,0,0,0,0,0,0,0,0,0,0,0,0,0,0,0,0,0,0,2
891faeaf50fffff,50.1116,8.7491,frankfurt,False,1846,9.6643,826,False,0.506819,False,915,0.852423,0,0,0,0,0,0,0,1,0,0,0,0,1,2,1,0,0,0,0,0,2,0,0,0,0,0,2,0,3
891faeaf513ffff,50.1161,8.74367,frankfurt,True,0,8.02,3,False,0.459599,False,3,1,0,0,0,0,0,0,0,0,0,0,0,0,0,0,0,0,0,0,0,0,0,0,0,0,0,0,0,0,0
891faeaf517ffff,50.1166,8.74842,frankfurt,True,0,,0,False,0.459599,False,0,0.873724,0,0,0,0,0,0,0,0,0,0,0,0,0,0,0,0,0,0,0,0,0,0,0,0,0,0,0,0,1
891faeaf51bffff,50.1133,8.74163,frankfurt,False,0,,0,False,0.459599,False,0,0.873724,0,0,0,0,0,0,0,0,0,0,0,0,1,0,0,0,0,0,0,0,2,0,0,0,0,0,1,0,0
891faeaf523ffff,50.1125,8.75861,frankfurt,False,92,18.03,129,False,0.932584,False,101,1,0,0,0,0,0,0,0,0,0,0,0,0,0,0,0,0,0,0,0,0,0,0,0,0,0,0,0,0,0
891faeaf527ffff,50.113,8.76337,frankfurt,True,0,,0,False,0.459599,False,0,0.873724,0,0,0,0,0,0,0,0,0,0,0,0,0,0,0,0,0,0,0,0,0,0,0,0,0,0,0,0,0
891faeaf52bffff,50.1098,8.75658,frankfurt,False,1328,9.90815,492,False,0.520661,False,609,0.85,0,0,0,0,0,0,0,0,0,0,1,0,0,0,1,0,0,0,0,0,1,0,0,0,0,0,3,0,0
891faeaf52fffff,50.1103,8.76133,frankfurt,False,412,9.06167,222,False,0.5325,False,233,0.922747,0,0,0,0,0,0,0,0,0,0,0,0,0,1,0,0,0,0,0,0,0,0,0,0,0,0,0,0,0
891faeaf533ffff,50.1148,8.7559,frankfurt,True,290,11.79,126,False,0.552542,False,137,0.835821,0,0,0,0,0,0,0,0,0,0,0,0,0,1,0,0,0,0,0,0,0,0,0,0,0,0,0,0,2
891faeaf537ffff,50.1153,8.76065,frankfurt,True,3,10.245,0,True,0,False,0,0.873724,0,0,0,0,0,0,0,0,0,0,1,0,0,0,0,0,0,0,0,0,0,0,0,0,0,0,1,0,0
891faeaf53bffff,50.112,8.75386,frankfurt,False,1236,10.6911,703,False,0.568345,False,763,0.932361,0,0,0,0,0,0,0,2,0,0,1,0,4,2,0,0,0,0,0,2,0,1,0,0,0,0,2,0,3
891faeaf543ffff,50.1078,8.73755,frankfurt,False,8,6.04,5,False,0.5,False,5,0.873724,0,0,0,0,0,0,0,0,0,0,0,0,0,0,0,0,0,0,0,0,0,0,0,0,0,0,1,0,2
891faeaf547ffff,50.1083,8.74231,frankfurt,False,126,9.9181,63,False,0.474074,False,73,0.780822,0,0,0,0,0,1,0,0,0,0,0,0,0,0,0,0,0,0,0,0,0,0,0,0,0,0,3,0,0
891faeaf54bffff,50.1051,8.73552,frankfurt,False,0,,0,False,0.459599,False,0,0.873724,0,0,0,0,0,0,0,0,0,0,0,0,0,0,0,0,0,0,0,0,0,0,0,0,0,0,2,0,2
891faeaf54fffff,50.1056,8.74027,frankfurt,False,66,10.03,62,False,0.656716,False,67,1,0,0,0,0,0,0,0,0,0,0,0,0,0,0,0,0,0,0,0,0,0,0,1,0,0,1,2,0,2
891faeaf553ffff,50.1101,8.73483,frankfurt,False,0,,0,False,0.459599,False,0,0.873724,0,0,0,0,0,0,0,0,0,0,0,0,0,0,0,0,0,0,0,0,0,0,0,0,0,0,0,0,1
891faeaf557ffff,50.1106,8.73959,frankfurt,False,3,9.62622,0,True,0.459599,True,0,0.873724,0,0,0,0,0,0,0,0,0,0,0,0,0,0,0,0,0,0,0,0,0,0,0,0,0,0,3,2,4
891faeaf55bffff,50.1073,8.7328,frankfurt,False,123,9.26951,61,False,0.552,False,61,0.859375,0,0,0,0,0,1,0,0,0,0,0,0,0,4,0,0,1,1,0,0,0,0,0,0,0,0,4,0,2
891faeaf563ffff,50.1065,8.74978,frankfurt,False,1573,8.95005,749,False,0.494949,False,871,0.883162,1,0,0,0,0,0,0,0,0,0,0,0,2,3,5,0,0,1,0,2,0,0,0,0,0,1,1,0,3
891faeaf567ffff,50.107,8.75454,frankfurt,False,2306,10.4308,1138,False,0.585312,False,1315,0.92003,0,0,0,0,0,1,0,1,0,0,2,0,1,4,2,0,1,0,0,1,0,1,0,0,0,0,1,0,7
891faeaf56bffff,50.1038,8.74774,frankfurt,False,1334,8.81057,562,False,0.474157,False,681,0.876652,0,0,0,0,0,0,0,2,0,0,0,0,0,0,0,0,0,0,0,0,0,0,0,0,0,0,0,0,2
891faeaf56fffff,50.1043,8.7525,frankfurt,False,1330,8.93984,509,False,0.451247,False,671,0.899696,0,0,0,0,0,0,0,1,0,0,0,0,2,3,0,0,0,1,0,0,2,0,0,0,0,0,2,0,2
891faeaf573ffff,50.1088,8.74706,frankfurt,False,1845,9.08436,905,False,0.513236,False,995,0.889447,0,0,0,0,0,0,0,0,0,0,0,0,0,0,0,0,1,0,0,0,0,1,0,0,0,0,2,0,1
891faeaf577ffff,50.1093,8.75182,frankfurt,False,2706,9.15139,1325,False,0.518081,False,1418,0.872611,0,0,0,0,0,0,0,2,0,0,0,0,0,1,1,0,0,1,0,0,0,2,0,0,0,0,3,0,1
891faeaf57bffff,50.1061,8.74503,frankfurt,False,1375,10.2791,536,False,0.519189,False,597,0.834725,0,0,0,0,0,0,0,1,0,0,1,0,1,2,0,0,0,0,0,1,0,0,0,0,0,0,3,0,2
891faeaf583ffff,50.1211,8.74298,frankfurt,True,6,6.97422,0,True,0.333333,False,0,0.873724,0,0,0,0,0,0,0,0,0,0,0,0,0,1,0,0,0,0,0,0,0,0,0,0,0,0,1,0,0
891faeaf587ffff,50.1216,8.74774,frankfurt,True,0,,0,False,0.459599,False,0,0.873724,0,0,0,0,0,0,0,0,0,0,0,0,0,0,0,0,0,0,0,0,0,0,0,0,0,0,1,0,4
891faeaf58bffff,50.1183,8.74095,frankfurt,True,9,12.8861,0,True,0.8,False,0,0.873724,0,0,0,0,0,0,0,0,0,0,0,0,0,0,0,0,0,0,0,0,0,0,0,0,0,0,1,0,0
891faeaf58fffff,50.1188,8.7457,frankfurt,True,0,,0,False,0.459599,False,0,0.873724,0,0,0,0,0,0,0,0,0,0,0,0,0,0,0,0,0,0,0,0,0,0,0,0,0,0,0,0,0
891faeaf593ffff,50.1234,8.74027,frankfurt,True,0,,0,False,0.459599,False,0,0.873724,0,0,0,0,0,0,0,0,0,0,0,0,0,0,0,0,0,0,0,0,0,0,0,2,2,0,2,0,1
891faeaf597ffff,50.1238,8.74502,frankfurt,True,19,8.43,3,False,0.714286,False,4,1,0,0,0,0,0,0,0,0,0,0,0,0,0,0,0,0,0,0,0,0,0,0,0,0,1,0,4,0,1
891faeaf59bffff,50.1206,8.73823,frankfurt,True,3,7.02531,0,True,1,False,3,1,0,0,0,0,0,0,0,0,0,0,0,0,0,0,0,0,0,0,0,0,0,0,0,0,0,0,1,0,0
891faeaf5a3ffff,50.1198,8.75522,frankfurt,True,3,10.0044,0,True,0,False,0,0.873724,0,0,0,0,0,0,0,0,0,0,0,0,0,0,0,0,0,0,0,0,0,0,0,0,0,0,2,0,0
891faeaf5a7ffff,50.1203,8.75997,frankfurt,True,4,8.59227,0,True,1,False,0,0.873724,0,0,0,0,0,0,0,0,0,0,0,0,0,0,0,0,0,0,0,0,0,0,0,0,0,0,0,0,1
891faeaf5abffff,50.1171,8.75318,frankfurt,True,0,,0,False,0.459599,False,0,0.873724,0,0,0,0,0,0,0,0,0,0,0,0,0,0,0,0,0,0,0,0,0,0,0,0,0,0,0,0,0
891faeaf5afffff,50.1175,8.75793,frankfurt,True,0,,0,False,0.459599,False,0,0.873724,0,0,0,0,0,0,0,0,0,0,0,0,0,0,0,0,0,0,0,0,0,0,0,0,0,0,2,0,4
891faeaf5b3ffff,50.1221,8.7525,frankfurt,True,0,,0,False,0.459599,False,0,0.873724,0,0,0,0,0,0,0,0,0,0,0,0,0,0,0,0,0,0,0,0,0,0,0,0,0,0,2,0,1
891faeaf5b7ffff,50.1226,8.75725,frankfurt,True,0,,0,False,0.459599,False,0,0.873724,0,0,0,0,0,0,0,0,0,0,0,0,0,0,0,0,0,0,0,0,0,0,0,0,0,0,0,0,0
891faeaf5bbffff,50.1193,8.75046,frankfurt,True,0,,0,False,0.459599,False,0,0.873724,0,0,0,0,0,0,0,0,0,0,0,0,0,0,0,0,0,0,0,0,0,0,0,0,0,0,0,0,0
891faeaf5c3ffff,50.1151,8.73415,frankfurt,True,0,,0,False,0.459599,False,0,0.873724,0,0,0,0,0,0,0,0,0,0,0,0,0,0,0,0,0,0,0,0,0,0,0,0,0,0,0,0,0
891faeaf5c7ffff,50.1156,8.73891,frankfurt,True,0,,0,False,0.459599,False,0,0.873724,0,0,0,0,0,0,0,0,0,0,0,0,0,0,0,0,0,0,0,0,0,0,0,0,0,0,0,0,0
891faeaf5cbffff,50.1124,8.73212,frankfurt,True,35,9.9012,25,False,0.727273,False,25,1,0,0,0,0,0,0,0,0,0,0,0,0,1,1,0,0,0,0,0,1,0,0,0,0,0,0,3,0,2
891faeaf5cfffff,50.1128,8.73687,frankfurt,True,0,,0,False,0.459599,False,0,0.873724,0,0,0,0,0,0,0,0,0,0,0,0,0,0,0,0,0,0,0,0,0,0,0,0,0,0,0,0,0
891faeaf5d3ffff,50.1174,8.73143,frankfurt,True,0,,0,False,0.459599,False,0,0.873724,0,0,0,0,0,0,0,0,0,0,0,0,0,0,0,0,0,0,0,0,0,0,0,0,0,0,1,0,1
891faeaf5d7ffff,50.1179,8.73619,frankfurt,True,88,10.0336,0,True,0.708333,False,3,1,0,0,0,0,0,0,0,0,0,0,0,0,0,0,0,0,0,0,0,0,0,0,0,0,0,0,1,0,0
891faeaf5dbffff,50.1146,8.7294,frankfurt,True,16,12.9992,13,False,0.459599,True,13,1,0,0,0,0,0,0,0,0,0,0,0,0,0,0,0,0,0,0,0,0,0,1,0,0,0,0,0,0,1
891faeaf603ffff,50.0912,8.69885,frankfurt,True,27,12.3467,9,False,0.459599,True,13,0.873724,0,0,0,0,0,0,0,0,0,0,0,0,0,0,0,0,0,0,1,0,0,0,0,0,0,0,0,0,0
891faeaf607ffff,50.0917,8.7036,frankfurt,True,50,11.84,16,False,0.410256,False,22,1,0,0,0,0,0,0,0,0,0,0,0,0,0,0,0,0,0,0,0,0,0,0,0,0,0,0,0,0,0
891faeaf60bffff,50.0884,8.69681,frankfurt,True,296,10.5312,76,False,0.285246,False,131,0.780488,0,0,0,0,0,0,0,0,0,0,0,0,0,0,0,0,0,0,1,0,0,0,0,0,0,0,1,0,0
891faeaf60fffff,50.0889,8.70157,frankfurt,True,475,11.1466,87,False,0.32996,False,215,0.807512,0,0,0,0,0,0,0,0,0,0,0,0,0,0,0,0,0,0,0,0,0,0,0,0,0,0,1,0,0
891faeaf613ffff,50.0934,8.69613,frankfurt,True,886,11.9576,275,False,0.432955,False,456,0.86031,0,0,0,0,0,0,0,0,0,0,1,0,0,0,0,0,0,0,0,0,0,0,0,0,0,0,2,0,0
891faeaf617ffff,50.0939,8.70088,frankfurt,True,354,11.4654,83,False,0.425287,False,158,0.828221,0,0,0,0,0,0,0,0,1,0,0,0,0,0,0,0,0,0,0,0,0,0,0,0,0,0,1,0,0
891faeaf61bffff,50.0907,8.6941,frankfurt,True,100,11.6425,24,False,0.354167,False,52,0.903846,0,0,0,0,0,0,0,0,0,0,0,0,0,0,0,0,0,0,0,0,0,0,0,0,0,0,1,0,0
891faeaf623ffff,50.0899,8.71107,frankfurt,True,0,,0,False,0.459599,False,0,0.873724,0,0,0,0,0,0,0,0,0,0,0,0,0,1,0,0,0,0,0,0,0,0,0,1,0,0,1,0,0
891faeaf627ffff,50.0904,8.71583,frankfurt,True,0,,0,False,0.459599,False,0,0.873724,0,0,0,0,0,0,0,0,0,0,0,0,0,0,0,0,0,0,0,0,0,0,0,0,0,0,0,0,0
891faeaf62bffff,50.0871,8.70904,frankfurt,True,99,13.4382,11,False,0.242105,False,44,0.711111,0,0,0,0,0,0,0,0,0,0,0,0,0,0,0,0,0,0,0,0,0,0,0,0,0,0,0,0,0
891faeaf62fffff,50.0876,8.71379,frankfurt,True,0,,0,False,0.459599,False,0,0.873724,0,0,0,0,0,0,0,0,0,0,0,0,0,0,0,0,0,0,0,0,0,0,0,0,0,0,0,0,0
891faeaf633ffff,50.0921,8.70835,frankfurt,True,3,10.2798,0,True,0.459599,True,3,1,0,0,0,0,0,0,0,0,0,0,0,0,0,0,0,0,0,0,0,0,0,0,0,0,0,0,0,0,0
891faeaf637ffff,50.0926,8.71311,frankfurt,True,0,,0,False,0.459599,False,0,0.873724,0,0,0,0,0,0,0,0,0,0,0,0,0,0,0,0,0,0,0,0,0,0,0,0,0,0,0,0,0
891faeaf63bffff,50.0894,8.70632,frankfurt,True,278,10.3988,59,False,0.357143,False,112,0.734513,0,0,0,0,0,0,0,0,0,0,0,0,0,0,0,0,0,0,0,0,0,0,0,0,0,0,1,0,0
891faeaf643ffff,50.0852,8.69003,frankfurt,True,61,8.845,8,False,0.320755,False,28,0.8,0,0,0,0,0,0,0,0,0,0,0,0,0,0,0,0,0,0,0,0,0,0,0,0,0,0,0,0,0
891faeaf647ffff,50.0857,8.69478,frankfurt,True,337,12.2318,137,False,0.453258,False,201,0.905473,0,0,0,0,0,0,0,0,0,0,0,0,0,0,0,0,0,0,1,0,0,0,0,0,0,0,0,0,0
891faeaf64bffff,50.0824,8.68799,frankfurt,True,83,11.4569,13,False,0.276596,False,35,0.892857,0,0,0,0,0,0,0,0,0,0,0,0,0,0,0,0,0,0,0,0,0,0,0,0,0,0,0,0,0
891faeaf64fffff,50.0829,8.69274,frankfurt,True,3,11.5935,0,True,0.459599,True,3,0.873724,0,0,0,0,0,0,0,0,0,0,0,0,0,0,0,0,0,0,0,0,0,0,0,0,0,0,0,0,0
891faeaf653ffff,50.0874,8.68731,frankfurt,True,267,11.425,72,False,0.373541,False,143,0.861538,0,0,0,0,0,0,0,0,0,0,0,0,0,0,0,0,0,0,0,0,0,0,0,0,0,0,0,0,0
891faeaf657ffff,50.0879,8.69206,frankfurt,True,253,11.9112,98,False,0.545852,False,132,0.89726,0,0,0,0,0,0,0,0,0,0,0,0,0,1,0,0,0,0,0,0,0,0,0,0,0,0,3,0,0
891faeaf65bffff,50.0847,8.68527,frankfurt,True,160,11.5211,19,False,0.34375,False,73,0.828571,0,0,0,0,0,0,0,0,0,0,0,0,0,0,0,0,0,0,0,0,0,0,0,0,0,0,0,0,0
891faeaf663ffff,50.0839,8.70225,frankfurt,True,0,,0,False,0.459599,False,0,0.873724,0,0,0,0,0,0,0,0,0,0,0,0,0,0,0,0,0,0,0,0,0,0,0,0,0,0,0,0,1
891faeaf667ffff,50.0844,8.707,frankfurt,True,0,,0,False,0.459599,False,0,0.873724,0,0,0,0,0,0,0,0,0,0,0,0,0,0,0,0,0,0,0,0,0,0,0,0,0,0,0,0,0
891faeaf66bffff,50.0811,8.70022,frankfurt,True,0,,0,False,0.459599,False,0,0.873724,0,0,0,0,0,0,0,0,0,0,0,0,0,0,0,0,0,0,0,0,0,0,0,0,0,0,0,0,0
891faeaf66fffff,50.0816,8.70497,frankfurt,True,0,,0,False,0.459599,False,0,0.873724,0,0,0,0,0,0,0,0,0,0,0,0,0,0,0,0,0,0,0,0,0,0,0,0,0,0,0,0,0
891faeaf673ffff,50.0862,8.69953,frankfurt,True,388,11.3293,54,False,0.340153,False,165,0.775641,0,0,0,0,0,0,0,0,0,0,0,0,0,1,0,0,0,0,0,0,0,0,0,0,0,0,0,0,0
891faeaf677ffff,50.0866,8.70428,frankfurt,True,273,11.5952,61,False,0.327465,False,122,0.907692,0,0,0,0,0,0,0,0,0,0,0,0,0,0,0,0,0,0,0,0,0,0,0,0,0,0,0,0,0
891faeaf67bffff,50.0834,8.6975,frankfurt,True,0,,0,False,0.459599,False,0,0.873724,0,0,0,0,0,0,0,0,0,0,0,0,0,0,0,0,0,0,0,0,0,0,0,0,0,0,4,0,0
891faeaf683ffff,50.0984,8.69545,frankfurt,True,1548,16.3251,623,False,0.576703,False,814,0.878313,0,0,0,0,0,0,0,1,0,0,0,0,0,3,0,0,0,0,0,0,0,0,0,0,0,0,3,0,1
891faeaf687ffff,50.0989,8.7002,frankfurt,True,1001,10.2406,404,False,0.323171,False,561,0.914439,0,0,0,0,0,0,0,0,0,0,0,0,0,0,0,0,0,0,0,0,0,0,0,0,0,0,0,0,0
891faeaf68bffff,50.0957,8.69341,frankfurt,True,344,15.2356,95,False,0.473239,False,167,0.859756,0,0,0,0,0,0,0,1,0,0,0,0,0,1,0,0,0,0,0,0,0,0,0,0,0,0,0,0,1
891faeaf68fffff,50.0962,8.69816,frankfurt,True,789,12.0632,226,False,0.472325,False,374,0.780749,0,0,0,0,0,0,0,0,0,0,0,0,0,1,0,0,0,0,0,0,0,0,0,0,0,0,2,0,0
891faeaf693ffff,50.1007,8.69273,frankfurt,True,1494,11.3655,851,False,0.577866,False,961,0.943867,0,0,0,0,0,0,0,1,0,0,1,0,0,3,0,0,1,0,0,0,0,0,0,0,0,1,5,0,2
891faeaf697ffff,50.1012,8.69748,frankfurt,True,733,11.9709,224,False,0.386085,False,306,0.893548,0,0,0,0,0,0,0,1,0,0,0,0,0,0,0,0,0,0,0,0,0,0,0,0,1,0,2,0,1
891faeaf69bffff,50.0979,8.69069,frankfurt,True,1127,12.1557,496,False,0.511504,False,624,0.904685,0,0,0,0,0,0,0,1,0,0,0,0,0,2,0,0,0,0,0,2,0,0,0,0,0,0,2,0,0
891faeaf6a3ffff,50.0972,8.70767,frankfurt,True,26,14.65,5,False,0.459599,True,9,0.873724,0,0,0,0,0,0,0,0,0,0,0,0,0,0,0,0,0,0,0,0,4,0,0,0,0,0,0,0,0
891faeaf6a7ffff,50.0976,8.71243,frankfurt,True,88,12.5391,11,False,0.354839,False,37,0.625,0,0,0,0,0,0,0,0,0,0,0,0,1,0,0,0,0,0,0,0,0,0,0,0,0,0,0,1,0
891faeaf6abffff,50.0944,8.70564,frankfurt,True,4,10.6446,0,True,0.459599,True,7,1,0,0,0,0,0,0,0,0,0,0,0,0,0,0,0,0,0,0,0,0,0,0,0,0,0,0,1,0,0
891faeaf6afffff,50.0949,8.71039,frankfurt,True,4,9.78009,0,True,0.459599,True,3,0.873724,0,0,0,0,0,0,0,0,0,0,0,0,0,0,0,0,0,0,0,0,0,0,0,0,0,0,0,0,0
891faeaf6b3ffff,50.0994,8.70495,frankfurt,True,245,9.16311,61,False,0.446721,False,101,0.81,0,0,0,0,0,0,0,0,0,0,1,0,0,1,0,0,0,0,0,0,0,0,0,0,2,0,0,0,0
891faeaf6b7ffff,50.0999,8.70971,frankfurt,True,67,10.76,13,False,0.455882,False,31,0.65,0,0,0,0,0,0,0,0,0,0,0,0,0,0,0,0,0,0,0,0,0,0,0,0,0,0,0,0,0
891faeaf6bbffff,50.0967,8.70292,frankfurt,True,925,9.38542,507,False,0.441935,False,563,0.92,0,0,0,0,0,0,0,0,0,0,0,0,0,0,0,0,0,0,0,0,0,0,0,0,0,0,1,0,0
891faeaf6c3ffff,50.0924,8.68662,frankfurt,True,1761,11.9501,642,False,0.444508,False,953,0.891693,0,0,0,0,0,0,0,1,0,0,0,0,0,0,0,0,0,0,0,0,0,0,0,0,0,0,1,0,0
891faeaf6c7ffff,50.0929,8.69138,frankfurt,True,591,10.877,196,False,0.420608,False,286,0.863481,0,0,0,0,0,0,0,0,0,0,0,0,0,0,1,0,0,0,1,0,0,0,0,0,0,0,3,0,0
891faeaf6cbffff,50.0897,8.68459,frankfurt,True,583,13.2445,130,False,0.401033,False,279,0.865248,0,0,0,0,0,0,0,0,0,0,0,0,0,0,0,0,0,0,0,0,0,0,0,0,0,0,1,0,0
891faeaf6cfffff,50.0902,8.68934,frankfurt,True,1273,12.2796,491,False,0.419734,False,772,0.928021,0,0,0,0,0,0,0,0,0,0,1,0,0,0,1,0,0,0,0,0,0,0,0,0,0,0,0,0,0
891faeaf6d3ffff,50.0947,8.68391,frankfurt,True,1727,12.0883,708,False,0.467284,False,1088,0.93617,1,0,0,0,0,1,0,1,0,0,0,0,0,4,0,0,0,0,0,0,0,0,0,1,0,0,1,0,0
891faeaf6d7ffff,50.0952,8.68866,frankfurt,True,1006,12.2513,456,False,0.457227,False,610,0.934211,0,0,0,0,0,0,0,0,0,0,0,0,0,0,0,0,0,0,0,0,0,0,0,0,0,0,1,0,0
891faeaf6dbffff,50.092,8.68187,frankfurt,True,1639,11.4512,836,False,0.495134,False,994,0.914401,0,0,0,0,0,0,0,1,0,0,0,0,0,2,1,0,0,0,0,0,0,0,0,0,0,0,1,0,0
891faeb8903ffff,50.1668,8.57034,frankfurt,False,594,9.8025,112,False,0.358362,False,242,0.836653,0,0,0,0,0,0,0,0,0,0,0,0,0,3,1,0,0,1,0,0,0,1,0,0,0,0,4,0,2
891faeb8907ffff,50.1673,8.5751,frankfurt,False,816,8.76257,280,False,0.406061,False,390,0.841584,0,0,0,0,0,0,0,0,0,1,0,0,1,2,0,0,0,0,0,0,0,0,0,0,0,0,1,0,0
891faeb890fffff,50.1645,8.57307,frankfurt,False,179,10.1743,7,False,0.270588,False,70,0.705882,0,0,0,0,0,0,0,1,0,0,2,0,1,0,0,0,0,0,0,0,0,0,0,0,0,0,1,0,0
891faeb8917ffff,50.1695,8.57237,frankfurt,False,602,8.61933,120,False,0.353503,False,252,0.812749,0,0,0,0,0,0,0,0,0,0,1,0,1,2,1,0,0,0,0,0,0,0,0,0,0,0,0,0,0
891faeb8923ffff,50.1655,8.58257,frankfurt,False,1813,7.22707,492,False,0.344676,False,811,0.829448,0,0,0,0,0,0,0,1,0,0,0,0,0,0,0,0,0,0,0,0,0,0,0,0,0,0,3,0,0
891faeb8927ffff,50.166,8.58733,frankfurt,False,168,6.61923,52,False,0.341935,False,67,0.810811,0,0,0,0,0,0,0,0,0,0,0,0,0,0,0,0,0,0,0,0,0,0,0,0,0,0,0,0,0
891faeb892bffff,50.1628,8.58054,frankfurt,False,189,9.04959,49,False,0.269841,False,86,0.882353,0,0,0,0,0,0,0,0,0,0,0,0,0,0,0,0,0,0,0,0,0,0,0,0,0,0,0,0,0
891faeb892fffff,50.1633,8.5853,frankfurt,False,587,9.21228,114,False,0.250429,False,319,0.858859,0,0,0,0,0,0,0,0,0,0,0,0,0,0,0,0,0,0,0,0,0,0,0,0,0,0,0,0,0
891faeb8933ffff,50.1678,8.57985,frankfurt,False,1030,7.00779,443,False,0.406037,False,485,0.84127,0,0,0,0,0,0,0,0,0,0,0,0,0,0,0,0,0,0,0,0,0,0,0,0,0,0,1,0,0
891faeb8937ffff,50.1683,8.58461,frankfurt,False,73,7.52813,16,False,0.343284,False,37,0.870968,0,0,0,0,0,0,0,0,0,0,0,0,0,0,0,0,0,0,0,0,0,0,0,0,0,0,0,0,1
891faeb893bffff,50.165,8.57782,frankfurt,False,305,6.93886,79,False,0.340694,False,135,0.732824,0,0,0,0,0,0,0,0,0,0,0,0,0,0,0,0,0,0,0,0,0,0,0,0,0,0,0,0,0
891faeb8963ffff,50.1595,8.57376,frankfurt,False,0,,0,False,0.459599,False,0,0.873724,0,0,0,0,0,0,0,0,0,0,0,0,0,0,0,0,0,0,0,0,0,0,0,0,0,0,0,0,0
891faeb8967ffff,50.16,8.57851,frankfurt,False,0,,0,False,0.459599,False,0,0.873724,0,0,0,0,0,0,0,0,0,0,0,0,0,0,0,0,0,0,0,0,0,0,0,0,0,0,0,0,0
891faeb896bffff,50.1568,8.57173,frankfurt,False,0,,0,False,0.459599,False,0,0.873724,0,0,0,0,0,0,0,0,0,0,0,0,0,0,0,0,0,0,0,0,0,0,0,0,0,0,0,0,0
891faeb896fffff,50.1573,8.57648,frankfurt,False,0,,0,False,0.459599,False,0,0.873724,0,0,0,0,0,0,0,0,0,0,0,0,0,0,0,0,0,0,0,0,0,0,0,0,0,0,0,0,0
891faeb8973ffff,50.1618,8.57104,frankfurt,False,108,9.29595,42,False,0.412844,False,47,0.87234,0,0,0,0,0,0,0,0,0,1,0,0,0,0,0,0,0,0,0,0,0,0,0,0,0,0,0,0,0
891faeb8977ffff,50.1623,8.57579,frankfurt,False,4,7.86835,0,True,0.5,False,0,0.873724,0,0,0,0,0,0,0,0,0,0,0,0,0,0,0,0,0,0,0,0,0,0,0,0,0,0,0,0,0
891faeb8987ffff,50.1745,8.57168,frankfurt,False,39,10.13,12,False,0.384615,False,15,0.65,0,0,0,0,0,0,0,0,0,0,0,0,0,0,0,0,0,0,0,0,0,0,0,0,0,0,0,0,0
891faeb898fffff,50.1718,8.56965,frankfurt,False,880,6.37779,231,False,0.318956,False,380,0.777202,0,0,0,0,0,0,0,0,0,0,0,0,1,0,0,0,0,0,0,0,0,0,0,0,0,0,0,0,0
891faeb89a3ffff,50.1728,8.57916,frankfurt,False,0,,0,False,0.459599,False,0,0.873724,0,0,0,0,0,0,0,0,0,0,0,0,0,0,0,0,0,0,0,0,0,0,0,0,0,0,0,0,1
891faeb89a7ffff,50.1733,8.58391,frankfurt,False,49,10.49,6,False,0.388889,False,15,0.684211,0,0,0,0,0,0,0,0,0,0,0,0,0,0,0,0,0,0,0,0,0,0,0,0,0,0,0,0,1
891faeb89abffff,50.17,8.57713,frankfurt,False,681,7.30302,222,False,0.379056,False,319,0.851974,0,0,0,0,0,0,0,0,0,0,1,0,0,3,0,0,0,0,1,0,0,0,0,0,0,0,2,0,0
891faeb89afffff,50.1705,8.58188,frankfurt,False,19,11.27,4,False,0.388889,False,6,0.5,0,0,0,0,0,0,0,2,0,0,1,0,0,0,0,0,0,1,0,0,0,0,0,0,0,0,2,0,0
891faeb89b3ffff,50.175,8.57643,frankfurt,False,0,,0,False,0.459599,False,0,0.873724,0,0,0,0,0,0,0,0,0,0,0,0,0,0,0,0,0,0,0,0,0,0,0,0,0,0,0,0,0
891faeb89b7ffff,50.1755,8.58119,frankfurt,False,0,,0,False,0.459599,False,0,0.873724,0,0,0,0,0,0,0,0,0,0,0,0,0,0,0,0,0,0,0,0,0,0,0,0,0,0,0,0,0
891faeb89bbffff,50.1723,8.5744,frankfurt,False,421,6.11109,165,False,0.316425,False,193,0.853403,0,0,0,0,0,0,0,0,0,0,0,0,0,0,0,0,0,0,0,0,0,0,0,0,0,0,0,0,0
891faeb8a4bffff,50.1353,8.51204,frankfurt,False,216,7.59714,77,False,0.38756,False,97,0.764706,0,0,0,0,0,0,0,0,0,0,0,0,0,0,0,0,0,0,0,0,0,0,0,0,0,0,0,0,0
891faeb8a6bffff,50.1341,8.52426,frankfurt,False,424,9.59461,115,False,0.387019,False,203,0.86413,0,0,0,0,0,0,0,0,0,0,0,0,0,0,0,0,0,0,0,0,0,0,0,0,0,0,0,0,0
891faeb8b23ffff,50.1463,8.56836,frankfurt,False,750,10.7323,190,False,0.431607,False,366,0.833333,0,0,0,0,0,0,0,0,0,0,0,0,0,0,0,0,0,0,0,0,0,0,0,0,0,0,0,0,0
891faeb8b27ffff,50.1468,8.57311,frankfurt,False,706,8.576,250,False,0.319502,False,356,0.859504,0,0,0,0,0,0,0,0,0,0,0,0,0,0,0,0,0,0,0,0,0,0,0,0,0,0,2,0,0
891faeb8b2bffff,50.1435,8.56633,frankfurt,False,579,10.8078,171,False,0.432143,False,308,0.892157,0,0,0,0,0,0,0,0,0,0,1,0,0,1,0,0,0,0,0,0,0,1,0,0,0,0,2,0,0
891faeb8b2fffff,50.144,8.57108,frankfurt,False,718,11.6047,203,False,0.476122,False,369,0.88764,0,0,0,0,0,0,0,0,0,0,0,0,0,2,0,0,0,0,0,0,0,0,0,0,0,0,2,0,1
891faeb8b4fffff,50.1393,8.55005,frankfurt,False,0,,0,False,0.459599,False,0,0.873724,0,0,0,0,0,0,0,0,0,0,0,0,0,0,0,0,0,0,0,0,0,0,0,0,0,0,0,0,0
891faeb8b63ffff,50.1403,8.55955,frankfurt,False,274,9.99425,80,False,0.383399,False,118,0.855932,0,0,0,0,0,0,0,0,0,0,0,0,0,1,0,0,0,0,0,0,0,0,0,0,0,0,0,0,0
891faeb8b67ffff,50.1408,8.5643,frankfurt,False,1126,10.3457,423,False,0.462996,False,539,0.830224,0,0,0,0,0,0,0,2,0,0,1,0,1,2,1,0,0,0,0,0,0,0,0,0,0,0,1,0,0
891faeb8b6bffff,50.1375,8.55752,frankfurt,False,0,,0,False,0.459599,False,0,0.873724,0,0,0,0,0,0,0,0,0,0,0,0,0,0,0,0,0,0,0,0,0,0,0,0,0,0,0,0,0
891faeb8b6fffff,50.138,8.56227,frankfurt,False,279,10.1789,95,False,0.460076,False,159,0.928571,0,0,0,0,0,0,0,0,0,0,0,0,0,0,0,0,0,0,0,0,0,0,0,0,0,0,0,0,0
891faeb8b73ffff,50.1425,8.55683,frankfurt,False,364,10.3745,89,False,0.407008,False,161,0.889655,0,0,0,0,0,0,0,0,0,0,0,0,0,0,1,0,0,0,0,0,0,0,0,0,0,0,1,0,0
891faeb8b77ffff,50.143,8.56158,frankfurt,False,280,10.1427,99,False,0.438202,False,137,0.834646,0,0,0,1,0,0,0,1,0,0,1,0,2,1,0,0,0,0,1,0,0,0,0,0,0,1,3,0,2
891faeb8b7bffff,50.1398,8.5548,frankfurt,False,41,10.435,6,False,0.333333,False,18,0.823529,0,0,0,0,0,0,0,0,0,0,0,0,0,0,0,0,0,0,0,0,0,0,0,0,0,0,0,0,0
891faeb9803ffff,50.1213,8.47545,frankfurt,False,8,9.75766,0,True,0,False,3,0.873724,0,0,0,0,0,0,0,0,0,0,0,0,0,0,0,0,0,0,0,0,0,0,0,0,0,0,0,0,0
891faeb9807ffff,50.1218,8.48019,frankfurt,False,407,10.155,64,False,0.334146,False,160,0.768786,0,0,0,0,0,0,0,3,0,0,1,0,0,0,0,0,0,0,1,0,0,0,0,0,0,0,4,0,0
891faeb980bffff,50.1186,8.47342,frankfurt,False,0,,0,False,0.459599,False,0,0.873724,0,0,0,0,0,0,0,0,0,0,0,0,0,0,0,0,0,0,0,0,0,0,0,0,0,0,0,0,0
891faeb980fffff,50.1191,8.47817,frankfurt,False,0,,0,False,0.459599,False,0,0.873724,0,0,0,0,0,0,0,0,0,0,0,0,0,0,0,0,0,0,0,0,0,0,0,0,0,0,0,0,0
891faeb981bffff,50.1208,8.4707,frankfurt,False,0,,0,False,0.459599,False,0,0.873724,0,0,0,0,0,0,0,0,0,0,0,0,0,0,0,0,0,0,0,0,0,0,0,0,0,0,0,0,0
891faeb9823ffff,50.1201,8.48767,frankfurt,False,321,10.3507,71,False,0.406627,False,155,0.788462,0,0,0,0,0,0,0,0,0,0,0,0,0,0,0,0,0,0,0,0,0,0,0,0,0,0,1,0,0
891faeb9827ffff,50.1206,8.49241,frankfurt,False,442,9.60969,98,False,0.335601,False,216,0.888372,0,0,0,0,0,0,0,0,0,0,1,0,0,0,0,0,0,0,0,0,0,0,0,0,0,0,2,0,1
891faeb982bffff,50.1173,8.48564,frankfurt,False,17,10.362,0,True,0.65,False,11,0.873724,0,0,0,0,0,0,0,0,0,0,0,0,0,0,0,0,0,0,0,0,0,0,0,0,0,1,0,0,0
891faeb982fffff,50.1178,8.49039,frankfurt,False,377,9.71011,89,False,0.376963,False,193,0.913043,0,0,0,0,0,0,0,0,0,0,0,0,0,1,0,0,0,0,0,0,0,0,0,0,0,0,1,0,0
891faeb9833ffff,50.1223,8.48494,frankfurt,False,111,9.95087,23,False,0.344086,False,47,0.693878,0,0,0,0,0,0,0,0,0,0,0,0,0,0,0,0,0,0,0,0,0,0,0,0,0,0,0,0,0
891faeb9837ffff,50.1228,8.48969,frankfurt,False,170,9.58,16,False,0.295858,False,67,0.709677,0,0,0,0,0,0,0,0,0,0,0,0,0,0,0,0,0,0,0,0,0,0,0,0,0,0,0,0,0
891faeb983bffff,50.1196,8.48292,frankfurt,False,185,8.97714,28,False,0.464481,False,49,0.827586,0,0,0,0,0,0,0,0,0,0,0,0,0,0,0,0,0,0,0,0,0,0,0,0,0,0,0,0,1
891faeb9843ffff,50.1153,8.46665,frankfurt,False,3,7.83571,0,True,1,False,0,0.873724,0,0,0,0,0,0,0,0,0,0,0,0,0,0,0,0,0,0,0,0,0,0,0,0,0,0,0,0,1
891faeb9847ffff,50.1158,8.4714,frankfurt,False,0,,0,False,0.459599,False,0,0.873724,0,0,0,0,0,0,0,0,0,0,0,0,0,0,0,0,0,0,0,0,0,0,0,0,0,0,0,0,0
891faeb984bffff,50.1126,8.46463,frankfurt,False,0,,0,False,0.459599,False,0,0.873724,0,0,0,0,0,0,0,0,0,0,0,0,0,0,0,0,0,0,0,0,0,0,0,0,0,0,0,0,0
891faeb984fffff,50.1131,8.46937,frankfurt,False,0,,0,False,0.459599,False,0,0.873724,0,0,0,0,0,0,0,0,0,0,0,0,0,0,0,0,0,0,0,0,0,0,0,0,0,0,0,0,0
891faeb9853ffff,50.1176,8.46393,frankfurt,False,24,7.83571,0,True,0.555556,False,6,0,0,0,0,0,0,0,0,0,0,0,0,0,0,0,0,0,0,0,0,0,0,0,0,0,0,0,0,0,0
891faeb9857ffff,50.1181,8.46867,frankfurt,False,7,10.82,3,False,0.5,False,5,1,0,0,0,0,0,0,0,0,0,0,1,0,0,0,1,0,0,0,0,0,0,0,0,1,0,0,0,0,2
891faeb985bffff,50.1148,8.4619,frankfurt,False,4,5.98,5,False,0.459599,True,5,1,0,0,0,0,0,0,0,0,0,0,0,0,0,0,0,0,0,0,0,0,0,0,0,0,0,0,0,0,0
891faeb9863ffff,50.1141,8.47887,frankfurt,False,5,8.97714,0,True,0.459599,True,0,0.873724,0,0,0,0,0,0,0,0,0,0,0,0,0,0,0,0,0,0,0,0,0,0,0,0,0,0,0,0,0
891faeb9867ffff,50.1146,8.48362,frankfurt,False,0,,0,False,0.459599,False,0,0.873724,0,0,0,0,0,0,0,0,0,0,0,0,0,0,0,0,0,0,0,0,0,0,0,0,0,0,0,0,0
891faeb986bffff,50.1113,8.47684,frankfurt,False,0,,0,False,0.459599,False,0,0.873724,0,0,0,0,0,0,0,0,0,0,0,0,0,0,0,0,0,0,0,0,0,0,0,0,0,0,0,0,0
891faeb986fffff,50.1118,8.48159,frankfurt,False,0,,0,False,0.459599,False,0,0.873724,0,0,0,0,0,0,0,0,0,0,0,0,0,0,0,0,0,0,0,0,0,0,0,0,0,0,0,0,0
891faeb9873ffff,50.1163,8.47615,frankfurt,False,0,,0,False,0.459599,False,0,0.873724,0,0,0,0,0,0,0,0,0,0,0,0,0,0,0,0,0,0,0,0,0,0,0,0,0,0,0,0,0
891faeb9877ffff,50.1168,8.48089,frankfurt,False,0,,0,False,0.459599,False,0,0.873724,0,0,0,0,0,0,0,0,0,0,0,0,0,0,0,0,0,0,0,0,0,0,0,0,0,0,0,0,0
891faeb987bffff,50.1136,8.47412,frankfurt,False,0,,0,False,0.459599,False,0,0.873724,0,0,0,0,0,0,0,0,0,0,0,0,0,0,0,0,0,0,0,0,0,0,0,0,0,0,0,0,0
891faeb98cfffff,50.1203,8.46595,frankfurt,False,48,7.89,6,False,0.452381,False,12,1,0,0,0,0,0,0,0,0,0,0,0,0,0,0,0,0,0,0,0,0,0,0,0,0,0,0,0,0,0
891faeb9903ffff,50.1248,8.50869,frankfurt,False,0,,0,False,0.459599,False,0,0.873724,0,0,0,0,0,0,0,0,0,0,0,0,0,0,0,0,0,0,0,0,0,0,0,0,0,0,0,0,0
891faeb9907ffff,50.1253,8.51343,frankfurt,False,0,,0,False,0.459599,False,0,0.873724,0,0,0,0,0,0,0,0,0,0,0,0,0,0,0,0,0,0,0,0,0,0,0,0,0,0,0,0,0
891faeb990bffff,50.1221,8.50666,frankfurt,False,0,,0,False,0.459599,False,0,0.873724,0,0,0,0,0,0,0,0,0,0,0,0,0,0,0,0,0,0,0,0,0,0,0,0,0,0,0,0,0
891faeb990fffff,50.1226,8.51141,frankfurt,False,0,,0,False,0.459599,False,0,0.873724,0,0,0,0,0,0,0,0,0,0,0,0,0,0,0,0,0,0,0,0,0,0,0,0,0,0,0,0,0
891faeb9913ffff,50.1271,8.50596,frankfurt,False,0,,0,False,0.459599,False,0,0.873724,0,0,0,0,0,0,0,0,0,0,0,0,0,0,0,0,0,0,0,0,0,0,0,0,0,0,0,0,0
891faeb9917ffff,50.1276,8.51071,frankfurt,False,0,,0,False,0.459599,False,0,0.873724,0,0,0,0,0,0,0,0,0,0,0,0,0,0,0,0,0,0,0,0,0,0,0,0,0,0,0,0,0
891faeb991bffff,50.1243,8.50394,frankfurt,False,0,,0,False,0.459599,False,0,0.873724,0,0,0,0,0,0,0,0,0,0,0,0,0,0,0,0,0,0,0,0,0,0,0,0,0,0,0,0,0
891faeb9923ffff,50.1236,8.52091,frankfurt,False,0,,0,False,0.459599,False,0,0.873724,0,0,0,0,0,0,0,0,0,0,0,0,0,0,0,0,0,0,0,0,0,0,0,0,0,0,0,0,0
891faeb9927ffff,50.124,8.52566,frankfurt,False,0,,0,False,0.459599,False,0,0.873724,0,0,0,0,0,0,0,0,0,0,0,0,0,0,0,0,0,0,0,0,0,0,0,0,0,0,0,0,0
891faeb992bffff,50.1208,8.51888,frankfurt,True,0,,0,False,0.459599,False,0,0.873724,0,0,0,0,0,0,0,0,0,0,0,0,0,0,0,0,0,0,0,0,0,0,0,0,0,0,0,0,0
891faeb992fffff,50.1213,8.52363,frankfurt,False,0,,0,False,0.459599,False,0,0.873724,0,0,0,0,0,0,0,0,0,0,0,0,0,2,0,0,1,1,0,0,1,0,0,0,0,0,0,0,0
891faeb9933ffff,50.1258,8.51818,frankfurt,False,0,,0,False,0.459599,False,0,0.873724,0,0,0,0,0,0,0,0,0,0,0,0,0,0,0,0,0,0,0,0,0,0,0,0,0,0,0,0,0
891faeb9937ffff,50.1263,8.52293,frankfurt,False,155,9.83176,34,False,0.413793,False,74,0.808219,0,0,0,0,0,0,0,0,0,0,0,0,0,0,0,0,0,0,0,0,0,0,0,0,0,0,3,0,0
891faeb993bffff,50.1231,8.51616,frankfurt,False,0,,0,False,0.459599,False,0,0.873724,0,0,0,0,0,0,0,0,0,0,0,0,0,0,0,0,0,0,0,0,0,0,0,0,0,0,0,0,0
891faeb9943ffff,50.1188,8.49988,frankfurt,False,453,10.1285,132,False,0.3918,False,198,0.925926,0,0,0,0,0,0,0,0,0,0,0,0,0,0,0,0,0,0,0,0,0,0,0,0,0,0,2,0,0
891faeb9947ffff,50.1193,8.50463,frankfurt,False,0,,0,False,0.459599,False,0,0.873724,0,0,0,0,0,0,0,1,0,0,1,0,0,0,0,0,0,0,0,0,0,0,0,0,0,0,0,0,0
891faeb994bffff,50.1161,8.49786,frankfurt,False,182,9.88813,16,False,0.164773,False,88,0.91358,0,0,0,0,0,0,0,0,0,0,0,0,0,0,0,0,0,0,0,0,0,0,0,0,0,0,2,0,0
891faeb994fffff,50.1166,8.50261,frankfurt,False,183,10.0908,39,False,0.466292,False,88,0.901235,0,0,0,0,0,0,0,0,0,0,0,0,0,1,0,0,0,0,0,0,0,0,0,0,0,1,1,0,2
891faeb9953ffff,50.1211,8.49716,frankfurt,False,17,9.01,4,False,0.35,False,6,0.7,0,0,0,0,0,0,0,0,0,0,0,0,0,0,0,0,0,0,0,0,0,0,0,0,0,0,0,0,0
891faeb9957ffff,50.1216,8.50191,frankfurt,False,0,,0,False,0.459599,False,0,0.873724,0,0,0,0,0,0,0,0,0,0,0,0,0,0,0,0,0,0,0,0,0,0,0,0,0,0,0,0,0
891faeb995bffff,50.1183,8.49514,frankfurt,False,609,11.557,184,False,0.391089,False,308,0.81457,0,0,0,0,0,0,0,0,0,0,0,0,0,1,0,0,0,0,0,0,0,0,0,0,0,0,2,0,0
891faeb9963ffff,50.1176,8.5121,frankfurt,False,0,,0,False,0.459599,False,0,0.873724,0,0,0,0,0,0,0,0,0,0,0,0,0,0,0,0,0,0,0,0,0,0,0,0,0,0,0,0,0
891faeb9967ffff,50.118,8.51685,frankfurt,True,0,,0,False,0.459599,False,0,0.873724,0,0,0,0,0,0,0,0,0,0,0,0,0,0,0,0,0,0,0,0,0,0,0,0,0,0,0,0,0
891faeb996bffff,50.1148,8.51008,frankfurt,True,0,,0,False,0.459599,False,0,0.873724,0,0,0,0,0,0,0,0,0,0,0,0,0,0,0,0,0,0,0,0,0,0,0,0,0,0,0,0,0
891faeb996fffff,50.1153,8.51483,frankfurt,True,0,,0,False,0.459599,False,0,0.873724,0,0,0,0,0,0,0,0,0,0,0,0,0,0,0,0,0,0,0,0,0,0,0,0,0,0,0,0,0
891faeb9973ffff,50.1198,8.50938,frankfurt,False,0,,0,False,0.459599,False,0,0.873724,0,0,0,0,0,0,0,0,0,0,0,0,0,0,0,0,0,0,0,0,0,0,0,0,0,0,0,0,0
891faeb9977ffff,50.1203,8.51413,frankfurt,True,0,,0,False,0.459599,False,0,0.873724,0,0,0,0,0,0,0,0,0,0,0,0,0,0,0,0,0,0,0,0,0,0,0,0,0,0,0,0,0
891faeb997bffff,50.1171,8.50736,frankfurt,False,0,,0,False,0.459599,False,0,0.873724,0,0,0,0,0,0,0,0,0,0,0,0,0,0,0,0,0,0,0,0,0,0,0,0,0,0,0,0,0
891faeb9983ffff,50.1321,8.50527,frankfurt,False,156,11.4725,28,False,0.342466,False,68,0.858974,0,0,0,0,0,0,0,0,0,0,0,0,0,0,0,0,0,0,0,0,0,0,0,0,0,0,0,0,0
891faeb9987ffff,50.1326,8.51001,frankfurt,False,146,9.32,23,False,0.290541,False,53,0.581395,0,0,0,0,0,0,0,0,0,0,0,0,0,0,0,0,0,0,0,0,0,0,0,0,0,0,0,0,0
891faeb998bffff,50.1293,8.50324,frankfurt,False,0,,0,False,0.459599,False,0,0.873724,0,0,0,0,0,0,0,0,0,0,0,0,0,0,0,0,0,0,0,0,0,0,0,0,0,0,0,0,0
891faeb998fffff,50.1298,8.50799,frankfurt,False,4,10.75,4,False,1,False,6,1,0,0,0,0,0,0,0,0,0,0,0,0,0,0,0,0,0,0,0,0,0,0,0,0,0,0,0,0,0
891faeb999bffff,50.1316,8.50052,frankfurt,False,0,,0,False,0.459599,False,0,0.873724,0,0,0,0,0,0,0,0,0,0,0,0,0,0,0,0,0,0,0,0,0,0,0,0,0,0,0,0,0
891faeb99a3ffff,50.1308,8.51749,frankfurt,False,59,10.1,29,False,0.484375,False,39,0.926829,0,0,0,0,0,0,0,0,0,0,0,0,0,0,0,0,0,0,0,0,0,0,1,0,0,0,0,0,4
891faeb99a7ffff,50.1313,8.52224,frankfurt,False,637,10.3366,139,False,0.287879,False,325,0.895765,0,0,0,0,0,0,0,0,0,0,0,0,0,0,0,0,0,0,0,0,0,0,0,0,0,0,0,0,1
891faeb99abffff,50.1281,8.51546,frankfurt,False,0,,0,False,0.459599,False,0,0.873724,0,0,0,0,0,0,0,0,0,0,0,0,0,0,0,0,0,0,0,0,0,0,0,0,0,0,0,0,0
891faeb99afffff,50.1286,8.52021,frankfurt,False,232,10.8733,72,False,0.513274,False,97,0.788889,0,0,0,0,0,0,0,0,0,0,0,0,0,0,0,0,0,0,0,0,0,0,0,0,0,0,2,0,0
891faeb99b3ffff,50.1331,8.51476,frankfurt,False,191,7.98341,82,False,0.377049,False,99,0.82243,0,0,0,0,0,0,0,0,0,0,0,0,0,0,0,0,0,0,0,0,0,0,0,0,0,0,1,0,0
891faeb99b7ffff,50.1336,8.51951,frankfurt,False,425,9.88014,74,False,0.262651,False,209,0.890995,0,0,0,0,0,0,0,0,0,0,0,0,0,0,0,0,0,0,0,0,0,0,0,0,0,0,0,0,0
891faeb99bbffff,50.1303,8.51274,frankfurt,False,0,,0,False,0.459599,False,0,0.873724,0,0,0,0,0,0,0,0,0,0,0,0,0,0,0,0,0,0,0,0,0,0,0,0,0,0,0,0,0
891faeb99c3ffff,50.1261,8.49646,frankfurt,False,16,10.3755,0,True,0,False,5,0.428571,0,0,0,0,0,0,0,0,0,0,0,0,0,0,0,0,0,0,0,0,0,0,0,0,0,0,0,0,0
891faeb99c7ffff,50.1266,8.50121,frankfurt,False,0,,0,False,0.459599,False,0,0.873724,0,0,0,0,0,0,0,0,0,0,0,0,0,0,0,0,0,0,0,0,0,0,0,0,0,0,0,0,0
891faeb99cbffff,50.1233,8.49444,frankfurt,False,909,12.1183,47,False,0.256018,False,303,0.676012,0,0,0,0,0,0,0,0,0,0,0,0,0,0,0,0,0,0,0,0,0,0,0,0,0,0,0,0,0
891faeb99cfffff,50.1238,8.49919,frankfurt,False,110,14.15,3,False,0.242991,False,30,0.285714,0,0,0,0,0,0,0,0,0,0,0,0,0,0,0,0,0,0,0,0,0,0,0,0,0,0,0,0,0
891faeb99d7ffff,50.1288,8.49849,frankfurt,False,0,,0,False,0.459599,False,0,0.873724,0,0,0,0,0,0,0,0,0,0,0,0,0,0,0,0,0,0,0,0,0,0,0,0,0,0,0,0,0
891faeb9a03ffff,50.1021,8.46128,frankfurt,False,0,,0,False,0.459599,False,0,0.873724,0,0,0,0,0,0,0,0,0,0,0,0,0,0,0,0,0,0,0,0,0,0,0,0,0,0,0,0,0
891faeb9a07ffff,50.1026,8.46603,frankfurt,False,0,,0,False,0.459599,False,0,0.873724,0,0,0,0,0,0,0,0,0,0,0,0,0,0,0,0,0,0,0,0,0,0,0,0,0,0,0,0,0
891faeb9a0bffff,50.0993,8.45926,frankfurt,False,0,,0,False,0.459599,False,0,0.873724,0,0,0,0,0,0,0,0,0,0,0,0,0,0,0,0,0,0,0,0,0,0,0,0,0,0,0,0,0
891faeb9a0fffff,50.0998,8.464,frankfurt,False,4,6.24,0,True,0,False,3,0.873724,0,0,0,0,0,0,0,0,0,0,0,0,0,0,0,0,0,0,0,0,0,0,0,0,0,0,0,0,0
891faeb9a13ffff,50.1043,8.45856,frankfurt,False,0,,0,False,0.459599,False,0,0.873724,0,0,0,0,0,0,0,0,0,0,0,0,0,0,0,0,0,0,0,0,0,0,0,0,0,0,0,0,0
891faeb9a17ffff,50.1048,8.4633,frankfurt,False,14,,0,False,0.459599,True,0,0.873724,0,0,0,0,0,0,0,0,0,0,0,0,0,1,0,0,0,0,0,0,0,0,0,0,0,0,0,0,0
891faeb9a1bffff,50.1016,8.45653,frankfurt,False,0,,0,False,0.459599,False,0,0.873724,0,0,0,0,0,0,0,0,0,0,0,0,0,0,0,0,0,0,0,0,0,0,0,0,0,0,0,0,0
891faeb9a23ffff,50.1008,8.47349,frankfurt,False,0,,0,False,0.459599,False,0,0.873724,0,0,0,0,0,0,0,0,0,0,0,0,0,0,0,0,0,0,0,0,0,0,0,0,0,0,0,0,0
891faeb9a27ffff,50.1013,8.47824,frankfurt,True,0,,0,False,0.459599,False,0,0.873724,0,0,0,0,0,0,0,0,0,0,0,0,0,0,0,0,0,0,0,0,0,0,0,0,0,0,0,0,0
891faeb9a2bffff,50.0981,8.47147,frankfurt,False,0,,0,False,0.459599,False,0,0.873724,0,0,0,0,0,0,0,0,0,0,0,0,0,0,0,0,0,0,0,0,0,0,0,0,0,0,0,0,0
891faeb9a2fffff,50.0986,8.47622,frankfurt,True,0,,0,False,0.459599,False,0,0.873724,0,0,0,0,0,0,0,0,0,0,0,0,0,0,0,0,0,0,0,0,0,0,0,0,0,0,0,0,0
891faeb9a33ffff,50.1031,8.47077,frankfurt,False,0,,0,False,0.459599,False,0,0.873724,0,0,0,0,0,0,0,0,0,0,0,0,0,0,0,0,0,0,0,0,0,0,0,0,0,0,2,0,0
891faeb9a37ffff,50.1036,8.47552,frankfurt,False,0,,0,False,0.459599,False,0,0.873724,0,0,0,0,0,0,0,0,0,0,0,0,0,0,0,0,0,0,0,0,0,0,0,0,0,0,0,0,0
891faeb9a3bffff,50.1003,8.46875,frankfurt,False,0,,0,False,0.459599,False,0,0.873724,0,0,0,0,0,0,0,0,0,0,0,0,0,0,0,0,0,0,0,0,0,0,0,0,0,0,0,0,0
891faeb9a47ffff,50.0966,8.45723,frankfurt,False,24,7.5416,0,True,0.444444,False,7,0.873724,0,0,0,0,0,0,0,1,0,0,0,0,0,0,0,0,0,0,0,0,0,0,0,0,0,0,2,0,0
891faeb9a4fffff,50.0938,8.45521,frankfurt,False,196,10.33,45,False,0.513966,False,91,0.892473,0,0,0,0,0,0,0,0,0,0,1,0,0,1,0,0,0,0,0,0,0,0,0,2,0,0,2,0,0
891faeb9a57ffff,50.0988,8.45451,frankfurt,False,0,,0,False,0.459599,False,0,0.873724,0,0,0,0,0,0,0,0,0,0,0,0,0,0,0,0,0,0,0,0,0,0,0,0,0,0,0,0,0
891faeb9a63ffff,50.0948,8.4647,frankfurt,False,0,,0,False,0.459599,False,0,0.873724,0,0,0,0,0,0,0,0,0,0,0,0,0,0,0,0,0,0,0,0,0,0,0,0,0,0,0,0,0
891faeb9a67ffff,50.0953,8.46945,frankfurt,False,0,,0,False,0.459599,False,0,0.873724,0,0,0,0,0,0,0,0,0,0,0,0,0,0,0,0,0,0,0,0,0,0,0,0,0,0,0,0,0
891faeb9a6bffff,50.0921,8.46268,frankfurt,False,0,,0,False,0.459599,False,0,0.873724,0,0,0,0,0,0,0,0,0,0,0,0,0,0,0,0,0,0,0,0,0,0,0,0,0,0,0,0,0
891faeb9a6fffff,50.0926,8.46742,frankfurt,False,0,,0,False,0.459599,False,0,0.873724,0,0,0,0,0,0,0,0,0,0,0,0,0,0,0,0,0,0,0,0,0,0,0,0,0,0,0,0,0
891faeb9a73ffff,50.0971,8.46198,frankfurt,False,0,,0,False,0.459599,False,3,1,0,0,0,0,0,0,0,0,0,0,0,0,0,0,0,0,0,0,0,0,0,0,0,0,0,0,2,0,1
891faeb9a77ffff,50.0976,8.46672,frankfurt,False,0,,0,False,0.459599,False,0,0.873724,0,0,0,0,0,0,0,0,0,0,0,0,0,0,0,0,0,0,0,0,0,0,0,0,0,0,0,0,0
891faeb9a7bffff,50.0943,8.45996,frankfurt,False,49,6.24,4,False,0.5,False,26,0.842105,0,0,0,0,0,0,0,0,0,0,0,0,0,0,0,0,0,0,0,1,0,0,0,0,0,0,2,0,2
891faeb9a83ffff,50.1093,8.45786,frankfurt,False,0,,0,False,0.459599,False,0,0.873724,0,0,0,0,0,0,0,0,0,0,0,0,0,0,0,0,0,0,0,0,0,0,0,0,0,0,0,0,0
891faeb9a87ffff,50.1098,8.4626,frankfurt,False,0,,0,False,0.459599,False,0,0.873724,0,0,0,0,0,0,0,0,0,0,0,0,0,0,0,0,0,0,0,0,0,0,0,0,0,0,0,0,0
891faeb9a8bffff,50.1066,8.45583,frankfurt,False,0,,0,False,0.459599,False,0,0.873724,0,0,0,0,0,0,0,0,0,0,0,0,0,0,0,0,0,0,0,0,0,0,0,0,0,0,0,0,0
891faeb9a8fffff,50.1071,8.46058,frankfurt,False,0,,0,False,0.459599,False,0,0.873724,0,0,0,0,0,0,0,0,0,0,0,0,0,0,0,0,0,0,0,0,0,0,0,0,0,0,0,0,0
891faeb9a97ffff,50.1121,8.45988,frankfurt,False,0,,0,False,0.459599,False,0,0.873724,0,0,0,0,0,0,0,0,0,0,0,0,0,1,0,0,0,0,0,0,0,0,0,0,0,0,2,0,0
891faeb9aa3ffff,50.1081,8.47007,frankfurt,False,0,,0,False,0.459599,False,0,0.873724,0,0,0,0,0,0,0,0,0,0,0,0,0,0,0,0,0,0,0,0,0,0,0,0,0,0,0,0,0
891faeb9aa7ffff,50.1086,8.47482,frankfurt,False,7,,0,False,0.214286,False,0,0.873724,0,0,0,0,0,0,0,0,0,0,0,0,0,0,0,0,0,0,0,0,0,0,0,0,0,0,0,0,0
891faeb9aabffff,50.1053,8.46805,frankfurt,False,0,,0,False,0.459599,False,0,0.873724,0,0,0,0,0,0,0,0,0,0,0,0,0,0,0,0,0,0,0,0,0,0,0,0,0,0,0,0,0
891faeb9aafffff,50.1058,8.4728,frankfurt,False,0,,0,False,0.459599,False,0,0.873724,0,0,0,0,0,0,0,0,0,0,0,0,0,0,0,0,0,0,0,0,0,0,0,0,0,0,0,0,0
891faeb9ab3ffff,50.1103,8.46735,frankfurt,False,0,,0,False,0.459599,False,0,0.873724,0,0,0,0,0,0,0,0,0,0,0,0,0,0,0,0,0,0,0,0,0,0,0,0,0,0,0,0,0
891faeb9ab7ffff,50.1108,8.4721,frankfurt,False,0,,0,False,0.459599,False,0,0.873724,0,0,0,0,0,0,0,0,0,0,0,0,0,0,0,0,0,0,0,0,0,0,0,0,0,0,0,0,0
891faeb9abbffff,50.1076,8.46533,frankfurt,False,0,,0,False,0.459599,False,0,0.873724,0,0,0,0,0,0,0,0,0,0,0,0,0,0,0,0,0,0,0,0,0,0,0,0,0,0,0,0,0
891faeb9ac7ffff,50.1038,8.45381,frankfurt,False,0,,0,False,0.459599,False,0,0.873724,0,0,0,0,0,0,0,0,0,0,0,0,0,0,0,0,0,0,0,0,0,0,0,0,0,0,0,0,0
891faeb9acfffff,50.1011,8.45179,frankfurt,False,0,,0,False,0.459599,False,0,0.873724,0,0,0,0,0,0,0,0,0,0,0,0,0,0,0,0,0,0,0,0,0,0,0,0,0,0,0,0,0
891faeb9b03ffff,50.1056,8.49451,frankfurt,True,0,,0,False,0.459599,False,0,0.873724,0,0,0,0,0,0,0,0,0,0,0,0,0,0,0,0,0,0,0,0,0,0,0,0,0,0,0,0,0
891faeb9b07ffff,50.1061,8.49925,frankfurt,True,0,,0,False,0.459599,False,0,0.873724,0,0,0,0,0,0,0,0,0,0,0,0,0,0,0,0,0,0,0,0,0,0,0,0,0,0,0,0,0
891faeb9b0bffff,50.1028,8.49248,frankfurt,True,0,,0,False,0.459599,False,0,0.873724,0,0,0,0,0,0,0,0,0,0,0,0,0,0,0,0,0,0,0,0,0,0,0,0,0,0,0,0,0
891faeb9b0fffff,50.1033,8.49723,frankfurt,True,0,,0,False,0.459599,False,0,0.873724,0,0,0,0,0,0,0,0,0,0,0,0,0,0,0,0,0,0,0,0,0,0,0,0,0,0,0,0,0
891faeb9b13ffff,50.1078,8.49178,frankfurt,False,0,,0,False,0.459599,False,0,0.873724,0,0,0,0,0,0,0,0,0,0,0,0,0,0,0,0,0,0,0,0,0,0,0,0,0,0,0,0,0
891faeb9b17ffff,50.1083,8.49653,frankfurt,False,0,,0,False,0.459599,False,0,0.873724,0,0,0,0,0,0,0,0,0,0,0,0,0,0,0,0,0,0,0,0,0,0,0,0,0,0,0,0,0
891faeb9b1bffff,50.1051,8.48976,frankfurt,True,0,,0,False,0.459599,False,0,0.873724,0,0,0,0,0,0,0,0,0,0,0,0,0,0,0,0,0,0,0,0,0,0,0,0,0,0,0,0,0
891faeb9b23ffff,50.1043,8.50672,frankfurt,True,0,,0,False,0.459599,False,0,0.873724,0,0,0,0,0,0,0,0,0,0,0,0,0,0,0,0,0,0,0,0,0,0,0,0,0,0,0,0,0
891faeb9b27ffff,50.1048,8.51147,frankfurt,True,0,,0,False,0.459599,False,0,0.873724,0,0,0,0,0,0,0,0,0,0,0,0,0,0,0,0,0,0,0,0,0,0,0,0,0,0,0,0,0
891faeb9b2bffff,50.1015,8.5047,frankfurt,True,506,7.46467,304,False,0.443548,False,324,0.922388,0,0,0,0,0,0,0,0,0,0,1,0,0,0,0,0,0,0,0,0,0,0,0,0,0,0,0,0,0
891faeb9b2fffff,50.102,8.50945,frankfurt,True,0,,0,False,0.459599,False,0,0.873724,0,0,0,0,0,0,0,0,0,0,0,0,0,0,0,0,0,0,0,0,0,0,0,0,0,0,0,0,0
891faeb9b33ffff,50.1065,8.504,frankfurt,True,5,7.73229,0,True,0,False,3,1,0,0,0,0,0,0,0,0,0,0,0,0,0,0,0,0,0,0,0,0,0,0,0,0,0,0,0,0,0
891faeb9b37ffff,50.107,8.50875,frankfurt,True,0,,0,False,0.459599,False,0,0.873724,0,0,0,0,0,0,0,0,0,0,0,0,0,0,0,0,0,0,0,0,0,0,0,0,0,0,0,0,0
891faeb9b3bffff,50.1038,8.50198,frankfurt,True,10,8.10978,0,True,0.25,False,6,0.873724,0,0,0,0,0,0,0,0,0,0,0,0,0,0,0,0,0,0,0,0,0,0,0,0,0,0,0,0,0
891faeb9b43ffff,50.0996,8.48571,frankfurt,True,0,,0,False,0.459599,False,0,0.873724,0,0,0,0,0,0,0,0,0,0,0,0,0,0,0,0,0,0,0,0,0,0,0,0,0,0,0,0,0
891faeb9b47ffff,50.1001,8.49046,frankfurt,True,0,,0,False,0.459599,False,0,0.873724,0,0,0,0,0,0,0,0,0,0,0,0,0,0,0,0,0,0,0,0,0,0,0,0,0,0,0,0,0
891faeb9b4bffff,50.0968,8.48369,frankfurt,True,30,7.08,7,False,0.259259,False,13,0.785714,0,0,0,0,0,0,0,0,0,0,0,0,0,0,0,0,0,0,0,0,0,0,0,0,0,0,0,0,0
891faeb9b4fffff,50.0973,8.48843,frankfurt,True,520,9.3461,118,False,0.439394,False,240,0.816406,0,0,0,0,0,0,0,0,0,0,1,0,0,1,1,0,0,0,0,0,0,0,0,1,0,0,3,0,0
891faeb9b53ffff,50.1018,8.48299,frankfurt,True,0,,0,False,0.459599,False,0,0.873724,0,0,0,0,0,0,0,0,0,0,0,0,0,0,0,0,0,0,0,0,0,0,0,0,0,0,0,0,0
891faeb9b57ffff,50.1023,8.48773,frankfurt,True,3,7.50928,0,True,0.459599,True,0,0.873724,0,0,0,0,0,0,0,0,0,0,0,0,0,0,0,0,0,0,0,0,0,0,0,0,0,0,0,0,0
891faeb9b5bffff,50.0991,8.48096,frankfurt,True,0,,0,False,0.459599,False,0,0.873724,0,0,0,0,0,0,0,0,0,0,0,0,0,0,0,0,0,0,0,0,0,0,0,0,0,0,0,0,0
891faeb9b63ffff,50.0983,8.49793,frankfurt,True,679,7.91754,236,False,0.400304,False,317,0.801917,1,0,0,0,0,0,0,1,0,0,0,0,0,2,2,0,0,0,0,0,0,0,0,0,0,0,1,0,0
891faeb9b67ffff,50.0988,8.50267,frankfurt,True,818,9.76935,341,False,0.441496,False,404,0.823383,0,0,0,0,0,0,0,0,0,0,0,0,0,0,1,0,0,0,0,0,0,0,0,0,0,0,1,0,0
891faeb9b6bffff,50.0955,8.4959,frankfurt,True,483,8.6889,82,False,0.306889,False,258,0.882353,0,0,0,0,0,0,0,0,0,0,0,0,0,1,0,0,0,0,0,0,0,0,0,0,0,0,5,0,0
891faeb9b6fffff,50.096,8.50065,frankfurt,True,755,10.655,74,False,0.33715,False,336,0.828402,0,0,0,0,0,0,0,0,0,0,0,0,0,0,0,0,0,0,0,0,0,0,0,0,0,0,2,0,1
891faeb9b73ffff,50.1006,8.4952,frankfurt,True,713,7.30384,297,False,0.44507,False,293,0.773973,0,0,0,0,0,0,0,0,0,0,0,0,0,0,0,0,0,0,0,0,0,0,0,0,0,0,0,0,0
891faeb9b77ffff,50.101,8.49995,frankfurt,True,1183,7.9143,447,False,0.43401,False,476,0.728916,0,0,0,0,0,0,0,0,0,0,0,0,0,0,0,0,0,0,0,0,0,0,0,0,0,0,4,0,0
891faeb9b7bffff,50.0978,8.49318,frankfurt,True,1363,7.18977,478,False,0.417582,False,604,0.806452,0,0,0,0,0,0,0,0,0,0,0,0,0,1,1,0,0,0,0,0,0,0,0,0,0,0,3,0,1
891faeb9b83ffff,50.1128,8.49109,frankfurt,False,0,,0,False,0.459599,False,0,0.873724,0,0,0,0,0,0,0,0,0,0,0,0,0,0,0,0,0,0,0,0,0,0,0,0,0,0,0,0,0
891faeb9b87ffff,50.1133,8.49583,frankfurt,False,0,,0,False,0.459599,False,0,0.873724,0,0,0,0,0,0,0,0,0,0,0,0,0,0,0,0,0,0,0,0,0,0,0,0,0,0,0,0,0
891faeb9b8bffff,50.1101,8.48906,frankfurt,False,0,,0,False,0.459599,False,0,0.873724,0,0,0,0,0,0,0,0,0,0,0,0,0,0,0,0,0,0,0,0,0,0,0,0,0,0,0,0,0
891faeb9b8fffff,50.1106,8.49381,frankfurt,False,0,,0,False,0.459599,False,0,0.873724,0,0,0,0,0,0,0,0,0,0,0,0,0,0,0,0,0,0,0,0,0,0,0,0,0,0,0,0,0
891faeb9b93ffff,50.1151,8.48836,frankfurt,False,0,,0,False,0.459599,False,0,0.873724,0,0,0,0,0,0,0,0,0,0,0,0,0,0,0,0,0,0,0,0,0,0,0,0,0,0,0,0,0
891faeb9b97ffff,50.1156,8.49311,frankfurt,False,48,7.69,5,False,0.327869,False,15,0.863636,0,0,0,0,0,0,0,0,0,0,0,0,0,0,0,0,0,0,0,0,0,0,0,0,0,0,0,0,0
891faeb9b9bffff,50.1123,8.48634,frankfurt,False,0,,0,False,0.459599,False,0,0.873724,0,0,0,0,0,0,0,0,0,0,0,0,0,0,0,0,0,0,0,0,0,0,0,0,0,0,0,0,0
891faeb9ba3ffff,50.1116,8.5033,frankfurt,True,0,,0,False,0.459599,False,0,0.873724,0,0,0,0,0,0,0,0,0,0,0,0,0,0,0,0,0,0,0,0,0,0,0,0,0,0,0,0,0
891faeb9ba7ffff,50.1121,8.50805,frankfurt,True,0,,0,False,0.459599,False,0,0.873724,0,0,0,0,0,0,0,0,0,0,0,0,0,0,0,0,0,0,0,0,0,0,0,0,0,0,0,0,0
891faeb9babffff,50.1088,8.50128,frankfurt,True,0,,0,False,0.459599,False,0,0.873724,0,0,0,0,0,0,0,0,0,0,0,0,0,0,0,0,0,0,0,0,0,0,0,0,0,0,0,0,0
891faeb9bafffff,50.1093,8.50603,frankfurt,True,0,,0,False,0.459599,False,0,0.873724,0,0,0,0,0,0,0,0,0,0,0,0,0,0,0,0,0,0,0,0,0,0,0,0,0,0,0,0,0
891faeb9bb3ffff,50.1138,8.50058,frankfurt,False,16,10.6591,0,True,0.388889,False,0,0.873724,0,0,0,0,0,0,0,0,0,0,0,0,0,0,0,0,0,0,0,0,0,0,0,0,0,0,0,0,1
891faeb9bb7ffff,50.1143,8.50533,frankfurt,False,18,6.84,12,False,0.769231,False,16,1,0,0,0,0,0,1,0,0,0,0,0,0,0,0,0,0,0,0,0,0,0,0,0,0,0,0,0,0,0
891faeb9bbbffff,50.1111,8.49856,frankfurt,False,0,,0,False,0.459599,False,0,0.873724,0,0,0,0,0,0,0,0,0,0,0,0,0,0,0,0,0,0,0,0,0,0,0,0,0,0,0,0,0
891faeb9bc3ffff,50.1068,8.48229,frankfurt,True,0,,0,False,0.459599,False,0,0.873724,0,0,0,0,0,0,0,0,0,0,0,0,0,0,0,0,0,0,0,0,0,0,0,0,0,0,0,0,0
891faeb9bc7ffff,50.1073,8.48704,frankfurt,True,0,,0,False,0.459599,False,0,0.873724,0,0,0,0,0,0,0,0,0,0,0,0,0,0,0,0,0,0,0,0,0,0,0,0,0,0,0,0,0
891faeb9bcbffff,50.1041,8.48027,frankfurt,True,0,,0,False,0.459599,False,0,0.873724,0,0,0,0,0,0,0,0,0,0,0,0,0,0,0,0,0,0,0,0,0,0,0,0,0,0,0,0,0
891faeb9bcfffff,50.1046,8.48501,frankfurt,True,0,,0,False,0.459599,False,0,0.873724,0,0,0,0,0,0,0,0,0,0,0,0,0,0,0,0,0,0,0,0,0,0,0,0,0,0,0,0,0
891faeb9bd3ffff,50.1091,8.47957,frankfurt,True,0,,0,False,0.459599,False,0,0.873724,0,0,0,0,0,0,0,0,0,0,0,0,0,0,0,0,0,0,0,0,0,0,0,0,0,0,0,0,0
891faeb9bd7ffff,50.1096,8.48431,frankfurt,False,0,,0,False,0.459599,False,0,0.873724,0,0,0,0,0,0,0,0,0,0,0,0,0,0,0,0,0,0,0,0,0,0,0,0,0,0,0,0,0
891faeb9bdbffff,50.1063,8.47754,frankfurt,False,0,,0,False,0.459599,False,0,0.873724,0,0,0,0,0,0,0,0,0,0,0,0,0,0,0,0,0,0,0,0,0,0,0,0,0,0,0,0,0
891faeb9e2fffff,50.1143,8.45716,frankfurt,False,0,,0,False,0.459599,False,0,0.873724,0,0,0,0,0,0,0,0,0,0,0,0,0,0,0,0,0,0,0,0,0,0,0,0,0,0,0,0,0
