h3,lat,lon,stadt,in_stadt,einwohner,miete_qm,mietwohnungen,miete_geschaetzt,anteil_20_49,alter_geschaetzt,haushalte,anteil_hh_1_3,poi_markthalle,poi_bio_markt,poi_reformhaus,poi_deli,poi_feinkost_kaese,poi_wein,poi_pasta,poi_supermarkt,poi_obst_gemuese,poi_metzger,poi_baecker,poi_fisch,poi_cafe,poi_restaurant,poi_bar,poi_buchhandlung,poi_interior,poi_boutique,poi_blumen,poi_fitness_yoga,poi_kultur,poi_galerie_museum,poi_coworking,poi_fahrradladen,poi_tram_ubahn,poi_bahnhof,poi_bus,poi_hochschule,poi_buero,poi_spielhalle,poi_wettbuero,poi_erotik,poi_drogenhilfe,poi_pfandleiher
891f8d09203ffff,48.2534,11.5206,muenchen,False,11,,0,False,0.636364,False,0,0.885067,0,0,0,0,0,0,0,0,0,0,0,0,0,0,0,0,0,0,0,0,0,0,0,0,0,0,0,0,0,0,0,0,0,0
891f8d09207ffff,48.2538,11.5253,muenchen,False,3,,0,False,0.5,False,0,0.885067,0,0,0,0,0,0,0,0,0,0,0,0,0,0,0,0,0,0,0,0,0,0,0,0,0,0,2,0,0,0,0,0,0,0
891f8d0920bffff,48.2507,11.5185,muenchen,False,0,,0,False,0.461337,False,0,0.885067,0,0,0,0,0,0,0,0,0,0,0,0,0,0,0,0,0,0,0,0,0,0,0,0,0,0,0,0,0,0,0,0,0,0
891f8d0920fffff,48.251,11.5232,muenchen,False,0,,0,False,0.461337,False,0,0.885067,0,0,0,0,0,0,0,0,0,0,0,0,0,0,0,0,0,0,0,0,0,0,0,0,0,0,0,0,0,0,0,0,0,0
891f8d09213ffff,48.2558,11.518,muenchen,False,0,,0,False,0.461337,False,0,0.885067,0,0,0,0,0,0,0,0,0,0,0,0,0,0,0,0,0,0,0,0,0,0,0,0,0,0,0,0,0,0,0,0,0,0
891f8d09217ffff,48.2562,11.5227,muenchen,False,0,,0,False,0.461337,False,0,0.885067,0,0,0,0,0,0,0,0,0,0,0,0,0,0,0,0,0,0,0,0,0,0,0,0,0,0,0,0,0,0,0,0,0,0
891f8d0921bffff,48.2531,11.5159,muenchen,False,0,,0,False,0.461337,False,0,0.885067,0,0,0,0,0,0,0,0,0,0,0,0,0,0,0,0,0,0,0,0,0,0,0,0,0,0,0,0,0,0,0,0,0,0
891f8d09223ffff,48.2517,11.5326,muenchen,False,0,,0,False,0.461337,False,0,0.885067,0,0,0,0,0,0,0,0,0,0,0,0,0,0,0,0,0,0,0,0,0,0,0,0,0,0,0,0,0,0,0,0,0,0
891f8d09227ffff,48.2521,11.5373,muenchen,False,0,,0,False,0.461337,False,0,0.885067,0,0,0,0,0,0,0,0,0,0,0,0,0,0,0,0,0,0,0,0,0,0,0,0,0,0,0,0,0,0,0,0,0,0
891f8d0922bffff,48.249,11.5305,muenchen,False,0,,0,False,0.461337,False,0,0.885067,0,0,0,0,0,0,0,0,0,0,0,0,0,0,0,0,0,0,0,0,0,0,0,0,0,0,0,0,0,0,0,0,0,0
891f8d0922fffff,48.2493,11.5352,muenchen,False,0,,0,False,0.461337,False,0,0.885067,0,0,0,0,0,0,0,0,0,0,0,0,0,0,0,0,0,0,0,0,0,0,0,0,0,0,0,0,0,0,0,0,0,0
891f8d09233ffff,48.2542,11.53,muenchen,False,0,,0,False,0.461337,False,0,0.885067,0,0,0,0,0,0,0,0,0,0,0,0,0,0,0,0,0,0,0,0,0,0,0,0,0,0,0,0,0,0,0,0,0,0
891f8d0923bffff,48.2514,11.5279,muenchen,False,3,,0,False,0,False,6,1,0,0,0,0,0,0,0,0,0,0,0,0,0,1,0,0,0,0,0,0,0,0,0,0,0,0,0,0,0,0,0,0,0,0
891f8d09243ffff,48.2475,11.5116,muenchen,False,0,,0,False,0.461337,False,0,0.885067,0,0,0,0,0,0,0,0,0,0,0,0,0,0,0,0,0,0,0,0,0,0,0,0,0,0,0,0,0,0,0,0,0,0
891f8d09247ffff,48.2479,11.5163,muenchen,False,0,,0,False,0.461337,False,0,0.885067,0,0,0,0,0,0,0,0,0,0,0,0,0,0,0,0,0,0,0,0,0,0,0,0,0,0,0,0,0,0,0,0,0,0
891f8d0924bffff,48.2447,11.5095,muenchen,True,46,11.87,3,False,0.09375,False,23,0.785714,0,0,0,0,0,0,0,0,0,0,0,0,0,0,0,0,0,0,0,0,0,0,0,0,0,0,0,0,0,0,0,0,0,0
891f8d0924fffff,48.2451,11.5142,muenchen,True,0,,0,False,0.461337,False,0,0.885067,0,0,0,0,0,0,0,0,0,0,0,0,0,0,0,0,0,0,0,0,0,0,0,0,0,0,0,0,0,0,0,0,0,0
891f8d09253ffff,48.2499,11.509,muenchen,False,0,,0,False,0.461337,False,0,0.885067,0,0,0,0,0,0,0,0,0,0,0,0,0,0,0,0,0,0,0,0,0,0,0,0,0,0,0,0,0,0,0,0,0,0
891f8d09257ffff,48.2503,11.5137,muenchen,False,27,11.87,0,True,0.454545,False,13,0.885067,0,0,0,0,0,0,0,0,0,0,0,0,0,0,0,0,0,0,0,0,0,0,0,0,0,0,0,0,1,0,0,0,0,0
891f8d0925bffff,48.2471,11.5069,muenchen,True,0,,0,False,0.461337,False,0,0.885067,0,0,0,0,0,0,0,0,0,0,0,0,0,0,0,0,0,0,0,0,0,0,0,0,0,0,0,0,0,0,0,0,0,0
891f8d09263ffff,48.2458,11.5237,muenchen,False,0,,0,False,0.461337,False,0,0.885067,0,0,0,0,0,0,0,0,0,0,0,0,0,1,0,0,0,0,0,0,0,0,0,0,0,0,0,0,0,0,0,0,0,0
891f8d09267ffff,48.2462,11.5284,muenchen,False,0,,0,False,0.461337,False,0,0.885067,0,0,0,0,0,0,0,0,0,0,0,0,0,0,0,0,0,0,0,0,0,0,0,0,0,0,0,0,0,0,0,0,0,0
891f8d0926bffff,48.2431,11.5215,muenchen,False,0,,0,False,0.461337,False,0,0.885067,0,0,0,0,0,0,0,0,0,0,0,0,0,0,0,0,0,0,0,0,0,0,0,0,0,0,0,0,0,0,0,0,0,0
891f8d0926fffff,48.2434,11.5263,muenchen,False,0,,0,False,0.461337,False,0,0.885067,0,0,0,0,0,0,0,0,0,0,0,0,0,0,0,0,0,0,0,0,0,0,0,0,0,0,0,0,0,0,0,0,0,0
891f8d09273ffff,48.2482,11.5211,muenchen,False,0,,0,False,0.461337,False,0,0.885067,0,0,0,0,0,0,0,0,0,0,0,0,0,0,0,0,0,0,0,0,0,0,0,0,0,0,0,0,0,0,0,0,0,0
891f8d09277ffff,48.2486,11.5258,muenchen,False,0,,0,False,0.461337,False,0,0.885067,0,0,0,0,0,0,0,0,0,0,0,0,0,0,0,0,0,0,0,0,0,0,0,0,0,0,0,0,0,0,0,0,0,0
891f8d0927bffff,48.2455,11.5189,muenchen,False,0,,0,False,0.461337,False,0,0.885067,0,0,0,0,0,0,0,0,0,0,0,0,0,0,0,0,0,0,0,0,0,0,0,0,0,0,0,0,0,0,0,0,0,0
891f8d0928bffff,48.2582,11.5154,muenchen,False,0,,0,False,0.461337,False,0,0.885067,0,0,0,0,0,0,0,0,0,0,0,0,0,0,0,0,0,0,0,0,0,0,0,0,0,0,0,0,0,0,0,0,0,0
891f8d092c3ffff,48.2551,11.5086,muenchen,False,8,,0,False,0,False,0,0.885067,0,0,0,0,0,0,0,0,0,0,0,0,0,0,0,0,0,0,0,0,0,0,0,0,0,0,0,0,0,0,0,0,0,0
891f8d092c7ffff,48.2555,11.5133,muenchen,False,0,,0,False,0.461337,False,0,0.885067,0,0,0,0,0,0,0,0,0,0,0,0,0,0,0,0,0,0,0,0,0,0,0,0,0,0,0,0,0,0,0,0,0,0
891f8d092cbffff,48.2523,11.5064,muenchen,False,0,,0,False,0.461337,False,0,0.885067,0,0,0,0,0,0,0,0,0,0,0,0,0,0,0,0,0,0,0,0,0,0,0,0,0,0,0,0,0,0,0,0,0,0
891f8d092cfffff,48.2527,11.5112,muenchen,False,0,,0,False,0.461337,False,0,0.885067,0,0,0,0,0,0,0,0,0,0,0,0,0,0,0,0,0,0,0,0,0,0,0,0,0,0,0,0,0,0,0,0,0,0
891f8d092d3ffff,48.2575,11.506,muenchen,False,0,,0,False,0.461337,False,0,0.885067,0,0,0,0,0,0,0,0,0,0,0,0,0,0,0,0,0,0,0,0,0,0,0,0,0,0,0,0,0,0,0,0,0,0
891f8d092d7ffff,48.2579,11.5107,muenchen,False,0,,0,False,0.461337,False,0,0.885067,0,0,0,0,0,0,0,0,0,0,0,0,0,0,0,0,0,0,0,0,0,0,0,0,0,0,0,0,0,0,0,0,0,0
891f8d092dbffff,48.2547,11.5038,muenchen,False,3,,0,False,0.461337,True,0,0.885067,0,0,0,0,0,0,0,0,0,0,0,0,0,0,0,0,0,0,0,0,0,0,0,0,0,0,0,0,0,0,0,0,0,0
891f8d0934bffff,48.2473,11.5425,muenchen,False,0,,0,False,0.461337,False,0,0.885067,0,0,0,0,0,0,0,0,0,0,0,0,0,0,0,0,0,0,0,0,0,0,0,0,0,0,0,0,0,0,0,0,0,0
891f8d0935bffff,48.2497,11.5399,muenchen,False,0,,0,False,0.461337,False,0,0.885067,0,0,0,0,0,0,0,0,0,0,0,0,0,0,0,0,0,0,0,0,0,0,0,0,0,0,0,0,0,0,0,0,0,0
891f8d0966bffff,48.2599,11.5034,muenchen,False,0,,0,False,0.461337,False,0,0.885067,0,0,0,0,0,0,0,0,0,0,0,0,0,0,0,0,0,0,0,0,0,0,0,0,0,0,0,0,0,0,0,0,0,0
891f8d0966fffff,48.2603,11.5081,muenchen,False,0,,0,False,0.461337,False,0,0.885067,0,0,0,0,0,0,0,0,0,0,0,0,0,0,0,0,0,0,0,0,0,0,0,0,0,0,0,0,0,0,0,0,0,0
891f8d09a03ffff,48.2416,11.6048,muenchen,False,0,,0,False,0.461337,False,0,0.885067,0,0,0,0,0,0,0,0,0,0,0,0,0,0,0,0,0,0,0,0,0,0,0,0,0,0,0,0,0,0,0,0,0,0
891f8d09a07ffff,48.242,11.6095,muenchen,False,0,,0,False,0.461337,False,0,0.885067,0,0,0,0,0,0,0,0,0,0,0,0,0,0,0,0,0,0,0,0,0,0,0,0,0,0,0,0,0,0,0,0,0,0
891f8d09a0bffff,48.2389,11.6027,muenchen,False,0,,0,False,0.461337,False,0,0.885067,0,0,0,0,0,0,0,0,0,0,0,0,0,0,0,0,0,0,0,0,0,0,0,0,0,0,0,0,0,0,0,0,0,0
891f8d09a0fffff,48.2392,11.6074,muenchen,False,0,,0,False,0.461337,False,0,0.885067,0,0,0,0,0,0,0,0,0,0,0,0,0,0,0,0,0,0,0,0,0,0,0,0,0,0,0,0,0,0,0,0,0,0
891f8d09a1bffff,48.2413,11.6001,muenchen,False,0,,0,False,0.461337,False,0,0.885067,0,0,0,0,0,0,0,0,0,0,0,0,0,0,0,0,0,0,0,0,0,0,0,0,0,0,2,0,0,0,0,0,0,0
891f8d09a23ffff,48.2399,11.6168,muenchen,False,0,,0,False,0.461337,False,0,0.885067,0,0,0,0,0,0,0,0,0,0,0,0,0,0,0,0,0,0,0,0,0,0,0,0,0,0,0,0,0,0,0,0,0,0
891f8d09a27ffff,48.2403,11.6215,muenchen,False,0,,0,False,0.461337,False,0,0.885067,0,0,0,0,0,0,0,0,0,0,0,0,0,0,0,0,0,0,0,0,0,0,0,0,0,0,0,0,0,0,0,0,0,0
891f8d09a2bffff,48.2372,11.6147,muenchen,False,0,,0,False,0.461337,False,0,0.885067,0,0,0,0,0,0,0,0,0,0,0,0,0,0,0,0,0,0,0,0,0,0,0,0,0,0,0,0,0,0,0,0,0,0
891f8d09a2fffff,48.2375,11.6194,muenchen,False,0,,0,False,0.461337,False,0,0.885067,0,0,0,0,0,0,0,0,0,0,0,0,0,0,0,0,0,0,0,0,0,0,0,0,0,0,0,0,0,0,0,0,0,0
891f8d09a33ffff,48.2423,11.6142,muenchen,False,0,,0,False,0.461337,False,0,0.885067,0,0,0,0,0,0,0,0,0,0,0,0,0,0,0,0,0,0,0,0,0,0,0,0,0,0,0,0,0,0,0,0,0,0
891f8d09a3bffff,48.2396,11.6121,muenchen,False,0,,0,False,0.461337,False,0,0.885067,0,0,0,0,0,0,0,0,0,0,0,0,0,0,0,0,0,0,0,0,0,0,0,0,0,0,0,0,0,0,0,0,0,0
891f8d09a43ffff,48.2357,11.5958,muenchen,False,0,,0,False,0.461337,False,0,0.885067,0,0,0,0,0,0,0,0,0,0,0,0,0,0,0,0,0,0,0,0,0,0,0,0,0,0,0,0,0,0,0,0,0,0
891f8d09a47ffff,48.2361,11.6005,muenchen,False,0,,0,False,0.461337,False,0,0.885067,0,0,0,0,0,0,0,0,0,0,0,0,0,0,0,0,0,0,0,0,0,0,0,0,0,0,0,0,0,0,0,0,0,0
891f8d09a4bffff,48.2329,11.5937,muenchen,False,0,,0,False,0.461337,False,0,0.885067,0,0,0,0,0,0,0,0,0,0,0,0,0,0,0,0,0,0,0,0,0,0,0,0,0,0,0,0,0,0,0,0,0,0
891f8d09a4fffff,48.2333,11.5984,muenchen,False,0,,0,False,0.461337,False,0,0.885067,0,0,0,0,0,0,0,0,0,0,0,0,0,0,0,0,0,0,0,0,0,0,0,0,0,0,0,0,0,0,0,0,0,0
891f8d09a53ffff,48.2381,11.5932,muenchen,False,0,,0,False,0.461337,False,0,0.885067,0,0,0,0,0,0,0,0,0,0,0,0,0,0,0,0,0,0,0,0,0,0,0,0,0,0,0,0,0,0,0,0,0,0
891f8d09a57ffff,48.2385,11.5979,muenchen,False,0,,0,False,0.461337,False,0,0.885067,0,0,0,0,0,0,0,0,0,0,0,0,0,0,0,0,0,0,0,0,0,0,0,0,0,0,0,0,0,0,0,0,0,0
891f8d09a5bffff,48.2354,11.5911,muenchen,False,0,,0,False,0.461337,False,0,0.885067,0,0,0,0,0,0,0,0,0,0,0,0,0,0,0,0,0,0,0,0,0,0,0,0,0,0,0,0,0,0,0,0,0,0
891f8d09a63ffff,48.234,11.6079,muenchen,False,0,,0,False,0.461337,False,0,0.885067,0,0,0,0,0,0,0,0,0,0,0,0,0,0,0,0,0,0,0,0,0,0,0,0,0,0,0,0,0,0,0,0,0,0
891f8d09a67ffff,48.2344,11.6126,muenchen,False,0,,0,False,0.461337,False,0,0.885067,0,0,0,0,0,0,0,0,0,0,0,0,0,0,0,0,0,0,0,0,0,0,0,0,0,0,0,0,0,0,0,0,0,0
891f8d09a6bffff,48.2313,11.6057,muenchen,False,0,,0,False,0.461337,False,0,0.885067,0,0,0,0,0,0,0,0,0,0,0,0,0,0,0,0,0,0,0,0,0,0,0,0,0,0,0,0,0,0,0,0,0,0
891f8d09a6fffff,48.2316,11.6104,muenchen,False,0,,0,False,0.461337,False,0,0.885067,0,0,0,0,0,0,0,0,0,0,0,0,0,0,0,0,0,0,0,0,0,0,0,0,0,0,0,0,0,0,0,0,0,0
891f8d09a73ffff,48.2364,11.6053,muenchen,False,0,,0,False,0.461337,False,0,0.885067,0,0,0,0,0,0,0,0,0,0,0,0,0,0,0,0,0,0,0,0,0,0,0,0,0,0,0,0,0,0,0,0,0,0
891f8d09a77ffff,48.2368,11.61,muenchen,False,0,,0,False,0.461337,False,0,0.885067,0,0,0,0,0,0,0,0,0,0,0,0,0,0,0,0,0,0,0,0,0,0,0,0,0,0,0,0,0,0,0,0,0,0
891f8d09a7bffff,48.2337,11.6031,muenchen,False,0,,0,False,0.461337,False,0,0.885067,0,0,0,0,0,0,0,0,0,0,0,0,0,0,0,0,0,0,0,0,0,0,0,0,0,0,0,0,0,0,0,0,0,0
891f8d09acbffff,48.2405,11.5906,muenchen,False,0,,0,False,0.461337,False,0,0.885067,0,0,0,0,0,0,0,0,0,0,0,0,0,0,0,0,0,0,0,0,0,0,0,0,0,0,0,0,0,0,0,0,0,0
891f8d09b43ffff,48.2382,11.6288,muenchen,False,0,,0,False,0.461337,False,0,0.885067,0,0,0,0,0,0,0,0,0,0,0,0,0,0,0,0,0,0,0,0,0,0,0,0,0,0,0,0,0,0,0,0,0,0
891f8d09b47ffff,48.2386,11.6336,muenchen,False,0,,0,False,0.461337,False,0,0.885067,0,0,0,0,0,0,0,0,0,0,0,0,0,0,0,0,0,0,0,0,0,0,0,0,0,0,0,0,0,0,0,0,0,0
891f8d09b4bffff,48.2355,11.6267,muenchen,False,0,,0,False,0.461337,False,0,0.885067,0,0,0,0,0,0,0,0,0,0,0,0,0,0,0,0,0,0,0,0,0,0,0,0,0,0,0,0,0,0,0,0,0,0
891f8d09b4fffff,48.2358,11.6314,muenchen,False,0,,0,False,0.461337,False,0,0.885067,0,0,0,0,0,0,0,0,0,0,0,0,0,0,0,0,0,0,0,0,0,0,0,0,0,0,0,0,0,0,0,0,0,0
891f8d09b53ffff,48.2407,11.6262,muenchen,False,0,,0,False,0.461337,False,0,0.885067,0,0,0,0,0,0,0,0,0,0,0,0,0,0,0,0,0,0,0,0,0,0,0,0,0,0,0,0,0,0,0,0,0,0
891f8d09b57ffff,48.241,11.631,muenchen,False,0,,0,False,0.461337,False,0,0.885067,0,0,0,0,0,0,0,0,0,0,0,0,0,0,0,0,0,0,0,0,0,0,0,0,0,0,0,0,0,0,0,0,0,0
891f8d09b5bffff,48.2379,11.6241,muenchen,False,0,,0,False,0.461337,False,0,0.885067,0,0,0,0,0,0,0,0,0,0,0,0,0,0,0,0,0,0,0,0,0,0,0,0,0,0,0,0,0,0,0,0,0,0
891f8d09b63ffff,48.2365,11.6409,muenchen,False,8,11.9691,0,True,0.428571,False,0,0.885067,0,0,0,0,0,0,0,0,0,0,0,0,0,0,0,0,0,0,0,0,0,0,0,0,0,0,2,0,0,0,0,0,0,0
891f8d09b67ffff,48.2369,11.6456,muenchen,False,0,,0,False,0.461337,False,0,0.885067,0,0,0,0,0,0,0,0,0,0,0,0,0,0,0,0,0,0,0,0,0,0,0,0,0,0,0,0,0,0,0,0,0,0
891f8d09b6bffff,48.2338,11.6388,muenchen,False,16,17.29,11,False,0.823529,False,12,1,0,0,0,0,0,0,0,0,0,0,0,0,0,0,0,0,0,0,0,0,0,0,0,0,0,0,0,0,2,0,0,0,0,0
891f8d09b6fffff,48.2341,11.6435,muenchen,False,8,12.2343,0,True,0.571429,False,3,0.885067,0,0,0,0,0,0,0,0,0,0,0,0,0,0,0,0,0,0,0,0,0,0,0,0,0,0,0,0,0,0,0,0,0,0
891f8d09b73ffff,48.239,11.6383,muenchen,False,0,,0,False,0.461337,False,0,0.885067,0,0,0,0,0,0,0,0,0,0,0,0,0,0,0,0,0,0,0,0,0,0,0,0,0,0,0,0,0,0,0,0,0,0
891f8d09b7bffff,48.2362,11.6362,muenchen,False,0,,0,False,0.461337,False,0,0.885067,0,0,0,0,0,0,0,0,0,0,0,0,0,0,0,0,0,0,0,0,0,0,0,0,0,0,0,0,0,0,0,0,0,0
891f8d40803ffff,48.1485,11.3477,muenchen,False,255,11.5296,73,False,0.321839,False,129,0.87069,0,0,0,0,0,0,0,1,0,0,0,0,0,0,0,0,0,0,0,0,0,0,0,0,0,0,0,0,0,0,0,0,0,0
891f8d40807ffff,48.1489,11.3524,muenchen,False,277,11.8476,25,False,0.360825,False,104,0.737374,0,0,0,0,0,0,0,0,0,0,0,0,0,0,0,0,0,0,0,0,0,0,0,0,0,0,0,0,0,0,0,0,0,0
891f8d40813ffff,48.1509,11.3451,muenchen,False,378,10.5728,88,False,0.430851,False,165,0.781609,0,0,0,0,0,0,0,0,0,0,0,0,0,1,0,0,0,0,0,0,0,0,0,0,0,0,1,0,1,0,0,0,0,0
891f8d40817ffff,48.1513,11.3498,muenchen,False,32,8.24,5,False,0.5,False,17,0.885067,0,0,0,0,0,0,0,0,0,0,0,0,0,0,0,0,0,0,0,0,0,0,0,0,0,0,0,0,0,0,0,0,0,0
891f8d40823ffff,48.1468,11.3597,muenchen,False,0,,0,False,0.461337,False,0,0.885067,0,0,0,0,0,0,0,0,0,0,0,0,0,0,0,0,0,0,0,0,0,0,0,0,0,0,0,0,0,0,0,0,0,0
891f8d40827ffff,48.1472,11.3644,muenchen,False,0,,0,False,0.461337,False,0,0.885067,0,0,0,0,0,0,0,0,0,0,0,0,0,0,0,0,0,0,0,0,0,0,0,0,0,0,0,0,0,0,0,0,0,0
891f8d4082fffff,48.1444,11.3623,muenchen,False,0,,0,False,0.461337,False,0,0.885067,0,0,0,0,0,0,0,0,0,0,0,0,0,0,0,0,0,0,0,0,0,0,0,0,0,0,0,0,0,0,0,0,0,0
891f8d40833ffff,48.1492,11.3571,muenchen,False,0,,0,False,0.461337,False,0,0.885067,0,0,0,0,0,0,0,0,0,0,0,0,0,0,0,0,0,0,0,0,0,0,0,0,0,0,0,0,0,0,0,0,0,0
891f8d40837ffff,48.1496,11.3618,muenchen,False,0,,0,False,0.461337,False,0,0.885067,0,0,0,0,0,0,0,0,0,0,0,0,0,0,0,0,0,0,0,0,0,0,0,0,0,0,0,0,0,0,0,0,0,0
891f8d4083bffff,48.1464,11.355,muenchen,False,15,11.4471,0,True,0.375,False,7,0.885067,0,0,0,0,0,0,0,0,0,0,0,0,0,0,0,0,0,0,0,0,0,0,0,0,0,0,0,0,0,0,0,0,0,0
891f8d40883ffff,48.1561,11.3446,muenchen,False,0,,0,False,0.461337,False,0,0.885067,0,0,0,0,0,0,0,0,0,0,0,0,0,0,0,0,0,0,0,0,0,0,0,0,0,0,0,0,0,0,0,0,0,0
891f8d40887ffff,48.1565,11.3494,muenchen,False,0,,0,False,0.461337,False,0,0.885067,0,0,0,0,0,0,0,0,0,0,0,0,0,0,0,0,0,0,0,0,0,0,0,0,0,0,0,0,0,0,0,0,0,0
891f8d4088bffff,48.1533,11.3425,muenchen,False,157,10.4296,24,False,0.244275,False,65,0.706897,0,0,0,0,0,0,0,0,0,0,0,0,0,0,0,0,0,0,0,0,0,0,0,0,0,0,1,0,0,0,0,0,0,0
891f8d4088fffff,48.1537,11.3472,muenchen,False,257,12.9831,16,False,0.269663,False,104,0.819048,0,0,0,0,0,0,0,0,0,0,0,0,0,0,0,0,0,0,0,0,0,0,0,0,0,0,1,0,0,0,0,0,0,0
891f8d40893ffff,48.1585,11.342,muenchen,False,0,,0,False,0.461337,False,0,0.885067,0,0,0,0,0,0,0,0,0,0,0,0,0,0,0,0,0,0,0,0,0,0,0,0,0,0,0,0,0,0,0,0,0,0
891f8d40897ffff,48.1589,11.3468,muenchen,False,0,,0,False,0.461337,False,0,0.885067,0,0,0,0,0,0,0,0,0,0,0,0,0,0,0,0,0,0,0,0,0,0,0,0,0,0,0,0,0,0,0,0,0,0
891f8d408a3ffff,48.1544,11.3567,muenchen,False,0,,0,False,0.461337,False,0,0.885067,0,0,0,0,0,0,0,0,0,0,0,0,0,0,0,0,0,0,0,0,0,0,0,0,0,0,0,0,0,0,0,0,0,0
891f8d408a7ffff,48.1548,11.3614,muenchen,False,0,,0,False,0.461337,False,0,0.885067,0,0,0,0,0,0,0,0,0,0,0,0,0,0,0,0,0,0,0,0,0,0,0,0,0,0,0,0,0,0,0,0,0,0
891f8d408abffff,48.1516,11.3545,muenchen,False,0,,0,False,0.461337,False,0,0.885067,0,0,0,0,0,0,0,0,0,0,0,0,0,0,0,0,0,0,0,0,0,0,0,0,0,0,0,0,0,0,0,0,0,0
891f8d408afffff,48.152,11.3593,muenchen,False,0,,0,False,0.461337,False,0,0.885067,0,0,0,0,0,0,0,0,0,0,0,0,0,0,0,0,0,0,0,0,0,0,0,0,0,0,0,0,0,0,0,0,0,0
891f8d408b3ffff,48.1568,11.3541,muenchen,False,0,,0,False,0.461337,False,0,0.885067,0,0,0,0,0,0,0,0,0,0,0,0,0,0,0,0,0,0,0,0,0,0,0,0,0,0,0,0,0,0,0,0,0,0
891f8d408b7ffff,48.1572,11.3588,muenchen,False,0,,0,False,0.461337,False,0,0.885067,0,0,0,0,0,0,0,0,0,0,0,0,0,0,0,0,0,0,0,0,0,0,0,0,0,0,0,0,0,0,0,0,0,0
891f8d408bbffff,48.154,11.3519,muenchen,False,0,,0,False,0.461337,False,0,0.885067,0,0,0,0,0,0,0,0,0,0,0,0,0,0,0,0,0,0,0,0,0,0,0,0,0,0,0,0,0,0,0,0,0,0
891f8d40903ffff,48.1511,11.3807,muenchen,False,0,,0,False,0.461337,False,0,0.885067,0,0,0,0,0,0,0,0,0,0,0,0,0,0,0,0,0,0,0,0,0,0,0,0,0,0,0,0,0,0,0,0,0,0
891f8d40907ffff,48.1514,11.3854,muenchen,True,0,,0,False,0.461337,False,3,0.885067,0,0,0,0,0,0,0,0,0,0,0,0,0,0,0,0,0,0,0,0,0,0,0,0,0,0,0,0,0,0,0,0,0,0
891f8d4090bffff,48.1483,11.3786,muenchen,False,0,,0,False,0.461337,False,0,0.885067,0,0,0,0,0,0,0,0,0,0,0,0,0,0,0,0,0,0,0,0,0,0,0,0,0,0,0,0,0,0,0,0,0,0
891f8d4090fffff,48.1487,11.3833,muenchen,False,0,,0,False,0.461337,False,0,0.885067,0,0,0,0,0,0,0,0,0,0,0,0,0,0,0,0,0,0,0,0,0,0,0,0,0,0,0,0,0,0,0,0,0,0
891f8d40913ffff,48.1535,11.3781,muenchen,True,0,,0,False,0.461337,False,0,0.885067,0,0,0,0,0,0,0,0,0,0,0,0,0,0,0,0,0,0,0,0,0,0,0,0,0,0,0,0,0,0,0,0,0,0
891f8d40917ffff,48.1539,11.3828,muenchen,True,0,,0,False,0.461337,False,0,0.885067,0,0,0,0,0,0,0,0,0,0,0,0,0,0,0,0,0,0,0,0,0,0,0,0,0,0,0,0,0,0,0,0,0,0
891f8d4091bffff,48.1507,11.376,muenchen,False,0,,0,False,0.461337,False,0,0.885067,0,0,0,0,0,0,0,0,0,0,0,0,0,0,0,0,0,0,0,0,0,0,0,0,0,0,0,0,0,0,0,0,0,0
891f8d40923ffff,48.1494,11.3927,muenchen,True,0,,0,False,0.461337,False,0,0.885067,0,0,0,0,0,0,0,0,0,0,0,0,0,0,0,0,0,0,0,0,0,0,0,0,0,0,0,0,0,0,0,0,0,0
891f8d40927ffff,48.1498,11.3974,muenchen,True,0,,0,False,0.461337,False,0,0.885067,0,0,0,0,0,0,0,0,0,0,0,0,0,0,0,0,0,0,0,0,0,0,0,0,0,0,0,0,0,0,0,0,0,0
891f8d4092bffff,48.1466,11.3906,muenchen,True,0,,0,False,0.461337,False,0,0.885067,0,0,0,0,0,0,0,0,0,0,0,0,0,0,0,0,0,0,0,0,0,0,0,0,0,0,0,0,0,0,0,0,0,0
891f8d4092fffff,48.147,11.3953,muenchen,True,0,,0,False,0.461337,False,0,0.885067,0,0,0,0,0,0,0,0,0,0,0,0,0,0,0,0,0,0,0,0,0,0,0,0,0,0,0,0,0,0,0,0,0,0
891f8d40933ffff,48.1518,11.3901,muenchen,True,0,,0,False,0.461337,False,0,0.885067,0,0,0,0,0,0,0,0,0,0,0,0,0,0,0,0,0,0,0,0,0,0,0,0,0,0,0,0,0,0,0,0,0,0
891f8d40937ffff,48.1522,11.3948,muenchen,True,0,,0,False,0.461337,False,0,0.885067,0,0,0,0,0,0,0,0,0,0,0,0,0,0,0,0,0,0,0,0,0,0,0,0,0,0,0,0,0,0,0,0,0,0
891f8d4093bffff,48.149,11.388,muenchen,True,0,,0,False,0.461337,False,0,0.885067,0,0,0,0,0,0,0,0,0,0,0,0,0,0,0,0,0,0,0,0,0,0,0,0,0,0,0,0,0,0,0,0,0,0
891f8d40943ffff,48.1452,11.3717,muenchen,False,0,,0,False,0.461337,False,0,0.885067,0,0,0,0,0,0,0,0,0,0,0,0,0,0,0,0,0,0,0,0,0,0,0,0,0,0,0,0,0,0,0,0,0,0
891f8d40947ffff,48.1455,11.3765,muenchen,False,0,,0,False,0.461337,False,0,0.885067,0,0,0,0,0,0,0,0,0,0,0,0,0,0,0,0,0,0,0,0,0,0,0,0,0,0,0,0,0,0,0,0,0,0
891f8d4094bffff,48.1424,11.3696,muenchen,False,3,11.6699,0,True,0.461337,True,3,1,0,0,0,0,0,0,0,0,0,0,0,0,0,0,0,0,0,0,0,0,0,0,0,0,0,0,0,0,0,0,0,0,0,0
891f8d4094fffff,48.1427,11.3743,muenchen,False,0,,0,False,0.461337,False,0,0.885067,0,0,0,0,0,0,0,0,0,0,0,0,0,0,0,0,0,0,0,0,0,0,0,0,0,0,0,0,0,0,0,0,0,0
891f8d40953ffff,48.1476,11.3692,muenchen,False,0,,0,False,0.461337,False,0,0.885067,0,0,0,0,0,0,0,0,0,0,0,0,0,0,0,0,0,0,0,0,0,0,0,0,0,0,0,0,0,0,0,0,0,0
891f8d40957ffff,48.1479,11.3739,muenchen,False,0,,0,False,0.461337,False,0,0.885067,0,0,0,0,0,0,0,0,0,0,0,0,0,0,0,0,0,0,0,0,0,0,0,0,0,0,0,0,0,0,0,0,0,0
891f8d4095bffff,48.1448,11.367,muenchen,False,0,,0,False,0.461337,False,0,0.885067,0,0,0,0,0,0,0,0,0,0,0,0,0,0,0,0,0,0,0,0,0,0,0,0,0,0,0,0,0,0,0,0,0,0
891f8d40963ffff,48.1435,11.3838,muenchen,False,0,,0,False,0.461337,False,0,0.885067,0,0,0,0,0,0,0,0,0,0,0,0,0,0,0,0,0,0,0,0,0,0,0,0,0,0,0,0,0,0,0,0,0,0
891f8d40967ffff,48.1438,11.3885,muenchen,False,0,,0,False,0.461337,False,0,0.885067,0,0,0,0,0,0,0,0,0,0,0,0,0,0,0,0,0,0,0,0,0,0,0,0,0,0,0,0,0,0,0,0,0,0
891f8d4096bffff,48.1407,11.3816,muenchen,False,0,,0,False,0.461337,False,0,0.885067,0,0,0,0,0,0,0,0,0,0,0,0,0,0,0,0,0,0,0,0,0,0,0,0,0,0,0,0,0,0,0,0,0,0
891f8d4096fffff,48.1411,11.3864,muenchen,False,183,10.8756,62,False,0.402174,False,100,0.897196,0,0,0,0,0,0,0,0,0,0,0,0,0,0,0,0,0,0,0,0,0,0,0,0,0,0,1,0,0,0,0,0,0,0
891f8d40973ffff,48.1459,11.3812,muenchen,False,0,,0,False,0.461337,False,0,0.885067,0,0,0,0,0,0,0,0,0,0,0,0,0,0,0,0,0,0,0,0,0,0,0,0,0,0,0,0,0,0,0,0,0,0
891f8d40977ffff,48.1463,11.3859,muenchen,False,0,,0,False,0.461337,False,0,0.885067,0,0,0,0,0,0,0,0,0,0,0,0,0,0,0,0,0,0,0,0,0,0,0,0,0,0,0,0,0,0,0,0,0,0
891f8d4097bffff,48.1431,11.379,muenchen,False,0,,0,False,0.461337,False,0,0.885067,0,0,0,0,0,0,0,0,0,0,0,0,0,0,0,0,0,0,0,0,0,0,0,0,0,0,0,0,0,0,0,0,0,0
891f8d40983ffff,48.1587,11.3776,muenchen,True,0,,0,False,0.461337,False,0,0.885067,0,0,0,0,0,0,0,0,0,0,0,0,0,0,0,0,0,0,0,0,0,0,0,0,0,0,0,0,0,0,0,0,0,0
891f8d40987ffff,48.159,11.3823,muenchen,True,0,,0,False,0.461337,False,0,0.885067,0,0,0,0,0,0,0,0,0,0,0,0,0,0,0,0,0,0,0,0,0,0,0,0,0,0,0,0,0,0,0,0,0,0
891f8d4098bffff,48.1559,11.3755,muenchen,True,0,,0,False,0.461337,False,0,0.885067,0,0,0,0,0,0,0,0,0,0,0,0,0,0,0,0,0,0,0,0,0,0,0,0,0,0,0,0,0,0,0,0,0,0
891f8d4098fffff,48.1563,11.3802,muenchen,True,0,,0,False,0.461337,False,0,0.885067,0,0,0,0,0,0,0,0,0,0,0,0,0,0,0,0,0,0,0,0,0,0,0,0,0,0,0,0,0,0,0,0,0,0
891f8d40993ffff,48.1611,11.375,muenchen,True,0,,0,False,0.461337,False,0,0.885067,0,0,0,0,0,0,0,0,0,0,0,0,0,0,0,0,0,0,0,0,0,0,0,0,0,0,0,0,0,0,0,0,0,0
891f8d40997ffff,48.1615,11.3797,muenchen,True,0,,0,False,0.461337,False,0,0.885067,0,0,0,0,0,0,0,0,0,0,0,0,0,0,0,0,0,0,0,0,0,0,0,0,0,0,0,0,0,0,0,0,0,0
891f8d4099bffff,48.1583,11.3729,muenchen,True,0,,0,False,0.461337,False,0,0.885067,0,0,0,0,0,0,0,0,0,0,0,0,0,0,0,0,0,0,0,0,0,0,0,0,0,0,0,0,0,0,0,0,0,0
891f8d409a3ffff,48.157,11.3896,muenchen,True,0,,0,False,0.461337,False,0,0.885067,0,0,0,0,0,0,0,0,0,0,0,0,0,0,0,0,0,0,0,0,0,0,0,0,0,0,0,0,0,0,0,0,0,0
891f8d409a7ffff,48.1574,11.3943,muenchen,True,0,,0,False,0.461337,False,0,0.885067,0,0,0,0,0,0,0,0,0,0,0,0,0,0,0,0,0,0,0,0,0,0,0,0,0,0,0,0,0,0,0,0,0,0
891f8d409abffff,48.1542,11.3875,muenchen,True,0,,0,False,0.461337,False,0,0.885067,0,0,0,0,0,0,0,0,0,0,0,0,0,0,0,0,0,0,0,0,0,0,0,0,0,0,0,0,0,0,0,0,0,0
891f8d409afffff,48.1546,11.3922,muenchen,True,0,,0,False,0.461337,False,0,0.885067,0,0,0,0,0,0,0,0,0,0,0,0,0,0,0,0,0,0,0,0,0,0,0,0,0,0,0,0,0,0,0,0,0,0
891f8d409b3ffff,48.1594,11.387,muenchen,True,0,,0,False,0.461337,False,0,0.885067,0,0,0,0,0,0,0,0,0,0,0,0,0,0,0,0,0,0,0,0,0,0,0,0,0,0,0,0,0,0,0,0,0,0
891f8d409b7ffff,48.1598,11.3917,muenchen,True,0,,0,False,0.461337,False,0,0.885067,0,0,0,0,0,0,0,0,0,0,0,0,0,0,0,0,0,0,0,0,0,0,0,0,0,0,0,0,0,0,0,0,0,0
891f8d409bbffff,48.1566,11.3849,muenchen,True,0,,0,False,0.461337,False,0,0.885067,0,0,0,0,0,0,0,0,0,0,0,0,0,0,0,0,0,0,0,0,0,0,0,0,0,0,0,0,0,0,0,0,0,0
891f8d409c3ffff,48.1528,11.3687,muenchen,False,0,,0,False,0.461337,False,0,0.885067,0,0,0,0,0,0,0,0,0,0,0,0,0,0,0,0,0,0,0,0,0,0,0,0,0,0,0,0,0,0,0,0,0,0
891f8d409c7ffff,48.1531,11.3734,muenchen,False,0,,0,False,0.461337,False,0,0.885067,0,0,0,0,0,0,0,0,0,0,0,0,0,0,0,0,0,0,0,0,0,0,0,0,0,0,0,0,0,0,0,0,0,0
891f8d409cbffff,48.15,11.3666,muenchen,False,0,,0,False,0.461337,False,0,0.885067,0,0,0,0,0,0,0,0,0,0,0,0,0,0,0,0,0,0,0,0,0,0,0,0,0,0,0,0,0,0,0,0,0,0
891f8d409cfffff,48.1503,11.3713,muenchen,False,0,,0,False,0.461337,False,0,0.885067,0,0,0,0,0,0,0,0,0,0,0,0,0,0,0,0,0,0,0,0,0,0,0,0,0,0,0,0,0,0,0,0,0,0
891f8d409d3ffff,48.1552,11.3661,muenchen,False,0,,0,False,0.461337,False,0,0.885067,0,0,0,0,0,0,0,0,0,0,0,0,0,0,0,0,0,0,0,0,0,0,0,0,0,0,0,0,0,0,0,0,0,0
891f8d409d7ffff,48.1555,11.3708,muenchen,False,0,,0,False,0.461337,False,0,0.885067,0,0,0,0,0,0,0,0,0,0,0,0,0,0,0,0,0,0,0,0,0,0,0,0,0,0,0,0,0,0,0,0,0,0
891f8d409dbffff,48.1524,11.364,muenchen,False,0,,0,False,0.461337,False,0,0.885067,0,0,0,0,0,0,0,0,0,0,0,0,0,0,0,0,0,0,0,0,0,0,0,0,0,0,0,0,0,0,0,0,0,0
891f8d40b07ffff,48.132,11.3706,muenchen,False,733,9.45708,257,False,0.396957,False,355,0.856383,0,0,0,0,0,0,0,1,0,2,3,0,0,2,0,0,0,0,0,1,0,0,0,0,0,0,3,0,1,0,0,0,0,0
891f8d40b0fffff,48.1292,11.3685,muenchen,False,525,11.9703,118,False,0.325626,False,298,0.886598,0,0,0,0,0,0,0,0,0,0,0,0,0,0,0,0,0,0,0,0,0,0,0,0,0,0,0,0,0,0,0,0,0,0
891f8d40b17ffff,48.1344,11.368,muenchen,False,983,11.0306,331,False,0.349794,False,513,0.877159,0,0,0,0,0,0,0,0,0,0,0,0,0,0,0,0,0,0,0,0,0,0,0,0,0,0,1,0,1,0,0,0,0,0
891f8d40b23ffff,48.1299,11.3779,muenchen,False,578,11.0758,130,False,0.371134,False,279,0.787313,0,0,0,0,0,0,0,0,0,0,0,0,0,0,0,0,0,0,0,0,0,0,0,0,0,0,2,0,1,0,0,0,0,0
891f8d40b27ffff,48.1303,11.3826,muenchen,False,499,10.9842,93,False,0.372141,False,223,0.857143,0,0,0,0,0,0,0,0,0,0,1,0,0,0,0,0,0,0,0,0,0,0,0,1,0,0,2,0,0,0,0,0,0,0
891f8d40b2bffff,48.1272,11.3758,muenchen,False,1007,8.53331,384,False,0.374875,False,498,0.845124,0,0,0,0,0,0,0,1,0,0,1,0,0,2,0,0,0,0,0,0,0,0,0,0,0,0,0,0,0,0,0,0,0,0
891f8d40b2fffff,48.1275,11.3805,muenchen,False,590,12.5395,92,False,0.310744,False,287,0.878788,0,0,0,0,0,0,0,0,0,0,0,0,0,0,0,0,0,0,0,0,0,0,0,0,0,0,0,0,0,0,0,0,0,0
891f8d40b33ffff,48.1324,11.3753,muenchen,False,431,10.6196,71,False,0.326241,False,209,0.910448,0,0,0,0,0,0,0,0,0,0,0,0,0,1,1,0,0,0,0,0,0,0,0,0,0,0,2,0,3,0,0,0,0,0
891f8d40b37ffff,48.1327,11.38,muenchen,False,761,11.1219,109,False,0.401333,False,249,0.792,0,0,0,0,0,0,0,2,0,0,0,0,0,0,0,0,0,0,0,0,0,0,0,0,0,0,2,0,6,1,0,0,0,0
891f8d40b3bffff,48.1296,11.3732,muenchen,False,604,9.7638,221,False,0.359589,False,323,0.872671,0,0,0,0,0,0,0,0,0,0,0,0,0,0,0,0,0,0,0,0,0,0,0,0,0,0,2,0,1,0,0,0,0,0
891f8d40b67ffff,48.1244,11.3737,muenchen,False,475,9.83461,89,False,0.297071,False,229,0.846154,0,0,0,0,0,0,0,0,0,0,0,0,0,0,0,0,0,1,0,0,0,0,0,0,0,0,0,0,0,0,0,0,0,0
891f8d40b6fffff,48.1216,11.3716,muenchen,False,388,10.8779,52,False,0.343085,False,180,0.842697,0,0,0,0,0,0,0,0,0,0,0,0,0,0,0,0,0,0,0,0,0,0,0,0,0,0,1,0,0,0,0,0,0,0
891f8d40b77ffff,48.1268,11.3711,muenchen,False,994,11.6069,296,False,0.349468,False,523,0.917647,0,0,0,0,0,0,0,0,0,0,0,0,1,0,0,0,0,0,0,0,0,0,0,0,0,0,1,1,2,0,0,0,0,0
891f8d40b97ffff,48.142,11.3649,muenchen,False,0,,0,False,0.461337,False,0,0.885067,0,0,0,0,0,0,0,0,0,0,0,0,0,0,0,0,0,0,0,0,0,0,0,0,0,0,0,0,0,0,0,0,0,0
891f8d40ba3ffff,48.1376,11.3748,muenchen,False,893,11.1239,282,False,0.420519,False,428,0.830664,0,0,0,0,0,0,0,2,0,0,1,1,0,3,0,0,0,2,0,1,1,0,0,0,0,0,3,0,1,0,0,0,0,0
891f8d40ba7ffff,48.1379,11.3795,muenchen,False,938,11.1356,260,False,0.338298,False,462,0.890625,0,0,0,0,0,0,0,0,0,0,0,0,0,0,0,0,0,0,0,0,0,0,0,0,0,0,1,0,0,0,0,0,0,0
891f8d40babffff,48.1348,11.3727,muenchen,False,774,11.7668,297,False,0.416337,False,408,0.883777,0,0,0,0,0,0,0,1,0,0,0,0,0,1,0,0,0,0,0,0,0,0,0,0,0,0,1,0,0,0,0,0,0,0
891f8d40bafffff,48.1351,11.3774,muenchen,False,1326,11.1307,384,False,0.391138,False,652,0.848175,0,0,0,0,0,0,0,0,0,0,0,0,2,0,0,0,0,0,0,1,0,0,0,0,0,0,2,0,2,0,0,0,0,0
891f8d40bb3ffff,48.14,11.3722,muenchen,False,105,12.0605,40,False,0.394231,False,60,0.898305,0,0,0,0,0,0,0,0,0,0,1,0,0,0,0,0,0,0,0,0,0,0,0,0,0,0,2,0,0,0,0,0,0,0
891f8d40bb7ffff,48.1403,11.3769,muenchen,False,158,12.6189,71,False,0.226667,False,105,0.969697,0,0,0,0,0,0,0,0,0,0,0,0,0,0,0,0,0,0,0,0,0,0,0,0,0,0,0,0,0,0,0,0,0,0
891f8d40bbbffff,48.1372,11.3701,muenchen,False,453,12.4587,90,False,0.334086,False,226,0.929204,0,0,0,0,0,0,0,0,0,0,0,0,0,0,0,0,0,0,0,0,0,0,0,0,0,0,1,0,1,0,0,0,0,0
891f8d40c27ffff,48.1641,11.3463,muenchen,False,204,11.9379,24,False,0.336634,False,77,0.851351,0,0,0,0,0,0,0,0,0,0,0,0,0,0,0,0,0,0,0,0,0,0,0,0,0,0,0,0,0,0,0,0,0,0
891f8d40c2fffff,48.1613,11.3442,muenchen,False,26,10.9112,0,True,0.347826,False,3,0.885067,0,0,0,0,0,0,0,0,0,0,0,0,0,0,0,0,0,0,0,0,0,0,0,0,0,0,1,0,0,0,0,0,0,0
891f8d40c37ffff,48.1665,11.3437,muenchen,False,464,10.9128,87,False,0.286624,False,205,0.815534,0,0,0,0,0,0,0,0,0,0,0,0,0,0,0,0,0,0,0,0,0,0,0,0,0,0,0,0,0,0,0,0,0,0
891f8d40d03ffff,48.1679,11.3625,muenchen,False,0,,0,False,0.461337,False,0,0.885067,0,0,0,0,0,0,0,0,0,0,0,0,0,0,0,0,0,0,0,0,0,0,0,0,0,0,0,0,0,0,0,0,0,0
891f8d40d07ffff,48.1683,11.3672,muenchen,False,13,10.75,3,False,0.285714,False,3,0.885067,0,0,0,0,0,0,0,0,0,0,0,0,0,0,0,0,0,1,0,0,0,0,0,0,0,0,0,0,2,0,0,0,0,0
891f8d40d0bffff,48.1652,11.3604,muenchen,False,0,,0,False,0.461337,False,0,0.885067,0,0,0,0,0,0,0,0,0,0,0,0,0,0,0,0,0,0,0,0,0,0,0,0,0,0,0,0,0,0,0,0,0,0
891f8d40d0fffff,48.1655,11.3651,muenchen,False,0,,0,False,0.461337,False,0,0.885067,0,0,0,0,0,0,0,0,0,0,0,0,0,0,0,0,0,0,0,0,0,0,0,0,0,0,0,0,0,0,0,0,0,0
891f8d40d13ffff,48.1704,11.3599,muenchen,False,264,5.91525,99,False,0.408907,False,103,0.762376,0,0,0,0,0,0,0,0,0,0,0,0,0,0,0,0,0,0,0,0,0,0,0,0,0,0,0,0,0,0,0,0,0,0
891f8d40d17ffff,48.1707,11.3646,muenchen,False,22,8.19,3,False,0.28,False,7,0.885067,0,0,0,0,0,0,0,1,0,0,1,0,0,0,0,0,0,0,0,0,0,0,0,0,0,0,2,0,3,0,0,0,0,0
891f8d40d1bffff,48.1676,11.3578,muenchen,False,269,8.96743,105,False,0.314815,False,106,0.757282,0,0,0,0,0,0,0,0,0,0,0,0,0,0,1,0,0,0,0,0,0,0,0,0,0,0,0,0,0,0,0,0,0,0
891f8d40d23ffff,48.1663,11.3745,muenchen,True,5,10.75,0,True,0.461337,True,0,0.885067,0,0,0,0,0,0,0,0,0,0,0,0,0,0,0,0,0,0,0,0,0,0,0,0,0,0,0,0,0,0,0,0,0,0
891f8d40d27ffff,48.1666,11.3792,muenchen,True,0,,0,False,0.461337,False,0,0.885067,0,0,0,0,0,0,0,0,0,0,0,0,0,0,0,0,0,0,0,0,0,0,0,0,0,0,0,0,0,0,0,0,0,0
891f8d40d2bffff,48.1635,11.3724,muenchen,True,0,,0,False,0.461337,False,0,0.885067,0,0,0,0,0,0,0,0,0,0,0,0,0,0,0,0,0,0,0,0,0,0,0,0,0,0,0,0,0,0,0,0,0,0
891f8d40d2fffff,48.1639,11.3771,muenchen,True,0,,0,False,0.461337,False,0,0.885067,0,0,0,0,0,0,0,0,0,0,0,0,0,0,0,0,0,0,0,0,0,0,0,0,0,0,0,0,0,0,0,0,0,0
891f8d40d33ffff,48.1687,11.3719,muenchen,True,0,,0,False,0.461337,False,0,0.885067,0,0,0,0,0,0,0,0,0,0,0,0,0,0,0,0,0,0,0,0,0,0,0,0,0,0,0,0,0,0,0,0,0,0
891f8d40d37ffff,48.1691,11.3766,muenchen,True,0,,0,False,0.461337,False,0,0.885067,0,0,0,0,0,0,0,0,0,0,0,0,0,0,0,0,0,0,0,0,0,0,0,0,0,0,0,0,0,0,0,0,0,0
891f8d40d3bffff,48.1659,11.3698,muenchen,True,0,,0,False,0.461337,False,0,0.885067,0,0,0,0,0,0,0,0,0,0,0,0,0,0,0,0,0,0,0,0,0,0,0,0,0,0,0,0,0,0,0,0,0,0
891f8d40d43ffff,48.162,11.3536,muenchen,False,0,,0,False,0.461337,False,0,0.885067,0,0,0,0,0,0,0,0,0,0,0,0,0,0,0,0,0,0,0,0,0,0,0,0,0,0,0,0,0,0,0,0,0,0
891f8d40d47ffff,48.1624,11.3583,muenchen,False,0,,0,False,0.461337,False,0,0.885067,0,0,0,0,0,0,0,0,0,0,0,0,0,0,0,0,0,0,0,0,0,0,0,0,0,0,0,0,0,0,0,0,0,0
891f8d40d4bffff,48.1592,11.3515,muenchen,False,17,11.914,0,True,0.176471,False,4,0.5,0,0,0,0,0,0,0,0,0,0,0,0,0,0,0,0,0,0,0,0,0,0,0,0,0,0,0,0,0,0,0,0,0,0
891f8d40d4fffff,48.1596,11.3562,muenchen,False,0,,0,False,0.461337,False,0,0.885067,0,0,0,0,0,0,0,0,0,0,0,0,0,0,0,0,0,0,0,0,0,0,0,0,0,0,0,0,0,0,0,0,0,0
891f8d40d53ffff,48.1644,11.351,muenchen,False,8,10.5669,0,True,0,False,4,1,0,0,0,0,0,0,0,0,0,0,0,0,0,0,0,0,0,0,0,0,0,0,0,0,0,0,0,0,0,0,0,0,0,0
891f8d40d57ffff,48.1648,11.3557,muenchen,False,0,,0,False,0.461337,False,0,0.885067,0,0,0,0,0,0,0,0,0,0,0,0,0,0,0,0,0,0,0,0,0,0,0,0,0,0,0,0,0,0,0,0,0,0
891f8d40d5bffff,48.1616,11.3489,muenchen,False,123,10.146,10,False,0.38843,False,50,0.853659,0,0,0,0,0,0,0,0,0,0,0,0,0,0,0,0,0,0,0,0,0,0,0,0,0,0,0,0,0,0,0,0,0,0
891f8d40d63ffff,48.1603,11.3656,muenchen,True,0,,0,False,0.461337,False,0,0.885067,0,0,0,0,0,0,0,0,0,0,0,0,0,0,0,0,0,0,0,0,0,0,0,0,0,0,0,0,0,0,0,0,0,0
891f8d40d67ffff,48.1607,11.3703,muenchen,True,0,,0,False,0.461337,False,0,0.885067,0,0,0,0,0,0,0,0,0,0,0,0,0,0,0,0,0,0,0,0,0,0,0,0,0,0,0,0,0,0,0,0,0,0
891f8d40d6bffff,48.1576,11.3635,muenchen,False,0,,0,False,0.461337,False,0,0.885067,0,0,0,0,0,0,0,0,0,0,0,0,0,0,0,0,0,0,0,0,0,0,0,0,0,0,0,0,0,0,0,0,0,0
891f8d40d6fffff,48.1579,11.3682,muenchen,False,0,,0,False,0.461337,False,0,0.885067,0,0,0,0,0,0,0,0,0,0,0,0,0,0,0,0,0,0,0,0,0,0,0,0,0,0,0,0,0,0,0,0,0,0
891f8d40d73ffff,48.1628,11.363,muenchen,True,0,,0,False,0.461337,False,0,0.885067,0,0,0,0,0,0,0,0,0,0,0,0,0,0,0,0,0,0,0,0,0,0,0,0,0,0,0,0,0,0,0,0,0,0
891f8d40d77ffff,48.1631,11.3677,muenchen,True,0,,0,False,0.461337,False,0,0.885067,0,0,0,0,0,0,0,0,0,0,0,0,0,0,0,0,0,0,0,0,0,0,0,0,0,0,0,0,0,0,0,0,0,0
891f8d40d7bffff,48.16,11.3609,muenchen,False,0,,0,False,0.461337,False,0,0.885067,0,0,0,0,0,0,0,0,0,0,0,0,0,0,0,0,0,0,0,0,0,0,0,0,0,0,0,0,0,0,0,0,0,0
891f8d40d83ffff,48.1755,11.3594,muenchen,False,585,11.2417,153,False,0.375828,False,279,0.827839,0,0,0,0,0,0,0,1,0,0,1,0,1,2,0,0,0,1,1,0,0,0,0,0,0,0,3,0,2,0,0,0,0,0
891f8d40d87ffff,48.1759,11.3641,muenchen,False,994,11.2951,203,False,0.335685,False,513,0.860465,0,0,0,0,0,0,0,0,0,0,0,0,0,1,0,0,0,1,0,0,0,0,0,0,0,0,4,0,0,0,0,0,0,0
891f8d40d8bffff,48.1728,11.3573,muenchen,False,627,11.7595,109,False,0.330113,False,310,0.882353,0,0,0,0,0,0,0,1,1,0,2,0,1,2,0,1,0,1,0,0,0,0,0,0,0,0,0,0,4,0,0,0,0,0
891f8d40d8fffff,48.1731,11.362,muenchen,False,578,10.5194,53,False,0.361592,False,188,0.802139,0,0,0,0,0,0,0,1,0,0,0,0,0,0,0,0,0,0,0,0,0,0,0,0,0,0,1,0,0,0,0,0,0,0
891f8d40d93ffff,48.178,11.3568,muenchen,False,461,12.3182,56,False,0.294492,False,198,0.765957,0,0,0,0,0,0,0,0,0,0,0,0,0,0,0,0,0,0,0,0,0,0,0,0,0,0,0,0,0,0,0,0,0,0
891f8d40d97ffff,48.1783,11.3615,muenchen,False,652,11.4401,130,False,0.30687,False,339,0.891304,0,0,0,0,0,0,0,0,0,1,1,0,0,1,0,0,0,0,0,0,0,0,0,0,0,0,2,0,0,0,0,0,0,0
891f8d40d9bffff,48.1752,11.3547,muenchen,False,421,11.4106,66,False,0.309091,False,180,0.747312,0,0,0,0,0,0,0,0,0,0,0,0,0,0,0,0,0,0,0,0,0,0,0,0,0,0,0,0,1,0,0,0,0,0
891f8d40da3ffff,48.1739,11.3714,muenchen,True,0,,0,False,0.461337,False,0,0.885067,0,0,0,0,0,0,0,0,0,0,0,0,0,0,0,0,0,0,0,0,0,0,0,0,0,0,0,0,0,0,0,0,0,0
891f8d40da7ffff,48.1742,11.3761,muenchen,True,0,,0,False,0.461337,False,0,0.885067,0,0,0,0,0,0,0,0,0,0,0,0,0,0,0,0,0,0,0,0,0,0,0,0,0,0,0,0,0,0,0,0,0,0
891f8d40dabffff,48.1711,11.3693,muenchen,True,7,10.1866,0,True,0,False,0,0.885067,0,0,0,0,0,0,0,0,0,0,0,0,0,0,0,0,0,0,0,0,0,0,0,0,0,0,1,0,2,0,0,0,0,0
891f8d40dafffff,48.1715,11.374,muenchen,True,0,,0,False,0.461337,False,0,0.885067,0,0,0,0,0,0,0,0,0,0,0,0,0,0,0,0,0,0,0,0,0,0,0,0,0,0,0,0,0,0,0,0,0,0
891f8d40db3ffff,48.1763,11.3688,muenchen,False,374,11.6295,107,False,0.419525,False,213,0.892019,0,0,0,0,0,0,0,0,0,0,0,0,0,0,0,0,0,0,0,0,0,0,0,0,0,0,0,0,0,0,0,0,0,0
891f8d40db7ffff,48.1767,11.3735,muenchen,True,0,,0,False,0.461337,False,0,0.885067,0,0,0,0,0,0,0,0,0,0,0,0,0,0,0,0,0,0,0,0,0,0,0,0,0,0,0,0,0,0,0,0,0,0
891f8d40dbbffff,48.1735,11.3667,muenchen,False,105,12.0675,16,False,0.326531,False,55,0.8125,0,0,0,0,0,0,0,1,0,0,1,0,0,0,0,0,0,0,0,1,0,0,0,0,0,0,1,0,2,0,0,0,0,0
891f8d40dc3ffff,48.1696,11.3505,muenchen,False,745,10.8866,215,False,0.341857,False,404,0.91198,0,0,0,0,0,0,0,0,0,0,0,0,0,0,0,0,0,0,0,0,0,0,0,0,0,0,0,0,0,0,0,0,0,0
891f8d40dc7ffff,48.17,11.3552,muenchen,False,1681,10.3794,557,False,0.416716,False,674,0.764012,0,0,0,0,0,0,0,1,0,0,0,0,0,1,0,0,0,0,0,0,0,0,0,0,0,0,2,0,0,0,0,0,0,0
891f8d40dcbffff,48.1668,11.3484,muenchen,False,621,10.4934,41,False,0.249191,False,267,0.802768,0,0,0,0,0,0,0,0,0,0,0,0,0,0,0,0,0,0,0,0,0,0,0,0,0,0,0,0,0,0,0,0,0,0
891f8d40dcfffff,48.1672,11.3531,muenchen,False,281,10.3774,95,False,0.363958,False,106,0.707547,0,0,0,0,0,0,0,0,0,0,0,0,0,0,0,0,0,0,0,0,0,0,0,0,0,0,0,0,0,0,0,0,0,0
891f8d40dd3ffff,48.172,11.3479,muenchen,False,149,6.16097,62,False,0.292857,False,61,0.901639,0,0,0,0,0,0,0,1,0,1,1,0,0,1,0,0,0,0,0,0,0,0,0,0,0,0,0,0,0,0,0,0,0,0
891f8d40dd7ffff,48.1724,11.3526,muenchen,False,308,10.0652,101,False,0.459283,False,147,0.864286,1,0,0,0,0,0,0,0,0,0,1,0,1,0,1,0,0,1,0,1,0,0,0,0,0,1,3,0,2,0,0,0,0,0
891f8d40ddbffff,48.1692,11.3458,muenchen,False,596,11.8833,126,False,0.326797,False,316,0.871166,0,0,0,0,0,0,0,0,0,0,0,0,0,1,0,0,0,0,0,0,1,0,0,0,0,0,2,0,0,0,0,0,0,0
891f8d42927ffff,48.203,11.3758,muenchen,False,312,11.5522,55,False,0.283217,False,142,0.89726,0,0,0,0,0,0,0,0,0,0,0,0,0,0,0,0,0,0,0,0,0,0,0,0,0,0,2,0,0,0,0,0,0,0
891f8d4292fffff,48.2002,11.3737,muenchen,False,340,11.2214,63,False,0.338462,False,145,0.796178,0,0,0,0,0,0,0,1,0,1,0,0,0,2,0,0,0,0,0,0,0,0,0,0,0,0,1,0,1,0,0,0,0,0
891f8d42b23ffff,48.1831,11.3563,muenchen,False,0,,0,False,0.461337,False,0,0.885067,0,0,0,0,0,0,0,0,0,0,0,0,0,1,0,0,0,0,0,0,0,0,0,0,0,0,0,0,0,0,0,0,0,0
891f8d42b27ffff,48.1835,11.361,muenchen,False,76,9.11,4,False,0.203125,False,27,0.71875,0,0,0,0,0,0,0,0,0,0,0,0,0,0,0,0,0,0,0,0,0,0,0,0,0,0,1,0,0,0,0,0,0,0
891f8d42b2bffff,48.1804,11.3542,muenchen,False,96,11.4971,14,False,0.29,False,49,0.818182,0,0,0,0,0,0,0,0,0,0,0,0,0,1,0,0,0,0,0,0,0,0,0,0,0,0,1,0,0,0,0,0,0,0
891f8d42b2fffff,48.1807,11.3589,muenchen,False,389,10.9423,26,False,0.261333,False,151,0.697674,0,0,0,0,0,0,0,0,0,0,0,0,0,1,0,0,0,0,0,0,0,0,0,0,0,0,3,0,0,0,0,0,0,0
891f8d42b37ffff,48.1859,11.3584,muenchen,False,7,10.8124,0,True,0.461337,True,0,0.885067,0,0,0,0,0,0,0,0,0,0,0,0,0,0,0,0,0,0,0,0,0,0,0,0,0,0,0,0,0,0,0,0,0,0
891f8d42b67ffff,48.1776,11.3521,muenchen,False,718,11.5184,92,False,0.304348,False,333,0.841424,0,0,0,0,0,0,0,0,0,0,0,0,0,0,0,0,0,0,0,0,0,0,0,0,0,0,1,0,0,0,0,0,0,0
891f8d42b6fffff,48.1748,11.35,muenchen,False,899,12.8854,283,False,0.455157,False,406,0.776942,0,0,0,0,0,0,0,0,0,0,0,0,0,0,0,0,0,0,0,0,0,0,0,0,0,0,1,0,0,0,0,0,0,0
891f8d44003ffff,48.1782,11.4943,muenchen,True,483,11.0364,204,False,0.522267,False,245,0.861789,0,0,0,0,0,0,0,0,0,0,0,0,0,0,0,0,0,0,0,0,0,0,0,0,0,0,4,0,0,0,0,0,0,0
891f8d44007ffff,48.1786,11.499,muenchen,True,30,11.8694,0,True,0.40625,False,12,0.5,0,0,0,0,0,0,0,1,0,0,0,0,0,0,0,0,0,0,0,0,0,0,0,0,0,0,1,0,0,0,0,0,0,0
891f8d4400bffff,48.1755,11.4922,muenchen,True,85,9.315,6,False,0.26087,False,43,0.846154,0,0,0,0,0,0,0,0,0,0,0,0,0,0,0,0,0,0,0,0,0,0,0,0,0,0,0,0,0,0,0,0,0,0
891f8d4400fffff,48.1758,11.4969,muenchen,True,69,13.824,10,False,0.272727,False,22,0.842105,0,0,0,0,0,0,0,0,0,0,0,0,0,0,0,0,0,0,0,0,0,0,0,0,0,0,0,0,0,0,0,0,0,0
891f8d44013ffff,48.1807,11.4917,muenchen,True,1121,10.6131,409,False,0.431818,False,609,0.894915,0,0,0,0,0,0,0,1,0,1,1,0,0,0,0,0,0,1,0,0,0,0,0,0,0,0,1,0,0,0,0,0,0,0
891f8d44017ffff,48.181,11.4964,muenchen,True,1600,10.7026,673,False,0.451593,False,728,0.795148,0,0,0,0,0,0,0,0,0,0,1,0,0,0,0,0,0,0,0,0,0,0,0,0,0,0,3,0,0,0,0,0,0,0
891f8d4401bffff,48.1779,11.4896,muenchen,True,241,11.7912,24,False,0.290909,False,98,0.784946,0,0,0,0,0,0,0,0,0,0,0,0,0,1,0,0,0,0,0,0,0,0,0,0,0,0,1,0,0,0,0,0,0,0
891f8d44023ffff,48.1766,11.5063,muenchen,True,1313,12.081,504,False,0.417104,False,699,0.906648,0,0,0,0,0,0,0,0,0,0,0,0,0,1,0,0,0,0,0,0,0,0,0,0,0,0,2,0,2,0,0,0,0,0
891f8d44027ffff,48.1769,11.511,muenchen,True,1194,10.3932,535,False,0.42562,False,632,0.868167,0,0,0,0,0,0,0,0,0,0,0,0,0,0,0,0,0,0,0,0,0,0,0,0,0,0,0,0,0,0,0,0,0,0
891f8d4402bffff,48.1738,11.5042,muenchen,True,758,11.7328,274,False,0.463847,False,400,0.89295,0,0,0,0,0,0,0,0,0,0,0,0,0,0,0,0,0,0,0,0,0,0,0,0,0,0,4,0,0,0,0,0,0,0
891f8d4402fffff,48.1742,11.5089,muenchen,True,608,13.4196,158,False,0.406349,False,318,0.830721,0,0,0,0,0,0,0,0,0,0,0,0,0,0,0,0,0,0,0,0,0,0,0,0,0,0,0,0,0,0,0,0,0,0
891f8d44033ffff,48.179,11.5037,muenchen,True,897,15.895,390,False,0.630887,False,411,0.839901,0,1,0,0,0,0,0,1,0,1,1,0,0,2,0,1,0,1,0,0,0,0,0,0,0,0,0,0,0,0,0,0,0,0
891f8d44037ffff,48.1793,11.5084,muenchen,True,1181,10.9827,538,False,0.487967,False,628,0.895072,1,0,0,0,0,0,0,0,0,0,2,0,0,1,4,0,0,2,0,0,0,0,0,0,2,0,3,0,1,0,1,0,0,0
891f8d4403bffff,48.1762,11.5016,muenchen,True,0,,0,False,0.461337,False,0,0.885067,0,0,0,0,0,0,0,0,0,0,0,0,0,0,0,0,0,0,0,0,0,0,0,0,0,0,0,0,0,0,0,0,0,0
891f8d44043ffff,48.1723,11.4854,muenchen,True,149,7.92,3,False,0.26087,False,64,0.885067,0,0,0,0,0,0,0,0,0,0,0,0,0,0,0,0,0,0,0,0,0,0,0,0,0,0,0,0,0,0,0,0,0,0
891f8d44047ffff,48.1727,11.4901,muenchen,True,53,9.75,4,False,0.275,False,23,0.6,0,0,0,0,0,0,0,0,0,0,0,0,0,0,0,0,0,0,0,0,0,1,0,0,0,0,0,0,0,0,0,0,0,0
891f8d4404bffff,48.1695,11.4833,muenchen,True,345,15.1292,65,False,0.343195,False,154,0.824675,0,0,0,0,0,0,0,0,0,0,0,0,0,0,0,0,0,0,0,0,0,0,0,0,0,0,3,0,0,0,0,0,0,0
891f8d4404fffff,48.1699,11.488,muenchen,True,84,16.68,3,False,0.226415,False,31,0.885067,0,0,0,0,0,0,0,0,0,0,0,0,0,0,0,0,0,0,0,0,0,0,0,0,0,0,0,0,0,0,0,0,0,0
891f8d44053ffff,48.1747,11.4828,muenchen,True,303,14.4374,61,False,0.332248,False,136,0.824818,0,0,0,0,0,0,0,0,0,0,0,0,0,0,0,0,0,0,0,0,0,0,0,0,0,0,0,0,0,0,0,0,0,0
891f8d44057ffff,48.1751,11.4875,muenchen,True,85,9.41667,9,False,0.214286,False,34,0.916667,0,0,0,0,0,1,0,0,0,0,0,0,0,0,0,0,0,0,0,0,0,0,0,0,0,0,0,0,0,0,0,0,0,0
891f8d4405bffff,48.172,11.4807,muenchen,True,447,15.3301,105,False,0.380952,False,202,0.878788,0,0,0,0,0,0,0,0,0,0,0,0,0,1,0,0,0,0,0,0,0,0,0,0,0,0,1,0,0,0,0,0,0,0
891f8d44063ffff,48.1706,11.4974,muenchen,True,11,10.4835,0,True,0,False,5,1,0,0,0,0,0,0,0,0,0,0,0,0,0,0,0,0,0,0,0,0,0,0,0,0,0,0,0,1,1,0,0,0,0,0
891f8d44067ffff,48.171,11.5021,muenchen,True,694,10.1084,219,False,0.357349,False,313,0.848387,0,0,0,0,0,0,0,0,0,0,0,0,0,0,0,0,0,0,0,0,0,0,0,0,0,0,0,0,0,0,0,0,0,0
891f8d4406bffff,48.1679,11.4953,muenchen,True,0,,0,False,0.461337,False,0,0.885067,0,0,0,0,0,0,0,0,0,0,0,0,0,0,0,0,0,0,0,0,0,0,0,0,0,0,0,0,0,0,0,0,0,0
891f8d4406fffff,48.1682,11.5,muenchen,True,331,7.73351,111,False,0.343465,False,111,0.605505,0,0,0,0,0,0,0,0,0,0,0,0,0,2,1,0,0,0,0,0,0,0,0,0,0,0,0,0,0,0,0,0,0,0
891f8d44073ffff,48.1731,11.4948,muenchen,True,52,8.74706,17,False,0.346939,False,26,0.7,0,0,0,0,0,0,0,0,0,0,0,0,0,0,0,0,0,0,0,0,0,0,0,0,0,0,0,0,0,0,0,0,0,0
891f8d44077ffff,48.1734,11.4995,muenchen,True,33,12.3458,0,True,0.461337,True,17,1,0,0,0,0,0,0,0,0,0,0,0,0,0,0,0,0,0,0,0,0,0,0,0,0,0,0,0,0,0,0,0,0,0,0
891f8d4407bffff,48.1703,11.4927,muenchen,True,12,11.8028,0,True,0,False,0,0.885067,0,0,0,0,0,0,0,0,0,0,0,0,0,0,0,0,0,0,0,0,0,0,0,0,0,0,0,0,0,0,0,0,0,0
891f8d44083ffff,48.1858,11.4912,muenchen,True,53,12.17,3,False,0.387755,False,17,1,0,0,0,0,0,0,0,0,0,0,0,0,0,0,0,0,0,0,0,0,0,0,0,0,0,0,0,0,0,0,0,0,0,0
891f8d44087ffff,48.1862,11.4959,muenchen,True,490,12.3737,160,False,0.394683,False,260,0.886275,0,0,0,0,0,0,0,0,0,0,0,0,0,0,0,0,0,0,1,0,0,0,0,0,0,0,0,0,0,0,0,0,0,0
891f8d4408bffff,48.1831,11.4891,muenchen,True,799,12.9286,170,False,0.361893,False,350,0.8017,0,0,0,0,0,0,0,0,0,0,0,0,0,0,0,0,0,0,0,0,0,0,0,0,0,0,2,0,0,0,0,0,0,0
891f8d4408fffff,48.1834,11.4938,muenchen,True,1257,10.5297,397,False,0.45151,False,564,0.799242,0,0,0,0,0,0,0,0,0,0,0,0,0,0,0,0,0,0,0,0,1,0,0,0,0,0,1,0,0,0,0,0,0,0
891f8d44093ffff,48.1883,11.4886,muenchen,True,57,9.37,3,False,0.344262,False,23,0.708333,0,0,0,0,0,0,0,0,0,0,0,0,0,0,0,0,0,0,0,0,0,0,0,0,0,0,0,0,0,0,0,0,0,0
891f8d44097ffff,48.1886,11.4934,muenchen,True,201,11.81,12,False,0.203297,False,87,0.902439,0,0,0,0,0,0,0,0,0,0,0,0,0,0,0,0,0,0,0,0,0,0,0,0,0,0,0,0,0,0,0,0,0,0
891f8d4409bffff,48.1855,11.4865,muenchen,True,277,14.6,4,False,0.0684411,False,32,0.75,0,0,0,0,0,0,0,0,0,0,0,0,0,0,0,0,0,0,0,0,0,0,0,0,0,0,0,0,0,0,0,0,0,0
891f8d440a3ffff,48.1842,11.5033,muenchen,True,815,9.73329,289,False,0.410539,False,405,0.863081,0,0,0,0,0,0,0,0,0,0,0,0,0,0,0,0,0,0,0,0,0,0,0,0,0,0,1,0,0,0,0,0,0,0
891f8d440a7ffff,48.1845,11.508,muenchen,True,692,12.9042,226,False,0.456772,False,352,0.873199,0,0,0,0,0,0,0,1,0,0,1,0,0,0,0,0,0,0,0,0,0,0,0,0,0,0,3,0,0,0,0,0,0,0
891f8d440abffff,48.1814,11.5011,muenchen,True,763,12.4209,227,False,0.454791,False,350,0.796562,0,0,0,0,0,0,0,0,0,0,0,0,0,0,0,0,0,0,0,0,0,0,0,0,0,0,1,0,0,0,0,0,0,0
891f8d440afffff,48.1818,11.5059,muenchen,True,357,19.8749,145,False,0.576471,False,199,0.942105,0,0,1,0,0,0,0,3,0,0,2,0,1,1,0,0,0,0,0,0,0,0,0,0,0,1,8,0,0,0,1,0,0,0
891f8d440b3ffff,48.1866,11.5007,muenchen,True,894,12.9037,216,False,0.39337,False,441,0.875598,0,0,0,0,0,0,0,0,0,0,0,0,0,0,0,0,0,0,0,0,0,0,0,0,0,0,0,0,0,0,0,0,0,0
891f8d440b7ffff,48.1869,11.5054,muenchen,True,1052,12.8993,237,False,0.435801,False,479,0.881002,0,0,0,0,0,0,0,0,0,0,0,0,0,1,0,0,0,0,0,0,0,0,0,1,0,0,2,0,0,0,0,0,0,0
891f8d440bbffff,48.1838,11.4985,muenchen,True,730,13.062,185,False,0.441417,False,326,0.840625,0,0,0,0,0,0,0,0,0,0,0,0,0,0,0,0,0,0,0,0,0,0,0,0,0,0,1,0,0,0,0,0,0,0
891f8d440c3ffff,48.1799,11.4823,muenchen,True,653,13.4497,207,False,0.388974,False,350,0.897222,0,0,0,0,0,1,0,0,0,0,1,0,0,0,1,0,0,0,0,0,0,0,0,0,0,0,0,0,0,0,0,0,0,0
891f8d440c7ffff,48.1803,11.487,muenchen,True,508,13.9097,95,False,0.356164,False,223,0.813333,0,0,0,0,0,0,0,0,1,0,0,0,0,1,0,0,0,0,0,0,0,0,0,0,0,0,1,0,0,0,0,0,0,0
891f8d440cbffff,48.1772,11.4802,muenchen,True,438,14.6171,56,False,0.389247,False,179,0.786517,0,0,0,0,0,0,0,0,0,0,0,0,0,0,0,0,0,0,0,0,0,0,0,0,0,0,2,0,0,0,0,0,0,0
891f8d440cfffff,48.1775,11.4849,muenchen,True,282,12.676,57,False,0.338983,False,140,0.866667,0,0,0,0,0,0,0,0,0,0,0,0,0,0,0,0,0,0,0,0,0,0,0,0,0,0,0,0,0,0,0,0,0,0
891f8d440d3ffff,48.1823,11.4797,muenchen,True,1559,12.8302,403,False,0.442974,False,774,0.87156,0,0,0,0,0,0,0,1,0,0,0,0,0,0,0,0,0,0,0,0,0,0,0,0,0,0,0,0,0,0,0,0,0,0
891f8d440d7ffff,48.1827,11.4844,muenchen,True,395,13.204,52,False,0.268949,False,168,0.762195,0,0,0,0,0,0,0,0,0,0,0,0,0,0,0,0,0,0,0,0,0,0,0,0,0,0,3,0,0,0,0,0,0,0
891f8d440dbffff,48.1796,11.4776,muenchen,True,816,13.8151,207,False,0.426966,False,426,0.869976,0,0,0,0,0,0,0,0,0,0,0,0,0,0,0,0,0,0,0,0,0,0,0,0,0,0,0,0,0,0,0,0,0,0
891f8d44103ffff,48.1808,11.5273,muenchen,True,1121,12.4899,432,False,0.482543,False,733,0.912378,0,0,0,0,0,0,0,1,0,0,0,0,0,0,0,0,0,1,0,0,0,0,0,0,0,0,1,0,0,0,0,0,0,0
891f8d44107ffff,48.1812,11.532,muenchen,True,21,13.0705,0,True,0.470588,False,7,0.885067,0,0,0,0,0,1,0,2,0,0,0,0,0,0,0,0,0,1,0,1,0,1,0,0,1,0,2,0,7,0,0,0,0,0
891f8d4410bffff,48.178,11.5252,muenchen,True,1536,12.6769,582,False,0.48668,False,785,0.893082,0,0,0,0,0,0,0,0,0,0,0,0,0,0,0,0,0,0,0,0,0,0,0,0,0,0,0,0,0,0,0,0,0,0
891f8d4410fffff,48.1784,11.5299,muenchen,True,487,14.8637,199,False,0.534021,False,298,0.914089,0,0,0,0,0,0,0,0,0,0,0,0,0,0,0,0,0,0,0,0,0,0,0,0,1,0,2,1,4,0,0,1,0,0
891f8d44113ffff,48.1832,11.5247,muenchen,True,1656,11.9518,747,False,0.439487,False,953,0.928342,0,0,0,0,0,0,0,0,0,0,0,0,0,0,0,0,0,0,0,0,0,0,0,0,0,0,2,0,1,0,0,0,0,0
891f8d44117ffff,48.1836,11.5294,muenchen,True,733,12.3797,322,False,0.458971,False,418,0.894608,0,0,0,0,0,0,0,0,0,0,1,0,0,1,0,1,0,0,0,0,0,0,0,0,1,0,4,0,0,0,0,0,0,0
891f8d4411bffff,48.1804,11.5226,muenchen,True,1966,14.1151,851,False,0.528993,False,1140,0.929015,0,0,0,0,0,0,0,0,0,0,0,0,0,0,0,0,0,0,0,0,0,0,0,1,0,0,1,0,1,0,0,0,0,0
891f8d44123ffff,48.1791,11.5393,muenchen,True,6,14.3859,0,True,0.461337,True,0,0.885067,0,0,0,0,0,0,0,0,0,0,0,0,0,0,0,0,0,0,0,1,0,0,1,0,0,0,0,0,3,0,0,0,0,0
891f8d44127ffff,48.1795,11.544,muenchen,True,0,,0,False,0.461337,False,0,0.885067,0,0,0,0,0,0,0,0,0,0,0,0,0,0,0,0,0,0,0,1,0,0,0,0,0,0,0,0,0,0,0,0,0,0
891f8d4412bffff,48.1763,11.5372,muenchen,True,3,12.6435,0,True,0.461337,True,3,1,0,0,0,0,0,0,0,0,0,0,0,0,0,1,0,0,0,0,0,0,0,0,0,0,0,0,4,0,6,0,0,0,0,0
891f8d4412fffff,48.1767,11.5419,muenchen,True,5,12.7186,0,True,0.461337,True,0,0.885067,0,0,0,0,0,0,0,0,0,0,0,0,0,0,0,0,0,0,0,0,0,0,0,0,0,0,0,0,0,0,0,0,0,0
891f8d44133ffff,48.1815,11.5367,muenchen,True,992,14.1861,315,False,0.423077,False,486,0.900204,0,0,0,0,0,0,0,1,0,0,1,0,0,0,0,1,0,0,0,0,0,0,0,0,0,0,1,0,3,0,0,0,0,0
891f8d44137ffff,48.1819,11.5414,muenchen,True,0,,0,False,0.461337,False,0,0.885067,0,0,0,0,0,0,0,0,0,0,0,0,0,0,0,0,0,0,0,0,0,0,0,0,0,0,0,0,0,0,0,0,0,0
891f8d4413bffff,48.1787,11.5346,muenchen,True,290,9.77432,155,False,0.556338,False,147,0.871429,0,0,0,0,0,0,0,0,0,0,1,0,0,1,0,0,0,0,0,0,0,0,0,0,0,0,1,0,9,0,0,0,0,0
891f8d44143ffff,48.1749,11.5183,muenchen,True,878,11.0124,485,False,0.494395,False,487,0.907368,0,0,0,0,0,0,0,0,0,0,1,0,0,0,0,0,0,0,0,0,0,0,0,0,0,0,1,0,0,0,0,0,0,0
891f8d44147ffff,48.1752,11.5231,muenchen,True,431,12.3663,139,False,0.438228,False,198,0.857868,0,0,0,0,0,0,0,0,0,0,0,0,0,0,0,0,0,1,0,1,0,0,0,0,1,0,2,0,1,0,0,0,0,0
891f8d4414bffff,48.1721,11.5162,muenchen,True,0,,0,False,0.461337,False,0,0.885067,0,0,0,0,0,0,0,0,0,0,0,0,0,0,0,0,0,0,0,0,0,0,0,0,0,0,1,0,0,0,0,0,0,0
891f8d4414fffff,48.1725,11.5209,muenchen,True,3,13.36,3,False,0.461337,True,4,1,0,0,0,0,0,0,0,0,0,0,0,0,0,0,0,0,0,0,0,0,0,0,0,0,0,0,0,0,0,0,0,0,0,0
891f8d44153ffff,48.1773,11.5158,muenchen,True,1237,8.45538,770,False,0.422922,False,760,0.899733,0,0,0,0,0,0,0,0,0,0,0,0,0,0,0,0,0,0,0,0,0,0,0,0,0,0,0,0,0,0,0,0,0,0
891f8d44157ffff,48.1777,11.5205,muenchen,True,685,11.0859,286,False,0.412023,False,336,0.852853,0,0,0,0,0,0,0,1,0,0,1,0,1,1,0,0,0,0,0,0,0,0,0,0,0,0,0,0,0,0,0,0,0,0
891f8d4415bffff,48.1745,11.5136,muenchen,True,553,10.1376,215,False,0.344948,False,257,0.893939,0,0,0,0,0,0,0,0,0,0,0,0,0,0,0,0,0,0,0,0,0,0,0,0,0,0,1,0,0,0,0,0,0,0
891f8d44163ffff,48.1732,11.5304,muenchen,True,98,11.2926,19,False,0.475248,False,41,0.906977,0,0,0,0,0,0,0,0,0,0,0,0,1,0,0,0,0,1,0,0,0,0,0,0,0,0,0,0,4,0,0,0,0,0
891f8d44167ffff,48.1736,11.5351,muenchen,True,0,,0,False,0.461337,False,0,0.885067,0,0,0,0,0,0,0,0,0,0,0,0,0,0,0,0,0,0,0,0,0,0,0,0,0,0,0,0,2,0,0,0,0,0
891f8d4416bffff,48.1704,11.5282,muenchen,True,32,18.28,15,False,0.352941,False,13,0.833333,0,0,0,0,0,0,0,0,0,0,0,0,0,1,0,0,0,0,1,0,0,0,0,0,2,0,4,0,1,0,0,0,0,0
891f8d4416fffff,48.1708,11.533,muenchen,True,904,11.9821,400,False,0.395764,False,422,0.835322,0,0,0,0,0,0,0,0,0,1,1,0,1,1,1,0,0,1,0,0,0,1,0,0,2,0,1,0,2,0,0,0,0,0
891f8d44173ffff,48.1756,11.5278,muenchen,True,1027,12.4032,383,False,0.434093,False,520,0.855787,0,0,0,0,0,0,0,0,0,0,1,0,0,1,0,0,0,0,0,0,0,0,0,0,0,0,3,0,0,0,0,0,0,0
891f8d44177ffff,48.176,11.5325,muenchen,True,200,15.2,87,False,0.628713,False,127,0.921875,0,0,0,0,0,0,0,0,0,0,0,0,0,0,0,0,0,0,0,0,0,0,0,0,0,0,0,0,6,0,0,0,0,0
891f8d4417bffff,48.1728,11.5257,muenchen,True,478,14.7339,188,False,0.538622,False,260,0.898496,0,0,0,0,0,0,0,0,0,0,0,0,0,0,0,0,0,0,0,1,0,0,0,0,1,0,0,0,0,0,0,0,0,0
891f8d44183ffff,48.1884,11.5242,muenchen,True,333,13.921,61,False,0.442197,False,157,0.88535,0,0,0,0,0,0,0,0,0,0,0,0,0,0,0,0,0,0,0,0,0,0,0,0,0,0,0,0,0,0,0,0,0,0
891f8d44187ffff,48.1888,11.5289,muenchen,True,32,11.24,14,False,0.703704,False,14,1,0,0,0,0,0,0,0,1,0,0,1,0,0,0,0,0,0,0,0,0,0,0,0,0,0,0,1,0,1,0,0,0,0,0
891f8d4418bffff,48.1856,11.5221,muenchen,True,1145,12.3174,430,False,0.439341,False,617,0.898858,0,0,0,0,0,0,0,1,0,0,0,0,0,0,0,0,0,0,0,0,0,0,0,0,0,0,2,0,0,0,0,0,0,0
891f8d4418fffff,48.186,11.5268,muenchen,True,1988,11.8141,813,False,0.462344,False,931,0.831224,0,0,0,0,0,0,0,1,0,0,0,0,0,1,0,0,0,0,0,0,0,0,0,0,0,0,1,0,0,0,0,0,0,0
891f8d44193ffff,48.1908,11.5216,muenchen,True,0,,0,False,0.461337,False,0,0.885067,0,0,0,0,0,0,0,0,0,0,0,0,0,0,0,0,0,0,0,0,0,0,0,0,0,0,0,0,0,0,0,0,0,0
891f8d44197ffff,48.1912,11.5263,muenchen,True,5,12.3309,0,True,0,False,0,0.885067,0,0,0,0,0,0,0,0,0,0,0,0,0,0,0,0,0,0,0,0,0,0,0,0,0,0,0,0,0,0,0,0,0,0
891f8d4419bffff,48.188,11.5195,muenchen,True,711,9.42442,190,False,0.34384,False,326,0.852071,0,0,0,0,0,0,0,0,0,0,0,0,0,0,0,0,0,0,0,0,1,0,0,0,0,0,0,0,0,0,0,0,0,0
891f8d441a3ffff,48.1867,11.5362,muenchen,True,318,12.3195,122,False,0.462541,False,175,0.964912,0,0,0,0,0,0,0,0,0,0,0,0,0,0,0,0,0,0,0,0,0,0,0,0,0,0,2,0,0,0,0,1,0,0
891f8d441a7ffff,48.1871,11.5409,muenchen,True,230,16.51,58,False,0.617021,False,104,0.786408,0,0,0,0,0,0,0,0,0,0,0,0,0,0,0,0,0,0,0,0,0,0,0,0,0,0,2,0,0,0,0,0,0,0
891f8d441abffff,48.1839,11.5341,muenchen,True,836,15.7622,451,False,0.502364,False,628,0.962145,0,0,1,0,0,0,0,1,1,1,3,0,0,3,0,0,1,16,0,0,0,0,0,0,0,0,1,0,1,0,0,0,0,0
891f8d441afffff,48.1843,11.5388,muenchen,True,656,14.9521,166,False,0.411585,False,335,0.892638,0,0,0,0,0,0,0,0,0,0,0,0,0,1,0,0,0,0,0,0,0,0,0,0,0,0,1,0,0,0,0,0,0,0
891f8d441b3ffff,48.1891,11.5336,muenchen,True,7,13.4089,0,True,0.461337,True,0,0.885067,0,0,0,0,0,0,0,0,0,0,0,0,0,0,0,0,0,0,0,0,0,0,0,0,0,0,0,0,0,0,0,0,0,0
891f8d441b7ffff,48.1895,11.5384,muenchen,True,4,15.1258,0,True,0.461337,True,0,0.885067,0,0,0,0,0,0,0,0,0,0,0,0,0,0,0,0,0,0,0,0,0,0,0,0,0,0,0,0,0,0,0,0,0,0
891f8d441bbffff,48.1864,11.5315,muenchen,True,522,15.123,53,False,0.617702,False,197,0.947644,0,0,0,0,0,0,0,0,0,0,0,0,0,0,0,0,0,0,0,0,0,0,0,0,0,0,3,0,1,0,0,0,0,0
891f8d441c3ffff,48.1825,11.5153,muenchen,True,1036,13.6922,379,False,0.457005,False,603,0.921927,0,0,0,1,0,0,0,0,0,0,1,0,0,1,0,0,0,0,0,0,0,0,0,0,0,0,2,0,0,0,0,0,0,0
891f8d441c7ffff,48.1828,11.52,muenchen,True,958,14.1456,322,False,0.449791,False,487,0.893305,0,0,0,0,0,0,0,0,0,0,2,0,0,1,0,0,0,0,0,0,0,0,0,0,1,0,2,0,0,0,0,0,0,0
891f8d441cbffff,48.1797,11.5132,muenchen,True,1585,10.1666,761,False,0.472542,False,896,0.891068,0,0,0,0,0,0,0,2,0,1,3,0,0,1,2,0,0,0,0,0,0,0,0,0,1,0,2,0,3,0,0,0,0,0
891f8d441cfffff,48.1801,11.5179,muenchen,True,603,13.5416,229,False,0.448445,False,338,0.895062,0,0,0,0,0,0,0,0,0,0,0,0,0,0,0,0,0,0,0,0,0,0,0,0,0,0,0,0,1,0,0,0,0,0
891f8d441d3ffff,48.1849,11.5127,muenchen,True,525,11.4534,71,False,0.249527,False,228,0.8125,0,0,0,0,0,0,0,0,0,0,0,0,0,0,0,0,0,0,0,0,0,0,0,0,0,0,0,0,0,0,0,0,0,0
891f8d441d7ffff,48.1853,11.5174,muenchen,True,532,13.8849,63,False,0.315118,False,240,0.800905,0,0,0,0,0,0,0,0,0,0,0,0,0,0,0,0,0,0,0,0,0,0,0,0,0,0,0,0,0,0,0,0,0,0
891f8d441dbffff,48.1821,11.5106,muenchen,True,1500,14.6619,632,False,0.577793,False,772,0.908854,0,0,0,0,0,0,0,0,0,0,2,0,1,5,0,0,0,0,0,0,0,0,0,1,1,0,3,0,2,0,0,0,0,0
891f8d44203ffff,48.1588,11.4795,muenchen,True,317,12.9994,69,False,0.380952,False,131,0.791367,0,0,0,0,0,0,0,0,0,0,0,0,0,0,0,0,0,0,0,0,0,0,0,0,0,0,0,0,0,0,0,0,0,0
891f8d44207ffff,48.1592,11.4842,muenchen,True,0,,0,False,0.461337,False,0,0.885067,0,0,0,0,0,0,0,0,0,0,0,0,0,0,0,0,0,0,0,0,0,0,0,0,0,0,0,0,0,0,0,0,0,0
891f8d4420bffff,48.156,11.4774,muenchen,True,487,13.4972,102,False,0.347826,False,242,0.838983,0,0,0,0,0,0,0,0,0,0,0,0,0,0,0,0,0,0,0,0,0,0,0,0,0,0,1,0,0,0,0,0,0,0
891f8d4420fffff,48.1564,11.4821,muenchen,True,149,13.2172,43,False,0.433121,False,73,0.855072,0,0,0,0,0,0,0,0,0,0,0,0,0,0,0,0,0,0,0,0,0,0,0,0,0,0,0,0,1,0,0,0,0,0
891f8d44213ffff,48.1612,11.4769,muenchen,True,287,10.9176,126,False,0.340136,False,140,0.819549,0,0,0,0,0,0,0,0,0,0,0,0,0,1,0,0,0,0,0,0,0,0,0,0,0,0,1,0,0,0,0,0,0,0
891f8d44217ffff,48.1616,11.4816,muenchen,True,228,14.9108,39,False,0.445344,False,113,0.907407,0,0,0,0,0,0,0,0,0,0,0,0,0,0,0,0,0,0,0,0,0,0,0,0,0,0,0,0,0,0,0,0,0,0
891f8d4421bffff,48.1584,11.4748,muenchen,True,461,14.9609,69,False,0.334873,False,205,0.819588,0,0,0,0,0,0,0,0,0,0,0,0,0,0,0,0,0,0,0,0,0,0,0,0,0,0,0,0,0,0,0,0,0,0
891f8d44223ffff,48.1571,11.4915,muenchen,True,0,,0,False,0.461337,False,0,0.885067,0,0,0,0,0,0,0,0,0,0,0,0,0,0,0,0,0,0,0,0,0,0,0,0,0,0,0,0,0,0,0,0,0,0
891f8d44227ffff,48.1575,11.4962,muenchen,True,0,,0,False,0.461337,False,0,0.885067,0,0,0,0,0,0,0,0,0,0,0,0,0,0,0,0,0,0,0,0,0,0,0,0,0,0,0,0,0,0,0,0,0,0
891f8d4422bffff,48.1543,11.4894,muenchen,True,0,,0,False,0.461337,False,0,0.885067,0,0,0,0,0,0,0,0,0,0,0,0,0,0,0,0,0,0,0,0,0,0,0,0,0,0,0,0,0,0,0,0,0,0
891f8d4422fffff,48.1547,11.4941,muenchen,True,0,,0,False,0.461337,False,0,0.885067,0,0,0,0,0,0,0,0,0,0,0,0,0,0,0,0,0,0,0,0,0,0,0,0,0,0,0,0,0,0,0,0,0,0
891f8d44233ffff,48.1595,11.4889,muenchen,True,0,,0,False,0.461337,False,0,0.885067,0,0,0,0,0,0,0,0,0,0,0,0,0,0,0,0,0,0,0,0,0,0,0,0,0,0,0,0,0,0,0,0,0,0
891f8d44237ffff,48.1599,11.4936,muenchen,True,0,,0,False,0.461337,False,0,0.885067,0,0,0,0,0,0,0,0,0,0,0,0,0,0,0,0,0,0,0,0,0,0,0,0,0,0,0,0,0,0,0,0,0,0
891f8d4423bffff,48.1568,11.4868,muenchen,True,0,,0,False,0.461337,False,0,0.885067,0,0,0,0,0,0,0,0,0,0,0,0,0,0,0,0,0,0,0,0,0,0,0,0,0,0,0,0,0,0,0,0,0,0
891f8d44243ffff,48.1529,11.4706,muenchen,True,712,8.85025,238,False,0.317614,False,340,0.867314,0,0,0,0,0,0,0,0,0,0,0,0,0,0,0,0,0,0,0,0,0,0,0,0,0,0,0,0,0,0,0,0,0,0
891f8d44247ffff,48.1532,11.4753,muenchen,True,743,13.1065,226,False,0.38369,False,416,0.9,0,0,0,0,0,0,0,1,0,1,0,0,0,0,0,0,0,0,0,0,0,0,0,0,0,0,2,0,2,0,0,1,0,0
891f8d4424bffff,48.1501,11.4685,muenchen,True,1355,10.2054,596,False,0.43662,False,802,0.900374,0,0,0,0,0,0,0,0,0,0,0,0,0,1,0,0,0,0,0,0,0,0,0,0,0,0,1,0,1,0,0,0,0,0
891f8d4424fffff,48.1505,11.4732,muenchen,True,1471,8.59457,582,False,0.387879,False,656,0.837838,0,0,0,0,0,0,0,1,0,0,0,0,0,1,0,0,0,0,0,0,0,0,0,0,0,0,3,0,0,0,0,0,0,0
891f8d44253ffff,48.1553,11.468,muenchen,True,478,14.0891,131,False,0.371486,False,250,0.897638,0,1,0,0,0,0,0,0,0,0,0,0,0,0,0,0,0,0,0,0,0,0,0,0,0,0,1,0,0,0,0,0,0,0
891f8d44257ffff,48.1557,11.4727,muenchen,True,945,14.2077,295,False,0.370933,False,533,0.879017,0,0,0,0,0,0,0,0,0,0,1,0,0,0,0,0,0,0,0,0,0,0,0,0,0,0,0,0,0,0,0,0,0,0
891f8d4425bffff,48.1525,11.4659,muenchen,True,586,14.0271,128,False,0.388985,False,279,0.813953,0,0,0,0,0,0,0,0,0,0,0,0,0,0,0,0,0,0,0,0,0,0,0,0,0,0,1,0,1,0,0,0,0,0
891f8d44263ffff,48.1512,11.4826,muenchen,True,251,12.8205,109,False,0.683794,False,152,0.927152,0,0,0,0,0,0,0,0,0,0,0,0,0,0,0,0,0,0,0,0,0,0,0,0,0,0,1,0,0,0,0,0,0,0
891f8d44267ffff,48.1516,11.4873,muenchen,True,0,,0,False,0.461337,False,0,0.885067,0,0,0,0,0,0,0,0,0,0,0,0,0,0,0,0,0,0,0,0,0,0,0,0,0,0,0,0,0,0,0,0,0,0
891f8d4426bffff,48.1484,11.4805,muenchen,True,329,15.643,128,False,0.670732,False,173,0.88,0,0,0,0,0,0,0,0,0,0,0,0,0,0,0,0,0,0,0,0,0,0,0,0,0,0,0,0,1,0,0,0,0,0
891f8d4426fffff,48.1488,11.4852,muenchen,True,3,13.1094,0,True,0.461337,True,0,0.885067,0,0,0,0,0,0,0,0,0,0,0,0,0,0,0,0,0,0,0,0,0,0,0,0,0,0,0,0,1,0,0,0,0,0
891f8d44273ffff,48.1536,11.48,muenchen,True,360,14.9161,134,False,0.544715,False,221,0.932367,0,0,0,1,0,0,0,0,0,0,0,0,0,0,0,0,0,0,0,0,0,0,0,0,0,0,0,0,0,0,0,0,0,0
891f8d44277ffff,48.154,11.4847,muenchen,True,0,,0,False,0.461337,False,0,0.885067,0,0,0,0,0,0,0,0,0,0,0,0,0,0,0,0,0,0,0,0,0,0,0,0,0,0,0,0,0,0,0,0,0,0
891f8d4427bffff,48.1508,11.4779,muenchen,True,1067,17.0765,366,False,0.669733,False,573,0.932642,0,0,0,0,0,0,0,3,0,1,1,0,0,0,0,0,0,0,0,0,0,0,0,0,0,0,1,0,0,0,0,1,0,0
891f8d44283ffff,48.1664,11.4764,muenchen,True,535,13.728,123,False,0.402724,False,245,0.815789,0,0,0,0,0,0,0,0,0,0,0,0,0,0,0,0,0,0,0,0,0,0,0,0,0,0,0,0,1,0,0,0,0,0
891f8d44287ffff,48.1668,11.4811,muenchen,True,669,14.1596,160,False,0.289941,False,355,0.85989,0,0,0,0,0,0,0,0,0,0,0,0,0,0,0,0,0,0,0,0,0,0,0,0,0,0,0,0,0,0,0,0,0,0
891f8d4428bffff,48.1636,11.4743,muenchen,True,880,12.2075,326,False,0.395402,False,407,0.863524,0,0,0,0,0,0,0,0,0,1,2,0,0,2,1,0,0,1,1,2,0,0,0,0,0,0,3,0,0,0,0,0,0,0
891f8d4428fffff,48.164,11.479,muenchen,True,617,12.7056,162,False,0.397373,False,268,0.841085,0,0,0,0,0,0,0,0,0,0,1,0,1,1,0,0,0,1,0,1,0,0,0,2,0,1,3,0,2,0,0,0,0,0
891f8d44293ffff,48.1688,11.4738,muenchen,True,535,15.5974,103,False,0.337017,False,227,0.794872,0,0,0,0,0,0,0,0,0,0,0,0,0,0,0,0,0,0,0,0,0,0,0,0,0,0,2,0,0,0,0,0,0,0
891f8d44297ffff,48.1692,11.4786,muenchen,True,523,14.0409,137,False,0.337615,False,263,0.862816,0,0,0,0,0,0,0,0,0,0,0,0,0,0,0,0,0,0,0,0,0,0,0,0,0,0,0,0,1,0,0,0,0,0
891f8d4429bffff,48.166,11.4717,muenchen,True,618,14.4895,119,False,0.378467,False,279,0.794326,0,0,0,0,0,0,0,1,0,0,2,0,0,0,0,0,0,0,0,0,0,0,0,0,0,0,0,0,0,0,0,0,0,0
891f8d442a3ffff,48.1647,11.4885,muenchen,True,467,14.6818,149,False,0.433121,False,237,0.853556,0,0,0,0,0,0,0,2,0,0,0,0,0,0,0,0,0,0,0,0,0,0,0,0,0,0,3,0,0,0,0,0,0,0
891f8d442a7ffff,48.1651,11.4932,muenchen,True,23,15.11,9,False,0.347826,False,16,1,0,0,0,0,0,0,0,0,0,0,0,0,0,0,0,0,0,0,0,0,0,0,0,0,1,0,3,0,0,0,0,0,0,0
891f8d442abffff,48.1619,11.4863,muenchen,True,145,11.8068,37,False,0.297521,False,76,0.876543,0,0,0,0,0,0,0,0,0,0,0,0,0,0,0,0,0,0,0,0,0,0,0,0,0,0,0,0,0,0,0,0,0,0
891f8d442afffff,48.1623,11.491,muenchen,True,0,,0,False,0.461337,False,0,0.885067,0,0,0,0,0,0,0,0,0,0,0,0,0,0,0,0,0,0,0,0,0,0,0,0,0,0,0,0,0,0,0,0,0,0
891f8d442b3ffff,48.1671,11.4859,muenchen,True,431,13.8524,105,False,0.349246,False,207,0.881773,0,0,0,1,0,0,0,0,0,0,0,0,0,1,1,0,0,0,0,0,0,0,0,0,0,0,2,0,0,0,0,0,0,0
891f8d442b7ffff,48.1675,11.4906,muenchen,True,192,14.2009,22,False,0.190789,False,81,0.716418,0,0,0,0,0,0,0,0,0,0,0,0,0,0,0,0,0,0,0,0,0,0,0,0,0,0,0,0,0,0,0,0,0,0
891f8d442bbffff,48.1644,11.4837,muenchen,True,279,14.7383,36,False,0.34296,False,109,0.68595,0,0,0,0,0,0,0,0,0,0,0,0,0,0,0,0,0,0,0,0,0,0,0,0,0,0,1,0,0,0,0,0,0,0
891f8d442c3ffff,48.1605,11.4675,muenchen,True,592,12.1431,166,False,0.387043,False,280,0.828671,0,0,0,0,0,0,0,0,0,0,0,0,0,0,0,0,0,0,0,0,0,0,0,0,0,0,1,0,0,0,0,0,0,0
891f8d442c7ffff,48.1608,11.4722,muenchen,True,318,12.822,54,False,0.232639,False,143,0.748148,0,0,0,0,0,0,0,0,0,0,0,0,0,0,0,0,0,0,0,0,0,0,0,0,0,0,0,0,0,0,0,0,0,0
891f8d442cbffff,48.1577,11.4654,muenchen,True,411,12.9861,54,False,0.31941,False,147,0.605839,0,0,0,0,0,0,0,0,0,0,0,0,0,0,0,0,0,0,0,0,0,0,0,0,0,0,1,0,0,0,0,0,0,0
891f8d442cfffff,48.1581,11.4701,muenchen,True,577,14.2652,67,False,0.254325,False,234,0.741228,0,0,0,0,0,0,0,0,0,0,0,0,0,0,0,0,0,0,0,0,0,0,0,0,0,0,0,0,1,0,0,0,0,0
891f8d442d3ffff,48.1629,11.4649,muenchen,True,28,13.4564,0,True,0.1875,False,11,0.5,0,0,0,0,0,0,0,0,0,0,0,0,0,1,0,0,0,0,0,0,0,0,0,0,0,0,0,0,0,0,0,0,0,0
891f8d442d7ffff,48.1633,11.4696,muenchen,True,594,14.9712,143,False,0.433219,False,286,0.821053,0,0,0,0,0,0,0,0,0,0,0,0,0,1,0,0,0,0,1,0,0,0,0,0,0,0,0,0,0,0,0,0,0,0
891f8d442dbffff,48.1601,11.4628,muenchen,True,386,13.5699,81,False,0.292683,False,178,0.811429,0,0,0,0,0,0,0,0,0,0,0,0,0,0,0,0,0,0,0,0,0,0,0,0,0,0,0,0,0,0,0,0,0,0
891f8d44303ffff,48.1614,11.5125,muenchen,True,469,10.8142,161,False,0.370933,False,276,0.857678,0,0,0,0,0,0,0,0,0,0,0,0,0,1,0,0,0,0,0,0,0,0,0,0,1,0,1,0,0,0,0,0,0,0
891f8d44307ffff,48.1617,11.5172,muenchen,True,403,15.7076,96,False,0.311518,False,195,0.821053,0,0,0,0,0,0,0,0,0,0,0,0,0,0,0,0,0,0,0,0,0,0,0,0,0,0,0,0,0,0,0,0,0,0
891f8d4430bffff,48.1586,11.5104,muenchen,True,465,13.5936,221,False,0.359031,False,307,0.962838,0,0,0,0,0,1,0,0,0,0,1,0,2,2,0,0,0,1,0,0,0,1,0,0,1,0,2,0,2,0,0,0,0,0
891f8d4430fffff,48.1589,11.5151,muenchen,True,838,14.2119,350,False,0.411204,False,472,0.889597,0,0,0,0,0,0,0,0,0,0,1,0,0,1,0,0,0,0,0,0,0,0,0,0,0,0,0,0,0,0,0,0,0,0
891f8d44313ffff,48.1638,11.5099,muenchen,True,367,15.2203,100,False,0.405405,False,188,0.824468,0,0,0,0,0,0,0,0,0,0,0,0,0,0,0,0,0,0,0,0,0,0,0,0,0,0,0,1,0,0,0,0,0,0
891f8d44317ffff,48.1641,11.5146,muenchen,True,894,12.4458,248,False,0.343612,False,457,0.868201,0,0,0,0,0,0,0,0,0,0,0,0,0,0,0,0,0,0,0,0,0,0,0,0,0,0,0,0,0,0,0,0,0,0
891f8d4431bffff,48.161,11.5078,muenchen,True,282,14.7549,69,False,0.421245,False,117,0.772358,0,0,0,0,0,0,0,0,0,0,0,0,0,0,0,0,0,0,0,0,0,0,0,0,0,0,0,0,0,0,0,0,0,0
891f8d44323ffff,48.1597,11.5245,muenchen,True,566,15.5909,186,False,0.351494,False,291,0.821306,0,0,0,0,0,0,0,0,0,0,0,0,0,0,0,0,0,0,0,0,0,1,0,0,0,0,0,0,2,0,0,0,0,0
891f8d44327ffff,48.16,11.5292,muenchen,True,933,11.7683,413,False,0.398947,False,525,0.893058,0,0,0,0,0,0,0,0,1,0,0,0,0,0,0,0,0,0,0,0,0,0,0,0,0,0,1,0,1,0,0,0,0,0
891f8d4432bffff,48.1569,11.5224,muenchen,True,448,13.6355,138,False,0.351288,False,231,0.872146,0,0,0,0,0,0,0,0,0,0,0,0,0,0,0,0,0,0,0,0,0,0,0,0,0,0,0,0,7,0,0,0,0,0
891f8d4432fffff,48.1573,11.5271,muenchen,True,621,12.5548,306,False,0.44942,False,387,0.947781,0,0,0,0,0,0,0,0,0,0,0,0,1,2,0,0,0,0,0,1,0,0,0,0,1,0,0,0,7,0,0,0,0,0
891f8d44333ffff,48.1621,11.5219,muenchen,True,536,14.1619,120,False,0.276636,False,262,0.82807,0,0,0,0,0,0,0,0,0,1,1,0,2,1,0,0,0,0,0,0,0,0,0,0,0,0,0,0,2,0,0,0,0,0
891f8d44337ffff,48.1624,11.5266,muenchen,True,910,15.8503,269,False,0.337363,False,446,0.838428,0,0,0,0,0,0,0,0,1,0,0,0,0,0,0,0,0,0,0,0,0,1,0,0,0,0,0,0,3,0,0,0,0,0
891f8d4433bffff,48.1593,11.5198,muenchen,True,503,15.7843,176,False,0.352697,False,286,0.922481,0,0,0,0,0,0,0,0,0,0,0,0,0,0,0,0,0,0,0,0,0,0,0,0,0,0,0,0,1,0,0,0,0,0
891f8d44343ffff,48.1554,11.5035,muenchen,True,87,15.24,3,False,0.223684,False,36,0.925,0,0,0,0,0,0,0,0,0,0,0,0,0,1,1,0,0,0,0,0,0,1,0,0,0,0,0,0,0,0,0,0,0,0
891f8d44347ffff,48.1558,11.5083,muenchen,True,709,13.7678,356,False,0.502128,False,408,0.931373,0,0,0,0,0,0,0,0,0,0,1,0,0,0,0,0,0,0,0,0,0,0,0,0,0,0,0,0,1,0,0,0,0,0
891f8d4434bffff,48.1527,11.5014,muenchen,True,412,15.9205,108,False,0.311778,False,202,0.812785,0,0,0,0,0,0,0,0,0,0,0,0,0,0,0,0,0,0,0,0,0,0,0,0,0,0,0,0,0,0,0,0,0,0
891f8d4434fffff,48.153,11.5061,muenchen,True,1231,14.1381,470,False,0.467374,False,691,0.900439,0,0,0,1,0,0,0,0,0,0,1,0,0,2,1,0,0,1,0,1,0,0,0,1,0,0,2,0,1,0,0,0,0,0
891f8d44353ffff,48.1578,11.5009,muenchen,True,59,13.24,29,False,0.233333,False,29,0.9,0,0,0,0,0,0,0,0,0,0,0,0,0,0,0,0,0,0,0,0,0,0,0,0,0,0,0,0,0,0,0,0,0,0
891f8d44357ffff,48.1582,11.5057,muenchen,True,0,,0,False,0.461337,False,0,0.885067,0,0,0,0,0,0,0,0,0,0,0,0,0,0,0,0,0,0,0,0,0,0,0,0,0,0,1,0,1,0,0,0,0,0
891f8d4435bffff,48.1551,11.4988,muenchen,True,7,17.76,5,False,0.3,False,5,0.885067,0,0,0,0,0,0,0,0,0,0,0,0,0,0,0,0,0,0,0,0,0,0,0,0,0,0,0,0,0,0,0,0,0,0
891f8d44363ffff,48.1538,11.5156,muenchen,True,605,14.3229,194,False,0.407051,False,261,0.773077,0,0,0,0,0,0,0,0,0,0,0,0,0,0,0,0,0,0,0,0,0,0,0,0,1,0,0,0,0,0,0,0,0,0
891f8d44367ffff,48.1541,11.5203,muenchen,True,574,12.427,255,False,0.359932,False,324,0.895899,0,0,0,0,0,0,0,0,0,0,0,0,0,0,0,0,0,0,0,0,0,0,0,0,0,0,0,0,0,0,0,0,0,0
891f8d4436bffff,48.151,11.5134,muenchen,True,525,11.5454,240,False,0.366224,False,311,0.878205,0,0,0,0,0,0,0,0,0,0,0,0,0,0,0,0,0,0,0,0,0,0,0,0,0,0,0,0,0,0,0,0,0,0
891f8d4436fffff,48.1513,11.5181,muenchen,True,401,9.38246,199,False,0.410714,False,206,0.866337,0,0,0,0,0,0,0,0,0,0,0,0,0,0,0,0,0,0,0,0,0,0,0,0,0,0,1,0,0,0,0,0,0,0
891f8d44373ffff,48.1562,11.513,muenchen,True,1124,12.8622,408,False,0.521895,False,684,0.904486,0,0,0,1,0,0,0,1,1,0,0,0,2,0,0,1,0,0,1,0,0,0,0,2,4,0,3,0,0,0,0,0,0,0
891f8d44377ffff,48.1565,11.5177,muenchen,True,690,14.9131,293,False,0.405007,False,378,0.896373,0,0,0,0,0,0,0,0,0,0,0,0,0,0,0,0,0,0,0,0,0,0,0,0,1,0,0,0,0,0,0,0,0,0
891f8d4437bffff,48.1534,11.5108,muenchen,True,1367,13.4459,592,False,0.479412,False,680,0.941878,0,0,0,0,0,0,0,0,1,1,2,0,1,2,1,0,0,0,1,0,0,0,0,0,1,0,0,0,2,0,0,0,0,0
891f8d44383ffff,48.169,11.5094,muenchen,True,0,,0,False,0.461337,False,0,0.885067,0,0,0,0,0,0,0,0,0,0,0,0,0,1,1,0,0,0,0,0,0,0,0,0,0,0,2,0,0,0,0,0,0,0
891f8d44387ffff,48.1693,11.5141,muenchen,True,0,,0,False,0.461337,False,0,0.885067,0,0,0,0,0,0,0,0,0,0,0,0,0,1,0,0,0,0,0,0,0,0,0,0,0,0,2,0,0,0,0,0,0,0
891f8d4438bffff,48.1662,11.5073,muenchen,True,21,11.3867,9,False,0.384615,False,13,1,0,0,0,0,0,0,0,0,0,0,0,0,0,0,0,0,0,0,0,0,0,0,0,0,0,0,1,0,0,0,0,0,0,0
891f8d4438fffff,48.1665,11.512,muenchen,True,1294,8.07144,432,False,0.321821,False,600,0.820168,0,0,0,0,0,0,0,1,1,0,1,0,0,0,0,0,0,0,0,0,0,0,0,0,0,0,1,0,0,0,0,0,0,0
891f8d44393ffff,48.1714,11.5068,muenchen,True,484,13.2617,100,False,0.408994,False,179,0.832432,0,0,0,0,0,0,0,1,0,0,0,0,0,1,0,0,0,0,0,0,0,0,0,0,0,0,2,0,0,0,0,0,0,0
891f8d44397ffff,48.1717,11.5115,muenchen,True,407,14.4158,144,False,0.415842,False,222,0.851528,0,0,0,0,0,0,0,0,0,0,0,0,0,0,0,0,0,0,0,0,0,0,0,0,0,0,1,0,0,0,0,0,0,0
891f8d4439bffff,48.1686,11.5047,muenchen,True,0,,0,False,0.461337,False,0,0.885067,0,0,0,0,0,0,0,0,0,0,0,0,0,0,0,0,0,0,0,0,0,0,0,0,0,0,0,1,0,0,0,0,0,0
891f8d443a3ffff,48.1673,11.5214,muenchen,True,290,15.0083,102,False,0.388489,False,160,0.88024,0,0,0,0,0,0,0,0,0,0,0,0,0,0,0,0,0,0,1,0,0,0,0,0,0,0,1,1,0,0,0,0,0,0
891f8d443a7ffff,48.1676,11.5261,muenchen,True,654,12.7397,326,False,0.544495,False,317,0.920128,0,0,0,0,0,0,0,0,0,0,0,0,1,4,1,0,0,0,3,0,0,0,0,0,0,0,0,1,0,0,0,0,0,0
891f8d443abffff,48.1645,11.5193,muenchen,True,663,14.3653,191,False,0.324484,False,330,0.829341,0,0,0,0,0,0,0,0,0,0,0,0,0,0,0,0,0,0,0,0,0,0,0,0,0,0,0,0,1,0,0,0,0,0
891f8d443afffff,48.1649,11.524,muenchen,True,631,10.7356,239,False,0.331768,False,312,0.801262,0,0,0,0,0,0,0,0,0,0,0,0,0,1,1,0,0,0,0,0,0,0,0,0,0,0,0,0,0,0,0,0,0,0
891f8d443b3ffff,48.1697,11.5188,muenchen,True,0,,0,False,0.461337,False,0,0.885067,0,0,0,0,0,0,0,0,0,0,0,0,0,0,0,0,0,0,0,0,0,0,0,0,0,0,0,0,0,0,0,0,0,0
891f8d443b7ffff,48.1701,11.5235,muenchen,True,0,,0,False,0.461337,False,0,0.885067,0,0,0,0,0,0,0,0,0,0,0,0,0,0,0,0,0,0,0,0,0,0,0,0,0,0,0,0,0,0,0,0,0,0
891f8d443bbffff,48.1669,11.5167,muenchen,True,511,13.8267,172,False,0.373585,False,277,0.866197,0,1,0,0,0,0,0,0,0,0,0,0,0,0,0,0,0,0,0,0,0,0,0,0,0,0,0,0,0,0,0,0,0,0
891f8d443c3ffff,48.163,11.5005,muenchen,True,5,10.9154,0,True,0,False,3,0.885067,0,0,0,0,0,0,0,0,0,0,0,0,0,1,0,0,0,0,0,0,0,0,0,0,0,0,0,0,0,0,0,0,0,0
891f8d443c7ffff,48.1634,11.5052,muenchen,True,208,11.0481,128,False,0.397059,False,139,0.978723,0,0,0,0,0,0,0,0,0,0,0,0,0,1,0,0,0,0,0,0,0,0,0,0,1,0,3,0,1,0,0,0,0,0
891f8d443cbffff,48.1603,11.4984,muenchen,True,16,16.15,8,False,0.461337,True,6,0.885067,0,0,0,0,0,0,0,0,0,0,0,0,1,0,0,0,0,0,0,0,0,0,0,0,0,0,0,0,0,0,0,0,0,0
891f8d443cfffff,48.1606,11.5031,muenchen,True,21,8.36,20,False,0.333333,False,19,1,0,0,0,0,0,0,0,0,0,0,0,0,1,0,0,0,0,0,0,0,0,1,0,0,0,0,0,0,0,0,0,0,0,0
891f8d443d3ffff,48.1655,11.4979,muenchen,True,41,8.46143,14,False,0.5,False,14,1,0,0,0,0,0,0,0,0,0,0,0,0,0,1,0,0,0,0,0,0,0,0,0,0,0,0,0,0,1,0,0,0,0,0
891f8d443d7ffff,48.1658,11.5026,muenchen,True,472,8.74684,196,False,0.422319,False,250,0.81893,0,0,0,0,0,0,0,0,0,0,0,0,1,0,0,0,0,0,0,0,0,0,0,0,1,0,2,0,0,0,0,0,0,0
891f8d443dbffff,48.1627,11.4958,muenchen,True,0,,0,False,0.461337,False,0,0.885067,0,0,0,0,0,0,0,0,0,0,0,0,0,0,0,0,0,0,0,0,0,0,0,0,0,0,0,0,0,0,0,0,0,0
891f8d44403ffff,48.1951,11.4761,muenchen,True,0,,0,False,0.461337,False,0,0.885067,0,0,0,0,0,0,0,0,0,0,0,0,0,0,0,0,0,0,0,0,0,0,0,0,0,0,0,0,0,0,0,0,0,0
891f8d44407ffff,48.1955,11.4809,muenchen,True,0,,0,False,0.461337,False,0,0.885067,0,0,0,0,0,0,0,0,0,0,0,0,0,0,0,0,0,0,0,0,0,0,0,0,0,0,2,0,0,0,0,0,0,0
891f8d4440bffff,48.1924,11.474,muenchen,True,209,16.4737,101,False,0.560606,False,106,0.867925,0,0,0,0,0,0,0,0,0,0,0,0,0,0,0,0,0,0,0,0,0,0,0,0,0,0,4,0,0,0,0,0,0,0
891f8d4440fffff,48.1927,11.4787,muenchen,True,5,10.58,6,False,1,False,6,1,0,0,0,0,0,0,0,0,0,0,0,0,0,0,0,0,0,0,0,0,0,0,0,0,0,0,0,0,0,0,0,0,0,0
891f8d44413ffff,48.1975,11.4735,muenchen,True,4,14.0481,0,True,0,False,0,0.885067,0,0,0,0,0,0,0,0,0,0,0,0,0,0,0,0,0,0,0,0,0,0,0,0,0,0,0,0,0,0,0,0,0,0
891f8d44417ffff,48.1979,11.4783,muenchen,True,0,,0,False,0.461337,False,0,0.885067,0,0,0,0,0,0,0,0,0,0,0,0,0,0,0,0,0,0,0,0,0,0,0,0,0,0,0,0,0,0,0,0,0,0
891f8d4441bffff,48.1948,11.4714,muenchen,True,0,,0,False,0.461337,False,0,0.885067,0,0,0,0,0,0,0,0,0,0,0,0,0,0,0,0,0,0,0,0,0,0,0,0,0,0,2,0,1,0,0,0,0,0
891f8d44423ffff,48.1934,11.4882,muenchen,True,5,14.4406,0,True,0.461337,True,0,0.885067,0,0,0,0,0,0,0,0,0,0,0,0,0,0,0,0,0,0,0,0,0,0,0,0,0,0,0,0,0,0,0,0,0,0
891f8d44427ffff,48.1938,11.4929,muenchen,True,76,15.97,77,False,0.701299,False,77,1,0,0,0,0,0,0,0,0,0,0,0,0,0,0,0,0,0,0,0,0,0,0,0,0,0,0,2,0,1,0,0,0,0,0
891f8d4442bffff,48.1907,11.486,muenchen,True,30,9.09,3,False,0.2,False,9,0.885067,0,0,0,0,0,0,0,0,0,0,0,0,0,0,0,0,0,0,0,0,0,0,0,0,0,0,0,0,0,0,0,0,0,0
891f8d4442fffff,48.191,11.4908,muenchen,True,24,14.24,3,False,0.518519,False,9,0.885067,0,0,0,0,0,0,0,0,0,0,0,0,0,0,0,0,0,0,0,0,0,0,0,0,0,0,0,0,0,0,0,0,0,0
891f8d44433ffff,48.1959,11.4856,muenchen,True,0,,0,False,0.461337,False,0,0.885067,0,0,0,0,0,0,0,0,0,0,0,0,0,0,0,0,0,0,0,0,0,0,0,0,0,0,0,0,0,0,0,0,0,0
891f8d44437ffff,48.1962,11.4903,muenchen,True,0,,0,False,0.461337,False,0,0.885067,0,0,0,0,0,0,0,0,0,0,0,0,0,0,0,0,0,0,0,0,0,0,0,0,0,0,0,0,0,0,0,0,0,0
891f8d4443bffff,48.1931,11.4835,muenchen,True,56,11.22,6,False,0.547619,False,30,0.833333,0,0,0,0,0,0,0,0,0,0,0,0,0,0,0,0,0,0,0,0,0,0,0,0,0,0,0,0,0,0,0,0,0,0
891f8d44443ffff,48.1892,11.4672,muenchen,True,598,11.9678,201,False,0.50678,False,282,0.881226,0,0,0,0,0,0,0,1,0,0,4,0,1,2,0,0,0,0,0,0,0,0,0,0,0,1,5,0,1,0,0,0,0,0
891f8d44447ffff,48.1896,11.4719,muenchen,True,65,12.0743,7,False,0.35,False,24,0.714286,0,0,0,0,0,0,0,0,0,0,0,0,0,0,0,0,0,0,0,0,0,0,0,0,0,0,1,0,0,0,0,0,0,0
891f8d4444bffff,48.1864,11.4651,muenchen,True,947,12.823,296,False,0.483158,False,414,0.889423,0,0,0,0,0,0,0,0,0,1,0,0,0,0,0,0,0,0,0,0,0,0,0,0,0,0,0,0,0,0,0,0,0,0
891f8d4444fffff,48.1868,11.4698,muenchen,True,182,11.62,5,False,0.305556,False,67,0.629032,0,0,0,0,0,0,0,0,0,0,0,0,0,0,0,0,0,0,0,0,0,0,0,0,0,0,0,0,0,0,0,0,0,0
891f8d44453ffff,48.1916,11.4646,muenchen,True,474,13.0585,115,False,0.37931,False,230,0.90367,0,1,0,0,0,0,0,0,0,0,1,0,0,1,0,0,0,2,0,0,0,0,0,0,0,0,1,0,0,0,0,0,0,0
891f8d44457ffff,48.192,11.4693,muenchen,True,40,13.95,8,False,0.529412,False,12,0.588235,0,0,0,0,0,0,0,0,0,0,0,0,0,0,0,0,0,0,0,0,0,0,0,0,0,0,1,0,1,0,0,0,0,0
891f8d4445bffff,48.1888,11.4625,muenchen,True,635,11.7704,163,False,0.429936,False,297,0.824916,0,0,0,0,0,0,0,0,0,1,1,0,1,1,0,0,0,0,0,0,0,0,0,0,0,0,3,0,0,0,0,0,0,0
891f8d44463ffff,48.1875,11.4792,muenchen,True,238,11.5325,53,False,0.413934,False,103,0.826531,0,0,0,0,0,0,0,0,0,0,0,0,0,0,0,0,0,0,0,0,0,0,0,0,0,0,0,0,0,0,0,0,0,0
891f8d44467ffff,48.1879,11.4839,muenchen,True,0,,0,False,0.461337,False,0,0.885067,0,0,0,0,0,0,0,0,0,0,0,0,0,0,0,0,0,0,0,0,0,0,0,0,0,0,0,0,0,0,0,0,0,0
891f8d4446bffff,48.1848,11.4771,muenchen,True,1597,13.104,551,False,0.48506,False,805,0.86194,0,0,0,0,0,0,0,0,0,0,0,0,0,0,1,0,0,0,0,0,0,0,0,0,0,0,1,0,0,0,0,0,0,0
891f8d4446fffff,48.1851,11.4818,muenchen,True,369,13.1533,79,False,0.463483,False,171,0.874251,0,0,0,0,0,0,0,0,0,0,0,0,0,0,0,0,0,0,0,0,0,0,0,0,0,0,0,0,0,0,0,0,0,0
891f8d44473ffff,48.1899,11.4766,muenchen,True,33,13.1341,0,True,0.4375,False,12,0.666667,0,0,0,0,0,0,0,0,0,0,0,0,0,0,0,0,0,0,0,0,0,0,0,0,0,0,0,0,0,0,0,0,0,0
891f8d44477ffff,48.1903,11.4813,muenchen,True,0,,0,False,0.461337,False,0,0.885067,0,0,0,0,0,0,0,0,0,0,0,0,0,0,0,0,0,0,0,0,0,0,0,0,0,0,0,0,0,0,0,0,0,0
891f8d4447bffff,48.1872,11.4745,muenchen,True,387,12.7852,46,False,0.375635,False,157,0.714286,0,0,0,0,0,0,0,0,0,0,0,0,0,0,0,0,0,0,0,0,0,0,0,0,0,0,1,0,0,0,0,0,0,0
891f8d44483ffff,48.2027,11.4731,muenchen,True,0,,0,False,0.461337,False,0,0.885067,0,0,0,0,0,0,0,0,0,0,0,0,0,0,0,0,0,0,0,0,0,0,0,0,0,0,0,0,0,0,0,0,0,0
891f8d44487ffff,48.2031,11.4778,muenchen,True,0,,0,False,0.461337,False,0,0.885067,0,0,0,0,0,0,0,0,0,0,0,0,0,0,0,0,0,0,0,0,0,0,0,0,0,0,0,0,0,0,0,0,0,0
891f8d4448bffff,48.2,11.4709,muenchen,True,68,13.3827,15,False,0.384615,False,35,0.897436,0,0,0,0,0,0,0,0,0,0,0,0,0,0,0,0,0,0,0,0,0,0,0,0,0,0,0,0,0,0,0,0,0,0
891f8d4448fffff,48.2003,11.4757,muenchen,True,0,,0,False,0.461337,False,0,0.885067,0,0,0,0,0,0,0,0,0,0,0,0,0,0,0,0,0,0,0,0,0,0,0,0,0,0,0,0,0,0,0,0,0,0
891f8d44493ffff,48.2051,11.4705,muenchen,True,0,,0,False,0.461337,False,0,0.885067,0,0,0,0,0,0,0,0,0,0,0,0,0,0,0,0,0,0,0,0,0,0,0,0,0,0,0,0,0,0,0,0,0,0
891f8d44497ffff,48.2055,11.4752,muenchen,True,0,,0,False,0.461337,False,0,0.885067,0,0,0,0,0,0,0,0,0,0,0,0,0,0,0,0,0,0,0,0,0,0,0,0,0,0,0,0,0,0,0,0,0,0
891f8d4449bffff,48.2024,11.4684,muenchen,True,3,12.0811,0,True,0.461337,True,0,0.885067,0,0,0,0,0,0,0,0,0,0,0,0,0,0,0,0,0,0,0,0,0,0,0,0,0,0,0,0,0,0,0,0,0,0
891f8d444a3ffff,48.201,11.4851,muenchen,True,0,,0,False,0.461337,False,0,0.885067,0,0,0,0,0,0,0,0,0,0,0,0,0,0,0,0,0,0,0,0,0,0,0,0,0,0,0,0,0,0,0,0,0,0
891f8d444a7ffff,48.2014,11.4898,muenchen,True,0,,0,False,0.461337,False,0,0.885067,0,0,0,0,0,0,0,0,0,0,0,0,0,0,0,0,0,0,0,0,0,0,0,0,0,0,0,0,0,0,0,0,0,0
891f8d444abffff,48.1983,11.483,muenchen,True,0,,0,False,0.461337,False,0,0.885067,0,0,0,0,0,0,0,0,0,0,0,0,0,0,0,0,0,0,0,0,0,0,0,0,0,0,0,0,0,0,0,0,0,0
891f8d444afffff,48.1986,11.4877,muenchen,True,0,,0,False,0.461337,False,0,0.885067,0,0,0,0,0,0,0,0,0,0,0,0,0,0,0,0,0,0,0,0,0,0,0,0,0,0,0,0,0,0,0,0,0,0
891f8d444b3ffff,48.2035,11.4825,muenchen,True,0,,0,False,0.461337,False,0,0.885067,0,0,0,0,0,0,0,0,0,0,0,0,0,0,0,0,0,0,0,0,0,0,0,0,0,0,0,0,0,0,0,0,0,0
891f8d444b7ffff,48.2038,11.4872,muenchen,True,0,,0,False,0.461337,False,0,0.885067,0,0,0,0,0,0,0,0,0,0,0,0,0,0,0,0,0,0,0,0,0,0,0,0,0,0,0,0,0,0,0,0,0,0
891f8d444bbffff,48.2007,11.4804,muenchen,True,0,,0,False,0.461337,False,0,0.885067,0,0,0,0,0,0,0,0,0,0,0,0,0,0,0,0,0,0,0,0,0,0,0,0,0,0,0,0,0,0,0,0,0,0
891f8d444c3ffff,48.1968,11.4641,muenchen,True,643,12.5923,273,False,0.582831,False,328,0.889552,0,0,0,0,0,0,0,0,0,0,0,0,0,0,0,0,0,0,0,0,0,0,0,1,0,0,2,0,0,0,0,0,0,0
891f8d444c7ffff,48.1972,11.4688,muenchen,True,0,,0,False,0.461337,False,0,0.885067,0,0,0,0,0,0,0,0,0,0,0,0,0,0,0,0,0,0,0,0,0,0,0,0,0,0,2,0,0,0,0,0,0,0
891f8d444cbffff,48.194,11.462,muenchen,True,316,14.9881,78,False,0.421222,False,141,0.868613,0,0,0,0,0,0,0,0,0,1,0,0,0,0,0,0,0,0,0,1,0,0,0,0,0,0,3,0,0,0,0,0,0,0
891f8d444cfffff,48.1944,11.4667,muenchen,True,262,17.1898,87,False,0.39313,False,82,0.895349,0,0,0,0,0,0,0,3,0,0,0,0,0,0,0,0,0,0,0,0,0,0,0,0,0,0,0,0,0,0,0,0,0,0
891f8d444d3ffff,48.1992,11.4615,muenchen,True,426,7.36043,47,False,0.35514,False,73,0.554217,0,0,0,0,0,0,0,0,0,0,0,0,0,0,0,0,0,0,0,0,0,0,0,0,0,0,0,0,0,0,0,0,0,0
891f8d444d7ffff,48.1996,11.4662,muenchen,True,433,12.4532,56,False,0.31422,False,193,0.8,0,0,0,0,0,0,0,0,0,0,0,0,0,0,0,0,0,0,0,0,0,0,0,0,0,0,0,0,0,0,0,0,0,0
891f8d444dbffff,48.1964,11.4594,muenchen,True,469,11.5903,108,False,0.469957,False,189,0.725275,0,0,0,0,0,0,0,0,0,0,1,0,0,0,0,0,0,0,0,0,0,0,0,0,0,0,1,0,0,0,0,0,0,0
891f8d44503ffff,48.1977,11.5091,muenchen,True,310,14.136,58,False,0.359517,False,130,0.747899,0,0,0,0,0,0,0,0,0,0,0,0,0,0,0,0,0,0,0,0,0,0,0,0,0,0,0,0,0,0,0,0,0,0
891f8d44507ffff,48.1981,11.5138,muenchen,True,579,13.0246,83,False,0.314908,False,246,0.767068,0,0,0,0,0,0,0,0,0,0,0,0,0,0,0,0,0,0,0,0,0,0,0,0,0,0,0,0,4,0,0,0,0,0
891f8d4450bffff,48.1949,11.507,muenchen,True,0,,0,False,0.461337,False,0,0.885067,0,0,0,0,0,0,0,0,0,0,0,0,0,0,0,0,0,0,0,0,0,0,0,0,0,0,0,0,0,0,0,0,0,0
891f8d4450fffff,48.1953,11.5117,muenchen,True,26,13.3512,0,True,0.24,False,6,0.7,0,0,0,0,0,0,0,0,0,0,0,0,0,0,0,0,0,0,0,0,0,0,0,0,0,0,0,0,0,0,0,0,0,0
891f8d44513ffff,48.2001,11.5065,muenchen,True,410,12.4791,43,False,0.321429,False,159,0.774648,0,0,0,0,0,0,0,0,0,0,0,0,0,0,0,0,0,0,0,0,0,0,0,0,0,0,1,0,1,0,0,0,0,0
891f8d44517ffff,48.2005,11.5112,muenchen,True,590,13.2624,82,False,0.372287,False,199,0.737374,0,0,0,0,0,0,0,0,0,0,0,0,0,2,0,0,0,1,0,0,0,0,0,0,0,0,1,0,3,0,0,0,0,0
891f8d4451bffff,48.1973,11.5044,muenchen,True,28,13.506,0,True,0.09375,False,12,0.885067,0,0,0,0,0,0,0,0,0,0,0,0,0,0,0,0,0,0,0,0,0,0,0,0,0,0,0,0,0,0,0,0,0,0
891f8d44523ffff,48.196,11.5211,muenchen,True,459,13.182,85,False,0.402626,False,194,0.807692,0,0,0,0,0,0,0,0,0,0,0,0,0,0,0,0,1,0,0,0,0,0,0,0,0,0,0,0,1,0,0,0,0,0
891f8d44527ffff,48.1964,11.5259,muenchen,True,477,14.0175,124,False,0.461698,False,212,0.864629,0,0,0,0,0,0,0,1,0,0,2,0,0,1,0,0,0,0,0,0,0,0,0,0,0,1,1,0,1,0,0,0,0,0
891f8d4452bffff,48.1932,11.519,muenchen,True,11,13.0771,0,True,0,False,4,1,0,0,0,0,0,0,0,0,0,0,0,0,0,0,0,0,0,0,0,0,0,0,0,0,0,0,0,0,0,0,0,0,0,0
891f8d4452fffff,48.1936,11.5237,muenchen,True,225,14.6759,83,False,0.477477,False,125,0.92437,0,0,0,0,0,0,0,0,0,0,0,0,0,0,0,0,0,0,0,0,0,0,0,0,0,0,0,0,0,0,0,0,0,0
891f8d44533ffff,48.1984,11.5185,muenchen,True,274,12.3563,43,False,0.371429,False,116,0.847458,0,0,0,0,0,0,0,0,0,0,0,0,0,0,0,0,0,0,0,0,0,0,0,0,0,0,1,0,2,0,0,0,0,0
891f8d44537ffff,48.1988,11.5233,muenchen,True,424,17.4727,85,False,0.379397,False,197,0.787037,0,0,0,0,0,0,0,0,0,0,0,0,0,1,0,0,0,0,0,0,0,0,0,0,0,0,2,0,2,0,0,0,0,0
891f8d4453bffff,48.1956,11.5164,muenchen,True,311,13.0512,50,False,0.288525,False,132,0.724638,0,0,0,0,0,0,0,0,0,0,0,0,0,0,0,0,0,0,0,0,0,0,0,0,0,0,0,0,0,0,0,0,0,0
891f8d44543ffff,48.1918,11.5002,muenchen,True,7,11.22,3,False,0.545455,False,3,0.885067,0,0,0,0,0,0,0,1,0,0,0,0,0,0,0,0,0,0,0,0,0,0,0,0,0,0,1,0,0,0,0,0,0,0
891f8d44547ffff,48.1921,11.5049,muenchen,True,12,16.33,5,False,0.5,False,7,1,0,0,0,0,0,0,0,0,0,0,0,0,0,0,0,0,0,0,0,0,0,0,0,0,0,0,0,0,2,0,0,0,0,0
891f8d4454bffff,48.189,11.4981,muenchen,True,6,11.9868,0,True,0,False,0,0.885067,0,0,0,0,0,0,0,0,0,0,0,0,0,0,1,0,0,0,0,0,0,0,0,0,0,0,0,0,0,0,0,0,0,0
891f8d4454fffff,48.1894,11.5028,muenchen,True,163,14.3067,21,False,0.39881,False,70,0.76,0,0,0,0,0,0,0,1,0,0,0,0,0,0,0,0,0,0,1,0,0,0,0,0,0,0,1,0,0,0,0,2,0,0
891f8d44553ffff,48.1942,11.4976,muenchen,True,0,,0,False,0.461337,False,0,0.885067,0,0,0,0,0,0,0,0,0,0,0,0,0,0,0,0,0,0,0,0,0,0,0,0,0,0,2,0,0,0,0,0,0,0
891f8d44557ffff,48.1945,11.5023,muenchen,True,0,,0,False,0.461337,False,0,0.885067,0,0,0,0,0,0,0,0,0,0,0,0,0,0,0,0,0,0,0,0,0,0,0,0,0,0,0,0,0,0,0,0,0,0
891f8d4455bffff,48.1914,11.4955,muenchen,True,59,12.7486,7,False,0.372881,False,27,0.774194,0,0,0,0,0,0,0,0,0,0,0,0,0,0,0,0,0,0,0,0,0,0,0,0,0,0,0,0,0,0,0,0,0,0
891f8d44563ffff,48.1901,11.5122,muenchen,True,275,12.0127,22,False,0.266423,False,106,0.768421,0,0,0,0,0,0,0,0,0,0,0,0,0,0,0,0,0,0,0,0,0,0,0,0,0,0,0,0,0,0,0,0,0,0
891f8d44567ffff,48.1905,11.5169,muenchen,True,23,13.16,21,False,0.857143,False,23,1,0,0,0,0,0,0,0,0,0,0,0,0,0,0,0,0,0,0,0,0,0,0,0,0,0,0,0,0,0,0,0,0,0,0
891f8d4456bffff,48.1873,11.5101,muenchen,True,750,11.5372,204,False,0.393574,False,350,0.787611,0,0,0,0,0,0,0,0,0,0,0,0,0,0,0,0,0,0,0,0,0,0,0,0,0,0,0,0,0,0,0,0,0,0
891f8d4456fffff,48.1877,11.5148,muenchen,True,275,15.0043,23,False,0.296154,False,110,0.806122,0,0,0,0,0,0,0,0,0,0,0,0,0,0,0,0,0,0,0,0,0,0,0,0,0,0,0,0,0,0,0,0,0,0
891f8d44573ffff,48.1925,11.5096,muenchen,True,43,15.81,3,False,0.458333,False,13,1,0,0,0,0,0,0,0,0,0,0,0,0,0,0,0,0,0,0,0,0,0,0,0,0,0,0,0,0,0,0,0,0,0,0
891f8d44577ffff,48.1929,11.5143,muenchen,True,0,,0,False,0.461337,False,0,0.885067,0,0,0,0,0,0,0,0,0,0,0,0,0,0,0,0,0,0,0,0,0,0,0,0,0,0,0,0,0,0,0,0,0,0
891f8d4457bffff,48.1897,11.5075,muenchen,True,494,14.1201,83,False,0.391393,False,205,0.718085,0,0,0,0,0,0,0,0,0,0,0,0,0,0,0,0,0,0,0,0,0,0,0,0,0,0,0,0,0,0,0,0,0,0
891f8d44583ffff,48.2053,11.506,muenchen,True,3,13.7554,0,True,0.461337,True,0,0.885067,0,0,0,0,0,0,0,0,0,0,0,0,0,0,0,0,0,0,0,0,0,0,0,0,0,0,0,0,0,0,0,0,0,0
891f8d44587ffff,48.2057,11.5108,muenchen,True,4,13.8368,0,True,0,False,3,0.885067,0,0,0,0,0,0,0,0,0,0,0,0,0,0,0,0,0,0,0,0,0,0,0,0,0,0,0,0,0,0,0,0,0,0
891f8d4458bffff,48.2025,11.5039,muenchen,True,0,,0,False,0.461337,False,0,0.885067,0,0,0,0,0,0,0,0,0,0,0,0,0,0,0,0,0,0,0,0,0,0,0,0,0,0,1,0,0,0,0,0,0,0
891f8d4458fffff,48.2029,11.5086,muenchen,True,566,15.2274,31,False,0.329372,False,181,0.530612,0,0,0,0,0,0,0,0,0,0,0,0,0,0,0,0,0,0,0,0,0,0,0,0,0,0,0,0,0,0,0,0,0,0
891f8d44593ffff,48.2077,11.5034,muenchen,True,79,12.0529,7,False,0.492754,False,30,0.727273,0,0,0,0,0,0,0,0,0,0,0,0,0,0,0,0,0,0,0,0,0,0,0,0,0,0,0,0,0,0,0,0,0,0
891f8d44597ffff,48.2081,11.5082,muenchen,True,29,15.6241,0,True,0.25,False,14,0.885067,0,0,0,0,0,0,0,0,0,0,0,0,0,0,0,0,0,0,0,0,0,0,0,0,0,0,0,0,0,0,0,0,0,0
891f8d4459bffff,48.2049,11.5013,muenchen,True,0,,0,False,0.461337,False,0,0.885067,0,0,0,0,0,0,0,0,0,0,0,0,0,0,0,0,0,0,0,0,0,0,0,0,0,0,0,0,0,0,0,0,0,0
891f8d445a3ffff,48.2036,11.5181,muenchen,True,0,,0,False,0.461337,False,0,0.885067,0,0,0,0,0,0,0,0,0,0,0,0,0,0,0,0,0,0,0,0,0,0,0,0,0,0,0,0,0,0,0,0,0,0
891f8d445a7ffff,48.204,11.5228,muenchen,True,0,,0,False,0.461337,False,0,0.885067,0,0,0,0,0,0,0,0,0,0,0,0,0,0,0,0,0,0,0,0,0,0,0,0,0,0,0,0,0,0,0,0,0,0
891f8d445abffff,48.2008,11.5159,muenchen,True,518,14.0574,65,False,0.278656,False,198,0.752475,0,0,0,0,0,0,0,0,0,0,0,0,0,0,0,0,0,0,0,0,0,0,0,0,0,0,0,0,2,0,0,0,0,0
891f8d445afffff,48.2012,11.5207,muenchen,True,140,14.63,17,False,0.298507,False,57,0.722222,0,0,0,0,0,0,0,0,0,0,0,0,0,0,0,0,0,0,0,0,0,0,0,0,0,0,0,0,0,0,0,0,0,0
891f8d445b3ffff,48.206,11.5155,muenchen,True,3,14.2309,0,True,0.461337,True,0,0.885067,0,0,0,0,0,0,0,0,0,0,0,0,0,0,0,0,0,0,0,0,0,0,0,0,0,0,0,0,0,0,0,0,0,0
891f8d445b7ffff,48.2064,11.5202,muenchen,True,0,,0,False,0.461337,False,0,0.885067,0,0,0,0,0,0,0,0,0,0,0,0,0,0,0,0,0,0,0,0,0,0,0,0,0,0,0,0,0,0,0,0,0,0
891f8d445bbffff,48.2032,11.5134,muenchen,True,91,18.4931,13,False,0.448276,False,34,0.6,0,0,0,0,0,0,0,0,0,0,0,0,0,0,0,0,0,0,0,0,0,0,0,0,0,0,0,0,0,0,0,0,0,0
891f8d445c3ffff,48.1994,11.4971,muenchen,True,21,14.8722,0,True,0.833333,False,9,0.5,0,0,0,0,0,0,0,0,0,0,0,0,0,1,0,0,0,0,0,0,0,0,0,0,0,0,2,0,0,0,0,0,0,0
891f8d445c7ffff,48.1997,11.5018,muenchen,True,0,,0,False,0.461337,False,0,0.885067,0,0,0,0,0,0,0,0,0,0,0,0,0,0,0,0,0,0,0,0,0,0,0,0,0,0,0,0,0,0,0,0,0,0
891f8d445cbffff,48.1966,11.495,muenchen,True,0,,0,False,0.461337,False,0,0.885067,0,0,0,0,0,0,0,0,0,0,0,0,0,0,0,0,0,0,0,0,0,0,0,0,0,0,0,0,0,0,0,0,0,0
891f8d445cfffff,48.197,11.4997,muenchen,True,0,,0,False,0.461337,False,0,0.885067,0,0,0,0,0,0,0,0,0,0,0,0,0,0,0,0,0,0,0,0,0,0,0,0,0,0,0,0,0,0,0,0,0,0
891f8d445d3ffff,48.2018,11.4945,muenchen,True,55,6,3,False,0.416667,False,27,0.8,0,0,0,0,0,0,0,0,0,0,0,0,0,0,0,0,0,0,0,0,0,0,0,0,0,0,2,0,0,0,0,0,0,0
891f8d445d7ffff,48.2021,11.4992,muenchen,True,24,14.1437,0,True,0,False,10,0.666667,0,0,0,0,0,0,0,0,0,0,0,0,0,0,0,0,0,0,0,0,0,0,0,0,0,0,0,0,0,0,0,0,0,0
891f8d445dbffff,48.199,11.4924,muenchen,True,0,,0,False,0.461337,False,0,0.885067,0,0,0,0,0,0,0,0,0,0,0,0,0,0,0,0,0,0,0,0,0,0,0,0,0,0,0,0,0,0,0,0,0,0
891f8d44603ffff,48.1757,11.4613,muenchen,True,112,10.198,45,False,0.356522,False,59,0.903226,0,0,0,0,0,0,0,0,0,0,0,0,0,1,1,0,0,0,0,0,0,0,0,0,0,0,1,0,0,0,0,0,0,0
891f8d44607ffff,48.1761,11.4661,muenchen,True,126,11.1043,23,False,0.296875,False,52,0.830189,0,0,0,0,0,0,0,0,0,0,0,0,0,1,0,0,0,0,0,0,0,0,0,0,0,0,0,0,0,0,0,0,0,0
891f8d4460bffff,48.1729,11.4592,muenchen,True,348,12.8631,75,False,0.365714,False,162,0.855422,0,0,0,0,0,0,0,0,0,0,0,0,0,0,0,0,0,0,0,0,0,0,0,0,0,0,2,0,0,0,0,0,0,0
891f8d4460fffff,48.1733,11.4639,muenchen,True,196,14.8975,16,False,0.269841,False,79,0.806452,0,0,0,0,0,0,0,0,0,0,0,0,0,0,0,0,0,0,0,0,0,0,0,0,0,0,1,0,0,0,0,0,0,0
891f8d44613ffff,48.1781,11.4588,muenchen,True,77,14.52,12,False,0.32,False,29,0.608696,0,0,0,0,0,0,0,0,0,0,0,0,0,0,0,0,0,0,0,0,0,0,0,0,0,0,0,0,0,0,0,0,0,0
891f8d44617ffff,48.1785,11.4635,muenchen,True,464,14.7855,92,False,0.380744,False,206,0.870647,0,0,0,0,0,0,0,0,0,0,1,0,1,0,0,0,0,0,1,0,0,0,0,0,0,0,3,0,0,0,0,0,0,0
891f8d4461bffff,48.1753,11.4566,muenchen,True,361,13.8153,55,False,0.320856,False,144,0.743056,0,0,0,0,0,0,0,0,0,0,0,0,0,0,0,0,0,0,1,0,0,0,0,0,0,0,0,0,0,0,0,0,0,0
891f8d44623ffff,48.174,11.4734,muenchen,True,362,12.5956,73,False,0.291553,False,168,0.91716,0,0,0,0,0,0,0,0,0,0,0,0,0,0,0,0,0,0,0,0,0,0,0,0,0,0,1,0,0,0,0,0,0,0
891f8d44627ffff,48.1744,11.4781,muenchen,True,381,13.4898,42,False,0.334232,False,161,0.815951,0,0,0,0,0,0,0,0,0,0,1,0,0,0,0,0,0,0,0,0,0,0,0,0,0,0,2,0,0,0,0,0,0,0
891f8d4462bffff,48.1712,11.4712,muenchen,True,529,14.6796,94,False,0.352415,False,247,0.782609,0,0,0,0,0,0,0,0,0,0,0,0,0,0,0,0,0,0,0,0,0,0,0,0,0,0,0,0,0,0,0,0,0,0
891f8d4462fffff,48.1716,11.476,muenchen,True,617,14.271,135,False,0.3888,False,329,0.895706,0,0,0,0,0,0,0,0,0,0,0,0,0,0,0,0,0,0,0,0,0,0,0,0,0,0,1,0,0,0,0,0,0,0
891f8d44633ffff,48.1764,11.4708,muenchen,True,244,17.2886,73,False,0.489177,False,130,0.843972,0,0,0,0,0,0,0,0,0,0,0,0,0,0,0,0,0,0,0,0,0,0,0,0,0,0,0,0,0,0,0,0,0,0
891f8d44637ffff,48.1768,11.4755,muenchen,True,338,14.7785,60,False,0.28972,False,146,0.841379,0,0,0,0,0,0,0,0,0,0,0,0,0,0,0,0,0,0,0,0,0,0,0,0,0,0,3,0,0,0,0,0,0,0
891f8d4463bffff,48.1736,11.4687,muenchen,True,321,13.9576,50,False,0.3125,False,155,0.833333,0,0,0,0,0,0,0,0,0,0,0,0,0,0,0,0,0,0,0,0,0,0,0,0,0,0,2,0,0,0,0,0,0,0
891f8d44643ffff,48.1698,11.4524,muenchen,True,22,13.348,15,False,0.52,False,15,0.885067,0,0,0,0,0,0,0,0,0,0,0,0,0,0,0,0,0,0,0,0,0,0,0,0,0,0,0,0,0,0,0,0,0,0
891f8d44647ffff,48.1701,11.4571,muenchen,True,472,10.8258,111,False,0.338947,False,202,0.812183,0,0,0,0,0,0,0,0,0,0,0,0,0,0,1,0,0,0,0,0,0,0,0,0,0,0,3,0,0,0,0,0,0,0
891f8d4464bffff,48.167,11.4503,muenchen,True,0,,0,False,0.461337,False,0,0.885067,0,0,0,0,0,0,0,0,0,0,0,0,0,0,0,0,0,0,0,0,0,0,0,0,0,0,0,0,0,0,0,0,0,0
891f8d4464fffff,48.1674,11.455,muenchen,True,139,12.3729,21,False,0.484375,False,57,0.824561,0,0,0,0,0,0,0,0,0,0,0,0,0,0,0,0,0,0,0,0,0,0,0,0,0,0,0,0,0,0,0,0,0,0
891f8d44653ffff,48.1722,11.4498,muenchen,True,5,12.2118,0,True,0.5,False,0,0.885067,0,0,0,0,0,0,0,0,0,0,0,0,0,0,0,0,0,0,0,0,0,0,0,0,0,0,0,0,0,0,0,0,0,0
891f8d44657ffff,48.1725,11.4545,muenchen,True,154,13.3003,31,False,0.42236,False,60,0.866667,0,0,0,0,0,0,0,0,0,0,0,0,0,0,0,0,0,0,0,0,0,0,0,0,0,0,0,0,0,0,0,0,0,0
891f8d4465bffff,48.1694,11.4477,muenchen,True,0,,0,False,0.461337,False,0,0.885067,0,0,0,0,0,0,0,0,0,0,0,0,1,0,0,0,0,0,0,0,0,0,0,0,0,0,0,0,0,0,0,0,0,0
891f8d44663ffff,48.1681,11.4644,muenchen,True,627,13.5412,162,False,0.316847,False,315,0.865815,0,0,0,0,0,1,0,1,1,0,1,0,0,0,0,0,0,0,0,0,0,0,0,0,0,0,1,0,2,0,0,0,0,0
891f8d44667ffff,48.1685,11.4691,muenchen,True,433,13.2718,118,False,0.347418,False,217,0.908213,0,0,0,0,0,0,0,0,0,0,0,0,0,0,0,0,0,0,0,0,0,0,0,0,0,0,0,0,1,0,0,0,0,0
891f8d4466bffff,48.1653,11.4623,muenchen,True,603,14.6446,137,False,0.439669,False,265,0.78853,0,1,0,0,0,0,0,0,0,0,0,0,0,1,0,0,0,0,0,0,0,0,0,0,0,0,2,0,1,0,0,0,0,0
891f8d4466fffff,48.1657,11.467,muenchen,True,469,14.5205,132,False,0.414163,False,236,0.854167,0,0,0,0,0,0,0,1,0,1,1,0,0,2,0,0,0,0,0,0,0,0,0,0,0,0,4,0,0,0,0,0,0,0
891f8d44673ffff,48.1705,11.4618,muenchen,True,362,13.1175,75,False,0.342029,False,162,0.815642,0,0,0,0,0,0,0,0,0,0,0,0,0,0,0,0,0,0,0,0,0,0,0,0,0,0,0,0,0,0,0,0,0,0
891f8d44677ffff,48.1709,11.4665,muenchen,True,722,12.9232,190,False,0.287943,False,354,0.87931,0,0,0,0,0,0,0,0,0,0,0,0,0,0,0,0,0,0,0,0,0,0,0,0,0,0,0,0,0,0,0,0,0,0
891f8d4467bffff,48.1677,11.4597,muenchen,True,513,14.9922,117,False,0.430476,False,235,0.826613,0,0,0,0,0,0,0,0,0,0,0,0,0,2,1,0,0,1,0,0,0,0,0,0,0,0,0,0,0,0,0,0,0,0
891f8d44683ffff,48.1833,11.4583,muenchen,True,177,12.298,35,False,0.369942,False,67,0.744681,0,0,0,0,0,0,0,0,0,0,0,0,0,0,0,0,0,0,0,0,0,0,0,0,0,0,0,0,0,0,0,0,0,0
891f8d44687ffff,48.1837,11.463,muenchen,True,297,13.3553,87,False,0.330097,False,147,0.881579,0,0,0,0,0,0,0,0,0,0,0,0,0,0,0,0,0,0,0,0,0,0,0,0,0,0,0,0,0,0,0,0,0,0
891f8d4468bffff,48.1805,11.4562,muenchen,True,19,8.38,5,False,0.461337,True,5,0.885067,0,0,0,0,0,0,0,0,0,0,0,0,0,0,0,0,0,0,0,0,0,0,0,0,0,0,0,0,0,0,0,0,0,0
891f8d4468fffff,48.1809,11.4609,muenchen,True,361,13.5638,76,False,0.45098,False,152,0.786207,0,0,0,0,0,0,0,0,0,0,0,0,0,1,0,0,0,0,0,0,0,0,0,0,0,0,1,0,0,0,0,0,0,0
891f8d44693ffff,48.1857,11.4557,muenchen,True,227,14.2039,31,False,0.292683,False,109,0.886364,0,0,0,0,0,0,0,0,0,0,0,0,0,0,1,0,0,0,0,0,0,0,0,0,0,0,0,0,0,0,0,0,0,0
891f8d44697ffff,48.1861,11.4604,muenchen,True,248,12.7717,64,False,0.433962,False,119,0.822917,0,0,0,0,0,0,0,0,0,0,0,0,0,0,0,0,0,0,0,0,0,0,0,0,0,0,2,0,0,0,0,0,0,0
891f8d4469bffff,48.1829,11.4536,muenchen,True,348,11.5544,32,False,0.310541,False,120,0.571429,0,0,0,0,0,0,0,0,0,0,0,0,0,0,0,0,0,0,0,0,0,0,0,0,0,0,0,0,0,0,0,0,0,0
891f8d446a3ffff,48.1816,11.4703,muenchen,True,327,12.6264,59,False,0.379939,False,143,0.77551,0,0,0,0,0,0,0,0,0,0,0,0,0,0,0,0,0,0,0,0,0,0,0,0,0,0,0,0,0,0,0,0,0,0
891f8d446a7ffff,48.182,11.475,muenchen,True,905,11.8915,280,False,0.43459,False,452,0.863931,0,0,0,0,0,0,0,1,0,0,0,0,0,0,1,0,0,0,0,0,0,0,0,0,0,0,2,0,0,0,0,0,0,0
891f8d446abffff,48.1788,11.4682,muenchen,True,606,13.1485,143,False,0.343802,False,263,0.786207,0,0,0,0,0,0,0,0,0,0,0,0,0,0,0,0,0,0,0,0,0,0,0,0,0,0,2,0,0,0,0,0,0,0
891f8d446afffff,48.1792,11.4729,muenchen,True,458,14.9688,50,False,0.346067,False,194,0.841346,0,0,0,0,0,0,0,0,0,0,0,0,0,0,0,0,0,0,0,0,0,0,0,0,0,1,2,0,0,0,0,0,0,0
891f8d446b3ffff,48.184,11.4677,muenchen,True,134,12.9475,76,False,0.641791,False,91,0.967742,0,0,0,0,0,0,0,0,0,0,0,0,0,0,0,0,0,0,0,1,0,0,0,0,0,0,0,0,0,0,0,0,0,0
891f8d446b7ffff,48.1844,11.4724,muenchen,True,616,13.6692,113,False,0.411093,False,261,0.745645,0,0,0,0,0,0,0,0,0,0,1,0,0,1,0,0,0,0,0,0,0,0,0,0,0,0,2,0,0,0,0,0,0,0
891f8d446bbffff,48.1812,11.4656,muenchen,True,488,12.8801,108,False,0.393939,False,203,0.760976,0,0,0,0,0,0,0,0,0,0,0,0,0,0,0,0,0,0,0,0,0,0,0,0,0,0,1,0,0,0,0,0,0,0
891f8d446c3ffff,48.1774,11.4493,muenchen,True,0,,0,False,0.461337,False,0,0.885067,0,0,0,0,0,0,0,0,0,0,0,0,0,0,0,0,0,0,0,0,0,0,0,0,0,0,0,0,0,0,0,0,0,0
891f8d446c7ffff,48.1777,11.454,muenchen,True,0,,0,False,0.461337,False,0,0.885067,0,0,0,0,0,0,0,0,0,0,0,0,0,0,0,0,0,0,0,0,0,0,0,0,0,0,0,0,0,0,0,0,0,0
891f8d446cbffff,48.1746,11.4472,muenchen,True,74,13.711,0,True,0.41791,False,3,0.885067,0,0,0,0,0,0,0,0,0,0,0,0,0,0,0,0,0,0,0,0,0,0,0,0,0,0,1,0,0,0,0,0,0,0
891f8d446cfffff,48.175,11.4519,muenchen,True,0,,0,False,0.461337,False,0,0.885067,0,0,0,0,0,0,0,0,0,0,0,0,0,0,0,0,0,0,1,0,0,0,0,0,0,0,0,0,0,0,0,0,0,0
891f8d446d3ffff,48.1798,11.4467,muenchen,True,163,18.8383,18,False,0.321429,False,79,0.901408,0,0,0,0,0,0,0,0,0,0,0,0,0,0,0,0,0,0,0,0,0,0,0,0,0,0,2,0,0,0,0,0,0,0
891f8d446d7ffff,48.1801,11.4514,muenchen,True,27,13.3012,0,True,0.130435,False,10,0.666667,0,0,0,0,0,0,0,0,0,0,0,0,0,0,0,0,0,0,0,0,0,0,0,0,0,0,0,0,0,0,0,0,0,0
891f8d446dbffff,48.177,11.4446,muenchen,True,78,10.5878,23,False,0.571429,False,39,0.93617,0,0,0,0,0,0,0,0,1,0,1,0,0,1,0,0,0,0,0,0,0,0,0,0,0,0,2,0,0,0,0,0,0,0
891f8d44803ffff,48.1664,11.5784,muenchen,True,2287,13.1189,1247,False,0.514147,False,1468,0.927098,0,0,0,1,0,0,0,2,1,1,3,0,0,2,0,0,0,0,0,1,0,1,0,0,1,0,0,0,7,0,0,0,0,0
891f8d44807ffff,48.1668,11.5831,muenchen,True,1223,13.7851,531,False,0.46987,False,660,0.90937,0,0,0,0,0,0,0,0,0,0,1,0,1,2,0,0,0,1,1,0,0,2,0,0,0,0,0,0,3,0,0,0,0,0
891f8d4480bffff,48.1637,11.5763,muenchen,True,3055,12.638,1512,False,0.445094,False,1686,0.906564,0,0,0,0,0,0,0,0,0,0,0,0,4,2,1,0,0,0,1,1,0,1,0,0,1,0,1,0,11,0,0,0,0,0
891f8d4480fffff,48.164,11.581,muenchen,True,1590,14.8371,748,False,0.439356,False,952,0.920998,0,0,0,0,0,0,0,0,0,0,1,0,1,3,0,0,1,1,0,0,0,0,0,1,0,0,0,0,5,0,0,0,0,0
891f8d44813ffff,48.1689,11.5758,muenchen,True,2125,13.1861,1122,False,0.534644,False,1334,0.944954,0,0,0,0,0,0,0,1,0,0,0,0,0,0,0,0,0,0,0,0,0,0,0,1,1,0,0,0,1,0,0,0,0,0
891f8d44817ffff,48.1692,11.5805,muenchen,True,2418,12.2593,1094,False,0.450663,False,1298,0.914663,0,0,0,1,0,0,0,0,0,0,0,0,1,1,0,0,0,0,0,0,0,0,0,0,0,0,0,0,1,0,0,0,0,0
891f8d4481bffff,48.1661,11.5737,muenchen,True,2229,14.023,949,False,0.478241,False,1283,0.899303,0,0,0,0,0,0,0,3,1,1,1,0,0,4,0,0,0,0,0,3,0,0,0,0,1,0,1,0,9,0,0,0,0,0
891f8d44823ffff,48.1647,11.5904,muenchen,True,1391,14.6263,700,False,0.481198,False,896,0.933931,0,0,0,0,0,0,0,1,0,0,0,0,0,1,0,0,0,2,0,0,0,0,0,0,0,0,1,0,2,0,0,0,0,0
891f8d44827ffff,48.1651,11.5952,muenchen,True,282,14.394,42,False,0.666667,False,205,0.896373,0,0,0,0,0,0,0,0,0,0,0,0,0,0,0,0,0,0,0,0,0,0,0,0,0,0,1,1,0,0,0,0,0,0
891f8d4482bffff,48.162,11.5883,muenchen,True,1983,17.3353,1086,False,0.535857,False,1305,0.937261,1,2,0,0,0,1,0,1,0,1,4,0,8,21,11,1,0,2,1,2,6,0,1,0,1,0,3,0,6,1,1,0,0,0
891f8d4482fffff,48.1623,11.593,muenchen,True,610,17.2623,345,False,0.466989,False,404,0.906024,0,0,0,0,0,0,0,0,0,0,1,0,0,2,1,0,0,0,0,0,0,0,0,0,0,0,0,0,0,0,0,0,0,0
891f8d44833ffff,48.1672,11.5879,muenchen,True,1682,15.6686,826,False,0.5366,False,1141,0.949433,0,0,0,0,0,0,0,2,0,0,0,0,0,1,2,0,0,0,0,0,0,0,0,0,2,0,6,0,2,0,0,0,0,0
891f8d44837ffff,48.1675,11.5926,muenchen,True,1126,15.6562,430,False,0.492498,False,656,0.915757,0,0,0,0,0,0,0,0,0,0,1,0,0,2,0,0,0,0,0,0,0,0,0,0,1,0,2,0,1,0,0,0,0,0
891f8d4483bffff,48.1644,11.5857,muenchen,True,1548,15.7067,666,False,0.494102,False,929,0.934549,0,0,0,0,0,0,0,0,0,0,0,0,0,4,0,0,0,0,0,0,0,1,0,1,0,0,1,0,4,0,0,0,0,0
891f8d44843ffff,48.1605,11.5695,muenchen,True,3012,15.2316,1412,False,0.537538,False,1765,0.927396,0,1,0,0,0,0,0,2,0,1,3,0,1,3,2,0,1,2,0,1,0,2,0,0,1,0,2,0,4,0,0,0,0,0
891f8d44847ffff,48.1609,11.5742,muenchen,True,2364,16.3627,1193,False,0.556356,False,1578,0.951128,0,0,1,1,1,0,0,0,1,0,4,0,6,8,0,1,2,6,1,2,0,2,0,0,3,0,1,0,6,0,0,0,0,0
891f8d4484bffff,48.1577,11.5674,muenchen,True,2888,14.397,1415,False,0.524121,False,1791,0.924761,0,0,0,0,0,1,0,0,0,0,2,0,2,1,0,0,1,0,1,1,0,0,0,1,0,0,0,0,4,0,0,0,0,0
891f8d4484fffff,48.1581,11.5721,muenchen,True,2355,15.1172,1097,False,0.492118,False,1320,0.9243,0,0,0,0,0,0,0,1,0,0,1,0,3,8,0,0,0,0,2,0,0,0,0,1,0,0,0,0,3,0,0,0,0,0
891f8d44853ffff,48.1629,11.5669,muenchen,True,2798,15.1837,1413,False,0.586753,False,1861,0.939037,0,0,0,0,0,0,0,0,0,0,2,0,0,2,0,1,0,0,0,0,0,0,0,0,1,0,0,0,3,0,0,0,0,0
891f8d44857ffff,48.1633,11.5716,muenchen,True,2545,16.5497,1483,False,0.596902,False,1741,0.94094,0,0,0,0,0,1,0,0,0,0,0,0,3,8,1,1,0,0,0,0,2,0,0,0,0,0,0,0,4,0,0,0,0,0
891f8d4485bffff,48.1602,11.5648,muenchen,True,1799,15.6696,1084,False,0.569514,False,1285,0.955985,0,0,0,0,0,0,0,1,0,0,0,0,0,4,0,1,0,1,1,1,0,0,0,1,3,0,2,0,2,0,0,0,0,0
891f8d44863ffff,48.1588,11.5815,muenchen,True,2513,16.8762,1396,False,0.528754,False,1702,0.938643,0,0,1,0,0,0,0,2,0,0,1,0,6,7,0,1,0,13,0,0,1,1,0,0,0,0,1,0,8,0,0,0,0,0
891f8d44867ffff,48.1592,11.5862,muenchen,True,1202,15.9387,522,False,0.476391,False,704,0.903736,0,2,0,0,0,0,0,2,0,2,2,0,5,13,6,1,1,8,0,1,2,1,0,1,0,0,2,1,3,1,0,0,0,1
891f8d4486bffff,48.1561,11.5794,muenchen,True,1225,15.3177,549,False,0.446166,False,709,0.91831,0,0,0,0,0,0,0,0,0,0,0,0,1,1,0,0,1,0,1,0,0,1,0,0,0,0,0,2,2,0,0,0,0,0
891f8d4486fffff,48.1564,11.5841,muenchen,True,601,17.6685,170,False,0.504732,False,408,0.94431,0,0,0,0,0,0,0,1,0,0,1,0,2,6,1,0,0,0,0,1,1,0,0,0,1,0,3,1,10,0,0,0,0,0
891f8d44873ffff,48.1612,11.5789,muenchen,True,2324,15.2504,1283,False,0.50173,False,1570,0.940165,0,0,0,0,0,1,0,2,1,0,1,0,3,3,0,0,5,7,0,2,1,2,0,0,0,0,0,0,11,0,0,0,0,0
891f8d44877ffff,48.1616,11.5836,muenchen,True,1311,16.0321,677,False,0.500774,False,854,0.924154,0,0,0,2,0,2,0,2,1,0,3,0,1,7,0,1,0,2,2,2,1,0,0,0,0,0,2,1,3,1,0,0,0,0
891f8d4487bffff,48.1585,11.5768,muenchen,True,2091,15.4577,1079,False,0.494112,False,1327,0.937836,0,0,0,3,0,1,1,1,1,0,1,0,4,9,0,0,1,8,1,1,2,2,0,0,1,0,0,0,10,0,1,0,0,0
891f8d44883ffff,48.174,11.5754,muenchen,True,803,13.019,498,False,0.562733,False,555,0.922261,0,0,0,0,0,0,0,0,0,0,0,0,1,0,0,0,0,0,0,0,0,0,0,0,0,0,0,0,0,0,0,0,0,0
891f8d44887ffff,48.1744,11.5801,muenchen,True,530,17.519,123,False,0.507491,False,237,0.830508,0,0,0,0,0,0,0,1,0,0,0,0,0,0,0,0,0,0,0,0,0,0,0,0,0,0,3,0,0,0,0,0,0,0
891f8d4488bffff,48.1713,11.5732,muenchen,True,74,10.2081,31,False,0.369231,False,49,1,0,0,0,0,0,0,0,0,0,0,1,0,1,1,1,1,0,0,0,0,0,0,0,0,3,0,5,1,0,0,0,0,0,0
891f8d4488fffff,48.1716,11.578,muenchen,True,27,5.92,15,False,0.464286,False,15,1,0,0,0,0,0,0,0,0,0,0,0,0,1,0,0,0,0,0,1,0,0,0,0,0,1,0,1,0,0,0,0,0,0,0
891f8d44893ffff,48.1765,11.5728,muenchen,True,848,13.7999,440,False,0.574365,False,526,0.916201,0,0,0,0,0,0,0,0,0,0,0,0,0,0,0,0,0,0,0,0,0,0,0,0,0,0,3,0,0,0,0,0,0,0
891f8d44897ffff,48.1768,11.5775,muenchen,True,1173,10.2597,532,False,0.373847,False,582,0.955932,0,0,0,0,0,0,0,0,0,0,1,0,0,1,0,0,0,0,0,0,0,1,0,0,0,0,2,0,0,0,0,0,0,0
891f8d4489bffff,48.1737,11.5706,muenchen,True,0,,0,False,0.461337,False,0,0.885067,0,0,0,0,0,0,0,0,0,0,0,0,1,1,0,0,0,0,0,0,0,0,0,0,0,0,0,0,0,0,0,0,0,0
891f8d448a3ffff,48.1724,11.5874,muenchen,True,1369,13.5432,633,False,0.443215,False,719,0.873773,0,0,0,0,0,0,0,2,0,0,1,0,2,2,2,0,0,0,0,0,0,0,0,0,3,0,1,0,0,0,1,0,0,0
891f8d448a7ffff,48.1727,11.5921,muenchen,True,1340,12.3628,705,False,0.417533,False,800,0.927227,0,0,0,0,0,0,0,1,0,0,0,0,0,0,0,0,0,0,0,0,0,0,0,0,0,0,0,0,0,0,0,0,0,0
891f8d448abffff,48.1696,11.5853,muenchen,True,907,15.8059,418,False,0.504907,False,497,0.901606,0,0,0,0,0,1,0,1,0,0,1,0,0,4,1,0,0,1,0,1,0,0,0,1,0,0,1,0,3,0,0,0,0,0
891f8d448afffff,48.1699,11.59,muenchen,True,644,12.5883,316,False,0.425076,False,389,0.918159,0,0,0,0,0,0,0,0,0,0,0,0,0,1,2,0,0,0,0,0,0,0,0,0,0,0,0,0,1,0,0,0,0,0
891f8d448b3ffff,48.1748,11.5848,muenchen,True,1806,17.6745,1155,False,0.576606,False,1368,0.967249,0,0,0,0,0,0,0,0,0,0,0,0,0,2,0,0,0,0,0,1,0,0,0,0,0,0,2,0,1,0,0,0,0,0
891f8d448b7ffff,48.1751,11.5895,muenchen,True,690,7.44083,326,False,0.391872,False,324,0.845455,0,0,0,0,0,0,0,0,0,0,0,0,0,0,0,0,0,0,0,0,0,0,0,0,1,0,0,0,2,0,0,0,0,0
891f8d448bbffff,48.172,11.5827,muenchen,True,491,11.2535,233,False,0.494908,False,322,0.920886,0,0,0,0,0,0,0,0,0,0,0,0,0,0,0,0,0,0,0,0,0,0,0,0,0,0,2,0,0,0,0,0,0,0
891f8d448c3ffff,48.1681,11.5664,muenchen,True,1201,12.3583,575,False,0.466667,False,654,0.87234,0,0,0,0,0,0,0,0,0,1,2,0,0,1,1,0,0,0,0,0,0,0,0,1,1,0,2,0,4,0,0,0,0,0
891f8d448c7ffff,48.1685,11.5711,muenchen,True,163,11.3931,55,False,0.453416,False,80,0.828947,0,0,0,0,0,0,0,0,0,0,0,0,0,1,0,0,0,0,0,0,0,0,0,0,0,0,2,0,2,0,0,0,0,0
891f8d448cbffff,48.1654,11.5643,muenchen,True,2466,12.2307,1299,False,0.527722,False,1518,0.949502,0,0,0,0,0,1,0,0,1,0,0,0,0,3,0,0,0,0,0,1,0,0,0,1,0,0,0,0,4,0,0,0,0,0
891f8d448cfffff,48.1657,11.569,muenchen,True,568,17.0468,327,False,0.488073,False,369,0.975,0,0,0,0,0,0,0,0,0,0,0,0,0,1,0,0,0,0,0,0,0,0,0,0,0,0,0,0,2,0,0,0,0,0
891f8d448d3ffff,48.1705,11.5638,muenchen,True,1718,14.2382,831,False,0.475132,False,1111,0.945291,0,0,0,0,0,0,0,2,1,0,2,0,0,3,1,0,0,1,0,1,0,0,0,0,0,0,0,0,2,0,1,0,0,0
891f8d448d7ffff,48.1709,11.5685,muenchen,True,347,15.5673,134,False,0.494012,False,191,0.907692,0,0,0,0,0,0,0,0,0,0,0,0,0,1,0,0,0,0,0,0,0,0,0,0,0,0,0,0,0,0,0,0,0,0
891f8d448dbffff,48.1678,11.5617,muenchen,True,2025,12.2908,960,False,0.476946,False,1222,0.923817,0,0,0,0,0,0,0,0,0,0,0,0,0,1,0,0,0,0,0,0,0,0,0,0,0,0,0,0,0,0,0,0,0,0
891f8d44903ffff,48.169,11.6114,muenchen,True,0,,0,False,0.461337,False,0,0.885067,0,0,0,0,0,0,0,0,0,0,0,0,0,0,0,0,0,0,0,0,0,0,0,0,0,0,0,0,0,0,0,0,0,0
891f8d44907ffff,48.1693,11.6161,muenchen,True,0,,0,False,0.461337,False,0,0.885067,0,0,0,0,0,0,0,0,0,0,0,0,0,0,0,0,0,0,0,0,0,0,0,0,0,0,0,0,0,0,0,0,0,0
891f8d4490bffff,48.1662,11.6093,muenchen,True,75,12.4355,29,False,0.261538,False,34,0.794872,0,0,0,0,0,0,0,0,0,0,0,0,0,1,1,0,0,0,0,0,0,0,0,0,0,0,0,0,0,0,0,0,0,0
891f8d4490fffff,48.1666,11.614,muenchen,True,50,16.31,6,False,0.282609,False,25,0.90625,0,0,0,0,0,0,0,0,0,0,0,0,0,0,0,0,0,0,0,0,0,0,0,0,0,0,0,0,0,0,0,0,0,0
891f8d44913ffff,48.1714,11.6088,muenchen,True,0,,0,False,0.461337,False,0,0.885067,0,0,0,0,0,0,0,0,0,0,0,0,0,0,0,0,0,0,0,0,0,0,0,0,0,0,0,0,0,0,0,0,0,0
891f8d44917ffff,48.1717,11.6135,muenchen,True,0,,0,False,0.461337,False,0,0.885067,0,0,0,0,0,0,0,0,0,0,0,0,0,0,0,0,0,0,0,0,0,0,0,0,0,0,0,0,0,0,0,0,0,0
891f8d4491bffff,48.1686,11.6067,muenchen,True,0,,0,False,0.461337,False,0,0.885067,0,0,0,0,0,0,0,0,0,0,0,0,0,0,0,0,0,0,0,0,0,0,0,0,0,0,0,0,0,0,0,0,0,0
891f8d44923ffff,48.1673,11.6234,muenchen,True,275,16.0993,69,False,0.470356,False,133,0.807692,0,0,0,0,0,0,0,0,0,0,1,0,2,0,0,0,0,0,0,0,1,2,0,0,0,0,2,0,0,0,0,0,0,0
891f8d44927ffff,48.1676,11.6281,muenchen,True,270,14.5104,131,False,0.612167,False,148,0.909091,0,0,0,0,0,0,0,0,0,0,0,0,0,0,0,0,0,0,0,0,0,0,0,0,0,0,0,0,0,0,0,0,0,0
891f8d4492bffff,48.1645,11.6213,muenchen,True,291,15.3363,60,False,0.378092,False,140,0.88806,0,0,0,0,0,0,0,0,0,0,0,0,1,0,0,0,0,0,0,0,0,0,0,0,0,0,2,0,1,0,0,0,0,0
891f8d4492fffff,48.1649,11.626,muenchen,True,935,14.7248,221,False,0.415385,False,431,0.832589,0,0,0,0,0,0,0,0,0,0,0,0,0,0,0,0,0,0,0,0,0,0,0,0,0,0,0,0,0,0,0,0,0,0
891f8d44933ffff,48.1697,11.6208,muenchen,True,104,15.6181,32,False,0.322222,False,57,1,0,0,0,0,0,0,0,0,0,0,0,0,0,0,0,0,0,0,0,0,0,0,0,0,0,0,1,0,0,0,0,0,0,0
891f8d44937ffff,48.17,11.6256,muenchen,True,643,14.7345,183,False,0.455247,False,321,0.864238,0,1,0,0,0,0,0,0,0,0,0,0,0,0,0,0,0,0,0,0,0,1,0,0,0,0,1,0,2,0,0,0,0,0
891f8d4493bffff,48.1669,11.6187,muenchen,True,352,17.2305,78,False,0.29558,False,175,0.83871,0,0,0,0,0,0,0,0,0,0,0,0,0,0,0,0,0,0,0,0,0,0,0,0,0,0,2,0,0,0,0,0,0,0
891f8d44943ffff,48.1631,11.6025,muenchen,True,0,,0,False,0.461337,False,0,0.885067,0,0,0,0,0,0,0,0,0,0,0,1,0,1,1,0,0,0,0,0,0,0,0,0,0,0,0,0,0,0,0,0,0,0
891f8d44947ffff,48.1634,11.6072,muenchen,True,0,8.88,4,False,0.461337,False,4,1,0,0,0,0,0,0,0,0,0,0,0,0,0,0,0,0,0,0,0,0,0,0,0,0,0,0,0,0,0,0,0,0,0,0
891f8d4494bffff,48.1603,11.6003,muenchen,True,41,16.8163,0,True,0.714286,False,4,0.571429,0,0,0,0,0,0,0,0,0,0,0,0,0,1,1,0,0,0,0,0,0,0,0,0,0,0,0,0,0,0,0,0,0,0
891f8d4494fffff,48.1606,11.6051,muenchen,True,0,,0,False,0.461337,False,0,0.885067,0,0,0,0,0,0,0,0,0,0,0,0,0,0,2,0,0,0,0,0,0,0,0,0,0,0,0,0,0,0,0,0,0,0
891f8d44953ffff,48.1655,11.5999,muenchen,True,402,17.3614,126,False,0.28642,False,214,0.873874,0,0,0,0,0,0,0,0,0,0,0,0,0,0,0,0,0,0,0,0,0,0,0,0,0,0,0,0,0,0,0,0,0,0
891f8d44957ffff,48.1658,11.6046,muenchen,True,9,14.8288,0,True,0.461538,False,3,0.885067,0,0,0,0,0,0,0,0,0,0,0,0,0,0,0,0,0,0,0,0,0,0,0,0,0,0,0,0,0,0,0,0,0,0
891f8d4495bffff,48.1627,11.5977,muenchen,True,276,18.1846,122,False,0.37037,False,132,0.978723,0,0,0,0,0,0,0,0,0,0,0,0,0,1,0,0,0,0,0,0,0,0,0,0,0,0,1,0,0,0,0,0,0,0
891f8d44963ffff,48.1614,11.6145,muenchen,True,310,17.1925,87,False,0.314465,False,163,0.869048,0,0,0,0,0,0,0,0,0,0,0,0,0,0,0,0,0,0,0,0,0,0,0,0,0,0,2,0,1,0,0,0,0,0
891f8d44967ffff,48.1617,11.6192,muenchen,True,469,9.60158,202,False,0.422633,False,266,0.878788,0,0,0,0,0,0,0,0,0,0,0,0,0,0,0,0,0,0,0,0,0,0,0,0,0,0,1,0,0,0,0,0,0,0
891f8d4496bffff,48.1586,11.6124,muenchen,True,390,17.2204,83,False,0.318182,False,193,0.905759,0,0,0,0,0,0,0,0,0,0,0,0,0,0,0,0,0,0,0,0,0,0,0,0,0,0,2,0,1,0,0,0,0,0
891f8d4496fffff,48.1589,11.6171,muenchen,True,498,15.4495,105,False,0.331959,False,257,0.898551,0,0,0,0,0,0,0,0,0,0,0,0,0,0,0,0,0,0,0,0,0,0,0,0,0,0,2,0,1,0,0,0,0,0
891f8d44973ffff,48.1638,11.6119,muenchen,True,69,18.3189,19,False,0.235294,False,37,0.863636,0,0,0,0,0,0,0,0,0,0,0,0,0,0,0,0,0,0,0,0,0,0,0,0,0,0,0,0,0,0,0,0,0,0
891f8d44977ffff,48.1641,11.6166,muenchen,True,427,18.3351,74,False,0.277136,False,163,0.769231,0,0,0,0,0,0,0,0,0,0,0,0,0,0,0,0,0,0,0,0,0,0,0,0,0,0,0,0,0,0,0,0,0,0
891f8d4497bffff,48.161,11.6098,muenchen,True,103,20.6642,38,False,0.295918,False,62,0.949153,0,0,0,0,0,0,0,0,0,0,0,0,0,0,0,0,0,0,0,0,0,0,0,0,0,0,0,0,0,0,0,0,0,0
891f8d44983ffff,48.1766,11.6083,muenchen,True,234,16.1992,62,False,0.39485,False,130,0.923077,0,0,0,0,0,0,0,0,0,0,0,0,0,1,0,0,0,0,0,0,0,0,0,0,0,0,0,0,0,0,0,0,0,0
891f8d44987ffff,48.1769,11.6131,muenchen,True,0,,0,False,0.461337,False,0,0.885067,0,0,0,0,0,0,0,0,0,0,0,0,0,0,0,0,0,0,0,0,0,0,0,0,0,0,0,0,0,0,0,0,0,0
891f8d4498bffff,48.1738,11.6062,muenchen,True,155,16.3515,39,False,0.348684,False,90,1,0,0,0,0,0,0,0,0,0,0,0,0,0,0,0,0,0,0,0,0,0,0,0,0,0,0,0,0,1,0,0,0,0,0
891f8d4498fffff,48.1742,11.6109,muenchen,True,0,,0,False,0.461337,False,0,0.885067,0,0,0,0,0,0,0,0,0,0,0,0,0,0,0,0,0,0,0,0,1,0,0,0,0,0,0,0,0,0,0,0,0,0
891f8d44993ffff,48.179,11.6058,muenchen,True,397,12.6734,172,False,0.427136,False,240,0.925,0,0,0,0,0,0,0,0,0,0,0,0,0,0,0,0,0,0,0,0,0,1,0,0,0,0,3,0,0,0,0,0,0,0
891f8d44997ffff,48.1794,11.6105,muenchen,True,275,14.4822,59,False,0.309353,False,127,0.843478,0,0,0,0,0,0,0,0,0,0,0,0,0,0,0,0,0,0,0,0,0,0,0,0,0,0,0,0,0,0,0,0,0,0
891f8d4499bffff,48.1762,11.6036,muenchen,True,0,,0,False,0.461337,False,0,0.885067,0,0,0,0,0,0,0,0,0,0,0,0,0,0,0,0,0,0,0,0,0,0,0,0,0,0,0,0,0,0,0,0,0,0
891f8d449a3ffff,48.1749,11.6204,muenchen,True,0,,0,False,0.461337,False,0,0.885067,0,0,0,0,0,0,0,0,0,0,0,0,0,0,0,0,0,0,0,0,0,0,0,0,0,0,0,0,0,0,0,0,0,0
891f8d449a7ffff,48.1752,11.6251,muenchen,True,15,13.5579,0,True,0.461337,True,4,0.885067,0,0,0,0,0,0,0,0,0,0,0,0,0,1,0,0,0,0,0,0,0,0,0,0,0,0,0,0,0,0,0,0,0,0
891f8d449abffff,48.1721,11.6182,muenchen,True,0,,0,False,0.461337,False,0,0.885067,0,0,0,0,0,0,0,0,0,0,0,0,0,0,0,0,0,0,0,0,0,0,0,0,0,0,0,0,0,0,0,0,0,0
891f8d449afffff,48.1725,11.623,muenchen,True,17,13.8256,0,True,0.461337,True,11,1,0,0,0,0,0,0,0,0,0,0,0,0,0,0,0,0,0,0,0,0,0,0,0,0,0,0,0,0,1,0,0,0,0,0
891f8d449b3ffff,48.1773,11.6178,muenchen,True,0,,0,False,0.461337,False,0,0.885067,0,0,0,0,0,0,0,0,0,0,0,0,0,0,0,0,0,0,0,0,0,0,0,0,0,0,0,0,0,0,0,0,0,0
891f8d449b7ffff,48.1777,11.6225,muenchen,True,0,,0,False,0.461337,False,0,0.885067,0,0,0,0,0,0,0,0,0,0,0,0,0,0,0,0,0,0,0,0,0,0,0,0,0,0,0,0,0,0,0,0,0,0
891f8d449bbffff,48.1745,11.6157,muenchen,True,0,,0,False,0.461337,False,0,0.885067,0,0,0,0,0,0,0,0,0,0,0,0,0,0,0,0,0,0,0,0,0,0,0,0,0,0,0,0,0,0,0,0,0,0
891f8d449c3ffff,48.1707,11.5994,muenchen,True,902,15.5309,344,False,0.464804,False,490,0.925852,0,0,0,0,0,0,0,0,0,0,0,0,0,0,0,0,0,0,0,0,0,0,0,0,0,0,1,0,0,0,0,0,0,0
891f8d449c7ffff,48.171,11.6041,muenchen,True,375,12.7861,202,False,0.349862,False,243,0.891129,0,0,0,0,0,0,0,0,0,0,0,0,0,1,0,0,0,0,0,0,0,0,0,0,0,0,0,0,0,0,0,0,0,0
891f8d449cbffff,48.1679,11.5973,muenchen,True,402,9.45219,178,False,0.375635,False,246,0.914634,0,0,0,0,0,0,0,0,0,0,0,0,1,1,1,0,0,0,0,0,0,0,0,0,0,0,0,0,1,0,0,0,0,0
891f8d449cfffff,48.1682,11.602,muenchen,True,597,16.119,166,False,0.326923,False,302,0.882155,0,0,0,0,0,0,0,0,0,0,0,0,0,0,0,0,0,0,0,0,0,0,0,0,0,0,0,0,0,0,0,0,0,0
891f8d449d3ffff,48.1731,11.5968,muenchen,True,425,12.9363,215,False,0.480094,False,241,0.872951,1,0,0,0,0,0,0,0,0,0,1,0,1,3,1,0,0,0,2,0,0,0,0,0,1,0,3,0,3,0,0,0,0,0
891f8d449d7ffff,48.1734,11.6015,muenchen,True,0,,0,False,0.461337,False,0,0.885067,0,0,0,0,0,0,0,0,0,0,0,0,0,0,0,0,0,0,0,0,0,0,0,0,0,0,0,0,0,0,0,0,0,0
891f8d449dbffff,48.1703,11.5947,muenchen,True,963,13.4725,543,False,0.462343,False,657,0.947853,0,0,0,0,0,0,0,0,0,0,1,0,0,2,0,0,0,0,0,0,0,0,0,0,0,0,0,0,1,0,0,0,0,0
891f8d44a03ffff,48.147,11.5636,muenchen,True,628,20.0492,362,False,0.606013,False,456,0.928421,0,0,0,0,0,1,0,0,0,0,0,0,5,3,0,0,0,1,1,0,1,6,0,0,0,0,2,5,6,0,0,0,0,0
891f8d44a07ffff,48.1474,11.5683,muenchen,True,34,9.46,11,False,0.483871,False,14,0.8125,0,0,0,0,0,0,0,0,0,0,0,0,5,0,1,0,0,0,0,0,1,3,0,0,0,0,2,3,5,0,0,0,0,0
891f8d44a0bffff,48.1442,11.5615,muenchen,True,743,17.5459,301,False,0.742282,False,592,0.973019,0,0,0,0,0,0,0,2,0,0,2,0,2,12,1,0,1,1,0,1,0,0,0,0,2,0,2,1,4,3,1,0,0,0
891f8d44a0fffff,48.1446,11.5662,muenchen,True,144,11.2509,53,False,0.378378,False,82,0.901408,0,0,0,0,0,0,0,0,0,0,0,0,0,1,0,0,0,0,0,0,1,4,0,0,0,0,0,1,3,0,0,0,0,0
891f8d44a13ffff,48.1494,11.561,muenchen,True,3085,15.72,1793,False,0.617296,False,2062,0.948393,0,1,0,0,0,0,0,0,0,1,2,0,2,14,2,1,0,2,0,2,1,4,0,1,0,0,0,0,8,0,0,0,0,0
891f8d44a17ffff,48.1498,11.5657,muenchen,True,2320,15.9227,1129,False,0.720361,False,1654,0.956734,0,0,0,0,0,1,0,4,0,0,2,0,7,12,0,0,1,1,0,2,0,5,0,0,0,0,1,1,9,0,0,0,0,0
891f8d44a1bffff,48.1466,11.5589,muenchen,True,724,18.2548,381,False,0.647632,False,501,0.947896,0,0,0,0,0,0,0,1,0,0,1,0,3,8,2,0,1,2,0,2,1,0,0,0,1,0,2,0,8,1,1,0,0,0
891f8d44a23ffff,48.1453,11.5756,muenchen,True,455,14.6371,185,False,0.622517,False,284,0.91958,0,0,0,0,0,0,0,0,0,0,2,0,2,4,0,0,1,1,0,0,1,3,1,0,0,0,1,0,6,0,0,0,0,0
891f8d44a27ffff,48.1457,11.5803,muenchen,True,297,15.786,164,False,0.592466,False,199,0.923858,0,0,0,0,0,1,0,0,0,0,0,0,1,3,1,0,0,0,0,0,0,1,1,0,0,0,4,1,5,0,0,0,0,0
891f8d44a2bffff,48.1425,11.5735,muenchen,True,109,17.4259,82,False,0.636364,False,94,1,0,0,0,0,0,0,0,0,0,0,0,0,3,6,2,0,0,6,0,2,0,3,0,0,0,0,2,0,7,0,0,0,0,0
891f8d44a2fffff,48.1429,11.5782,muenchen,True,48,12.0033,24,False,0.264706,False,38,1,0,0,0,0,0,0,0,0,0,0,1,0,1,3,2,0,0,8,0,0,1,6,0,0,2,0,3,1,3,0,0,0,0,0
891f8d44a33ffff,48.1477,11.573,muenchen,True,681,16.4782,400,False,0.66129,False,527,0.95122,1,0,0,0,0,0,0,0,0,0,2,0,5,4,2,1,0,0,0,1,0,14,0,1,1,0,2,1,7,0,0,0,0,0
891f8d44a37ffff,48.1481,11.5777,muenchen,True,1328,16.1879,830,False,0.620031,False,878,0.94653,0,0,0,1,0,0,0,0,0,0,2,0,4,14,4,3,2,1,0,1,0,12,0,0,0,0,1,2,14,0,0,0,0,0
891f8d44a3bffff,48.1449,11.5709,muenchen,True,844,13.1598,527,False,0.505313,False,592,0.93401,0,0,0,0,0,0,0,0,0,0,0,0,2,1,0,0,0,0,0,0,0,2,0,0,2,0,2,0,17,0,0,0,0,0
891f8d44a43ffff,48.1411,11.5547,muenchen,True,0,,0,False,0.461337,False,0,0.885067,0,0,0,0,0,0,0,0,0,0,0,0,1,0,0,0,0,0,0,0,0,0,0,0,1,3,0,1,3,0,0,0,0,0
891f8d44a47ffff,48.1414,11.5594,muenchen,True,319,15.133,224,False,0.677812,False,247,0.963265,0,0,0,0,0,0,0,2,0,1,8,0,6,5,3,0,0,1,1,0,0,0,0,1,3,1,8,0,5,3,1,0,0,0
891f8d44a4bffff,48.1383,11.5525,muenchen,True,1207,16.5593,574,False,0.701092,False,791,0.951531,0,0,0,0,0,1,0,0,0,0,0,0,4,8,1,0,0,2,0,0,0,0,0,0,3,0,0,0,17,0,0,0,0,0
891f8d44a4fffff,48.1387,11.5573,muenchen,True,451,16.2651,239,False,0.618943,False,305,0.990033,0,0,0,0,0,0,0,0,0,0,2,0,1,4,2,0,0,1,0,0,0,0,0,0,2,0,2,0,4,2,2,0,0,0
891f8d44a53ffff,48.1435,11.5521,muenchen,True,26,12.44,4,False,0.461337,True,11,1,0,0,0,0,0,0,0,0,0,0,0,0,2,3,1,0,0,0,0,0,0,0,0,0,0,0,1,1,4,0,0,0,0,0
891f8d44a57ffff,48.1439,11.5568,muenchen,True,153,14.5589,74,False,0.585034,False,90,0.967391,0,0,0,0,0,0,0,1,0,0,1,0,1,3,2,0,0,1,0,2,0,0,1,0,0,0,1,1,11,0,0,0,0,0
891f8d44a5bffff,48.1407,11.55,muenchen,True,451,15.2309,263,False,0.561947,False,314,0.951923,0,0,0,0,0,0,0,0,0,0,0,0,0,1,0,0,0,0,0,0,1,0,0,0,0,0,1,0,3,0,0,0,0,0
891f8d44a63ffff,48.1394,11.5667,muenchen,True,80,11.9375,12,False,0.603774,False,38,1,0,0,1,1,0,1,0,1,0,0,6,0,5,8,1,4,3,11,1,1,2,1,2,1,3,1,3,0,4,0,0,0,0,0
891f8d44a67ffff,48.1398,11.5714,muenchen,True,128,12.9082,94,False,0.481481,False,115,0.972973,0,0,0,0,0,0,0,0,0,0,1,0,2,5,0,0,0,1,0,0,1,3,0,0,0,0,0,0,9,0,0,0,0,0
891f8d44a6bffff,48.1366,11.5646,muenchen,True,607,14.7624,295,False,0.639209,False,434,0.961353,0,1,0,0,0,0,0,2,1,2,1,0,6,11,3,0,0,2,0,0,2,1,0,0,0,0,0,0,9,1,1,1,0,0
891f8d44a6fffff,48.137,11.5693,muenchen,True,1130,17.1039,481,False,0.568559,False,635,0.939103,0,0,0,0,0,1,0,1,0,0,4,0,6,16,1,0,5,11,1,2,1,2,0,1,0,0,0,0,4,0,0,0,0,0
891f8d44a73ffff,48.1418,11.5641,muenchen,True,96,26.1618,34,False,0.423529,False,71,0.956522,0,0,0,0,0,0,0,1,0,0,0,0,0,3,1,0,0,0,0,0,1,0,0,0,0,0,1,1,5,0,0,0,0,0
891f8d44a77ffff,48.1422,11.5688,muenchen,True,180,15.486,81,False,0.542857,False,116,0.915888,0,0,0,0,0,0,0,0,0,0,0,0,3,3,0,0,0,0,0,1,1,2,0,0,2,0,2,3,7,0,0,0,0,0
891f8d44a7bffff,48.139,11.562,muenchen,True,332,15.5781,89,False,0.794872,False,115,0.92437,0,0,0,0,0,0,0,4,0,0,2,0,2,9,2,0,2,4,0,0,1,0,0,0,4,0,0,0,3,2,0,2,0,0
891f8d44a83ffff,48.1546,11.5605,muenchen,True,2378,16.1073,1335,False,0.681221,False,1623,0.943489,0,0,0,0,0,0,0,0,0,0,1,0,5,9,1,0,0,1,0,1,0,2,0,0,0,0,0,0,6,0,0,0,0,0
891f8d44a87ffff,48.155,11.5652,muenchen,True,3149,15.6132,1770,False,0.629408,False,2094,0.950142,1,0,0,0,0,0,0,2,0,1,3,0,2,3,2,1,0,1,1,1,0,0,0,0,1,0,1,0,2,0,0,0,0,0
891f8d44a8bffff,48.1518,11.5584,muenchen,True,1186,16.2661,597,False,0.67818,False,799,0.94321,0,0,0,0,0,0,0,1,0,0,1,0,0,2,1,0,0,0,0,1,1,1,0,0,1,0,0,0,7,0,0,0,0,0
891f8d44a8fffff,48.1522,11.5631,muenchen,True,2231,16.8489,1208,False,0.646352,False,1499,0.944554,0,0,0,0,0,0,0,1,0,0,1,0,4,20,2,0,0,3,1,1,0,2,0,2,1,0,0,0,7,0,0,1,0,0
891f8d44a93ffff,48.157,11.5579,muenchen,True,472,11.5057,290,False,0.548857,False,290,0.948454,0,0,0,0,0,0,0,0,0,0,0,0,0,0,0,0,0,0,0,0,0,0,0,0,0,0,2,1,3,0,0,0,0,0
891f8d44a97ffff,48.1574,11.5627,muenchen,True,2778,14.4714,1491,False,0.571224,False,1721,0.928737,0,0,0,1,0,0,0,1,0,1,1,0,3,5,2,1,0,1,0,0,0,1,1,1,0,0,2,1,4,0,1,0,0,0
891f8d44a9bffff,48.1542,11.5558,muenchen,True,548,13.5925,281,False,0.71147,False,298,0.947541,0,0,0,0,0,0,0,0,0,0,0,0,1,2,0,0,0,0,0,1,1,0,0,0,2,0,2,1,6,0,0,0,0,0
891f8d44aa3ffff,48.1529,11.5726,muenchen,True,1970,15.8747,1315,False,0.602238,False,1396,0.942775,0,0,0,0,0,2,0,0,1,0,1,0,0,7,2,1,2,4,0,1,0,1,0,0,0,0,1,0,3,0,0,0,0,0
891f8d44aa7ffff,48.1533,11.5773,muenchen,True,2163,17.3173,1298,False,0.636322,False,1471,0.956104,0,0,0,1,0,1,0,1,0,0,0,0,3,7,6,0,1,6,1,1,2,2,0,0,0,0,0,0,7,0,0,0,0,0
891f8d44aabffff,48.1501,11.5704,muenchen,True,1487,16.234,905,False,0.608992,False,1042,0.957587,0,0,0,0,0,0,0,0,0,0,1,0,1,2,0,0,0,1,0,1,0,1,0,0,0,0,2,1,7,0,0,0,0,0
891f8d44aafffff,48.1505,11.5751,muenchen,True,2851,15.9276,1759,False,0.600425,False,2137,0.953315,0,2,0,0,0,0,0,3,0,1,3,0,12,9,7,1,0,11,1,2,1,6,2,0,1,0,4,0,8,0,0,0,0,0
891f8d44ab3ffff,48.1553,11.57,muenchen,True,1675,14.0987,870,False,0.474657,False,1021,0.932473,0,0,0,0,0,0,0,1,0,0,0,0,2,4,2,0,0,0,0,0,1,2,0,0,0,0,0,0,4,0,0,0,0,0
891f8d44ab7ffff,48.1557,11.5747,muenchen,True,2501,15.9194,1338,False,0.570344,False,1585,0.943943,1,0,0,3,1,2,0,0,2,4,5,1,3,17,6,0,3,5,3,3,2,2,0,1,1,0,0,1,6,0,0,0,0,0
891f8d44abbffff,48.1526,11.5678,muenchen,True,2141,17.4318,1381,False,0.65421,False,1590,0.967598,0,0,0,0,0,0,0,1,0,0,0,0,1,3,1,1,2,0,0,4,0,1,0,0,0,0,2,0,5,0,0,0,0,0
891f8d44ac3ffff,48.1487,11.5516,muenchen,True,1525,14.8115,828,False,0.615838,False,954,0.93501,0,0,0,0,0,0,0,0,0,0,1,0,2,4,1,0,0,0,0,1,1,1,0,3,0,0,0,0,7,0,0,0,0,0
891f8d44ac7ffff,48.1491,11.5563,muenchen,True,1364,18.2159,617,False,0.680914,False,778,0.908521,0,0,0,0,0,0,0,1,0,0,1,0,4,4,1,0,0,1,0,0,0,0,0,0,1,0,0,0,5,0,0,0,0,0
891f8d44acbffff,48.1459,11.5495,muenchen,True,87,15.2105,0,True,0.682353,False,0,0.885067,0,0,0,0,0,0,0,0,0,0,0,0,0,0,0,0,0,0,0,0,1,0,0,0,0,0,0,0,2,0,0,0,0,0
891f8d44acfffff,48.1463,11.5542,muenchen,True,361,16.6513,165,False,0.558904,False,222,0.920188,0,0,0,0,0,0,0,0,0,0,0,0,0,0,0,0,0,1,0,0,0,0,0,0,0,0,0,2,2,0,0,0,0,0
891f8d44ad3ffff,48.1511,11.549,muenchen,True,1416,13.5172,760,False,0.523438,False,917,0.941694,0,0,0,0,0,0,0,1,0,0,0,0,0,2,0,0,0,0,0,1,0,0,0,0,0,0,0,0,3,0,0,0,0,0
891f8d44ad7ffff,48.1515,11.5537,muenchen,True,2271,14.6967,1341,False,0.603616,False,1609,0.957999,1,0,0,0,0,0,0,0,0,0,0,0,0,3,0,1,0,0,0,1,0,0,0,0,0,0,0,0,4,0,0,0,0,0
891f8d44adbffff,48.1483,11.5469,muenchen,True,984,15.1209,513,False,0.568251,False,654,0.945122,0,0,0,0,0,0,0,1,0,0,1,0,2,6,0,0,1,1,1,0,0,0,0,0,0,0,0,0,1,0,0,0,0,0
891f8d44b03ffff,48.1495,11.5966,muenchen,True,413,14.9701,213,False,0.525926,False,252,0.936,0,0,0,0,0,0,0,0,0,0,0,0,0,1,1,0,0,0,0,0,0,0,0,0,1,0,1,1,3,0,0,0,0,0
891f8d44b07ffff,48.1499,11.6013,muenchen,True,1090,14.5843,587,False,0.473118,False,717,0.933709,0,0,0,2,0,0,0,1,0,1,1,0,1,1,0,0,1,1,0,1,0,0,0,0,1,0,4,0,3,0,0,0,0,0
891f8d44b0bffff,48.1468,11.5945,muenchen,True,1867,15.8853,917,False,0.519055,False,1099,0.901996,0,1,0,0,0,0,0,0,0,0,2,0,0,4,0,0,0,0,1,1,0,0,0,0,1,0,0,0,2,0,0,0,0,0
891f8d44b0fffff,48.1471,11.5992,muenchen,True,73,16.441,10,False,0.344262,False,41,0.763158,0,0,0,0,0,0,0,0,0,0,0,0,0,0,0,0,0,0,0,0,0,0,0,0,0,0,0,0,0,0,0,0,0,0
891f8d44b13ffff,48.1519,11.594,muenchen,True,3,12.78,4,False,0,False,9,1,0,0,0,0,0,0,0,0,0,0,0,0,0,1,1,0,0,0,0,0,0,1,0,0,0,0,3,0,1,0,0,0,0,0
891f8d44b17ffff,48.1523,11.5987,muenchen,True,10,15.5915,0,True,0,False,12,1,0,0,0,0,0,0,0,0,0,0,0,0,0,0,0,0,0,0,0,0,0,0,0,0,0,0,1,0,1,0,0,0,0,0
891f8d44b1bffff,48.1492,11.5919,muenchen,True,68,18.37,19,False,0.30303,False,44,0.921053,0,0,0,0,0,0,0,0,0,0,0,0,0,0,0,0,0,0,0,0,0,0,0,0,0,0,0,0,0,0,0,0,0,0
891f8d44b23ffff,48.1478,11.6086,muenchen,True,404,13.9345,131,False,0.422222,False,205,0.856436,0,0,0,0,0,0,0,0,0,0,0,0,0,0,0,0,0,0,0,0,0,0,0,0,0,0,1,0,0,0,0,0,0,0
891f8d44b27ffff,48.1482,11.6133,muenchen,True,633,13.5639,174,False,0.406593,False,291,0.812903,0,0,0,0,0,0,0,0,0,0,0,0,0,0,0,0,0,0,0,0,0,0,0,0,0,0,0,0,0,0,0,0,0,0
891f8d44b2bffff,48.1451,11.6065,muenchen,True,339,16.5037,115,False,0.372372,False,183,0.834254,0,0,0,0,0,0,0,0,0,0,0,0,0,0,0,0,0,0,1,0,0,0,0,0,0,0,2,0,0,0,0,0,0,0
891f8d44b2fffff,48.1454,11.6112,muenchen,True,284,16.424,47,False,0.311111,False,117,0.785047,0,0,0,0,0,0,0,0,0,0,0,0,0,0,0,0,0,0,0,0,0,0,0,0,0,0,0,0,1,0,0,0,0,0
891f8d44b33ffff,48.1503,11.606,muenchen,True,734,15.3089,254,False,0.43828,False,372,0.879679,0,1,0,0,0,0,0,0,0,0,0,0,0,2,0,0,0,0,0,0,0,0,0,0,0,0,0,0,3,0,0,0,0,0
891f8d44b37ffff,48.1506,11.6107,muenchen,True,970,11.6194,500,False,0.440041,False,550,0.915009,0,1,0,0,0,0,0,0,2,1,3,1,1,1,0,0,0,1,2,1,0,0,0,0,1,0,4,0,1,0,0,0,0,0
891f8d44b3bffff,48.1475,11.6039,muenchen,True,853,16.4223,295,False,0.490544,False,425,0.876147,0,0,0,0,1,0,0,0,0,0,1,0,0,1,0,0,0,0,0,0,0,1,0,1,2,0,0,0,5,0,0,0,0,0
891f8d44b43ffff,48.1436,11.5876,muenchen,True,285,14.1786,161,False,0.445545,False,186,0.957447,0,0,0,0,0,0,0,0,0,0,0,0,3,2,0,1,0,0,0,1,0,3,0,0,1,0,2,0,4,0,0,0,0,0
891f8d44b47ffff,48.144,11.5923,muenchen,True,660,15.023,282,False,0.44864,False,367,0.907652,0,0,0,0,0,0,0,0,0,0,0,0,1,1,0,0,0,1,0,0,0,3,0,0,0,0,0,0,1,0,0,0,0,0
891f8d44b4bffff,48.1408,11.5855,muenchen,True,1250,14.0068,576,False,0.406656,False,696,0.929799,1,0,0,0,0,1,0,1,0,1,2,0,4,4,2,0,1,2,0,0,0,2,0,0,0,0,0,0,3,0,0,0,0,0
891f8d44b4fffff,48.1412,11.5902,muenchen,True,1348,16.9031,635,False,0.490313,False,835,0.911164,0,0,0,0,0,1,0,1,0,0,2,0,3,7,0,1,0,1,1,0,1,0,0,0,0,0,0,0,12,0,0,0,0,0
891f8d44b53ffff,48.146,11.585,muenchen,True,153,14.7267,63,False,0.467105,False,84,0.844156,0,0,0,0,0,0,0,0,0,0,0,0,0,1,0,0,0,0,0,1,0,1,0,0,0,0,0,0,1,0,0,0,0,0
891f8d44b57ffff,48.1464,11.5897,muenchen,True,0,,0,False,0.461337,False,0,0.885067,0,0,0,0,0,0,0,0,0,0,0,0,0,0,0,0,0,0,0,0,0,0,0,0,0,0,0,0,1,0,0,0,0,0
891f8d44b5bffff,48.1433,11.5829,muenchen,True,136,13.66,57,False,0.390071,False,71,0.887324,0,0,0,0,0,0,0,0,0,0,0,0,0,0,0,0,0,0,0,0,0,1,0,0,0,0,2,0,3,0,0,0,0,0
891f8d44b63ffff,48.1419,11.5996,muenchen,True,681,12.7341,294,False,0.432511,False,357,0.886427,0,0,0,0,0,0,0,0,0,1,3,0,0,1,0,0,0,0,0,1,0,2,0,0,1,0,1,1,6,0,0,0,0,0
891f8d44b67ffff,48.1423,11.6044,muenchen,True,1085,15.3902,504,False,0.447199,False,577,0.883929,0,0,0,0,0,0,0,0,0,0,0,0,1,2,0,0,0,0,0,0,0,0,0,0,0,0,0,0,3,0,0,0,0,0
891f8d44b6bffff,48.1391,11.5975,muenchen,True,253,16.4751,112,False,0.48,False,170,0.974359,0,0,0,0,0,0,0,0,0,0,0,0,0,2,0,0,0,0,0,0,0,0,0,0,0,0,0,0,4,0,0,0,0,0
891f8d44b6fffff,48.1395,11.6022,muenchen,True,1153,16.751,495,False,0.481874,False,674,0.893275,0,0,0,1,0,0,0,0,0,0,0,0,1,3,0,0,0,0,1,1,0,0,0,0,0,0,0,0,1,0,0,0,0,0
891f8d44b73ffff,48.1443,11.5971,muenchen,True,266,17.1105,135,False,0.41791,False,182,0.944751,0,0,0,0,0,0,0,0,0,0,0,0,1,0,0,0,0,0,0,0,0,0,0,0,0,0,0,0,0,0,0,0,0,0
891f8d44b77ffff,48.1447,11.6018,muenchen,True,1106,15.472,466,False,0.390485,False,587,0.85,0,0,0,0,0,0,0,0,0,0,0,0,0,1,0,0,2,0,0,0,0,0,0,0,1,0,0,0,3,0,0,0,0,0
891f8d44b7bffff,48.1416,11.5949,muenchen,True,428,13.6772,200,False,0.516432,False,274,0.958015,0,0,0,0,0,0,0,0,0,0,0,0,0,0,0,0,0,1,0,0,0,1,0,0,0,0,2,2,5,0,0,0,0,0
891f8d44b83ffff,48.1571,11.5935,muenchen,True,0,,0,False,0.461337,False,0,0.885067,0,0,0,0,0,0,0,0,0,0,0,0,0,0,0,0,0,0,0,0,0,0,0,0,0,0,0,0,0,0,0,0,0,0
891f8d44b87ffff,48.1575,11.5982,muenchen,True,0,,0,False,0.461337,False,0,0.885067,0,0,0,0,0,0,0,0,0,0,0,0,0,0,0,0,0,0,0,0,0,0,0,0,0,0,0,0,0,0,0,0,0,0
891f8d44b8bffff,48.1544,11.5914,muenchen,True,0,,0,False,0.461337,False,0,0.885067,0,0,0,0,0,0,0,0,0,0,0,0,0,0,0,0,0,0,0,0,0,0,0,0,0,0,0,0,0,0,0,0,0,0
891f8d44b8fffff,48.1547,11.5961,muenchen,True,41,22.2,9,False,0.552632,False,22,0.875,0,0,0,0,0,0,0,0,0,0,0,0,0,0,0,0,0,0,0,0,0,0,0,0,0,0,0,0,0,0,0,0,0,0
891f8d44b93ffff,48.1596,11.5909,muenchen,True,588,14.9448,260,False,0.459866,False,351,0.913043,0,0,0,0,0,0,0,0,0,0,0,0,1,2,2,0,0,0,0,0,0,1,0,0,0,0,0,1,7,0,0,0,0,0
891f8d44b97ffff,48.1599,11.5956,muenchen,True,0,,0,False,0.461337,False,0,0.885067,0,0,0,0,0,0,0,0,0,0,0,0,0,0,0,0,0,0,0,0,0,0,0,0,0,0,0,0,0,0,0,0,0,0
891f8d44b9bffff,48.1568,11.5888,muenchen,True,297,18.6997,141,False,0.372881,False,160,0.847682,0,0,0,0,0,0,0,0,0,0,0,0,0,1,0,0,0,0,0,0,0,0,0,0,0,0,1,0,4,0,0,0,0,0
891f8d44ba3ffff,48.1554,11.6055,muenchen,True,166,16.42,45,False,0.362416,False,83,0.915663,0,0,0,0,0,0,0,0,0,0,0,0,0,0,0,0,0,0,0,0,0,0,0,0,0,0,2,0,0,0,0,0,0,0
891f8d44ba7ffff,48.1558,11.6102,muenchen,True,197,26.2265,75,False,0.385,False,127,0.926829,0,0,0,0,0,0,0,0,0,0,0,0,0,0,0,0,0,0,0,0,0,0,0,0,0,0,1,0,1,0,0,0,0,0
891f8d44babffff,48.1527,11.6034,muenchen,True,570,15.2643,188,False,0.365854,False,298,0.887755,0,0,0,0,0,0,0,0,0,0,0,0,0,0,0,0,0,0,1,0,0,0,0,0,0,0,0,0,3,0,0,0,0,0
891f8d44bafffff,48.153,11.6081,muenchen,True,400,17.1076,129,False,0.328244,False,214,0.870647,0,0,0,0,0,0,0,0,0,0,0,0,0,0,0,0,0,0,0,0,0,0,0,0,0,0,1,0,2,0,0,0,0,0
891f8d44bb3ffff,48.1579,11.6029,muenchen,True,4,17.9787,0,True,0.461337,True,0,0.885067,0,0,0,0,0,0,0,0,0,0,0,0,0,0,0,0,0,0,0,0,0,0,0,0,0,0,0,0,0,0,0,0,0,0
891f8d44bb7ffff,48.1582,11.6076,muenchen,True,167,18.1944,39,False,0.381818,False,80,0.72619,0,0,0,0,0,0,0,0,0,0,0,0,0,0,0,0,0,0,0,0,0,0,0,0,0,0,0,0,0,0,0,0,0,0
891f8d44bbbffff,48.1551,11.6008,muenchen,True,0,,0,False,0.461337,False,0,0.885067,0,0,0,0,0,0,0,0,0,0,0,0,0,0,0,0,0,0,0,0,0,0,0,0,0,0,0,0,0,0,0,0,0,0
891f8d44bc3ffff,48.1512,11.5846,muenchen,True,900,16.3527,433,False,0.454144,False,530,0.896552,0,0,0,0,0,0,0,0,0,0,1,0,4,0,0,0,0,0,0,1,0,1,0,0,0,0,0,4,1,0,0,0,0,0
891f8d44bc7ffff,48.1516,11.5893,muenchen,True,0,,0,False,0.461337,False,0,0.885067,0,0,0,0,0,0,0,0,0,0,0,0,0,0,0,0,0,0,0,0,0,0,0,0,0,0,0,0,0,0,0,0,0,0
891f8d44bcbffff,48.1484,11.5824,muenchen,True,540,18.1718,353,False,0.593407,False,383,0.932292,0,0,0,0,0,0,0,0,0,0,0,0,2,1,0,0,0,0,1,0,0,1,0,0,0,0,3,2,6,0,0,0,0,0
891f8d44bcfffff,48.1488,11.5872,muenchen,True,0,,0,False,0.461337,False,0,0.885067,0,0,0,0,0,0,0,0,0,0,0,0,1,0,0,0,0,0,0,0,0,0,0,1,0,0,0,0,0,0,0,0,0,0
891f8d44bd3ffff,48.1536,11.582,muenchen,True,182,14.2975,105,False,0.420455,False,118,0.900826,0,0,0,0,0,0,0,0,0,0,0,0,3,1,1,0,0,1,0,0,0,0,0,0,0,0,0,3,3,0,1,0,0,0
891f8d44bd7ffff,48.154,11.5867,muenchen,True,1284,18.0149,629,False,0.479345,False,713,0.907932,0,0,0,0,0,0,0,0,0,1,1,0,2,4,2,0,0,1,0,0,0,0,0,0,0,0,0,0,10,0,0,0,0,0
891f8d44bdbffff,48.1509,11.5799,muenchen,True,627,17.729,336,False,0.615748,False,478,0.961945,0,0,0,0,0,0,0,0,2,0,3,0,7,5,1,2,0,3,1,2,0,3,1,0,1,0,1,4,5,0,0,0,0,0
891f8d44c03ffff,48.1833,11.5603,muenchen,True,310,14.922,79,False,0.485981,False,151,0.811688,0,0,0,0,0,0,0,0,0,0,0,0,0,0,0,0,0,0,0,0,0,0,0,0,0,0,0,0,2,0,0,0,0,0
891f8d44c07ffff,48.1837,11.565,muenchen,True,1938,13.9963,937,False,0.527171,False,1173,0.890456,0,0,0,0,0,0,0,0,0,0,0,0,2,4,2,0,0,0,0,0,0,0,0,0,0,0,4,0,0,0,0,0,0,0
891f8d44c0bffff,48.1806,11.5582,muenchen,True,0,,0,False,0.461337,False,0,0.885067,0,0,0,0,0,0,0,0,0,0,0,0,0,0,0,0,0,0,0,0,0,0,0,0,0,0,0,0,1,0,0,0,0,0
891f8d44c0fffff,48.1809,11.5629,muenchen,True,409,15.9386,218,False,0.62954,False,249,0.934156,0,0,0,0,0,0,0,0,0,0,1,0,1,0,0,0,0,0,0,0,0,0,0,0,0,0,1,0,0,0,0,0,0,0
891f8d44c13ffff,48.1858,11.5577,muenchen,True,216,15.6684,56,False,0.538095,False,108,0.877551,0,0,0,0,0,0,0,0,0,0,0,0,0,0,0,0,0,1,0,0,0,0,0,0,0,0,3,0,1,1,0,0,0,0
891f8d44c17ffff,48.1861,11.5624,muenchen,True,1842,13.4314,930,False,0.522307,False,1098,0.917423,0,0,0,0,0,0,0,2,0,0,1,0,1,1,1,0,0,0,1,0,0,0,0,0,0,0,4,0,3,0,0,0,0,0
891f8d44c1bffff,48.183,11.5556,muenchen,True,384,15.5461,209,False,0.497368,False,302,0.959732,0,0,0,0,0,0,0,0,0,0,0,0,0,1,0,0,0,0,0,0,0,0,0,0,0,0,2,0,0,0,0,0,0,0
891f8d44c23ffff,48.1817,11.5723,muenchen,True,1942,12.1745,993,False,0.542724,False,1125,0.907244,0,0,0,2,0,0,0,0,0,1,2,0,0,3,2,0,0,0,0,0,0,0,0,0,1,0,1,0,1,0,1,0,0,0
891f8d44c27ffff,48.182,11.577,muenchen,True,1570,13.1255,812,False,0.481411,False,1021,0.936293,0,0,0,0,0,0,0,0,0,0,1,0,1,0,0,0,0,0,0,0,0,0,0,0,0,0,0,0,0,0,0,0,0,0
891f8d44c2bffff,48.1789,11.5702,muenchen,True,2495,14.0154,1395,False,0.552042,False,1650,0.934925,0,0,0,0,0,1,0,2,0,0,0,0,0,2,2,0,0,0,0,0,1,0,0,1,0,0,0,0,3,0,0,0,0,0
891f8d44c2fffff,48.1792,11.5749,muenchen,True,1185,12.656,501,False,0.577572,False,696,0.934449,0,0,0,0,0,0,0,1,0,0,1,0,0,1,0,0,0,0,0,0,0,0,0,0,0,0,0,0,1,0,0,0,0,0
891f8d44c33ffff,48.1841,11.5697,muenchen,True,1769,11.7644,875,False,0.497133,False,1072,0.904147,0,0,0,0,0,0,0,1,0,0,0,0,1,0,2,0,0,0,0,0,0,0,0,0,0,0,0,0,0,0,1,0,0,0
891f8d44c37ffff,48.1844,11.5744,muenchen,True,2200,14.2656,1015,False,0.526194,False,1332,0.916852,0,0,0,0,0,0,0,1,0,0,0,0,0,0,0,0,0,0,1,1,0,0,0,0,0,0,1,0,0,0,0,0,0,0
891f8d44c3bffff,48.1813,11.5676,muenchen,True,1664,17.0287,1165,False,0.555288,False,1126,0.948029,1,0,0,0,0,0,0,1,0,0,1,0,1,2,1,0,0,0,0,0,1,0,0,0,0,0,1,0,2,0,0,0,0,0
891f8d44c43ffff,48.1774,11.5513,muenchen,True,0,,0,False,0.461337,False,0,0.885067,0,0,0,0,0,0,0,0,0,0,0,0,0,0,1,0,0,0,0,0,0,0,0,0,0,0,0,0,0,0,0,0,0,0
891f8d44c47ffff,48.1778,11.556,muenchen,True,0,,0,False,0.461337,False,0,0.885067,0,0,0,0,0,0,0,0,0,0,0,0,2,1,0,0,0,0,0,0,0,1,0,0,1,0,2,0,0,0,0,0,0,0
891f8d44c4bffff,48.1746,11.5492,muenchen,True,0,,0,False,0.461337,False,0,0.885067,0,0,0,0,0,0,0,0,0,0,0,0,0,1,1,0,0,0,0,0,0,0,0,0,0,0,0,0,1,0,0,0,0,0
891f8d44c4fffff,48.175,11.5539,muenchen,True,7,16.4041,0,True,0,False,0,0.885067,0,0,0,0,0,0,0,0,0,0,0,0,2,1,0,0,0,0,0,0,0,0,0,0,0,0,0,0,0,0,0,0,0,0
891f8d44c53ffff,48.1798,11.5487,muenchen,True,701,13.1802,83,False,0.372355,False,400,0.942211,0,0,0,0,0,0,0,0,0,0,0,0,0,0,0,0,0,0,0,0,0,0,0,0,0,0,0,0,0,0,0,0,0,0
891f8d44c57ffff,48.1802,11.5534,muenchen,True,2403,18.5511,743,False,0.772595,False,2431,0.990987,0,1,0,1,0,0,0,1,1,1,2,0,0,1,3,0,0,0,0,0,0,0,0,0,0,0,0,0,5,0,0,0,0,0
891f8d44c5bffff,48.1771,11.5466,muenchen,True,0,,0,False,0.461337,False,0,0.885067,0,0,0,0,0,0,0,0,0,0,0,0,0,0,0,0,0,0,0,0,0,0,0,0,0,0,0,0,0,0,0,0,0,0
891f8d44c63ffff,48.1757,11.5633,muenchen,True,1207,14.3608,581,False,0.503667,False,738,0.919028,0,0,0,0,0,0,0,0,0,0,0,0,0,0,0,0,0,0,0,0,0,0,0,0,0,0,0,0,1,0,0,0,0,0
891f8d44c67ffff,48.1761,11.5681,muenchen,True,1051,15.1158,471,False,0.578947,False,636,0.942584,0,0,0,0,0,0,0,0,0,0,0,0,0,0,0,0,0,0,0,0,0,0,0,0,2,0,1,0,0,0,0,0,0,0
891f8d44c6bffff,48.173,11.5612,muenchen,True,1704,17.0377,875,False,0.621114,False,1111,0.945946,0,0,0,0,0,0,0,0,0,0,0,0,0,2,0,0,0,0,0,0,0,0,0,0,0,0,0,0,1,1,0,0,0,0
891f8d44c6fffff,48.1733,11.5659,muenchen,True,1765,14.929,819,False,0.523566,False,1131,0.938053,0,0,0,0,0,0,0,1,0,0,0,0,0,1,0,0,0,0,0,0,0,0,0,0,1,0,0,0,1,0,0,0,0,0
891f8d44c73ffff,48.1782,11.5607,muenchen,True,0,,0,False,0.461337,False,0,0.885067,0,0,0,0,0,0,0,0,0,0,0,0,0,2,0,0,0,0,0,0,0,0,0,0,0,0,0,0,1,0,0,0,0,0
891f8d44c77ffff,48.1785,11.5655,muenchen,True,1291,15.1739,549,False,0.54736,False,680,0.895833,0,0,0,0,0,1,0,3,0,1,0,0,1,2,4,0,0,0,0,0,0,0,0,0,0,0,2,0,2,0,2,0,0,0
891f8d44c7bffff,48.1754,11.5586,muenchen,True,179,12.2588,115,False,0.505682,False,115,0.89916,0,0,0,0,0,0,0,0,0,0,0,0,0,2,0,0,0,0,0,0,0,1,0,0,0,0,2,0,1,0,0,0,0,0
891f8d44c83ffff,48.1909,11.5572,muenchen,True,0,,0,False,0.461337,False,0,0.885067,0,0,0,0,0,0,0,0,0,0,0,0,0,0,1,0,0,0,0,0,0,0,0,0,0,0,0,0,3,0,0,0,0,0
891f8d44c87ffff,48.1913,11.5619,muenchen,True,0,,0,False,0.461337,False,0,0.885067,0,0,0,0,0,0,0,0,0,0,0,0,0,0,0,0,0,0,0,0,0,0,0,0,0,0,0,0,0,0,0,0,0,0
891f8d44c8bffff,48.1882,11.5551,muenchen,True,5,14.936,0,True,1,False,5,1,0,0,0,0,0,0,0,0,0,0,0,0,0,0,0,0,0,0,0,0,0,0,0,0,0,0,0,0,2,0,0,0,0,0
891f8d44c8fffff,48.1885,11.5598,muenchen,True,668,11.6431,89,False,0.559701,False,379,0.904509,0,0,0,0,0,0,0,0,0,0,0,0,0,0,0,0,0,0,0,0,0,0,0,0,0,0,0,0,1,0,0,0,0,0
891f8d44c93ffff,48.1934,11.5546,muenchen,True,419,13.7536,44,False,0.358173,False,178,0.796407,0,0,0,0,0,0,0,0,0,0,0,0,0,0,0,0,0,0,0,0,0,0,0,0,0,0,0,0,0,0,0,0,0,0
891f8d44c97ffff,48.1937,11.5593,muenchen,True,0,,0,False,0.461337,False,0,0.885067,0,0,0,0,0,0,0,0,0,0,0,0,0,0,0,0,0,0,0,0,0,0,0,0,0,0,0,0,2,0,0,0,0,0
891f8d44c9bffff,48.1906,11.5525,muenchen,True,150,15.2215,26,False,0.464286,False,58,0.655172,0,0,0,0,0,0,0,0,0,0,0,0,0,0,0,0,0,0,0,0,0,0,0,0,0,0,1,0,0,0,0,0,0,0
891f8d44ca3ffff,48.1893,11.5692,muenchen,True,37,15.66,36,False,0.605263,False,39,1,0,0,0,0,0,0,0,1,0,0,0,0,1,0,0,0,0,0,0,0,0,0,0,0,0,0,1,0,4,0,0,0,0,0
891f8d44ca7ffff,48.1896,11.5739,muenchen,True,0,,0,False,0.461337,False,0,0.885067,0,0,0,0,0,0,0,0,0,0,0,0,1,1,0,0,0,0,0,0,0,0,0,0,0,0,1,0,1,0,0,0,0,0
891f8d44cabffff,48.1865,11.5671,muenchen,True,1806,11.0636,875,False,0.467295,False,979,0.891947,0,0,0,0,0,0,0,0,0,1,0,0,0,1,1,0,0,0,0,0,0,0,0,0,0,0,3,0,0,2,1,0,0,0
891f8d44cafffff,48.1868,11.5718,muenchen,True,1630,13.2426,822,False,0.535912,False,892,0.919592,0,0,0,0,0,0,0,3,1,0,2,0,1,1,0,0,0,0,0,0,0,0,0,1,1,0,5,0,0,0,0,1,0,0
891f8d44cb3ffff,48.1917,11.5666,muenchen,True,0,,0,False,0.461337,False,0,0.885067,0,0,0,0,0,0,0,0,0,0,0,0,0,1,0,0,0,0,0,0,0,0,0,0,0,0,3,0,0,0,0,1,0,0
891f8d44cb7ffff,48.192,11.5713,muenchen,True,0,,0,False,0.461337,False,0,0.885067,0,0,0,0,0,0,0,0,0,0,0,0,0,0,0,0,0,0,0,0,0,0,0,0,0,0,4,0,1,0,0,0,0,0
891f8d44cbbffff,48.1889,11.5645,muenchen,True,2026,13.5571,933,False,0.52739,False,1107,0.879249,0,0,0,0,0,0,0,0,0,0,0,0,0,0,0,0,0,0,0,0,0,0,0,0,0,0,1,0,3,1,0,0,0,0
891f8d44cc3ffff,48.185,11.5483,muenchen,True,554,14.6149,105,False,0.335135,False,299,0.944251,0,0,0,0,0,0,0,0,0,0,1,0,0,0,0,0,0,0,0,0,0,0,0,0,1,0,0,0,0,0,0,0,0,0
891f8d44cc7ffff,48.1854,11.553,muenchen,True,480,19.948,283,False,0.658947,False,341,0.949853,0,0,0,0,0,0,0,0,0,0,0,0,0,2,0,0,0,0,0,2,0,0,0,0,0,0,2,0,1,0,0,0,0,0
891f8d44ccbffff,48.1823,11.5461,muenchen,True,348,14.3346,54,False,0.299145,False,170,0.910714,0,0,0,0,0,0,0,0,0,0,0,0,0,0,0,0,0,0,0,0,0,0,0,0,0,0,0,0,0,0,0,0,0,0
891f8d44ccfffff,48.1826,11.5508,muenchen,True,1661,16.475,512,False,0.353548,False,979,0.916412,0,0,0,0,0,0,0,0,0,0,0,0,0,0,1,0,0,0,0,0,1,1,0,0,0,0,0,0,3,0,0,0,0,0
891f8d44cd3ffff,48.1874,11.5457,muenchen,True,1041,18.1058,264,False,0.641075,False,314,0.700637,0,0,0,0,0,0,0,0,0,0,0,0,0,1,0,0,0,0,0,0,0,0,0,0,0,0,2,0,2,0,0,0,0,0
891f8d44cd7ffff,48.1878,11.5504,muenchen,True,0,,0,False,0.461337,False,0,0.885067,0,0,0,0,0,0,0,0,0,0,1,0,1,1,0,0,0,0,0,0,0,1,0,0,0,0,2,0,2,0,0,0,0,0
891f8d44cdbffff,48.1847,11.5435,muenchen,True,0,,0,False,0.461337,False,0,0.885067,0,0,0,0,0,0,0,0,0,0,0,0,0,0,0,0,0,0,0,0,0,0,0,0,0,0,0,0,0,0,0,0,0,0
891f8d44d03ffff,48.1859,11.5933,muenchen,True,1114,13.6221,304,False,0.510619,False,424,0.709751,0,0,0,0,0,0,0,0,0,0,1,0,0,3,0,0,0,0,0,0,1,0,0,0,0,0,0,0,2,0,0,0,0,0
891f8d44d07ffff,48.1862,11.598,muenchen,True,932,14.2195,331,False,0.576635,False,423,0.828235,0,0,0,0,0,0,0,0,0,0,0,0,0,0,0,0,0,0,0,0,0,0,0,0,0,0,1,0,1,0,0,0,0,0
891f8d44d0bffff,48.1831,11.5911,muenchen,True,583,13.7598,153,False,0.490756,False,249,0.777778,0,0,0,0,0,0,0,2,0,0,0,0,0,0,0,0,0,1,0,0,0,0,0,0,1,0,2,0,6,0,0,0,0,0
891f8d44d0fffff,48.1835,11.5959,muenchen,True,1329,12.4852,397,False,0.472851,False,480,0.625793,2,0,0,0,0,0,0,0,0,1,2,0,0,5,1,0,0,0,0,2,0,1,1,1,0,0,2,0,1,0,0,0,0,0
891f8d44d13ffff,48.1883,11.5907,muenchen,True,201,16.37,63,False,0.65445,False,93,0.776596,0,0,0,0,0,0,0,1,0,0,0,0,0,0,0,0,0,0,0,0,0,0,0,0,1,0,1,0,1,0,0,2,0,0
891f8d44d17ffff,48.1887,11.5954,muenchen,True,354,5.93,114,False,0.392157,False,114,0.563636,0,0,0,0,0,0,0,0,0,0,0,0,0,0,0,0,0,0,0,0,0,0,0,0,0,0,1,0,0,0,0,0,0,0
891f8d44d1bffff,48.1855,11.5885,muenchen,True,4,11.6701,0,True,0.461337,True,4,1,0,0,0,0,0,0,0,0,0,0,0,0,0,0,0,0,0,0,0,0,0,0,0,0,0,0,0,0,6,0,0,0,0,0
891f8d44d23ffff,48.1842,11.6053,muenchen,True,6,12.1754,0,True,0.5,False,5,1,0,0,0,0,0,0,0,0,0,0,0,0,0,0,0,0,0,0,0,0,0,0,0,0,1,0,0,0,3,0,0,0,0,0
891f8d44d27ffff,48.1845,11.61,muenchen,True,295,11.89,52,False,0.72973,False,189,0.921875,0,0,0,0,0,0,0,0,0,0,0,0,1,0,0,0,0,0,0,0,0,0,0,0,0,0,6,0,1,0,0,0,0,0
891f8d44d2bffff,48.1814,11.6032,muenchen,True,50,12.3938,26,False,0.661017,False,31,0.918919,0,0,0,0,0,0,0,0,0,0,0,0,0,0,0,0,0,0,1,0,0,0,0,0,0,0,2,0,0,0,0,0,0,0
891f8d44d2fffff,48.1818,11.6079,muenchen,True,695,8.24291,244,False,0.509326,False,433,0.938073,0,0,0,0,0,0,0,0,0,0,0,0,0,0,0,0,0,0,0,0,0,0,0,0,0,0,1,0,1,0,0,0,0,0
891f8d44d33ffff,48.1866,11.6027,muenchen,True,8,12.0782,0,True,0.461337,True,3,1,0,0,0,0,0,0,0,0,0,0,0,0,0,0,1,0,0,0,0,0,0,0,0,0,0,0,2,0,4,0,0,2,0,0
891f8d44d37ffff,48.187,11.6074,muenchen,True,8,17.34,4,False,0.461337,True,12,1,0,0,0,0,0,0,0,0,0,0,0,0,0,0,0,0,0,0,0,1,0,0,0,0,0,0,2,0,1,2,0,0,0,0
891f8d44d3bffff,48.1838,11.6006,muenchen,True,175,11.0125,60,False,0.409091,False,69,0.731343,0,0,0,0,0,0,0,0,0,0,0,0,0,1,0,0,0,0,0,0,0,1,0,0,0,0,0,0,0,0,0,0,0,0
891f8d44d43ffff,48.18,11.5843,muenchen,True,657,14.6019,250,False,0.449624,False,379,0.868486,0,0,0,0,0,0,0,0,0,0,1,0,0,1,0,0,0,0,0,0,0,0,0,0,0,0,1,0,3,0,0,0,0,0
891f8d44d47ffff,48.1803,11.589,muenchen,True,875,13.976,245,False,0.471564,False,395,0.8,0,0,0,0,0,0,0,0,0,0,0,0,0,2,1,0,1,1,0,0,0,0,0,0,1,0,2,0,1,0,0,0,0,0
891f8d44d4bffff,48.1772,11.5822,muenchen,True,1616,13.8528,653,False,0.465432,False,919,0.911379,0,0,0,0,0,0,0,1,0,0,0,0,0,0,0,0,0,1,0,0,0,0,0,0,0,0,0,0,0,0,0,0,0,0
891f8d44d4fffff,48.1775,11.5869,muenchen,True,728,13.7974,361,False,0.67733,False,419,0.924528,0,0,0,0,0,0,0,0,0,0,0,0,0,1,0,0,0,0,0,0,0,0,0,0,0,0,2,0,1,0,0,0,0,0
891f8d44d53ffff,48.1824,11.5817,muenchen,True,1185,11.0653,588,False,0.459983,False,705,0.908708,0,0,0,0,0,0,0,0,0,0,0,0,0,1,0,0,0,0,0,0,0,0,0,0,0,0,0,0,1,0,0,0,0,0
891f8d44d57ffff,48.1827,11.5864,muenchen,True,1087,16.3333,374,False,0.478743,False,576,0.82807,0,0,0,0,0,0,0,0,0,0,0,0,0,3,0,0,0,0,0,0,0,0,0,0,0,0,1,0,5,0,0,0,0,0
891f8d44d5bffff,48.1796,11.5796,muenchen,True,363,10.8374,182,False,0.423497,False,221,0.925926,0,0,0,0,0,0,0,0,0,0,0,0,0,0,0,0,0,0,0,0,0,0,0,0,0,0,0,0,1,0,0,0,0,0
891f8d44d63ffff,48.1783,11.5963,muenchen,True,938,12.6362,413,False,0.575661,False,454,0.873333,0,0,0,0,0,0,0,0,0,0,0,0,0,1,0,0,0,0,0,0,0,0,0,0,0,0,0,0,3,0,0,0,0,0
891f8d44d67ffff,48.1786,11.601,muenchen,True,1708,12.1277,1086,False,0.550289,False,1109,0.91875,0,0,0,0,0,0,0,2,0,0,2,0,0,1,1,0,0,0,0,1,0,1,0,1,1,0,0,0,1,0,0,0,0,0
891f8d44d6bffff,48.1755,11.5942,muenchen,True,117,15.03,38,False,0.737705,False,87,0.931034,0,0,0,0,0,0,0,0,0,0,0,0,0,1,0,0,0,0,0,0,0,0,1,1,0,0,0,0,4,0,0,0,0,0
891f8d44d6fffff,48.1759,11.5989,muenchen,True,915,12.9403,450,False,0.574054,False,569,0.91274,0,0,0,0,0,0,0,0,0,0,0,0,1,2,0,0,0,0,2,0,0,0,0,0,0,0,0,0,0,0,0,0,0,0
891f8d44d73ffff,48.1807,11.5937,muenchen,True,922,15.2078,268,False,0.498385,False,410,0.776961,0,0,0,0,0,0,0,0,0,0,0,0,0,1,0,0,0,0,0,0,0,0,0,0,0,0,0,0,7,0,0,0,0,0
891f8d44d77ffff,48.181,11.5984,muenchen,True,593,12.7422,415,False,0.606419,False,447,0.965596,0,0,0,0,0,0,0,0,0,0,0,0,0,2,0,0,0,0,0,0,0,0,0,0,0,0,0,0,2,0,0,0,0,0
891f8d44d7bffff,48.1779,11.5916,muenchen,True,359,15.8109,129,False,0.532787,False,196,0.919598,0,0,0,0,0,0,0,1,0,0,1,0,0,1,1,0,0,0,0,0,0,0,0,0,0,0,0,0,7,0,0,0,0,0
891f8d44d83ffff,48.1935,11.5902,muenchen,True,78,13.3537,16,False,0.325,False,39,0.911765,0,0,0,0,0,0,0,0,0,0,0,0,0,0,0,0,0,0,0,1,0,0,0,1,0,0,1,0,0,0,0,1,0,0
891f8d44d87ffff,48.1938,11.5949,muenchen,True,227,11.0411,0,True,0.663717,False,0,0.885067,0,0,0,0,0,0,0,0,0,0,1,0,0,0,1,0,0,0,0,0,0,0,0,0,0,0,1,0,0,0,0,0,0,0
891f8d44d8bffff,48.1907,11.5881,muenchen,True,5,9.82503,0,True,0,False,0,0.885067,0,0,0,0,0,0,0,1,0,1,1,0,0,0,0,0,0,0,0,0,0,0,0,0,0,0,0,0,0,0,0,0,0,0
891f8d44d8fffff,48.1911,11.5928,muenchen,True,137,12.7658,0,True,0.681481,False,0,0.885067,0,0,0,0,0,0,0,0,0,0,0,0,0,0,0,0,0,0,0,0,0,0,0,0,0,0,0,0,0,0,0,0,0,0
891f8d44d93ffff,48.1959,11.5876,muenchen,True,365,14.5454,35,False,0.355301,False,149,0.785185,0,0,0,0,0,0,0,0,0,0,0,0,0,0,0,0,0,0,0,0,0,0,0,0,0,0,0,0,0,0,0,0,0,0
891f8d44d97ffff,48.1963,11.5923,muenchen,True,35,7.6125,12,False,0.571429,False,18,1,0,0,0,0,0,0,0,0,0,0,0,0,0,0,0,0,0,0,0,0,0,0,0,0,0,0,0,0,0,0,0,1,0,0
891f8d44d9bffff,48.1931,11.5855,muenchen,True,360,7.25139,79,False,0.371191,False,146,0.773585,0,0,0,0,0,0,0,0,0,0,0,0,1,0,0,0,0,0,0,0,0,0,0,0,0,0,2,0,0,0,0,0,0,0
891f8d44da3ffff,48.1918,11.6022,muenchen,True,10,11.4306,0,True,0.666667,False,0,0.885067,0,0,0,0,0,0,0,0,0,0,0,0,0,0,0,0,0,0,0,0,0,0,0,0,0,0,1,0,2,0,0,0,0,0
891f8d44da7ffff,48.1921,11.6069,muenchen,True,0,5.82,6,False,0.461337,False,0,0.885067,0,0,0,0,0,0,0,0,0,0,0,0,0,0,0,0,0,0,0,0,0,0,0,0,0,0,2,0,1,0,0,0,0,0
891f8d44dabffff,48.189,11.6001,muenchen,True,0,,0,False,0.461337,False,0,0.885067,0,0,0,0,0,0,0,0,0,0,0,0,0,1,0,0,0,0,0,0,0,0,0,0,0,0,0,0,0,0,0,0,0,0
891f8d44dafffff,48.1894,11.6048,muenchen,True,0,,0,False,0.461337,False,0,0.885067,0,0,0,0,0,0,0,0,0,0,0,0,0,0,0,0,0,0,0,0,0,0,0,0,0,0,0,0,1,0,0,0,0,0
891f8d44db3ffff,48.1942,11.5996,muenchen,True,0,,0,False,0.461337,False,0,0.885067,0,0,0,0,0,0,0,1,0,0,0,0,0,1,0,0,0,0,0,0,0,0,0,0,0,0,2,0,1,0,0,0,0,0
891f8d44db7ffff,48.1946,11.6043,muenchen,True,0,,0,False,0.461337,False,0,0.885067,0,0,0,0,0,0,0,0,0,0,0,0,0,0,0,0,0,0,0,0,0,0,0,0,0,0,0,0,0,0,0,0,0,0
891f8d44dbbffff,48.1914,11.5975,muenchen,True,158,18.65,52,False,0.592105,False,55,0.945455,0,0,0,0,0,0,0,0,0,0,0,0,0,0,0,0,0,0,0,0,0,0,0,0,0,0,0,0,1,1,0,0,0,0
891f8d44dc3ffff,48.1876,11.5812,muenchen,True,1149,10.3287,523,False,0.485192,False,579,0.886726,0,0,0,0,0,0,0,0,0,0,0,0,0,1,0,0,0,0,0,1,0,0,0,0,0,0,0,0,3,1,0,0,0,0
891f8d44dc7ffff,48.1879,11.586,muenchen,True,85,10.9841,39,False,0.356322,False,39,0.914286,0,0,0,0,0,0,0,0,0,0,1,0,1,1,0,0,0,2,0,0,0,0,0,0,0,0,4,0,6,0,0,1,0,0
891f8d44dcbffff,48.1848,11.5791,muenchen,True,1706,8.89997,793,False,0.401639,False,896,0.888639,0,0,0,0,0,0,0,1,0,0,1,0,0,0,1,0,0,0,0,0,0,0,0,0,0,0,2,0,2,0,0,0,0,0
891f8d44dcfffff,48.1852,11.5838,muenchen,True,1411,8.28801,719,False,0.438346,False,734,0.868102,0,0,0,0,0,0,0,0,0,0,0,0,1,1,0,0,0,0,0,0,0,0,0,2,0,0,4,0,3,0,0,0,0,0
891f8d44dd3ffff,48.19,11.5786,muenchen,True,110,16.44,16,False,0.759259,False,105,1,0,0,0,0,0,0,0,0,0,0,0,0,0,1,0,0,0,0,0,0,0,0,0,0,0,0,0,0,6,0,0,0,0,0
891f8d44dd7ffff,48.1903,11.5834,muenchen,True,8,9.7114,0,True,0,False,9,1,0,0,0,0,0,0,0,0,0,0,0,0,0,0,0,0,0,0,0,0,0,0,0,0,0,0,0,0,2,0,0,0,0,0
891f8d44ddbffff,48.1872,11.5765,muenchen,True,1319,11.4179,641,False,0.487294,False,689,0.877551,0,0,0,0,0,0,0,1,0,0,0,0,0,0,1,0,0,0,0,0,0,0,0,0,0,0,2,0,0,0,0,0,0,0
891f8d44e03ffff,48.1639,11.5455,muenchen,True,1436,13.6016,684,False,0.484997,False,852,0.926714,0,0,0,0,0,0,0,0,0,0,1,0,0,2,0,0,0,0,0,1,0,0,0,0,0,0,0,0,4,0,0,0,0,0
891f8d44e07ffff,48.1643,11.5502,muenchen,True,0,,0,False,0.461337,False,0,0.885067,0,0,0,0,0,0,0,0,0,0,0,0,0,1,1,0,0,0,0,0,0,0,0,0,0,0,0,0,0,0,0,0,0,0
891f8d44e0bffff,48.1611,11.5433,muenchen,True,2022,12.6414,1001,False,0.550075,False,1393,0.947101,0,0,0,0,0,0,0,0,0,0,0,0,0,2,0,0,0,0,0,0,0,0,0,0,0,0,0,1,1,0,0,0,0,0
891f8d44e0fffff,48.1615,11.548,muenchen,True,523,12.9868,252,False,0.446847,False,252,0.858268,0,0,0,0,0,0,0,0,0,0,0,0,0,0,0,0,0,0,0,0,0,0,0,0,0,0,0,0,2,0,0,0,0,0
891f8d44e13ffff,48.1663,11.5429,muenchen,True,143,9.89338,133,False,0.594771,False,133,1,0,0,0,0,0,0,0,0,0,0,0,0,0,0,0,0,0,0,0,0,0,0,0,0,0,0,0,0,0,0,0,0,0,0
891f8d44e17ffff,48.1667,11.5476,muenchen,True,88,15.99,42,False,0.604396,False,62,1,1,0,0,0,0,0,0,0,0,0,0,0,0,0,0,0,0,0,0,0,0,1,0,0,0,0,0,0,0,0,0,0,0,0
891f8d44e1bffff,48.1635,11.5407,muenchen,True,1640,13.6789,834,False,0.563804,False,972,0.927984,0,0,0,0,0,0,0,0,0,1,1,0,0,2,0,0,0,0,0,0,0,0,0,0,1,0,0,0,0,0,0,0,0,0
891f8d44e23ffff,48.1622,11.5575,muenchen,True,1369,13.7707,319,False,0.491266,False,646,0.811526,0,0,0,0,0,0,0,1,0,0,1,0,0,0,0,0,0,0,0,0,0,0,0,0,1,0,2,0,1,0,0,0,0,0
891f8d44e27ffff,48.1626,11.5622,muenchen,True,1781,16.1328,834,False,0.510827,False,1055,0.91022,0,1,0,0,0,0,0,2,0,0,3,0,1,3,2,0,0,0,0,0,1,0,0,1,3,0,1,1,5,0,0,0,0,0
891f8d44e2bffff,48.1594,11.5553,muenchen,True,208,11.2999,105,False,0.415094,False,105,0.867925,0,0,0,0,0,0,0,0,0,0,0,0,0,1,0,0,0,0,0,0,1,0,1,0,0,0,0,2,3,0,0,0,0,0
891f8d44e2fffff,48.1598,11.5601,muenchen,True,1293,12.6721,596,False,0.517817,False,731,0.884196,0,0,0,0,0,0,0,0,0,0,0,0,0,1,0,0,0,0,0,0,0,0,0,0,0,0,0,0,1,0,0,0,0,0
891f8d44e33ffff,48.1646,11.5549,muenchen,True,631,10.6512,196,False,0.369969,False,241,0.66805,0,0,0,0,0,0,0,1,0,0,1,0,0,1,0,0,0,0,0,0,0,0,0,0,0,0,3,0,1,0,0,0,0,0
891f8d44e37ffff,48.165,11.5596,muenchen,True,1330,11.3231,384,False,0.371126,False,651,0.837672,0,0,0,0,0,0,0,0,0,0,2,0,0,2,0,0,0,0,0,1,0,1,0,0,0,0,0,0,2,0,0,0,0,0
891f8d44e3bffff,48.1619,11.5528,muenchen,True,424,28.5602,411,False,0.64486,False,358,1,0,0,0,0,0,0,0,0,0,0,0,0,0,0,0,0,0,0,0,0,0,0,0,0,2,0,3,0,4,0,0,0,0,0
891f8d44e43ffff,48.158,11.5365,muenchen,True,1788,12.4917,912,False,0.513951,False,1032,0.895793,0,0,0,0,0,0,0,0,0,0,1,0,1,1,0,0,0,0,0,0,0,1,0,0,0,0,0,0,1,0,0,0,0,0
891f8d44e47ffff,48.1583,11.5412,muenchen,True,2613,13.5519,1214,False,0.515302,False,1551,0.927875,0,0,0,0,0,0,0,0,0,0,1,0,1,3,0,0,0,0,0,0,1,0,0,1,0,0,0,0,5,0,0,0,0,0
891f8d44e4bffff,48.1552,11.5344,muenchen,True,2368,13.5713,1294,False,0.499789,False,1455,0.927486,0,0,0,2,0,0,0,0,0,1,3,0,0,11,2,0,2,4,2,1,0,1,0,1,2,0,0,0,3,0,0,0,0,1
891f8d44e4fffff,48.1556,11.5391,muenchen,True,2522,12.878,1208,False,0.534774,False,1454,0.927033,0,0,0,1,0,0,0,2,0,0,3,0,1,3,2,0,0,0,0,0,0,0,1,0,1,0,3,0,2,0,0,0,0,0
891f8d44e53ffff,48.1604,11.5339,muenchen,True,815,9.96166,157,False,0.283474,False,261,0.758364,0,0,0,0,0,0,0,0,0,0,0,0,0,0,0,0,0,0,0,0,0,0,0,0,0,0,1,0,2,0,0,0,0,0
891f8d44e57ffff,48.1608,11.5386,muenchen,True,2117,10.7628,1166,False,0.503073,False,1266,0.920095,0,0,0,0,0,0,0,1,0,1,2,0,1,2,0,0,0,0,0,0,0,0,0,0,0,0,1,0,1,0,0,0,0,0
891f8d44e5bffff,48.1576,11.5318,muenchen,True,1155,13.2882,547,False,0.453499,False,687,0.926794,0,0,0,0,0,0,0,0,0,1,0,0,0,1,0,0,1,0,1,0,0,0,0,0,1,0,1,0,0,0,0,0,0,0
891f8d44e63ffff,48.1563,11.5485,muenchen,True,1745,10.4033,843,False,0.507163,False,1046,0.894439,0,0,0,0,0,0,0,0,0,0,0,0,1,0,0,0,0,0,0,0,0,0,0,0,0,0,0,0,2,0,0,0,0,0
891f8d44e67ffff,48.1567,11.5532,muenchen,True,364,8.83149,215,False,0.454545,False,215,0.872727,0,0,0,0,0,0,0,0,0,0,0,0,1,0,0,0,0,0,0,0,0,0,1,0,1,0,0,0,5,0,0,0,0,0
891f8d44e6bffff,48.1535,11.5464,muenchen,True,990,8.59725,575,False,0.468278,False,575,0.894281,0,0,0,0,0,0,0,0,0,0,0,0,0,0,0,0,0,0,0,0,0,0,0,0,0,0,0,1,1,0,0,0,0,0
891f8d44e6fffff,48.1539,11.5511,muenchen,True,516,11.0972,290,False,0.528112,False,312,0.915309,0,0,0,0,0,0,0,0,0,0,0,0,2,1,0,0,0,0,0,0,0,0,0,0,0,0,1,1,3,0,0,0,0,0
891f8d44e73ffff,48.1587,11.5459,muenchen,True,1335,14.6988,624,False,0.545861,False,808,0.92795,0,1,0,0,0,0,0,1,1,0,3,0,1,6,2,0,0,0,0,1,0,2,0,0,1,0,2,0,0,0,0,0,0,0
891f8d44e77ffff,48.1591,11.5506,muenchen,True,523,10.8675,219,False,0.517958,False,292,0.944828,0,0,0,0,0,0,0,0,0,0,0,0,0,1,0,0,0,0,0,0,6,7,1,1,0,0,0,0,9,0,0,0,0,0
891f8d44e7bffff,48.1559,11.5438,muenchen,True,1569,9.71088,844,False,0.417834,False,936,0.910042,0,0,0,0,0,0,0,1,0,0,0,0,0,2,0,0,0,0,0,0,0,0,0,0,1,0,2,0,3,0,0,0,0,0
891f8d44e83ffff,48.1715,11.5424,muenchen,True,0,,0,False,0.461337,False,0,0.885067,0,0,0,0,0,0,0,0,0,0,0,0,0,0,0,0,0,0,0,0,0,0,0,0,0,0,0,0,0,0,0,0,0,0
891f8d44e87ffff,48.1719,11.5471,muenchen,True,0,,0,False,0.461337,False,0,0.885067,0,0,0,0,0,0,0,0,0,0,0,0,0,0,0,0,0,0,0,0,0,0,0,0,0,0,2,0,0,0,0,0,0,0
891f8d44e8bffff,48.1687,11.5403,muenchen,True,0,,0,False,0.461337,False,0,0.885067,0,0,0,0,0,0,0,0,0,0,0,0,0,1,0,0,0,1,0,0,0,0,0,0,0,0,0,0,1,0,0,0,0,0
891f8d44e8fffff,48.1691,11.545,muenchen,True,0,,0,False,0.461337,False,0,0.885067,0,0,0,0,0,0,0,0,0,0,0,0,0,0,0,0,0,0,0,0,0,0,0,0,0,0,0,0,0,0,0,0,0,0
891f8d44e93ffff,48.1739,11.5398,muenchen,True,0,,0,False,0.461337,False,0,0.885067,0,0,0,0,0,0,0,0,0,0,0,0,0,0,0,0,0,0,0,0,0,0,0,0,0,0,0,0,0,0,0,0,0,0
891f8d44e97ffff,48.1743,11.5445,muenchen,True,0,,0,False,0.461337,False,0,0.885067,0,0,0,0,0,0,0,0,0,0,0,0,1,0,0,0,0,0,0,0,0,0,0,0,0,0,0,0,0,0,0,0,0,0
891f8d44e9bffff,48.1711,11.5377,muenchen,True,687,11.6399,322,False,0.348397,False,322,0.804954,1,0,0,0,0,0,0,0,0,0,0,0,0,0,0,0,0,0,0,0,0,1,0,0,0,0,1,0,0,0,0,0,0,0
891f8d44ea3ffff,48.1698,11.5544,muenchen,True,0,,0,False,0.461337,False,0,0.885067,0,0,0,0,0,0,0,0,0,0,0,0,0,0,1,0,0,0,0,0,0,0,0,0,0,0,0,0,0,0,0,0,0,0
891f8d44ea7ffff,48.1702,11.5591,muenchen,True,502,15.2734,193,False,0.417822,False,297,0.930556,0,0,0,0,0,0,0,0,0,0,0,0,0,0,0,0,0,0,0,0,0,0,0,0,0,0,1,0,0,0,0,0,0,0
891f8d44eabffff,48.167,11.5523,muenchen,True,198,12.4097,91,False,0.391089,False,93,0.760417,0,0,0,0,0,0,0,0,0,0,0,0,0,0,0,0,0,0,0,0,0,0,0,0,0,0,0,0,0,0,0,0,0,0
891f8d44eafffff,48.1674,11.557,muenchen,True,1269,12.4464,255,False,0.370743,False,555,0.793761,0,0,0,0,0,0,0,0,0,0,0,0,0,0,0,0,0,0,0,0,0,0,0,0,0,0,2,0,0,0,0,0,0,0
891f8d44eb3ffff,48.1722,11.5518,muenchen,True,0,,0,False,0.461337,False,0,0.885067,0,0,0,0,0,0,0,0,0,0,0,0,0,0,0,0,0,0,0,0,2,0,0,0,0,0,0,0,0,0,0,0,0,0
891f8d44eb7ffff,48.1726,11.5565,muenchen,True,0,,0,False,0.461337,False,0,0.885067,0,0,0,0,0,0,0,0,0,0,0,0,0,0,0,0,0,0,0,0,0,0,0,0,0,0,0,0,0,0,0,0,0,0
891f8d44ebbffff,48.1695,11.5497,muenchen,True,0,,0,False,0.461337,False,0,0.885067,0,0,0,0,0,0,0,0,0,0,0,0,0,0,0,0,0,0,0,0,0,0,0,0,0,0,2,0,0,0,0,0,0,0
891f8d44ec3ffff,48.1656,11.5334,muenchen,True,1449,11.7222,697,False,0.417021,False,926,0.932314,0,0,0,0,0,0,0,1,0,0,0,0,1,1,0,0,0,0,0,0,0,0,0,0,0,0,0,0,1,0,0,0,0,0
891f8d44ec7ffff,48.166,11.5381,muenchen,True,561,15.497,294,False,0.495622,False,360,0.935933,0,0,0,0,0,0,0,0,0,0,0,0,0,0,0,0,0,0,0,0,0,0,0,0,1,0,2,0,0,0,0,0,0,0
891f8d44ecbffff,48.1628,11.5313,muenchen,True,892,12.8047,268,False,0.369074,False,386,0.888312,0,0,0,0,0,0,0,0,0,1,1,0,1,0,1,0,0,0,0,0,0,0,0,0,1,0,0,0,1,0,0,0,0,0
891f8d44ecfffff,48.1632,11.536,muenchen,True,1021,11.1016,397,False,0.567805,False,668,0.939577,0,0,0,0,0,0,0,0,0,0,0,0,0,0,0,0,0,0,0,0,0,0,0,0,0,0,1,0,0,0,0,0,0,0
891f8d44ed3ffff,48.168,11.5308,muenchen,True,368,10.2378,162,False,0.525199,False,191,0.83,0,0,0,0,0,0,0,0,0,0,0,0,0,1,0,0,0,0,0,0,0,0,0,0,0,0,0,0,0,0,0,0,0,0
891f8d44ed7ffff,48.1684,11.5356,muenchen,True,1132,11.8488,484,False,0.476991,False,527,0.858998,0,0,0,0,0,0,0,0,0,0,0,0,1,0,0,0,0,0,0,0,0,0,0,1,0,0,2,0,2,0,0,0,0,0
891f8d44edbffff,48.1652,11.5287,muenchen,True,748,11.0896,375,False,0.344782,False,455,0.911894,0,0,0,0,0,0,0,0,2,0,1,0,0,1,0,0,0,0,0,0,0,0,0,0,0,0,0,0,2,0,0,0,0,0
891f8d45003ffff,48.1368,11.4318,muenchen,False,477,11.8668,92,False,0.458696,False,207,0.797872,0,0,0,0,0,0,0,0,0,0,0,0,0,0,0,0,0,0,0,0,0,0,0,0,0,0,0,0,0,0,0,0,0,0
891f8d45007ffff,48.1371,11.4365,muenchen,True,115,15.0082,28,False,0.34375,False,55,0.916667,0,0,0,0,0,0,0,0,0,0,0,0,0,0,0,0,0,0,0,0,0,0,0,0,0,0,0,0,0,0,0,0,0,0
891f8d4500bffff,48.134,11.4297,muenchen,False,304,13.1752,31,False,0.350318,False,126,0.793103,0,0,0,0,0,0,0,0,0,0,0,0,0,0,0,0,0,0,0,0,0,0,0,0,0,0,2,0,0,0,0,0,0,0
891f8d4500fffff,48.1344,11.4344,muenchen,False,335,11.9453,53,False,0.301105,False,149,0.789474,0,0,0,0,0,0,0,0,0,0,0,0,0,0,0,0,0,0,0,0,0,0,0,0,0,0,0,0,0,0,0,0,0,0
891f8d45013ffff,48.1392,11.4292,muenchen,True,504,11.8874,196,False,0.51497,False,260,0.898438,0,0,0,0,0,0,0,0,0,0,0,0,0,0,0,0,0,0,0,0,0,0,0,0,0,0,0,0,0,0,0,0,0,0
891f8d45017ffff,48.1396,11.4339,muenchen,True,0,,0,False,0.461337,False,0,0.885067,0,0,0,0,0,0,0,0,0,0,0,0,0,0,0,0,0,0,0,0,0,0,0,0,0,0,0,0,0,0,0,0,0,0
891f8d4501bffff,48.1364,11.4271,muenchen,False,400,14.2183,72,False,0.36,False,181,0.820359,0,0,0,0,0,0,0,0,0,0,0,0,0,1,0,0,0,0,0,0,0,0,0,0,0,0,1,0,0,0,0,0,0,0
891f8d45023ffff,48.1351,11.4438,muenchen,True,321,14.2824,79,False,0.361905,False,167,0.794118,0,0,0,0,0,0,0,0,0,0,0,0,0,0,0,0,0,0,0,0,0,0,0,0,0,0,0,0,0,0,0,0,0,0
891f8d45027ffff,48.1355,11.4485,muenchen,True,373,14.1767,100,False,0.37234,False,177,0.86413,0,0,0,0,0,0,0,0,0,0,0,0,0,0,0,0,0,0,0,0,0,0,0,0,0,0,0,0,0,0,0,0,0,0
891f8d4502bffff,48.1323,11.4417,muenchen,False,130,11.9357,7,False,0.273438,False,45,0.909091,0,0,0,0,0,0,0,0,0,0,0,0,0,0,0,0,0,0,0,0,0,0,0,0,0,0,0,0,0,0,0,0,0,0
891f8d4502fffff,48.1327,11.4464,muenchen,False,0,,0,False,0.461337,False,0,0.885067,0,0,0,0,0,0,0,0,0,0,0,0,0,0,0,0,0,0,0,0,0,0,0,0,0,0,0,0,0,0,0,0,0,0
891f8d45033ffff,48.1375,11.4412,muenchen,True,537,15.2859,125,False,0.391221,False,236,0.827434,0,0,0,0,0,0,0,0,1,0,0,0,0,0,0,0,0,0,0,0,0,0,0,0,0,0,2,0,0,0,0,0,0,0
891f8d45037ffff,48.1379,11.4459,muenchen,True,481,14.5446,127,False,0.445833,False,241,0.901345,0,0,0,0,0,0,0,0,0,0,1,0,0,0,0,0,0,0,0,0,0,0,0,0,0,0,0,0,0,0,0,0,0,0
891f8d4503bffff,48.1347,11.4391,muenchen,False,131,9.32,3,False,0.302326,False,50,0.774194,0,0,0,0,0,0,0,0,0,0,0,0,0,0,0,0,0,0,0,0,0,0,0,0,0,0,2,0,0,0,0,0,0,0
891f8d45043ffff,48.1309,11.4229,muenchen,False,0,,0,False,0.461337,False,0,0.885067,0,0,0,0,0,0,0,0,0,0,0,0,0,0,0,0,0,0,0,0,0,0,0,0,0,0,0,0,0,0,0,0,0,0
891f8d45047ffff,48.1312,11.4276,muenchen,False,195,14.59,17,False,0.323383,False,69,0.60274,0,0,0,0,0,0,0,0,0,0,0,0,0,0,0,0,0,0,0,0,0,0,0,0,0,0,0,0,0,0,0,0,0,0
891f8d4504bffff,48.1281,11.4207,muenchen,False,0,,0,False,0.461337,False,0,0.885067,0,0,0,0,0,0,0,0,0,0,0,0,0,0,0,0,0,0,0,0,0,0,0,0,0,0,0,0,0,0,0,0,0,0
891f8d4504fffff,48.1284,11.4255,muenchen,False,62,14.26,3,False,0.19697,False,23,0.789474,0,0,0,0,0,0,0,0,0,0,0,0,0,0,0,0,0,0,0,0,0,0,0,0,0,0,1,0,0,0,0,0,0,0
891f8d45053ffff,48.1333,11.4203,muenchen,True,0,,0,False,0.461337,False,0,0.885067,0,0,0,0,0,0,0,0,0,0,0,0,0,0,0,0,0,0,0,0,0,0,0,0,0,0,0,0,0,0,0,0,0,0
891f8d45057ffff,48.1336,11.425,muenchen,False,245,12.6041,34,False,0.364807,False,104,0.768421,0,0,0,0,0,0,0,0,0,0,0,0,0,0,0,0,0,0,0,0,0,0,0,0,0,0,0,0,0,0,0,0,0,0
891f8d4505bffff,48.1305,11.4182,muenchen,True,0,,0,False,0.461337,False,0,0.885067,0,0,0,0,0,0,0,0,0,0,0,0,0,0,0,0,0,0,0,0,0,0,0,0,0,0,0,0,0,0,0,0,0,0
891f8d45063ffff,48.1292,11.4349,muenchen,False,305,10.6567,43,False,0.264706,False,105,0.811111,0,0,0,0,0,0,0,0,0,0,0,0,0,1,0,0,0,0,0,0,0,0,0,0,0,0,1,0,0,0,0,0,0,0
891f8d45067ffff,48.1295,11.4396,muenchen,False,223,14.5974,34,False,0.334802,False,91,0.836957,0,0,0,0,0,0,0,0,0,0,0,0,0,0,0,0,0,0,0,0,0,0,0,0,0,0,0,0,0,0,0,0,0,0
891f8d4506bffff,48.1264,11.4328,muenchen,False,3,6.4,3,False,0.461337,True,3,1,0,0,0,0,0,0,0,0,0,0,0,0,0,0,0,0,0,0,0,0,0,0,0,0,0,0,0,0,0,0,0,0,0,0
891f8d4506fffff,48.1268,11.4375,muenchen,False,189,11.0129,49,False,0.360465,False,86,0.87931,0,0,0,0,0,0,0,0,0,0,0,0,0,0,0,0,0,0,0,0,0,0,0,0,0,0,2,0,0,0,0,0,0,0
891f8d45073ffff,48.1316,11.4323,muenchen,False,235,12.8186,36,False,0.275229,False,95,0.784091,0,0,0,0,0,0,0,0,0,1,1,0,0,0,0,0,0,0,0,0,0,0,0,0,0,0,2,0,0,0,0,0,0,0
891f8d45077ffff,48.132,11.437,muenchen,False,227,13.8237,24,False,0.276995,False,94,0.839506,0,0,0,0,0,0,0,0,0,0,0,0,0,0,0,0,0,0,0,0,0,0,0,0,0,0,0,0,0,0,0,0,0,0
891f8d4507bffff,48.1288,11.4302,muenchen,False,284,13.5908,61,False,0.330769,False,129,0.882353,0,0,0,0,0,0,0,1,0,0,0,0,0,1,0,0,0,0,0,0,0,0,0,0,0,1,3,0,0,0,0,0,0,0
891f8d45083ffff,48.1444,11.4287,muenchen,True,232,13.4108,59,False,0.346939,False,112,0.87963,0,0,0,0,0,0,0,0,0,0,0,0,0,0,0,0,0,0,0,0,0,0,0,0,0,0,0,0,0,0,0,0,0,0
891f8d45087ffff,48.1448,11.4334,muenchen,True,733,10.7213,238,False,0.457931,False,302,0.861953,0,0,0,0,0,0,0,0,0,0,0,0,0,1,0,0,0,1,0,0,0,0,0,0,0,0,2,0,0,0,0,0,0,0
891f8d4508bffff,48.1416,11.4266,muenchen,True,125,6.35957,92,False,0.767241,False,106,0.972727,0,0,0,0,0,0,0,0,0,0,0,0,0,0,0,0,0,0,0,0,0,0,0,1,0,0,1,0,1,0,0,0,0,0
891f8d4508fffff,48.142,11.4313,muenchen,True,0,,0,False,0.461337,False,0,0.885067,0,0,0,0,0,0,0,0,0,0,0,0,0,0,0,0,0,0,0,0,0,0,0,0,0,0,0,0,0,0,0,0,0,0
891f8d45093ffff,48.1468,11.4261,muenchen,True,621,10.0779,199,False,0.381102,False,273,0.816901,0,0,0,0,0,0,0,0,0,0,0,0,0,0,0,0,0,0,0,0,0,0,0,0,0,0,0,0,0,0,0,0,0,0
891f8d45097ffff,48.1472,11.4308,muenchen,True,414,12.7645,78,False,0.365617,False,188,0.805405,0,0,0,0,0,0,0,0,0,0,0,0,0,0,0,0,0,0,0,0,0,0,0,0,0,0,0,0,0,0,0,0,0,0
891f8d4509bffff,48.144,11.424,muenchen,True,490,12.8246,81,False,0.443038,False,215,0.767196,0,0,0,0,0,1,0,0,0,0,0,0,0,3,1,0,0,0,1,0,0,0,0,0,0,0,4,0,1,0,0,0,0,0
891f8d450a3ffff,48.1427,11.4407,muenchen,True,359,13.0286,50,False,0.357746,False,145,0.647059,0,0,0,0,0,0,0,0,0,0,0,0,0,0,0,0,0,0,0,0,0,0,0,0,0,0,0,0,0,0,0,0,0,0
891f8d450a7ffff,48.1431,11.4454,muenchen,True,617,14.8469,157,False,0.335537,False,300,0.845878,0,0,0,0,0,0,0,0,0,0,0,0,0,0,0,0,0,0,0,0,0,0,0,0,0,0,0,0,0,0,0,0,0,0
891f8d450abffff,48.1399,11.4386,muenchen,True,292,14.5229,70,False,0.368243,False,128,0.745902,0,0,0,0,0,0,0,0,0,0,0,0,0,0,0,0,0,0,0,0,0,0,0,0,0,0,0,0,0,0,0,0,0,0
891f8d450afffff,48.1403,11.4433,muenchen,True,542,14.6689,97,False,0.341912,False,237,0.823009,0,0,0,0,0,0,0,0,0,0,0,0,0,0,0,0,0,0,0,0,0,0,0,0,0,0,0,0,0,0,0,0,0,0
891f8d450b3ffff,48.1451,11.4381,muenchen,True,701,10.8899,214,False,0.479606,False,280,0.794326,0,0,0,0,0,0,0,0,0,0,0,0,0,0,0,0,0,0,0,0,0,0,0,0,0,0,0,0,1,0,0,0,0,0
891f8d450b7ffff,48.1455,11.4428,muenchen,True,547,16.0391,172,False,0.460803,False,268,0.88015,0,0,0,0,0,0,0,0,0,0,0,0,0,0,0,0,0,0,0,0,0,0,0,0,0,0,0,0,1,0,0,0,0,0
891f8d450bbffff,48.1423,11.436,muenchen,True,0,,0,False,0.461337,False,0,0.885067,0,0,0,0,0,0,0,0,0,0,0,0,0,0,0,0,0,0,0,0,0,0,0,0,0,0,0,0,0,0,0,0,0,0
891f8d450c3ffff,48.1385,11.4198,muenchen,True,333,16.5037,100,False,0.600601,False,153,0.819876,0,0,0,0,0,0,0,0,0,0,0,0,0,0,0,0,0,0,0,0,0,0,0,0,0,0,0,0,0,0,0,0,0,0
891f8d450c7ffff,48.1388,11.4245,muenchen,True,534,12.8238,112,False,0.438462,False,239,0.874477,0,0,0,0,0,0,0,0,0,0,0,0,0,0,0,0,0,0,0,0,0,0,0,0,0,0,1,0,0,0,0,0,0,0
891f8d450cbffff,48.1357,11.4177,muenchen,True,0,,0,False,0.461337,False,0,0.885067,0,0,0,0,0,0,0,0,0,0,0,0,0,0,0,0,0,0,0,0,0,0,0,0,0,0,0,0,0,0,0,0,0,0
891f8d450cfffff,48.136,11.4224,muenchen,True,120,13.1623,26,False,0.366667,False,55,0.884615,0,0,0,0,0,0,0,0,0,0,0,0,0,0,0,0,0,0,0,0,0,0,0,0,0,0,0,0,0,0,0,0,0,0
891f8d450d3ffff,48.1409,11.4172,muenchen,True,735,12.9027,241,False,0.53966,False,311,0.746795,0,0,0,0,0,0,0,1,0,0,0,0,0,1,0,0,0,0,0,1,0,0,0,0,0,0,0,0,0,0,0,0,0,0
891f8d450d7ffff,48.1412,11.4219,muenchen,True,904,13.1372,253,False,0.50558,False,361,0.792135,0,0,0,0,0,0,0,2,0,0,0,0,1,0,0,0,0,0,0,0,0,0,0,0,0,1,0,0,1,0,0,0,0,0
891f8d450dbffff,48.1381,11.4151,muenchen,True,0,,0,False,0.461337,False,0,0.885067,0,0,0,0,0,0,0,0,0,0,0,0,0,0,0,0,0,0,0,0,0,0,0,0,0,0,0,0,0,0,0,0,0,0
891f8d45103ffff,48.1394,11.4647,muenchen,True,601,13.3399,178,False,0.379254,False,306,0.877419,0,0,0,0,0,0,0,0,0,0,0,0,0,0,0,0,0,0,0,0,0,0,0,0,0,0,0,0,0,0,0,0,0,0
891f8d45107ffff,48.1397,11.4694,muenchen,True,222,12.9247,90,False,0.334884,False,130,0.91129,0,0,0,0,0,0,0,0,0,0,0,0,0,1,0,0,0,0,0,0,0,0,0,0,0,0,2,0,0,0,0,0,0,0
891f8d4510bffff,48.1366,11.4626,muenchen,True,306,12.6721,19,False,0.364261,False,137,0.736434,0,0,0,0,0,0,0,0,1,0,0,0,0,1,1,0,0,0,0,0,0,0,0,0,0,0,2,0,0,0,0,0,0,0
891f8d4510fffff,48.1369,11.4673,muenchen,True,81,12.44,10,False,0.307692,False,33,0.863636,0,0,0,0,0,0,0,0,0,0,0,0,0,0,0,0,0,0,0,0,0,0,0,0,0,0,0,0,0,0,0,0,0,0
891f8d45113ffff,48.1418,11.4621,muenchen,True,795,11.6856,289,False,0.461935,False,399,0.85679,0,0,0,0,0,0,0,0,0,0,1,0,0,1,0,0,0,0,0,0,0,0,0,0,0,0,1,0,1,0,0,0,0,0
891f8d45117ffff,48.1421,11.4668,muenchen,True,1253,9.46866,582,False,0.393963,False,701,0.89078,0,0,0,0,0,0,0,0,0,0,0,0,0,0,0,0,0,0,0,0,0,0,0,0,0,0,0,0,0,0,0,0,0,0
891f8d4511bffff,48.139,11.46,muenchen,True,354,12.9508,103,False,0.32716,False,207,0.918367,0,0,0,0,0,0,0,0,0,0,0,0,0,0,0,0,0,0,0,0,0,0,0,0,0,0,0,0,0,0,0,0,0,0
891f8d45123ffff,48.1377,11.4767,muenchen,True,0,,0,False,0.461337,False,0,0.885067,0,0,0,0,0,0,0,0,0,0,0,0,0,1,0,0,0,0,0,0,0,0,0,0,0,0,0,0,0,0,0,0,0,0
891f8d45127ffff,48.138,11.4814,muenchen,True,1391,6.47423,781,False,0.256168,False,863,0.914318,0,0,0,0,0,0,0,0,0,0,0,0,0,0,0,0,0,0,0,0,0,0,0,0,0,0,2,0,2,0,0,0,0,0
891f8d4512bffff,48.1349,11.4746,muenchen,True,0,,0,False,0.461337,False,0,0.885067,0,0,0,0,0,0,0,0,0,0,0,0,0,0,0,0,0,0,0,0,0,0,0,0,0,0,0,0,0,0,0,0,0,0
891f8d4512fffff,48.1353,11.4793,muenchen,True,3,10.8307,0,True,0.461337,True,0,0.885067,0,0,0,0,0,0,0,0,0,0,0,0,0,0,0,0,0,0,0,0,0,0,0,0,0,0,0,0,0,0,0,0,0,0
891f8d45133ffff,48.1401,11.4741,muenchen,True,0,,0,False,0.461337,False,0,0.885067,0,0,0,0,0,0,0,0,0,0,0,0,0,0,0,0,0,0,0,0,0,0,0,0,0,0,0,0,0,0,0,0,0,0
891f8d45137ffff,48.1404,11.4788,muenchen,True,141,7.556,60,False,0.302158,False,76,0.884615,0,0,0,0,0,0,0,0,0,0,0,0,0,1,0,0,0,0,0,0,0,0,0,0,0,0,0,0,0,0,0,0,0,0
891f8d4513bffff,48.1373,11.472,muenchen,True,0,,0,False,0.461337,False,0,0.885067,0,0,0,0,0,0,0,0,0,0,0,0,0,0,0,0,0,0,1,0,0,0,0,0,0,0,0,0,0,0,0,0,0,0
891f8d45143ffff,48.1334,11.4558,muenchen,True,699,13.5108,132,False,0.393983,False,288,0.862543,0,0,0,0,0,0,0,0,0,0,0,0,0,0,0,0,0,0,0,0,0,0,0,0,0,0,0,0,1,0,0,0,0,0
891f8d45147ffff,48.1338,11.4605,muenchen,True,545,10.3427,207,False,0.38961,False,277,0.853147,0,0,0,0,0,0,0,0,0,0,0,0,0,0,0,0,0,0,0,0,0,0,0,0,0,0,0,0,0,0,0,0,0,0
891f8d4514bffff,48.1306,11.4537,muenchen,False,43,10.44,4,False,0.333333,False,18,0.714286,0,0,0,0,0,0,0,0,0,0,0,0,0,0,0,0,0,0,0,0,0,0,0,0,0,0,0,0,0,0,0,0,0,0
891f8d4514fffff,48.131,11.4584,muenchen,False,16,14.24,9,False,0.4,False,9,0.885067,0,0,0,0,0,0,0,0,0,0,0,0,0,0,0,0,0,0,0,0,0,0,0,0,0,0,0,0,0,0,0,0,0,0
891f8d45153ffff,48.1358,11.4532,muenchen,True,1184,12.6624,390,False,0.481544,False,602,0.871667,0,0,0,0,0,0,0,0,0,0,1,0,0,0,0,0,0,1,0,1,0,0,0,0,0,0,1,0,3,0,0,0,0,0
891f8d45157ffff,48.1362,11.4579,muenchen,True,794,13.5671,297,False,0.434509,False,469,0.95614,0,0,0,0,0,0,0,0,0,0,0,0,0,0,0,0,0,0,1,0,0,0,0,0,0,0,0,0,1,0,0,0,0,0
891f8d4515bffff,48.1331,11.4511,muenchen,False,214,13.548,35,False,0.407407,False,48,0.714286,0,0,0,0,0,0,0,0,0,0,0,0,0,0,0,0,0,0,0,0,0,0,0,1,0,0,0,0,0,0,0,0,0,0
891f8d45163ffff,48.1317,11.4678,muenchen,True,84,11.064,25,False,0.481013,False,43,0.840909,0,0,0,0,0,0,0,0,0,0,0,0,0,0,0,0,0,0,0,0,0,0,0,0,0,0,2,0,0,0,0,0,0,0
891f8d45167ffff,48.1321,11.4725,muenchen,True,5,11.1032,0,True,0,False,0,0.885067,0,0,0,0,0,0,0,0,0,0,0,0,0,0,0,0,0,0,0,0,0,0,0,0,0,0,0,0,0,0,0,0,0,0
891f8d4516bffff,48.129,11.4657,muenchen,True,9,7.11,3,False,0.461337,True,5,0.571429,0,0,0,0,0,0,0,0,0,0,0,0,0,0,0,0,0,0,0,0,0,0,0,0,0,0,0,0,0,0,0,0,0,0
891f8d4516fffff,48.1293,11.4704,muenchen,True,459,12.6354,139,False,0.34632,False,215,0.817734,0,0,0,0,0,0,0,0,0,0,0,0,0,0,0,0,0,0,0,0,0,0,0,0,0,0,1,0,0,0,0,0,0,0
891f8d45173ffff,48.1342,11.4652,muenchen,True,15,12.35,3,False,0.461538,False,6,0.885067,0,0,0,0,0,0,0,0,1,0,0,0,0,0,0,0,0,0,0,0,0,0,0,0,0,0,0,0,0,0,0,0,0,0
891f8d45177ffff,48.1345,11.4699,muenchen,True,0,,0,False,0.461337,False,0,0.885067,0,0,0,0,0,0,0,0,0,0,0,0,0,0,0,0,0,0,0,0,0,0,0,0,0,0,0,0,0,0,0,0,0,0
891f8d4517bffff,48.1314,11.4631,muenchen,True,9,11.8933,0,True,0,False,3,0.885067,0,0,0,0,0,0,0,0,0,0,0,0,0,0,0,0,0,0,0,0,0,0,0,0,0,0,0,0,0,0,0,0,0,0
891f8d45183ffff,48.147,11.4616,muenchen,True,959,14.0204,458,False,0.565859,False,558,0.916814,1,1,0,1,1,0,0,5,3,2,6,1,3,6,5,0,0,8,0,0,1,0,0,1,2,0,2,1,8,2,3,0,0,1
891f8d45187ffff,48.1473,11.4664,muenchen,True,1024,11.7379,383,False,0.457115,False,473,0.803922,0,0,0,1,0,1,0,1,0,1,1,0,4,4,0,0,1,4,0,0,0,1,0,1,1,0,3,0,1,0,1,0,0,0
891f8d4518bffff,48.1442,11.4595,muenchen,True,1194,12.4242,603,False,0.531987,False,691,0.92052,0,1,0,0,0,0,0,0,0,0,1,0,1,5,0,0,0,1,1,0,0,0,0,1,0,0,2,0,5,0,0,0,0,0
891f8d4518fffff,48.1445,11.4642,muenchen,True,732,10.8701,376,False,0.438525,False,449,0.921569,0,0,0,0,0,0,0,0,0,0,0,0,0,0,0,0,1,1,0,0,0,0,0,1,0,0,0,0,0,0,0,0,0,0
891f8d45193ffff,48.1494,11.4591,muenchen,True,614,11.7344,230,False,0.570946,False,294,0.933555,0,0,0,1,0,0,0,1,1,1,3,0,1,8,0,0,0,4,1,1,0,0,0,0,1,0,9,0,2,0,0,0,0,0
891f8d45197ffff,48.1497,11.4638,muenchen,True,618,13.6994,205,False,0.567213,False,298,0.889273,0,0,0,2,0,0,0,0,0,0,2,0,1,2,0,2,1,8,0,1,0,0,0,0,0,1,4,0,3,0,0,0,0,0
891f8d4519bffff,48.1466,11.4569,muenchen,True,945,13.9304,312,False,0.510474,False,461,0.876652,0,0,0,0,0,0,0,1,0,0,2,0,0,3,2,0,0,0,0,2,0,0,0,2,0,0,1,0,7,0,0,0,0,1
891f8d451a3ffff,48.1453,11.4737,muenchen,True,1335,12.8453,522,False,0.597579,False,945,0.95625,0,0,0,0,0,0,0,0,0,0,0,0,0,3,1,0,0,0,0,0,0,0,0,0,0,0,0,0,1,0,0,0,0,0
891f8d451a7ffff,48.1456,11.4784,muenchen,True,703,16.1562,258,False,0.453102,False,317,0.934783,0,0,0,0,0,0,0,1,0,0,0,0,0,0,0,0,0,0,0,0,0,0,0,0,0,0,0,0,0,0,0,0,0,0
891f8d451abffff,48.1425,11.4715,muenchen,True,463,9.33046,175,False,0.361842,False,246,0.896414,0,0,0,0,0,0,0,0,0,0,0,0,0,0,0,0,0,0,0,0,0,0,0,0,0,0,2,0,0,0,0,0,0,0
891f8d451afffff,48.1429,11.4763,muenchen,True,536,13.5594,141,False,0.424632,False,245,0.84739,0,0,0,0,0,0,0,0,0,0,1,0,0,0,0,0,0,0,0,0,0,0,0,0,1,0,0,0,1,0,0,0,0,0
891f8d451b3ffff,48.1477,11.4711,muenchen,True,867,11.8781,309,False,0.492571,False,375,0.754011,0,0,0,0,0,0,0,0,0,0,0,0,0,0,0,0,0,0,0,0,0,0,0,0,0,0,0,0,1,0,0,0,0,0
891f8d451b7ffff,48.1481,11.4758,muenchen,True,216,14.4938,87,False,0.768182,False,112,0.942857,0,0,0,0,0,0,0,0,0,0,0,0,0,0,0,0,0,0,0,0,0,0,0,0,0,0,0,1,0,0,0,0,0,0
891f8d451bbffff,48.1449,11.469,muenchen,True,572,13.2142,221,False,0.52014,False,300,0.842809,0,0,0,0,0,0,0,0,1,1,0,0,1,0,1,0,0,0,0,0,0,0,0,0,1,0,2,0,4,0,0,0,0,0
891f8d451c3ffff,48.141,11.4527,muenchen,True,59,13.26,12,False,0.320755,False,18,0.5,0,0,0,0,0,0,0,0,0,0,0,0,1,0,0,0,0,0,0,0,0,0,0,0,0,0,0,4,0,0,0,0,0,0
891f8d451c7ffff,48.1414,11.4574,muenchen,True,1077,13.5926,543,False,0.48186,False,642,0.907012,0,0,0,0,0,0,0,1,0,0,0,0,0,0,0,0,0,0,1,0,0,0,0,0,0,0,4,0,0,0,0,0,0,0
891f8d451cbffff,48.1383,11.4506,muenchen,True,449,14.0213,90,False,0.298405,False,209,0.834081,0,0,0,0,0,0,0,0,0,0,0,0,0,0,0,0,0,0,0,0,0,0,0,0,0,0,0,0,0,0,0,0,0,0
891f8d451cfffff,48.1386,11.4553,muenchen,True,879,12.9376,372,False,0.433832,False,510,0.896686,0,0,0,0,0,0,0,0,0,0,0,0,0,0,0,0,0,0,0,0,0,0,0,0,0,0,2,0,2,0,0,0,0,0
891f8d451d3ffff,48.1434,11.4501,muenchen,True,633,13.7552,164,False,0.483092,False,258,0.862069,0,0,0,0,0,0,0,0,0,0,0,0,0,1,0,0,0,0,0,0,0,0,0,0,0,0,1,0,0,0,0,0,0,0
891f8d451d7ffff,48.1438,11.4548,muenchen,True,445,16.131,224,False,0.5902,False,288,0.901024,0,0,0,0,0,0,0,0,0,0,0,0,0,0,0,0,0,0,0,0,0,0,0,0,0,0,0,0,0,0,0,0,0,0
891f8d451dbffff,48.1407,11.448,muenchen,True,414,13.523,100,False,0.420091,False,199,0.808824,0,0,0,0,0,0,0,0,0,0,0,0,0,1,0,0,0,0,0,0,0,0,0,0,0,0,4,0,0,0,0,0,0,0
891f8d45203ffff,48.1173,11.417,muenchen,False,216,12.71,13,False,0.314554,False,81,0.711864,0,0,0,0,0,0,0,0,0,0,0,0,0,0,0,0,0,0,0,0,0,0,0,0,0,0,1,0,0,0,0,0,0,0
891f8d45207ffff,48.1177,11.4217,muenchen,False,211,14.3156,25,False,0.335025,False,74,0.8,0,0,0,0,0,0,0,0,0,0,0,0,0,0,0,0,0,0,0,0,0,0,0,0,0,0,2,0,2,0,0,0,0,0
891f8d4520bffff,48.1145,11.4149,muenchen,False,171,12.661,21,False,0.211957,False,70,0.648649,0,0,0,0,0,0,0,0,0,0,0,0,0,0,0,0,0,0,0,0,0,0,0,0,0,0,1,0,0,0,0,0,0,0
891f8d4520fffff,48.1149,11.4196,muenchen,False,251,13.8471,21,False,0.379913,False,91,0.698795,0,0,0,0,0,0,0,0,0,0,0,0,0,0,0,0,0,0,0,0,0,0,0,0,0,0,0,0,0,0,0,0,0,0
891f8d45213ffff,48.1197,11.4144,muenchen,False,43,13.7281,0,True,0.205128,False,10,0.885067,0,0,0,0,0,0,0,0,0,0,0,0,0,1,1,0,0,0,0,0,0,0,0,0,0,0,0,0,0,0,0,0,0,0
891f8d45217ffff,48.1201,11.4191,muenchen,False,274,15.4804,45,False,0.288889,False,105,0.669903,0,0,0,0,0,0,0,0,0,0,0,0,0,1,0,0,0,0,0,1,0,0,0,0,0,0,0,0,0,0,0,0,0,0
891f8d4521bffff,48.117,11.4123,muenchen,False,45,16.375,12,False,0.245614,False,22,0.777778,0,0,0,0,0,0,0,0,0,0,0,0,0,0,0,0,0,0,0,0,0,0,0,0,0,0,0,0,0,0,0,0,0,0
891f8d45233ffff,48.1181,11.4264,muenchen,False,240,13.435,28,False,0.267241,False,101,0.810526,0,0,0,0,1,0,0,0,0,0,0,0,0,1,0,1,0,1,0,0,0,0,0,0,0,0,1,0,1,0,0,0,0,0
891f8d45253ffff,48.1138,11.4055,muenchen,False,0,,0,False,0.461337,False,0,0.885067,0,0,0,0,0,0,0,0,0,0,0,0,0,0,0,0,0,0,0,0,0,0,0,0,0,0,0,0,0,0,0,0,0,0
891f8d45257ffff,48.1142,11.4102,muenchen,False,0,,0,False,0.461337,False,0,0.885067,0,0,0,0,0,0,0,0,0,0,0,0,0,0,0,0,0,0,0,0,0,0,0,0,0,0,0,0,0,0,0,0,0,0
891f8d45283ffff,48.1249,11.4139,muenchen,False,0,,0,False,0.461337,False,0,0.885067,0,0,0,0,0,0,0,0,0,0,0,0,0,0,0,0,0,0,0,0,0,0,0,0,0,0,0,0,0,0,0,0,0,0
891f8d45287ffff,48.1253,11.4186,muenchen,False,76,10.81,6,False,0.405797,False,26,0.8,0,0,0,0,0,0,0,0,0,0,0,0,0,0,0,0,0,0,0,0,0,0,0,0,0,0,0,0,0,0,0,0,0,0
891f8d4528bffff,48.1221,11.4118,muenchen,False,0,,0,False,0.461337,False,0,0.885067,0,0,0,0,0,0,0,0,0,0,0,0,0,0,0,0,0,0,0,0,0,0,0,0,0,0,0,0,0,0,0,0,0,0
891f8d4528fffff,48.1225,11.4165,muenchen,False,43,12.68,8,False,0.319149,False,14,0.885067,0,0,0,0,0,0,0,0,0,0,0,0,0,0,0,0,0,0,0,0,0,0,0,0,0,0,0,0,0,0,0,0,0,0
891f8d45293ffff,48.1273,11.4113,muenchen,True,0,,0,False,0.461337,False,0,0.885067,0,0,0,0,0,0,0,0,0,0,0,0,0,0,0,0,0,0,0,0,0,0,0,0,0,0,0,0,0,0,0,0,0,0
891f8d45297ffff,48.1277,11.416,muenchen,False,0,,0,False,0.461337,False,0,0.885067,0,0,0,0,0,0,0,0,0,0,0,0,0,0,0,0,0,0,0,0,0,0,0,0,0,0,0,0,0,0,0,0,0,0
891f8d4529bffff,48.1246,11.4092,muenchen,False,0,,0,False,0.461337,False,0,0.885067,0,0,0,0,0,0,0,0,0,0,0,0,0,0,0,0,0,0,0,0,0,0,0,0,0,0,0,0,0,0,0,0,0,0
891f8d452a3ffff,48.1233,11.4259,muenchen,False,161,15.3755,22,False,0.27027,False,71,0.80597,0,0,0,0,0,0,0,0,0,0,0,0,0,1,0,0,0,0,0,0,0,0,0,0,0,0,0,0,1,0,0,0,0,0
891f8d452a7ffff,48.1236,11.4306,muenchen,False,227,11.5412,41,False,0.317536,False,104,0.755102,0,0,0,0,0,0,0,0,0,0,0,0,0,0,0,0,0,0,0,0,0,0,0,0,0,0,0,0,0,0,0,0,0,0
891f8d452abffff,48.1205,11.4238,muenchen,False,214,10.5539,18,False,0.248927,False,78,0.727273,0,0,0,0,0,0,0,0,0,0,0,0,0,0,0,0,0,0,0,0,0,0,0,0,0,1,1,0,1,0,0,0,0,0
891f8d452afffff,48.1208,11.4285,muenchen,False,281,9.92783,46,False,0.268775,False,123,0.739583,0,0,0,0,0,0,0,1,1,0,1,0,1,1,0,1,1,0,0,0,1,1,0,0,0,0,1,0,1,0,0,0,0,0
891f8d452b3ffff,48.1257,11.4233,muenchen,False,174,12.1152,23,False,0.302469,False,79,0.830986,0,0,0,0,0,0,0,0,0,0,0,0,0,0,0,0,0,0,0,0,0,0,0,0,0,0,0,0,0,0,0,0,0,0
891f8d452b7ffff,48.126,11.428,muenchen,False,96,11.4919,0,True,0.254717,False,35,0.586207,0,0,0,0,0,0,0,0,0,0,0,0,0,0,0,0,0,0,0,0,0,0,0,0,0,0,0,0,0,0,0,0,0,0
891f8d452bbffff,48.1229,11.4212,muenchen,False,231,13.3132,22,False,0.317391,False,88,0.8125,0,0,0,0,0,0,0,0,0,0,0,0,0,0,0,0,0,0,0,0,0,0,0,0,0,0,1,0,0,0,0,0,0,0
891f8d452c3ffff,48.119,11.405,muenchen,False,0,,0,False,0.461337,False,0,0.885067,0,0,0,0,0,0,0,0,0,0,0,0,0,0,0,0,0,0,0,0,0,0,0,0,0,0,0,0,0,0,0,0,0,0
891f8d452c7ffff,48.1194,11.4097,muenchen,False,0,,0,False,0.461337,False,0,0.885067,0,0,0,0,0,0,0,0,0,0,0,0,0,0,0,0,0,0,0,0,0,0,0,0,0,0,0,0,0,0,0,0,0,0
891f8d452cbffff,48.1162,11.4029,muenchen,False,0,,0,False,0.461337,False,0,0.885067,0,0,0,0,0,0,0,0,0,0,0,0,0,0,0,0,0,0,0,0,0,0,0,0,0,0,0,0,0,0,0,0,0,0
891f8d452cfffff,48.1166,11.4076,muenchen,False,0,,0,False,0.461337,False,0,0.885067,0,0,0,0,0,0,0,0,0,0,0,0,0,0,0,0,0,0,0,0,0,0,0,0,0,0,0,0,0,0,0,0,0,0
891f8d452d3ffff,48.1214,11.4024,muenchen,False,0,,0,False,0.461337,False,0,0.885067,0,0,0,0,0,0,0,0,0,0,0,0,0,0,0,0,0,0,0,0,0,0,0,0,0,0,0,0,0,0,0,0,0,0
891f8d452d7ffff,48.1218,11.4071,muenchen,False,0,,0,False,0.461337,False,0,0.885067,0,0,0,0,0,0,0,0,0,0,0,0,0,0,0,0,0,0,0,0,0,0,0,0,0,0,0,0,0,0,0,0,0,0
891f8d452dbffff,48.1186,11.4003,muenchen,False,0,,0,False,0.461337,False,0,0.885067,0,0,0,0,0,0,0,0,0,0,0,0,0,0,0,0,0,0,0,0,0,0,0,0,0,0,0,0,0,0,0,0,0,0
891f8d45303ffff,48.1199,11.4499,muenchen,False,21,8.6,3,False,0.277778,False,6,1,0,0,0,0,0,0,0,0,0,0,0,0,0,0,0,0,0,0,0,0,0,0,0,1,0,0,3,0,3,0,0,0,0,0
891f8d45307ffff,48.1203,11.4547,muenchen,False,0,,0,False,0.461337,False,0,0.885067,0,0,0,0,0,0,0,0,0,0,0,0,0,0,0,0,0,0,0,0,0,0,0,0,0,0,0,0,0,0,0,0,0,0
891f8d4530bffff,48.1171,11.4478,muenchen,False,15,8.63571,0,True,0.5,False,6,0.885067,0,0,0,0,0,0,0,0,0,0,0,0,0,0,0,0,0,0,0,0,0,0,0,0,0,0,0,0,0,0,0,0,0,0
891f8d4530fffff,48.1175,11.4525,muenchen,False,122,6.86856,0,True,0.561983,False,0,0.885067,0,0,0,0,0,0,0,0,0,0,0,0,0,0,0,0,0,0,0,0,0,0,0,0,0,0,0,0,0,0,0,0,0,0
891f8d45313ffff,48.1223,11.4474,muenchen,False,26,12.12,4,False,0.230769,False,18,1,0,0,0,0,0,0,0,0,0,0,0,0,0,1,0,0,0,0,0,0,0,0,0,0,0,0,0,1,2,0,0,0,0,0
891f8d45317ffff,48.1227,11.4521,muenchen,False,3,9.52498,0,True,0.461337,True,3,1,0,0,0,0,0,0,0,0,0,0,0,0,0,0,0,0,0,0,0,0,0,0,0,0,0,0,2,0,8,0,0,0,0,0
891f8d4531bffff,48.1195,11.4452,muenchen,False,5,10.1914,0,True,0.461337,True,3,1,0,0,0,0,0,0,0,0,0,0,0,0,1,0,0,0,0,0,0,0,0,0,0,0,0,0,2,0,0,0,0,0,0,0
891f8d45323ffff,48.1182,11.462,muenchen,False,0,,0,False,0.461337,False,0,0.885067,0,0,0,0,0,0,0,0,0,0,0,0,0,0,0,0,0,0,0,0,0,0,0,0,0,0,0,0,0,0,0,0,0,0
891f8d45327ffff,48.1186,11.4667,muenchen,True,347,7.82319,138,False,0.450581,False,166,0.855422,0,0,0,0,0,0,0,0,0,0,0,0,0,0,0,0,0,0,0,0,0,0,0,0,0,0,0,0,0,0,0,0,0,0
891f8d4532bffff,48.1154,11.4598,muenchen,False,0,,0,False,0.461337,False,0,0.885067,0,0,0,0,0,0,0,0,0,0,0,0,0,0,0,0,0,0,0,0,0,0,0,0,0,0,0,0,0,0,0,0,0,0
891f8d4532fffff,48.1158,11.4645,muenchen,False,60,17.385,6,False,0.322581,False,22,0.631579,0,0,0,0,0,0,0,0,0,0,0,0,0,0,0,0,0,0,0,0,0,0,0,0,0,0,0,0,0,0,0,0,0,0
891f8d45333ffff,48.1206,11.4594,muenchen,False,0,,0,False,0.461337,False,0,0.885067,0,0,0,0,0,0,0,0,0,0,0,0,0,0,0,0,0,0,0,0,0,0,0,0,0,0,0,0,0,0,0,0,0,0
891f8d45337ffff,48.121,11.4641,muenchen,False,0,,0,False,0.461337,False,0,0.885067,0,0,0,0,0,0,0,0,0,0,0,0,0,0,0,0,0,0,0,0,0,0,0,0,0,0,0,0,0,0,0,0,0,0
891f8d4533bffff,48.1178,11.4572,muenchen,False,0,,0,False,0.461337,False,0,0.885067,0,0,0,0,0,0,0,0,0,0,0,0,0,0,0,0,0,0,0,0,0,0,0,0,0,0,0,0,0,0,0,0,0,0
891f8d45347ffff,48.1143,11.4457,muenchen,False,0,,0,False,0.461337,False,0,0.885067,0,0,0,0,0,0,0,0,0,0,0,0,0,0,0,0,0,0,0,0,0,0,0,0,0,0,0,0,0,0,0,0,0,0
891f8d4534fffff,48.1116,11.4436,muenchen,False,13,10.4906,0,True,0,False,4,0.885067,0,0,0,0,0,0,0,0,0,0,0,0,0,0,0,0,0,0,0,0,0,0,0,0,0,0,0,0,0,0,0,0,0,0
891f8d45363ffff,48.1123,11.453,muenchen,False,577,6.5694,249,False,0.277296,False,312,0.880734,0,0,0,0,0,0,0,2,0,2,1,0,0,1,0,0,0,1,0,0,0,0,0,0,0,0,3,0,1,0,0,0,0,0
891f8d45367ffff,48.1127,11.4577,muenchen,False,18,12.905,8,False,0.823529,False,8,1,0,0,0,0,0,0,0,0,0,0,0,0,0,0,0,0,0,0,0,0,0,0,0,0,0,0,0,0,0,0,0,0,0,0
891f8d4536bffff,48.1095,11.4509,muenchen,False,755,13.6071,148,False,0.633028,False,599,0.971186,0,0,0,0,0,0,0,1,0,1,2,0,0,2,1,0,1,2,0,0,0,0,0,1,0,0,3,0,8,0,0,0,0,0
891f8d4536fffff,48.1099,11.4556,muenchen,False,238,14.3626,39,False,0.423387,False,86,0.740741,0,0,0,0,0,0,0,0,0,0,0,0,0,0,0,0,0,0,0,0,0,0,0,0,0,0,1,0,0,0,0,0,0,0
891f8d45373ffff,48.1147,11.4504,muenchen,False,0,,0,False,0.461337,False,0,0.885067,0,0,0,0,0,0,0,0,0,0,0,0,0,1,1,0,0,1,0,0,0,0,0,0,0,0,1,0,0,1,0,0,0,0
891f8d45377ffff,48.1151,11.4551,muenchen,False,0,,0,False,0.461337,False,0,0.885067,0,0,0,0,0,0,0,0,0,0,0,0,0,0,0,0,0,1,0,0,0,0,0,0,0,0,1,0,1,0,0,0,0,0
891f8d4537bffff,48.1119,11.4483,muenchen,False,0,,0,False,0.461337,False,3,1,0,0,0,0,0,0,0,0,0,0,0,0,0,1,0,0,0,0,0,0,0,0,0,0,0,0,2,0,6,0,0,0,0,0
891f8d45383ffff,48.1275,11.4469,muenchen,False,210,10.2063,95,False,0.394231,False,114,0.847458,0,0,0,0,0,0,0,0,0,0,0,0,0,0,0,0,0,0,0,0,0,0,0,0,0,0,0,0,0,0,0,0,0,0
891f8d45387ffff,48.1279,11.4516,muenchen,False,261,14.5903,29,False,0.342742,False,101,0.806452,0,0,0,0,0,0,0,0,0,0,0,0,0,0,0,0,0,0,0,0,0,0,0,0,0,0,2,0,0,0,0,0,0,0
891f8d4538bffff,48.1247,11.4448,muenchen,False,583,9.16609,271,False,0.403169,False,320,0.863924,0,0,0,0,0,0,0,0,0,0,0,0,0,0,0,0,0,0,0,0,0,0,0,0,0,0,3,0,0,0,0,0,0,0
891f8d4538fffff,48.1251,11.4495,muenchen,False,36,9.82991,0,True,0.46875,False,16,0.885067,0,0,0,1,0,0,0,1,0,0,1,0,0,1,0,0,0,1,0,0,0,0,0,0,0,0,2,0,3,0,0,0,0,0
891f8d45393ffff,48.1299,11.4443,muenchen,False,0,,0,False,0.461337,False,0,0.885067,0,0,0,0,0,0,0,0,0,0,0,0,0,0,0,0,0,0,0,0,0,0,0,0,0,0,0,0,0,0,0,0,0,0
891f8d45397ffff,48.1303,11.449,muenchen,False,130,11.4693,14,False,0.269231,False,54,0.8125,0,0,0,0,0,0,0,0,0,0,0,0,0,0,0,0,0,0,0,0,0,0,0,0,0,0,2,0,0,0,0,0,0,0
891f8d4539bffff,48.1271,11.4422,muenchen,False,226,11.63,11,False,0.228972,False,97,0.855769,0,0,0,0,0,0,0,0,0,0,0,0,0,0,0,0,0,0,0,0,0,0,0,0,0,0,0,0,0,0,0,0,0,0
891f8d453a3ffff,48.1258,11.4589,muenchen,False,0,,0,False,0.461337,False,0,0.885067,0,0,0,0,0,0,0,0,0,0,0,0,0,0,0,0,0,0,0,0,0,0,0,0,0,0,0,0,0,0,0,0,0,0
891f8d453a7ffff,48.1262,11.4636,muenchen,False,0,,0,False,0.461337,False,0,0.885067,0,0,0,0,0,0,0,0,0,0,0,0,0,0,0,0,0,0,0,0,0,0,0,0,0,0,0,0,0,0,0,0,0,0
891f8d453abffff,48.123,11.4568,muenchen,False,0,,0,False,0.461337,False,0,0.885067,0,0,0,0,0,0,0,0,0,0,0,0,0,0,0,0,0,0,0,0,0,0,0,0,0,0,0,0,0,0,0,0,0,0
891f8d453afffff,48.1234,11.4615,muenchen,False,0,,0,False,0.461337,False,0,0.885067,0,0,0,0,0,0,0,0,0,0,0,0,0,0,0,0,0,0,0,0,0,0,0,0,0,0,0,0,0,0,0,0,0,0
891f8d453b3ffff,48.1282,11.4563,muenchen,False,0,,0,False,0.461337,False,0,0.885067,0,0,0,0,0,0,0,0,0,0,0,0,0,0,0,0,0,0,0,0,0,0,0,0,0,0,0,0,0,0,0,0,0,0
891f8d453b7ffff,48.1286,11.461,muenchen,False,0,,0,False,0.461337,False,0,0.885067,0,0,0,0,0,0,0,0,0,0,0,0,0,0,0,0,0,0,0,0,0,0,0,0,0,0,0,0,0,0,0,0,0,0
891f8d453bbffff,48.1255,11.4542,muenchen,False,0,,0,False,0.461337,False,0,0.885067,0,0,0,0,0,0,0,0,0,0,0,0,0,0,0,0,0,0,0,0,0,0,0,0,0,0,0,0,0,0,0,0,0,0
891f8d453c3ffff,48.1216,11.4379,muenchen,False,377,13.2364,42,False,0.276353,False,150,0.730496,0,0,0,0,0,0,0,0,0,0,0,0,0,0,0,0,0,0,0,0,0,0,0,0,0,0,0,0,0,0,0,0,0,0
891f8d453c7ffff,48.1219,11.4426,muenchen,False,407,8.91816,201,False,0.332474,False,238,0.890547,0,0,0,0,0,0,0,0,0,0,0,0,0,1,0,0,0,0,0,0,0,0,0,0,0,0,0,0,0,0,0,0,0,0
891f8d453cfffff,48.1192,11.4405,muenchen,False,405,12.9877,102,False,0.238213,False,163,0.873418,0,0,0,0,0,0,0,0,0,0,0,0,0,0,0,0,0,0,0,0,0,0,0,0,0,0,2,0,0,0,0,0,0,0
891f8d453d3ffff,48.124,11.4353,muenchen,False,296,14.7862,34,False,0.245353,False,110,0.660377,0,0,0,0,0,0,0,0,0,0,0,0,0,0,0,0,0,0,0,0,0,0,0,0,0,0,2,0,0,0,0,0,0,0
891f8d453d7ffff,48.1244,11.4401,muenchen,False,441,12.221,58,False,0.254425,False,185,0.816216,0,0,0,0,0,1,0,0,0,0,0,0,0,0,0,0,0,0,0,0,0,0,0,0,0,0,0,0,0,0,0,0,0,0
891f8d453dbffff,48.1212,11.4332,muenchen,False,549,9.79163,190,False,0.325132,False,260,0.809339,0,0,0,0,0,0,0,0,0,0,0,0,0,0,0,0,0,0,0,0,0,0,0,0,0,0,1,0,0,0,0,0,0,0
891f8d45403ffff,48.1537,11.4136,muenchen,True,1112,16.6932,236,False,0.489668,False,509,0.808511,0,0,0,0,0,0,0,0,0,0,0,0,0,2,0,0,0,0,0,1,0,0,0,0,0,0,1,0,0,0,0,0,0,0
891f8d45407ffff,48.154,11.4183,muenchen,True,599,11.1174,125,False,0.446367,False,232,0.788288,0,0,0,0,0,0,0,0,0,0,0,0,1,0,0,0,0,0,0,0,0,0,0,0,0,0,2,0,0,0,0,0,0,0
891f8d4540bffff,48.1509,11.4115,muenchen,True,1486,8.89147,614,False,0.413747,False,651,0.795981,0,0,0,0,0,0,0,0,0,0,1,0,0,0,0,0,0,0,0,0,0,0,0,0,0,0,2,0,0,0,0,0,0,0
891f8d4540fffff,48.1513,11.4162,muenchen,True,537,11.6307,107,False,0.365422,False,255,0.877551,0,0,0,0,0,0,0,0,0,0,0,0,0,0,0,0,0,0,0,0,0,0,0,0,0,0,0,0,0,0,0,0,0,0
891f8d45413ffff,48.1561,11.411,muenchen,True,723,14.6992,159,False,0.509777,False,264,0.625498,0,0,0,0,0,0,0,1,0,0,1,0,0,0,0,0,0,0,0,0,0,0,0,0,0,1,0,0,1,0,0,0,0,0
891f8d45417ffff,48.1564,11.4157,muenchen,True,469,13.234,134,False,0.472393,False,240,0.850394,0,0,0,0,0,0,0,0,0,1,1,0,0,1,0,0,0,0,0,0,0,0,0,0,0,0,4,0,3,0,0,0,0,0
891f8d4541bffff,48.1533,11.4089,muenchen,True,560,5.76069,188,False,0.349823,False,203,0.633508,0,0,0,0,0,0,0,0,0,0,0,0,0,0,0,0,0,0,0,0,0,0,0,0,0,0,2,0,0,0,0,0,0,0
891f8d45423ffff,48.152,11.4256,muenchen,True,504,13.1338,127,False,0.383743,False,248,0.837945,0,0,0,0,0,0,0,0,0,0,0,0,0,0,0,0,0,0,0,0,0,0,0,0,0,0,2,0,0,0,0,0,0,0
891f8d45427ffff,48.1524,11.4303,muenchen,True,576,13.1085,116,False,0.415358,False,253,0.829876,0,0,0,0,0,0,0,0,0,0,0,0,0,0,0,0,0,0,0,0,0,0,0,0,0,0,0,0,0,0,0,0,0,0
891f8d4542bffff,48.1492,11.4235,muenchen,True,702,11.8843,247,False,0.40379,False,338,0.857143,0,0,0,0,0,0,0,0,0,0,0,0,1,1,0,0,0,0,0,0,0,0,0,0,0,0,2,0,0,0,0,0,0,0
891f8d4542fffff,48.1496,11.4282,muenchen,True,570,14.3261,147,False,0.370766,False,280,0.840989,0,0,0,0,0,0,0,0,0,0,0,0,0,0,0,0,0,0,0,0,0,0,0,0,0,0,0,0,0,0,0,0,0,0
891f8d45433ffff,48.1544,11.423,muenchen,True,670,11.9609,149,False,0.420505,False,274,0.743682,0,0,0,0,0,0,0,0,0,0,0,0,0,0,0,0,0,0,0,0,0,0,0,0,0,0,0,0,0,0,0,0,0,0
891f8d45437ffff,48.1548,11.4277,muenchen,True,742,11.638,133,False,0.486226,False,284,0.72043,0,0,0,0,0,0,0,0,0,0,0,0,0,0,0,0,0,0,0,0,0,0,0,0,0,1,0,0,0,0,0,0,0,0
891f8d4543bffff,48.1516,11.4209,muenchen,True,560,13.8591,137,False,0.449458,False,252,0.844961,0,0,0,0,0,0,0,0,0,0,1,0,0,1,0,0,0,1,0,0,0,0,0,0,0,0,0,0,0,0,0,0,0,0
891f8d45443ffff,48.1477,11.4047,muenchen,True,0,,0,False,0.461337,False,0,0.885067,0,0,0,0,0,0,0,0,0,0,0,0,0,0,0,0,0,0,0,0,0,0,0,0,0,0,1,0,1,0,0,0,0,0
891f8d45447ffff,48.1481,11.4094,muenchen,True,779,10.2312,293,False,0.470513,False,320,0.770186,0,0,0,0,0,0,0,0,0,0,0,0,0,0,0,0,0,0,0,0,0,0,0,0,0,0,0,0,0,0,0,0,0,0
891f8d4544bffff,48.145,11.4026,muenchen,True,0,,0,False,0.461337,False,0,0.885067,0,0,0,0,0,0,0,0,0,0,0,0,0,0,0,0,0,0,0,0,0,0,0,0,0,0,0,0,0,0,0,0,0,0
891f8d4544fffff,48.1453,11.4073,muenchen,True,58,11.5011,47,False,0.54717,False,47,1,0,0,0,1,0,0,0,0,0,0,0,0,0,1,0,0,0,0,0,0,0,0,0,0,0,0,1,0,2,0,0,0,0,0
891f8d45453ffff,48.1501,11.4021,muenchen,True,0,,0,False,0.461337,False,0,0.885067,0,0,0,0,0,0,0,0,0,0,0,0,0,0,0,0,0,0,0,0,0,0,0,0,0,0,0,0,0,0,0,0,0,0
891f8d45457ffff,48.1505,11.4068,muenchen,True,898,9.98717,357,False,0.517554,False,353,0.736232,0,0,0,0,0,0,0,0,0,0,0,0,1,0,0,0,0,0,0,0,0,0,0,0,0,0,3,0,0,0,0,0,0,0
891f8d4545bffff,48.1474,11.4,muenchen,True,0,,0,False,0.461337,False,0,0.885067,0,0,0,0,0,0,0,0,0,0,0,0,0,0,0,0,0,0,0,0,0,0,0,0,0,0,0,0,0,0,0,0,0,0
891f8d45463ffff,48.1461,11.4167,muenchen,True,1411,10.278,673,False,0.416842,False,718,0.859504,0,0,0,0,0,0,0,0,0,0,0,0,0,0,0,0,0,0,0,0,0,0,0,0,0,0,2,0,0,0,0,0,0,0
891f8d45467ffff,48.1464,11.4214,muenchen,True,1044,10.8768,378,False,0.439024,False,513,0.867052,0,0,0,0,0,0,0,3,0,0,2,0,0,2,0,0,0,0,0,0,0,0,0,0,0,0,4,0,1,0,0,0,0,0
891f8d4546bffff,48.1433,11.4146,muenchen,True,588,13.1891,215,False,0.421769,False,278,0.825279,0,0,0,0,0,0,0,0,0,0,0,0,0,0,0,0,0,0,0,0,0,0,0,0,0,0,0,0,0,0,0,0,0,0
891f8d4546fffff,48.1436,11.4193,muenchen,True,490,11.7152,105,False,0.329193,False,220,0.834746,0,0,0,0,0,0,0,0,0,0,0,0,0,1,1,0,0,0,0,0,0,0,0,0,0,0,0,0,0,0,0,0,0,0
891f8d45473ffff,48.1485,11.4141,muenchen,True,1400,10.6847,565,False,0.422505,False,617,0.805778,0,0,0,0,0,0,0,0,0,0,0,0,0,0,0,0,0,0,0,0,0,0,0,0,0,0,2,0,0,0,0,0,0,0
891f8d45477ffff,48.1488,11.4188,muenchen,True,872,9.92988,345,False,0.370968,False,433,0.864802,0,0,0,0,0,0,0,0,0,0,0,0,0,0,0,0,0,0,0,0,0,0,0,0,0,0,2,0,1,0,0,0,0,0
891f8d4547bffff,48.1457,11.412,muenchen,True,355,10.4451,103,False,0.375342,False,170,0.841176,0,0,0,0,0,0,0,0,0,0,0,0,0,0,0,0,0,0,0,0,0,0,0,0,0,0,2,0,0,0,0,0,0,0
891f8d45483ffff,48.1613,11.4105,muenchen,True,409,6.80037,107,False,0.369193,False,164,0.677632,0,0,0,0,0,0,0,0,0,0,0,0,0,0,0,0,0,0,1,0,0,0,0,0,0,0,0,0,1,0,0,0,0,0
891f8d45487ffff,48.1616,11.4152,muenchen,True,531,11.7214,151,False,0.40691,False,265,0.843636,0,0,0,0,0,0,0,0,0,0,1,0,0,0,0,0,0,1,0,0,0,0,0,1,0,0,1,0,2,0,0,0,0,0
891f8d4548bffff,48.1585,11.4084,muenchen,True,96,15.3331,16,False,0.371134,False,34,0.625,0,0,0,0,0,0,0,0,0,0,0,0,0,0,0,0,0,0,0,0,0,0,0,0,0,0,0,0,0,0,0,0,0,0
891f8d4548fffff,48.1589,11.4131,muenchen,True,474,12.5215,144,False,0.40919,False,216,0.816038,0,0,0,0,0,0,0,1,0,0,0,0,1,1,1,0,0,0,0,0,0,0,0,1,0,0,3,0,4,0,0,0,0,0
891f8d45493ffff,48.1637,11.4079,muenchen,True,160,5.0325,48,False,0.315789,False,65,0.776119,0,0,0,0,0,0,0,0,0,0,0,0,0,0,0,0,0,0,0,0,0,0,0,0,0,0,0,0,0,0,0,0,0,0
891f8d45497ffff,48.164,11.4126,muenchen,True,1084,6.67597,355,False,0.375114,False,431,0.743842,0,0,0,0,0,0,0,0,0,0,0,0,0,0,0,0,0,0,0,0,0,0,0,0,0,0,2,0,0,0,0,0,0,0
891f8d4549bffff,48.1609,11.4058,muenchen,True,0,,0,False,0.461337,False,0,0.885067,0,0,0,0,0,0,0,0,0,0,0,0,0,0,0,0,0,0,0,0,0,0,0,0,0,0,0,0,0,0,0,0,0,0
891f8d454a3ffff,48.1596,11.4225,muenchen,True,602,10.8921,85,False,0.460371,False,190,0.772973,0,0,0,0,0,0,0,0,0,0,0,0,0,1,0,0,0,0,0,0,0,0,0,0,0,0,0,0,1,0,0,0,0,0
891f8d454a7ffff,48.16,11.4272,muenchen,True,400,6.72371,97,False,0.325123,False,165,0.79878,0,0,0,0,0,0,0,0,0,0,0,0,0,0,0,0,0,0,0,0,0,0,0,0,0,0,0,0,0,0,0,0,0,0
891f8d454abffff,48.1568,11.4204,muenchen,True,579,11.1654,48,False,0.30541,False,274,0.81749,0,0,0,0,0,0,0,0,0,0,0,0,0,0,0,0,0,0,0,0,0,0,0,0,0,0,1,0,0,0,0,0,0,0
891f8d454afffff,48.1572,11.4251,muenchen,True,669,15.5353,132,False,0.517493,False,296,0.86755,1,0,0,0,0,0,0,0,0,0,0,0,0,0,0,0,0,0,0,0,0,0,0,0,0,0,2,0,0,0,0,0,0,0
891f8d454b3ffff,48.162,11.4199,muenchen,True,468,12.4108,96,False,0.346555,False,206,0.79703,0,0,0,0,0,0,0,0,0,0,0,0,0,0,0,0,0,0,0,0,0,0,0,0,0,0,2,0,0,0,0,0,0,0
891f8d454b7ffff,48.1624,11.4246,muenchen,True,77,12.02,21,False,0.272727,False,38,0.818182,0,0,0,0,0,0,0,1,0,0,0,0,0,0,1,0,0,0,0,0,1,0,0,0,0,0,2,0,1,0,0,0,0,0
891f8d454bbffff,48.1592,11.4178,muenchen,True,570,14.2331,157,False,0.44062,False,266,0.833333,0,0,0,0,0,0,0,0,0,0,0,0,0,0,0,0,0,0,0,0,0,0,0,0,0,0,0,0,1,0,0,0,0,0
891f8d454c3ffff,48.1553,11.4016,muenchen,True,0,,0,False,0.461337,False,0,0.885067,0,0,0,0,0,0,0,0,0,0,0,0,0,0,0,0,0,0,0,0,0,0,0,0,0,0,0,0,0,0,0,0,0,0
891f8d454c7ffff,48.1557,11.4063,muenchen,True,0,,0,False,0.461337,False,3,1,0,0,0,0,0,0,0,0,0,0,0,0,0,0,0,0,0,0,0,0,0,0,0,0,0,0,0,0,0,0,0,0,0,0
891f8d454cbffff,48.1526,11.3995,muenchen,True,9,8.55692,0,True,0.461337,True,3,0.885067,0,0,0,0,0,0,0,0,1,0,0,0,0,0,0,0,0,0,0,0,0,0,0,0,0,0,0,0,0,0,0,0,0,0
891f8d454cfffff,48.1529,11.4042,muenchen,True,45,9.5,16,False,0.488889,False,16,1,0,0,0,0,0,0,0,0,0,0,0,0,0,0,0,0,0,0,0,0,0,0,0,0,0,0,0,0,0,0,0,0,0,0
891f8d454d3ffff,48.1577,11.399,muenchen,True,0,,0,False,0.461337,False,0,0.885067,0,0,0,0,0,0,0,0,0,0,0,0,0,0,0,0,0,0,0,0,0,0,0,0,0,0,0,0,0,0,0,0,0,0
891f8d454d7ffff,48.1581,11.4037,muenchen,True,0,,0,False,0.461337,False,0,0.885067,0,0,0,0,0,0,0,0,0,0,0,0,0,0,0,0,0,0,0,0,0,0,0,0,0,0,0,0,0,0,0,0,0,0
891f8d454dbffff,48.155,11.3969,muenchen,True,0,,0,False,0.461337,False,0,0.885067,0,0,0,0,0,0,0,0,0,0,0,0,0,0,0,0,0,0,0,0,0,0,0,0,0,0,0,0,0,0,0,0,0,0
891f8d45503ffff,48.1562,11.4466,muenchen,True,337,12.4286,109,False,0.426752,False,186,0.874317,0,0,0,0,0,0,0,0,0,0,0,0,0,1,0,0,0,0,0,0,0,0,0,0,0,0,0,0,0,0,0,0,0,0
891f8d45507ffff,48.1566,11.4513,muenchen,True,660,13.9862,191,False,0.362275,False,334,0.908815,0,0,0,0,0,0,0,0,0,0,0,0,0,0,0,0,0,0,0,0,0,0,0,0,0,0,2,0,0,0,0,0,0,0
891f8d4550bffff,48.1535,11.4444,muenchen,True,210,8.49,71,False,0.374408,False,90,0.795455,0,0,0,0,0,0,0,0,0,0,0,0,0,0,0,0,0,0,0,0,0,0,0,0,0,0,0,0,0,0,0,0,0,0
891f8d4550fffff,48.1538,11.4492,muenchen,True,182,13.3645,22,False,0.293478,False,78,0.783784,0,0,0,0,0,0,0,0,0,0,0,0,0,0,0,0,0,0,0,0,0,0,0,0,0,0,0,0,0,0,0,0,0,0
891f8d45513ffff,48.1586,11.444,muenchen,True,717,14.6711,170,False,0.391185,False,351,0.866469,0,0,0,0,0,0,0,0,0,0,0,0,0,0,0,0,0,0,0,0,0,0,0,0,0,0,0,0,0,0,0,0,0,0
891f8d45517ffff,48.159,11.4487,muenchen,True,766,13.5733,240,False,0.381389,False,420,0.883212,0,0,0,0,0,0,0,0,0,0,0,0,0,0,0,0,0,0,0,0,0,0,0,0,0,0,0,0,1,0,0,0,0,0
891f8d4551bffff,48.1559,11.4419,muenchen,True,14,12.73,4,False,0.461337,True,9,1,0,0,0,0,0,0,0,0,0,0,0,0,0,0,0,0,0,0,0,0,0,0,0,0,0,0,0,0,0,0,0,0,0,0
891f8d45523ffff,48.1546,11.4586,muenchen,True,316,14.4809,75,False,0.398058,False,156,0.809211,0,0,0,0,0,0,0,0,0,0,0,0,0,0,0,0,0,0,0,0,0,0,0,0,0,0,0,0,0,0,0,0,0,0
891f8d45527ffff,48.1549,11.4633,muenchen,True,533,14.9041,125,False,0.336331,False,239,0.881857,0,0,0,0,0,0,0,0,0,0,0,0,0,1,0,0,0,0,0,0,0,0,0,0,0,0,0,0,0,0,0,0,0,0
891f8d4552bffff,48.1518,11.4565,muenchen,True,243,10.8606,64,False,0.38,False,84,0.666667,0,0,0,0,0,0,0,0,0,0,0,0,0,1,0,0,0,0,0,0,0,0,0,0,0,0,2,0,1,0,0,0,0,0
891f8d4552fffff,48.1521,11.4612,muenchen,True,280,14.9661,82,False,0.349835,False,137,0.830065,0,0,0,0,0,0,0,0,0,0,0,0,0,0,1,0,0,0,0,0,1,0,0,0,0,0,0,0,1,0,0,0,0,0
891f8d45533ffff,48.157,11.456,muenchen,True,62,15.23,7,False,0.366667,False,23,0.714286,0,0,0,0,0,0,0,0,0,0,0,0,0,0,0,0,0,0,0,0,0,0,0,0,0,0,1,0,0,0,0,0,0,0
891f8d45537ffff,48.1573,11.4607,muenchen,True,367,13.8802,52,False,0.273006,False,137,0.722222,0,0,0,0,0,0,0,0,0,0,0,0,0,1,0,0,0,0,0,0,0,0,0,0,0,0,0,0,0,0,0,0,0,0
891f8d4553bffff,48.1542,11.4539,muenchen,True,442,14.1196,82,False,0.402746,False,197,0.725962,0,0,0,0,0,0,0,0,0,0,0,0,0,1,0,0,0,0,0,0,0,0,0,0,0,0,0,0,0,0,0,0,0,0
891f8d45543ffff,48.1503,11.4376,muenchen,True,1631,12.0816,730,False,0.406479,False,1005,0.938008,0,0,0,0,0,0,0,0,0,0,0,0,0,0,0,0,0,0,0,0,0,0,0,0,0,0,2,0,0,0,0,0,0,0
891f8d45547ffff,48.1507,11.4423,muenchen,True,687,10.3052,313,False,0.360176,False,374,0.905914,0,0,0,0,0,0,0,2,0,0,1,0,0,1,0,0,0,1,0,0,0,0,0,1,0,0,0,0,1,1,0,0,0,0
891f8d4554bffff,48.1475,11.4355,muenchen,True,685,11.4221,200,False,0.414878,False,341,0.85879,0,0,0,0,0,0,0,0,0,0,0,0,0,0,0,0,0,0,0,0,0,0,0,0,0,0,0,0,0,0,0,0,0,0
891f8d4554fffff,48.1479,11.4402,muenchen,True,1227,13.2971,358,False,0.356275,False,602,0.924658,0,0,0,0,0,0,0,1,0,1,2,0,0,1,1,0,0,0,0,0,0,0,0,0,0,0,1,0,0,0,1,0,0,0
891f8d45553ffff,48.1527,11.435,muenchen,True,791,10.3512,208,False,0.411613,False,342,0.786111,0,0,0,0,0,0,0,0,0,0,0,0,0,0,0,0,0,0,0,0,0,0,0,0,0,0,1,0,0,0,0,0,0,0
891f8d45557ffff,48.1531,11.4397,muenchen,True,640,7.86084,191,False,0.355346,False,255,0.733333,0,0,0,0,0,0,0,0,0,0,0,0,0,0,0,0,0,0,0,0,0,0,0,0,0,0,1,0,0,0,0,0,0,0
891f8d4555bffff,48.1499,11.4329,muenchen,True,1220,13.4454,274,False,0.403722,False,626,0.877221,0,0,0,0,0,0,0,2,0,0,2,0,0,0,0,0,0,0,0,0,0,0,0,0,0,0,3,0,0,0,0,0,0,0
891f8d45563ffff,48.1486,11.4496,muenchen,True,1322,10.645,515,False,0.461771,False,620,0.818627,0,0,0,0,0,0,0,0,0,0,0,0,0,0,0,0,0,0,0,0,0,0,0,0,0,0,0,0,0,0,0,0,0,0
891f8d45567ffff,48.149,11.4543,muenchen,True,1622,9.44179,758,False,0.473065,False,792,0.853846,0,0,0,0,0,0,0,0,0,0,0,0,0,0,0,0,0,0,0,0,0,0,0,0,0,0,2,0,0,0,0,0,0,0
891f8d4556bffff,48.1459,11.4475,muenchen,True,332,13.9696,46,False,0.41,False,130,0.78169,0,0,0,0,0,0,0,0,0,0,0,0,0,0,0,0,0,0,0,0,0,0,0,0,0,0,3,0,0,0,0,0,0,0
891f8d4556fffff,48.1462,11.4522,muenchen,True,900,14.256,315,False,0.481646,False,466,0.896552,0,0,0,0,0,0,0,0,0,0,0,0,1,1,0,0,0,0,0,1,0,0,0,0,0,0,1,0,0,0,0,0,0,0
891f8d45573ffff,48.151,11.447,muenchen,True,100,11.3012,66,False,0.40566,False,66,0.887097,0,0,0,0,0,0,0,0,0,0,0,0,0,0,0,0,0,0,0,0,0,0,0,0,0,0,2,0,0,0,0,0,0,0
891f8d45577ffff,48.1514,11.4518,muenchen,True,605,11.9119,263,False,0.532231,False,282,0.854671,0,0,0,0,0,0,0,0,0,0,0,0,0,0,0,0,0,0,0,0,0,0,0,0,0,0,0,0,0,0,0,0,0,0
891f8d4557bffff,48.1483,11.4449,muenchen,True,211,19.5306,68,False,0.626214,False,93,0.834951,0,0,0,0,0,0,0,0,0,0,0,0,1,2,0,0,0,0,0,0,0,0,0,0,0,1,1,1,1,0,0,0,0,0
891f8d45583ffff,48.1638,11.4435,muenchen,True,620,12.3471,169,False,0.406807,False,287,0.809524,0,0,0,0,0,0,0,0,0,0,0,0,0,0,0,0,0,0,0,0,0,0,0,0,0,0,3,0,0,0,0,0,0,0
891f8d45587ffff,48.1642,11.4482,muenchen,True,374,16.5459,83,False,0.378049,False,176,0.813253,1,0,0,0,0,0,0,0,0,0,0,0,1,0,0,0,0,0,0,0,0,1,0,0,0,0,1,0,0,0,0,0,0,0
891f8d4558bffff,48.1611,11.4414,muenchen,True,1185,10.341,337,False,0.396799,False,500,0.796371,0,0,0,0,0,0,0,0,0,0,0,0,0,0,0,0,0,0,0,0,0,0,0,0,0,0,0,0,0,0,0,0,0,0
891f8d4558fffff,48.1614,11.4461,muenchen,True,914,14.7079,301,False,0.376509,False,442,0.865169,0,0,0,0,0,0,0,1,0,0,1,0,0,0,0,0,0,0,0,0,0,0,0,0,0,0,1,0,0,0,0,0,0,0
891f8d45593ffff,48.1663,11.4409,muenchen,True,173,12.8257,49,False,0.441341,False,94,0.935484,0,0,0,0,0,0,0,0,0,0,0,0,0,0,0,0,0,0,0,0,0,0,0,0,0,0,0,0,0,0,0,0,0,0
891f8d45597ffff,48.1666,11.4456,muenchen,True,0,,0,False,0.461337,False,0,0.885067,0,0,0,0,0,0,0,0,0,0,0,0,0,0,0,0,0,0,0,0,0,0,0,0,0,0,0,0,0,0,0,0,0,0
891f8d4559bffff,48.1635,11.4388,muenchen,True,900,13.4234,186,False,0.361726,False,413,0.819951,0,0,0,0,0,0,0,0,0,0,0,0,0,0,0,0,0,0,0,0,0,0,0,0,0,0,0,0,0,0,0,0,0,0
891f8d455a3ffff,48.1622,11.4555,muenchen,True,22,16.08,3,False,0.304348,False,12,0.8125,0,0,0,0,0,0,0,0,0,0,0,0,0,1,0,0,0,0,0,0,0,3,0,0,0,0,0,0,0,0,0,0,0,0
891f8d455a7ffff,48.1625,11.4602,muenchen,True,256,9.9307,57,False,0.358974,False,100,0.791209,0,0,0,0,0,0,0,0,0,0,0,0,0,0,0,0,0,0,0,0,0,0,0,0,0,0,0,0,0,0,0,0,0,0
891f8d455abffff,48.1594,11.4534,muenchen,True,803,13.5626,284,False,0.490775,False,359,0.815718,0,0,0,0,0,0,0,0,0,0,0,0,0,0,0,0,0,0,0,0,0,0,0,0,0,0,0,0,0,0,0,0,0,0
891f8d455afffff,48.1597,11.4581,muenchen,True,109,12.5829,21,False,0.350427,False,36,0.8,0,0,0,0,0,0,0,0,0,0,0,0,0,0,0,0,0,0,0,0,0,0,0,0,0,0,0,0,0,0,0,0,0,0
891f8d455b3ffff,48.1646,11.4529,muenchen,True,304,14.169,59,False,0.411003,False,131,0.80597,0,0,0,0,0,0,0,0,0,0,0,0,0,0,0,0,0,0,0,0,0,0,0,0,0,0,3,0,0,0,0,0,0,0
891f8d455b7ffff,48.1649,11.4576,muenchen,True,40,13.102,10,False,0.512195,False,23,0.727273,0,0,0,0,0,0,0,0,0,0,1,0,0,2,0,0,0,0,0,0,0,0,0,0,0,0,5,0,0,0,0,0,0,0
891f8d455bbffff,48.1618,11.4508,muenchen,True,644,15.4812,208,False,0.41203,False,314,0.88535,0,0,0,0,0,0,0,0,0,0,0,0,0,0,0,0,0,0,0,0,0,0,0,0,0,0,0,0,0,0,0,0,0,0
891f8d455c3ffff,48.1579,11.4345,muenchen,True,288,13.3638,26,False,0.381757,False,117,0.773109,0,0,0,0,0,0,0,0,0,0,0,0,0,0,0,0,0,0,0,0,0,0,0,0,0,0,1,0,0,0,0,0,0,0
891f8d455c7ffff,48.1583,11.4393,muenchen,True,0,,0,False,0.461337,False,0,0.885067,0,0,0,0,0,0,0,0,0,0,0,0,0,0,0,0,0,0,0,0,0,0,0,0,0,0,0,0,1,0,0,0,0,0
891f8d455cbffff,48.1551,11.4324,muenchen,True,481,14.1239,75,False,0.379668,False,200,0.823204,0,0,0,0,0,0,0,0,0,0,0,0,0,0,0,0,0,0,0,0,0,0,0,0,0,0,0,0,0,0,0,0,0,0
891f8d455cfffff,48.1555,11.4371,muenchen,True,232,11.4505,21,False,0.364754,False,89,0.651163,0,0,0,0,0,0,0,0,0,0,0,0,0,0,0,0,0,0,0,0,0,0,0,0,0,0,0,0,0,0,0,0,0,0
891f8d455d3ffff,48.1603,11.432,muenchen,True,190,13.1397,30,False,0.406091,False,81,0.86747,0,0,0,0,0,0,0,0,0,0,0,0,0,0,0,0,0,0,0,0,0,0,0,0,0,0,0,0,1,0,0,0,0,0
891f8d455d7ffff,48.1607,11.4367,muenchen,True,184,12.75,31,False,0.345745,False,75,0.761194,0,0,0,0,0,0,0,0,0,0,0,0,0,0,0,0,0,0,0,0,0,0,0,0,0,0,0,0,0,0,0,0,0,0
891f8d455dbffff,48.1575,11.4298,muenchen,True,432,13.3705,40,False,0.340909,False,187,0.861446,0,0,0,0,0,0,0,0,0,0,0,0,0,0,0,0,0,0,0,0,0,0,0,0,0,0,1,0,0,0,0,0,0,0
891f8d45603ffff,48.1342,11.3988,muenchen,True,0,,0,False,0.461337,False,0,0.885067,0,0,0,0,0,0,0,0,0,0,0,0,0,0,0,0,0,0,0,0,0,0,0,0,0,0,0,0,0,0,0,0,0,0
891f8d45607ffff,48.1346,11.4035,muenchen,True,0,,0,False,0.461337,False,0,0.885067,0,0,0,0,0,0,0,0,0,0,0,0,0,0,0,0,0,0,0,0,0,0,0,0,0,0,0,0,0,0,0,0,0,0
891f8d4560bffff,48.1314,11.3967,muenchen,True,0,,0,False,0.461337,False,0,0.885067,0,0,0,0,0,0,0,0,0,0,0,0,0,0,0,0,0,0,0,0,0,0,0,0,0,0,0,0,0,0,0,0,0,0
891f8d4560fffff,48.1318,11.4014,muenchen,True,0,,0,False,0.461337,False,0,0.885067,0,0,0,0,0,0,0,0,0,0,0,0,0,0,0,0,0,0,0,0,0,0,0,0,0,0,0,0,0,0,0,0,0,0
891f8d45613ffff,48.1366,11.3962,muenchen,True,0,,0,False,0.461337,False,0,0.885067,0,0,0,0,0,0,0,0,0,0,0,0,0,0,0,0,0,0,0,0,0,0,0,0,0,0,0,0,0,0,0,0,0,0
891f8d45617ffff,48.137,11.401,muenchen,True,6,11.9961,0,True,0,False,4,1,0,0,0,0,0,0,0,0,0,0,0,0,0,1,1,0,0,0,0,0,0,0,0,0,0,0,0,0,0,0,0,0,0,0
891f8d4561bffff,48.1338,11.3941,muenchen,True,0,,0,False,0.461337,False,0,0.885067,0,0,0,0,0,0,0,0,0,0,0,0,0,0,0,0,0,0,0,0,0,0,0,0,0,0,0,0,0,0,0,0,0,0
891f8d45623ffff,48.1325,11.4108,muenchen,True,3,12.7033,0,True,0.461337,True,3,1,0,0,0,0,0,0,0,0,0,0,0,0,0,0,0,0,0,0,0,0,0,0,0,0,0,0,0,0,2,0,0,0,0,0
891f8d45627ffff,48.1329,11.4156,muenchen,True,0,,0,False,0.461337,False,0,0.885067,0,0,0,0,0,0,0,0,0,0,0,0,0,0,0,0,0,0,0,0,0,0,0,0,0,0,0,0,0,0,0,0,0,0
891f8d4562bffff,48.1298,11.4087,muenchen,True,0,,0,False,0.461337,False,0,0.885067,0,0,0,0,0,0,0,0,0,0,0,0,0,0,0,0,0,0,0,0,0,0,0,0,0,0,0,0,2,0,0,0,0,0
891f8d4562fffff,48.1301,11.4134,muenchen,True,0,,0,False,0.461337,False,0,0.885067,0,0,0,0,0,0,0,0,0,0,0,0,0,0,0,0,0,0,0,0,0,0,0,0,0,0,0,0,0,0,0,0,0,0
891f8d45633ffff,48.1349,11.4083,muenchen,True,9,12.85,4,False,1,False,9,1,0,0,0,0,0,0,0,0,0,0,0,0,0,0,0,0,0,0,0,0,0,0,0,0,0,0,0,0,2,0,0,0,0,0
891f8d45637ffff,48.1353,11.413,muenchen,True,6,14.4774,0,True,1,False,3,0.885067,0,0,0,0,0,0,0,0,0,0,0,0,0,1,0,0,0,0,0,0,0,0,0,0,0,0,3,0,1,0,0,0,0,0
891f8d4563bffff,48.1322,11.4061,muenchen,True,0,,0,False,0.461337,False,0,0.885067,0,0,0,0,0,0,0,0,0,0,0,0,0,0,0,0,0,0,0,0,0,0,0,0,0,0,0,0,1,0,0,0,0,0
891f8d45643ffff,48.1283,11.3899,muenchen,True,19,16.06,3,False,0.28,False,10,1,0,0,0,0,0,0,0,0,0,0,0,0,0,0,0,0,0,0,0,0,0,0,0,0,0,0,0,0,0,0,0,0,0,0
891f8d45647ffff,48.1286,11.3946,muenchen,True,0,,0,False,0.461337,False,0,0.885067,0,0,0,0,0,0,0,0,0,0,0,0,0,0,0,0,0,0,0,0,0,0,0,0,0,0,0,0,0,0,0,0,0,0
891f8d4564bffff,48.1255,11.3878,muenchen,False,0,,0,False,0.461337,False,0,0.885067,0,0,0,0,0,0,0,0,0,0,0,0,0,0,0,0,0,0,0,0,0,0,0,0,0,0,0,0,0,0,0,0,0,0
891f8d4564fffff,48.1259,11.3925,muenchen,False,0,,0,False,0.461337,False,0,0.885067,0,0,0,0,0,0,0,0,0,0,0,0,0,0,0,0,0,0,0,0,0,0,0,0,0,0,0,0,0,0,0,0,0,0
891f8d45653ffff,48.1307,11.3873,muenchen,False,508,12.5894,68,False,0.345528,False,206,0.850515,0,0,0,0,0,0,0,0,0,0,0,0,0,0,0,0,0,0,0,0,0,0,0,0,0,0,0,0,0,0,0,0,0,0
891f8d45657ffff,48.1311,11.392,muenchen,True,0,,0,False,0.461337,False,0,0.885067,0,0,0,0,0,0,0,0,0,0,0,0,0,0,0,0,0,0,0,0,0,0,0,0,0,0,0,0,0,0,0,0,0,0
891f8d4565bffff,48.1279,11.3852,muenchen,False,206,12.06,17,False,0.259259,False,86,0.674699,0,0,0,0,0,0,0,0,0,1,0,0,0,0,0,0,0,0,0,0,0,0,0,0,0,0,0,0,0,0,0,0,0,0
891f8d45663ffff,48.1266,11.4019,muenchen,True,0,,0,False,0.461337,False,0,0.885067,0,0,0,0,0,0,0,0,0,0,0,0,0,0,0,0,0,0,0,0,0,0,0,0,0,0,0,0,0,0,0,0,0,0
891f8d45667ffff,48.127,11.4066,muenchen,True,0,,0,False,0.461337,False,0,0.885067,0,0,0,0,0,0,0,0,0,0,0,0,0,0,0,0,0,0,0,0,0,0,0,0,0,0,0,0,0,0,0,0,0,0
891f8d4566bffff,48.1238,11.3998,muenchen,False,0,,0,False,0.461337,False,0,0.885067,0,0,0,0,0,0,0,0,0,0,0,0,0,0,0,0,0,0,0,0,0,0,0,0,0,0,0,0,0,0,0,0,0,0
891f8d4566fffff,48.1242,11.4045,muenchen,False,0,,0,False,0.461337,False,0,0.885067,0,0,0,0,0,0,0,0,0,0,0,0,0,0,0,0,0,0,0,0,0,0,0,0,0,0,0,0,0,0,0,0,0,0
891f8d45673ffff,48.129,11.3993,muenchen,True,0,,0,False,0.461337,False,0,0.885067,0,0,0,0,0,0,0,0,0,0,0,0,0,0,0,0,0,0,0,0,0,0,0,0,0,0,0,0,0,0,0,0,0,0
891f8d45677ffff,48.1294,11.404,muenchen,True,0,,0,False,0.461337,False,0,0.885067,0,0,0,0,0,0,0,0,0,0,0,0,0,0,0,0,0,0,0,0,0,0,0,0,0,0,0,0,0,0,0,0,0,0
891f8d4567bffff,48.1262,11.3972,muenchen,True,0,,0,False,0.461337,False,0,0.885067,0,0,0,0,0,0,0,0,0,0,0,0,0,0,0,0,0,0,0,0,0,0,0,0,0,0,0,0,0,0,0,0,0,0
891f8d45683ffff,48.1418,11.3958,muenchen,True,0,,0,False,0.461337,False,0,0.885067,0,0,0,0,0,0,0,0,0,0,0,0,0,0,0,0,0,0,0,0,0,0,0,0,0,0,0,0,0,0,0,0,0,0
891f8d45687ffff,48.1422,11.4005,muenchen,True,0,,0,False,0.461337,False,0,0.885067,0,0,0,0,0,0,0,0,0,0,0,0,0,0,0,0,0,0,0,0,0,0,0,0,0,0,0,0,0,0,0,0,0,0
891f8d4568bffff,48.139,11.3937,muenchen,True,0,,0,False,0.461337,False,0,0.885067,0,0,0,0,0,0,0,0,0,0,0,0,0,0,0,0,0,0,0,0,0,0,0,0,0,0,0,0,0,0,0,0,0,0
891f8d4568fffff,48.1394,11.3984,muenchen,True,0,,0,False,0.461337,False,0,0.885067,0,0,0,0,0,0,0,0,0,0,0,0,0,0,0,0,0,0,0,0,0,0,0,0,0,0,0,0,0,0,0,0,0,0
891f8d45693ffff,48.1442,11.3932,muenchen,True,0,,0,False,0.461337,False,0,0.885067,0,0,0,0,0,0,0,0,0,0,0,0,0,0,0,0,0,0,0,0,0,0,0,0,0,0,0,0,0,0,0,0,0,0
891f8d45697ffff,48.1446,11.3979,muenchen,True,0,,0,False,0.461337,False,0,0.885067,0,0,0,0,0,0,0,0,0,0,0,0,0,0,0,0,0,0,0,0,0,0,0,0,0,0,0,0,0,0,0,0,0,0
891f8d4569bffff,48.1414,11.3911,muenchen,True,0,,0,False,0.461337,False,0,0.885067,0,0,0,0,0,0,0,0,0,0,0,0,0,0,0,0,0,0,0,0,0,0,0,0,0,0,0,0,0,0,0,0,0,0
891f8d456a3ffff,48.1401,11.4078,muenchen,True,134,19.16,12,False,0.873134,False,17,0.863636,0,0,0,0,0,0,0,0,0,0,0,0,0,3,0,0,0,1,0,0,0,0,0,0,0,1,1,0,1,0,0,0,0,0
891f8d456a7ffff,48.1405,11.4125,muenchen,True,433,16.1729,129,False,0.534404,False,221,0.868182,0,0,0,0,0,0,0,0,0,0,0,0,0,0,0,0,0,0,0,0,0,0,0,0,0,0,3,0,0,0,0,0,0,0
891f8d456abffff,48.1374,11.4057,muenchen,True,0,,0,False,0.461337,False,0,0.885067,0,0,0,0,0,0,0,0,0,0,0,0,0,0,0,0,0,0,0,0,0,0,0,0,0,0,0,0,1,0,0,0,0,0
891f8d456afffff,48.1377,11.4104,muenchen,True,436,12.685,32,False,0.513825,False,52,0.775862,0,0,0,1,0,0,0,0,0,0,0,0,1,0,0,0,0,0,0,1,0,0,0,0,0,0,3,0,2,0,0,0,0,0
891f8d456b3ffff,48.1425,11.4052,muenchen,True,185,10.38,78,False,0.581152,False,78,0.769231,0,0,0,0,0,0,0,1,0,0,0,0,0,0,0,0,0,0,0,0,0,0,0,0,0,0,1,0,0,0,0,0,0,0
891f8d456b7ffff,48.1429,11.4099,muenchen,True,0,,0,False,0.461337,False,0,0.885067,0,0,0,0,0,0,0,2,0,1,2,0,0,2,0,0,0,1,0,1,0,0,0,0,0,0,5,0,1,0,0,0,0,0
891f8d456bbffff,48.1398,11.4031,muenchen,True,0,,0,False,0.461337,False,0,0.885067,0,0,0,0,0,0,0,0,0,0,0,0,0,0,0,0,0,0,0,0,0,0,0,0,0,0,1,0,0,0,0,0,0,0
891f8d456c3ffff,48.1359,11.3868,muenchen,False,703,12.3644,177,False,0.463097,False,322,0.829653,0,0,0,0,0,0,0,0,0,0,1,0,0,2,0,0,0,1,0,0,0,0,0,0,0,0,2,0,1,0,0,0,0,0
891f8d456c7ffff,48.1362,11.3915,muenchen,True,151,13.1215,13,False,0.440252,False,53,0.698113,0,0,0,0,0,0,0,0,0,0,0,0,0,0,0,0,0,0,0,0,0,0,0,0,0,0,0,0,0,0,0,0,0,0
891f8d456cbffff,48.1331,11.3847,muenchen,False,622,11.3646,141,False,0.360374,False,292,0.801471,0,0,0,0,0,0,0,0,0,0,1,0,0,0,0,0,0,0,0,0,0,0,0,0,0,0,0,0,0,0,0,0,0,0
891f8d456cfffff,48.1335,11.3894,muenchen,True,278,13.7702,49,False,0.385159,False,128,0.856,0,0,0,0,0,0,0,0,0,0,0,0,0,0,0,0,0,0,0,0,0,0,0,0,0,1,2,0,0,0,0,0,0,0
891f8d456d3ffff,48.1383,11.3842,muenchen,False,966,11.7864,288,False,0.45158,False,493,0.859213,0,0,0,0,0,0,0,0,0,0,0,0,0,0,0,0,0,0,0,0,0,0,0,0,0,0,0,0,1,0,0,0,0,0
891f8d456d7ffff,48.1387,11.3889,muenchen,False,938,11.186,244,False,0.401709,False,449,0.85023,0,0,0,0,0,0,0,0,0,0,0,0,0,0,0,0,0,0,0,0,0,0,0,0,0,0,0,0,0,0,0,0,0,0
891f8d456dbffff,48.1355,11.3821,muenchen,False,735,12.1212,165,False,0.36612,False,346,0.855114,0,0,0,0,0,0,0,0,0,0,0,0,0,1,0,0,0,0,0,0,0,0,0,0,0,0,1,0,0,0,0,0,0,0
891f8d45803ffff,48.125,11.5158,muenchen,True,370,12.2124,37,False,0.306011,False,157,0.788321,0,0,0,0,0,0,0,0,0,0,0,0,0,0,0,0,0,0,0,0,0,0,0,0,0,0,0,0,0,0,0,0,0,0
891f8d45807ffff,48.1254,11.5205,muenchen,True,171,13.7376,33,False,0.367089,False,90,0.916667,0,0,0,0,0,0,0,0,0,0,0,0,0,0,0,0,0,0,0,0,0,0,0,0,0,0,1,0,0,0,0,0,0,0
891f8d4580bffff,48.1222,11.5137,muenchen,True,12,11.4066,0,True,0.176471,False,5,0.885067,0,0,0,0,0,0,0,0,0,0,0,0,0,0,0,0,0,0,0,0,0,0,0,0,0,0,0,0,0,0,0,0,0,0
891f8d4580fffff,48.1226,11.5184,muenchen,True,101,11.68,32,False,0.45098,False,44,0.772727,0,0,0,0,0,0,0,0,0,0,0,0,0,0,0,0,0,0,0,0,0,0,0,0,0,0,0,0,0,0,0,0,0,0
891f8d45813ffff,48.1274,11.5132,muenchen,True,1088,12.0471,447,False,0.412352,False,630,0.901743,0,0,0,0,0,0,0,0,0,0,0,0,0,1,0,0,0,0,0,0,0,0,0,0,1,0,0,0,0,0,0,0,0,0
891f8d45817ffff,48.1278,11.518,muenchen,True,529,13.7094,160,False,0.394841,False,294,0.910072,0,0,0,0,0,0,0,0,0,0,0,0,0,1,0,0,0,0,0,0,0,0,0,0,0,0,0,0,0,0,0,0,0,0
891f8d4581bffff,48.1246,11.5111,muenchen,True,52,9.72,16,False,0.489362,False,24,0.823529,0,0,0,0,0,0,0,0,0,0,0,0,0,0,0,0,0,0,0,0,1,0,0,0,0,0,0,0,0,0,0,0,0,0
891f8d45823ffff,48.1233,11.5278,muenchen,True,0,,0,False,0.461337,False,0,0.885067,0,0,0,0,0,0,0,0,0,0,0,0,0,0,0,0,0,0,0,0,0,0,0,0,0,0,0,0,0,0,0,0,0,0
891f8d45827ffff,48.1237,11.5326,muenchen,True,1114,14.4821,477,False,0.543891,False,526,0.858209,0,0,0,0,0,0,0,1,0,0,1,0,0,0,0,0,0,0,0,0,0,0,0,0,0,0,2,0,4,0,0,0,0,0
891f8d4582bffff,48.1205,11.5257,muenchen,True,1742,9.44172,978,False,0.39531,False,1083,0.924284,0,0,0,0,0,0,0,1,0,0,0,0,0,0,0,0,0,0,0,0,0,0,0,0,0,0,0,0,2,0,0,0,0,0
891f8d4582fffff,48.1209,11.5304,muenchen,True,1843,11.3505,765,False,0.438985,False,1010,0.904856,0,0,0,0,0,0,0,0,0,0,1,0,0,1,0,0,0,0,0,0,1,0,0,0,0,0,0,0,4,0,0,0,0,0
891f8d45833ffff,48.1257,11.5253,muenchen,True,0,,0,False,0.461337,False,0,0.885067,0,0,0,0,0,0,0,0,0,0,0,0,0,1,3,0,0,0,0,0,1,0,0,0,0,0,0,0,0,0,0,0,0,0
891f8d45837ffff,48.1261,11.53,muenchen,True,237,11.2952,109,False,0.396476,False,152,0.961783,0,0,0,0,0,0,0,0,0,0,0,0,1,0,0,0,0,0,0,0,0,0,0,0,0,0,0,0,0,0,0,0,0,0
891f8d4583bffff,48.123,11.5231,muenchen,True,256,12.7908,117,False,0.460938,False,148,0.955696,0,0,0,0,0,0,0,0,0,0,0,0,0,0,0,0,0,0,0,0,0,0,0,0,0,0,0,0,0,0,0,0,0,0
891f8d45843ffff,48.1191,11.5069,muenchen,True,851,9.42415,265,False,0.33294,False,436,0.865297,0,0,0,0,0,0,0,0,0,0,0,0,0,0,0,0,0,0,0,0,0,0,0,0,0,0,0,0,0,0,0,0,0,0
891f8d45847ffff,48.1195,11.5116,muenchen,True,694,12.7105,139,False,0.369436,False,287,0.810127,0,0,0,0,0,0,0,0,0,0,0,0,0,0,0,0,0,0,0,0,0,0,0,0,0,0,0,0,0,0,0,0,0,0
891f8d4584bffff,48.1163,11.5048,muenchen,True,633,15.0527,166,False,0.408517,False,315,0.8875,0,0,0,0,0,0,0,0,0,0,0,0,0,1,0,0,0,0,0,0,0,0,0,0,0,0,1,0,1,0,0,0,0,0
891f8d4584fffff,48.1167,11.5095,muenchen,True,612,13.8646,142,False,0.365449,False,295,0.88,0,0,0,0,0,0,0,0,0,0,0,0,0,0,0,0,0,0,0,0,0,0,0,0,0,0,0,0,0,0,0,0,0,0
891f8d45853ffff,48.1215,11.5043,muenchen,True,193,13.9092,25,False,0.441341,False,92,0.73913,0,0,0,0,0,0,0,0,0,0,0,0,1,0,0,0,1,0,0,0,0,0,0,1,0,0,2,0,1,0,0,0,0,0
891f8d45857ffff,48.1219,11.509,muenchen,True,0,,0,False,0.461337,False,0,0.885067,0,0,0,0,0,0,0,0,0,0,0,0,0,1,1,0,0,0,0,0,1,0,0,0,0,0,0,0,0,0,0,0,0,0
891f8d4585bffff,48.1187,11.5022,muenchen,True,632,12.8598,160,False,0.425197,False,301,0.82392,0,0,0,0,0,0,0,1,0,0,0,0,0,1,0,0,0,0,0,0,0,0,0,0,0,0,0,0,0,0,0,0,0,0
891f8d45863ffff,48.1174,11.5189,muenchen,True,714,12.7027,346,False,0.49927,False,419,0.927536,0,0,0,0,0,0,0,1,0,0,1,0,0,0,0,0,0,0,0,0,0,0,0,0,0,0,2,0,0,0,0,0,0,0
891f8d45867ffff,48.1178,11.5236,muenchen,True,1044,15.4995,412,False,0.432099,False,601,0.919142,0,0,0,0,0,0,0,1,0,0,0,0,0,1,0,0,0,0,0,0,0,0,0,0,0,0,0,0,1,0,0,0,0,0
891f8d4586bffff,48.1146,11.5168,muenchen,True,739,9.69388,147,False,0.324658,False,262,0.911647,0,0,0,0,0,0,0,0,0,0,0,0,0,0,0,0,0,0,0,0,0,0,0,0,0,0,3,0,0,0,0,0,0,0
891f8d4586fffff,48.115,11.5215,muenchen,True,973,13.5122,471,False,0.565262,False,570,0.903945,0,0,0,1,0,0,0,0,0,0,0,0,0,0,0,0,0,0,0,0,0,0,0,1,0,0,2,0,0,0,0,0,0,0
891f8d45873ffff,48.1198,11.5163,muenchen,True,806,11.8002,318,False,0.403042,False,433,0.867133,0,0,0,1,0,0,0,0,0,0,0,0,0,1,0,0,0,0,0,0,0,0,0,0,0,0,2,0,1,0,0,0,0,0
891f8d45877ffff,48.1202,11.521,muenchen,True,2266,9.53072,926,False,0.415711,False,987,0.798799,0,0,0,0,0,0,0,0,0,0,0,0,1,0,0,0,0,0,0,0,0,0,0,0,0,0,0,0,0,0,0,0,0,0
891f8d4587bffff,48.117,11.5142,muenchen,True,757,12.3123,259,False,0.433333,False,422,0.867322,0,0,0,0,0,0,0,0,0,0,0,0,0,0,0,0,0,0,0,0,0,0,0,0,1,0,0,0,0,0,0,0,0,0
891f8d45883ffff,48.1326,11.5128,muenchen,True,1503,9.52973,631,False,0.383209,False,821,0.917375,0,0,0,0,0,0,0,0,0,0,0,0,0,0,0,0,0,0,0,0,0,0,0,0,0,0,0,0,0,0,0,0,0,0
891f8d45887ffff,48.133,11.5175,muenchen,True,614,6.28618,204,False,0.455574,False,192,0.824176,0,0,0,0,0,0,0,0,0,0,0,0,0,1,0,0,0,0,0,0,0,0,0,0,0,0,0,0,0,0,0,0,0,0
891f8d4588bffff,48.1298,11.5106,muenchen,True,1628,13.1064,676,False,0.484288,False,992,0.9182,0,0,0,0,0,0,0,2,0,0,1,0,0,0,1,0,0,0,0,0,0,0,0,0,0,0,0,0,0,0,0,0,0,0
891f8d4588fffff,48.1302,11.5154,muenchen,True,966,12.1136,283,False,0.413361,False,443,0.835165,0,0,0,0,0,0,0,0,0,0,0,0,0,1,0,0,0,0,0,0,1,0,0,0,1,0,0,0,0,0,0,0,0,0
891f8d45893ffff,48.135,11.5102,muenchen,True,1607,12.2934,747,False,0.463308,False,922,0.903784,0,0,0,0,0,0,0,0,0,0,1,0,0,1,1,0,0,0,0,0,0,0,0,0,1,0,0,0,2,0,0,0,0,0
891f8d45897ffff,48.1354,11.5149,muenchen,True,869,10.0513,430,False,0.434072,False,512,0.919075,0,0,0,0,0,0,0,0,0,0,0,0,0,0,0,0,0,0,0,0,0,0,0,0,2,0,4,0,0,0,0,0,0,0
891f8d4589bffff,48.1323,11.5081,muenchen,True,1465,11.363,797,False,0.431023,False,960,0.959459,0,0,0,0,0,0,0,0,0,0,0,0,0,0,0,0,0,0,0,0,0,0,0,0,0,0,0,0,0,0,0,0,0,0
891f8d458a3ffff,48.1309,11.5248,muenchen,True,3,11.9019,0,True,0.461337,True,3,1,0,0,0,0,0,0,0,0,0,0,0,0,0,1,0,0,0,0,0,0,0,0,0,0,0,0,0,1,0,0,0,0,0,0
891f8d458a7ffff,48.1313,11.5295,muenchen,True,196,7.09628,113,False,0.339901,False,113,0.859504,0,0,0,0,0,0,0,0,0,0,0,0,0,1,0,0,0,0,0,0,0,0,0,0,0,0,4,0,2,0,0,0,0,0
891f8d458abffff,48.1282,11.5227,muenchen,True,0,,0,False,0.461337,False,0,0.885067,0,0,0,0,0,0,0,0,0,0,0,0,1,1,0,0,0,0,0,0,0,0,0,0,0,0,1,0,1,0,0,0,0,0
891f8d458afffff,48.1285,11.5274,muenchen,True,0,,0,False,0.461337,False,0,0.885067,0,0,0,0,0,0,0,0,0,0,0,0,0,1,0,0,0,0,0,0,0,0,0,0,0,0,1,0,0,0,0,0,0,0
891f8d458b3ffff,48.1333,11.5222,muenchen,True,117,23.6264,77,False,0.823009,False,73,0.958904,0,0,0,0,0,0,0,1,0,0,2,0,0,0,0,0,0,0,0,0,0,0,0,0,1,0,3,0,6,2,0,0,0,0
891f8d458b7ffff,48.1337,11.5269,muenchen,True,260,21.5932,149,False,0.717647,False,157,0.957317,0,0,0,0,0,0,0,1,0,0,1,0,0,1,0,0,0,0,0,0,0,0,0,0,0,0,0,0,3,0,0,0,0,0
891f8d458bbffff,48.1306,11.5201,muenchen,True,197,14.14,139,False,0.446154,False,124,0.968254,0,0,0,0,0,0,0,0,0,0,0,0,1,0,0,0,0,0,0,0,0,0,0,0,0,0,0,0,2,0,0,1,0,0
891f8d458c3ffff,48.1267,11.5038,muenchen,True,968,10.6472,476,False,0.474006,False,523,0.883588,0,0,0,0,0,0,0,0,0,0,0,0,0,3,0,0,0,0,0,1,0,0,0,0,2,0,1,0,0,0,0,0,0,0
891f8d458c7ffff,48.1271,11.5085,muenchen,True,400,11.6756,149,False,0.464824,False,243,0.936709,0,0,0,0,0,0,0,0,0,0,0,0,0,0,0,0,0,0,0,0,0,0,0,0,1,0,1,0,0,0,0,0,0,0
891f8d458cbffff,48.1239,11.5017,muenchen,True,363,14.7184,81,False,0.412088,False,162,0.822086,0,0,0,0,0,0,0,0,0,0,0,0,0,0,0,0,0,0,0,0,0,0,0,0,0,0,1,0,1,0,0,0,0,0
891f8d458cfffff,48.1243,11.5064,muenchen,True,23,8.05,25,False,1,False,25,1,0,0,0,0,0,0,0,0,0,0,0,0,0,0,0,0,0,0,0,0,0,0,0,0,0,0,0,0,0,0,0,0,0,0
891f8d458d3ffff,48.1291,11.5012,muenchen,True,1428,8.07867,608,False,0.408805,False,640,0.821212,0,0,0,0,0,0,0,1,0,0,0,0,0,0,1,0,0,0,0,0,0,0,0,0,0,0,0,0,1,0,0,0,0,0
891f8d458d7ffff,48.1295,11.5059,muenchen,True,511,15.776,117,False,0.405242,False,233,0.821577,0,0,0,0,0,0,0,0,0,0,0,0,1,0,0,0,0,0,0,0,0,0,0,0,0,0,0,0,0,0,0,0,0,0
891f8d458dbffff,48.1263,11.4991,muenchen,True,1043,7.56366,492,False,0.444118,False,506,0.838264,0,0,0,0,0,0,0,0,0,0,0,0,0,1,0,0,0,0,0,0,0,0,0,0,3,0,0,0,0,0,0,0,0,0
891f8d45903ffff,48.1276,11.5488,muenchen,True,196,15.12,82,False,0.442211,False,112,0.866667,0,0,0,0,0,0,0,0,0,0,0,0,0,0,0,0,0,0,0,0,0,0,0,0,0,0,0,0,1,0,0,0,0,0
891f8d45907ffff,48.1279,11.5535,muenchen,True,1721,13.1955,901,False,0.520628,False,1027,0.904031,0,1,0,0,0,0,0,1,0,0,1,0,3,3,3,0,0,1,1,0,0,0,0,1,0,0,0,0,5,0,0,0,0,1
891f8d4590bffff,48.1248,11.5467,muenchen,True,861,14.9095,379,False,0.563095,False,521,0.948276,0,0,0,0,0,0,0,0,0,0,0,0,2,1,3,0,0,1,0,0,0,0,0,0,0,0,1,0,6,1,1,0,0,0
891f8d4590fffff,48.1251,11.5514,muenchen,True,1731,14.2729,941,False,0.611628,False,1139,0.941587,0,0,0,0,0,0,0,1,0,0,2,0,1,7,2,0,0,3,0,0,0,1,0,1,1,0,2,0,10,0,0,1,0,0
891f8d45913ffff,48.13,11.5462,muenchen,True,34,18.16,18,False,0.8,False,22,1,0,0,0,0,0,0,0,0,0,0,0,0,0,0,0,0,0,0,0,0,0,0,0,0,0,0,0,0,0,0,0,0,0,0
891f8d45917ffff,48.1303,11.5509,muenchen,True,0,,0,False,0.461337,False,0,0.885067,0,0,0,0,0,0,0,0,0,0,0,0,0,0,0,0,0,0,0,0,0,0,0,0,0,0,0,0,0,0,0,0,0,0
891f8d4591bffff,48.1272,11.5441,muenchen,True,1018,10.0957,361,False,0.45069,False,434,0.778802,0,0,0,0,0,0,0,0,0,0,2,0,1,0,0,0,0,0,0,0,0,0,0,0,0,0,4,1,4,0,0,0,0,0
891f8d45923ffff,48.1259,11.5608,muenchen,True,1486,14.8092,810,False,0.53311,False,933,0.934054,0,0,0,0,0,0,0,1,0,0,0,0,1,7,2,0,0,0,1,0,0,0,0,1,0,0,3,0,1,0,0,0,0,0
891f8d45927ffff,48.1262,11.5655,muenchen,True,764,14.8683,413,False,0.502571,False,487,0.920732,0,1,0,0,0,0,0,0,0,0,0,0,0,0,2,0,1,1,0,0,0,0,0,0,0,0,0,0,1,0,0,0,0,0
891f8d4592bffff,48.1231,11.5587,muenchen,True,951,13.1676,452,False,0.502634,False,600,0.926789,0,0,0,2,0,2,0,1,0,4,0,0,1,4,3,0,0,0,0,0,0,0,0,0,0,0,1,0,3,0,0,0,0,0
891f8d4592fffff,48.1234,11.5634,muenchen,True,1122,15.8857,286,False,0.422498,False,453,0.872146,0,0,0,0,0,0,0,1,0,0,0,0,0,4,2,0,0,0,0,1,0,1,0,1,0,0,0,0,1,0,0,0,0,0
891f8d45933ffff,48.1283,11.5582,muenchen,True,2005,14.8375,926,False,0.583582,False,1123,0.919164,0,0,0,0,0,0,0,1,0,1,6,0,8,10,3,1,2,0,1,2,0,1,0,1,1,0,3,0,6,0,0,0,0,0
891f8d45937ffff,48.1286,11.5629,muenchen,True,1916,16.4191,786,False,0.562698,False,1156,0.921943,0,0,0,0,0,0,0,1,0,0,1,0,0,3,2,0,0,1,0,1,0,0,0,0,0,0,2,0,4,0,0,0,0,0
891f8d4593bffff,48.1255,11.5561,muenchen,True,1738,14.6386,917,False,0.593519,False,1080,0.921947,0,0,0,0,0,0,0,2,0,0,3,0,2,6,2,0,0,0,0,1,0,0,0,0,0,0,0,0,5,0,0,0,0,0
891f8d45943ffff,48.1216,11.5399,muenchen,True,1379,12.521,629,False,0.506637,False,758,0.89747,1,1,0,0,0,0,0,0,0,0,0,0,3,6,3,0,0,0,0,1,1,0,0,2,0,0,2,0,5,0,1,0,0,0
891f8d45947ffff,48.122,11.5446,muenchen,True,2321,13.0579,1017,False,0.536752,False,1319,0.902347,0,0,0,0,0,0,0,0,0,0,0,0,3,8,1,2,0,2,0,3,0,1,0,2,0,0,3,0,22,0,0,0,0,0
891f8d4594bffff,48.1189,11.5377,muenchen,True,1405,10.2637,644,False,0.482807,False,728,0.906465,0,0,0,0,0,0,0,0,0,0,1,0,0,1,0,0,0,0,1,0,0,0,0,0,0,1,0,1,5,0,0,0,0,0
891f8d4594fffff,48.1192,11.5424,muenchen,True,3230,10.9867,1667,False,0.469501,False,1780,0.911665,0,0,0,0,0,0,0,0,0,0,0,0,2,3,1,0,1,3,1,1,1,1,0,1,0,0,1,0,12,0,1,0,0,0
891f8d45953ffff,48.124,11.5373,muenchen,True,3091,11.0319,1355,False,0.478163,False,1630,0.899939,0,0,0,0,0,0,0,0,0,0,0,0,0,0,0,0,0,0,0,0,0,0,0,0,0,0,0,0,3,0,0,0,0,0
891f8d45957ffff,48.1244,11.542,muenchen,True,1713,12.4312,785,False,0.512324,False,941,0.903226,0,0,0,0,0,0,0,1,0,0,1,0,0,3,1,0,0,0,0,1,0,0,0,0,0,0,3,0,5,0,0,0,0,0
891f8d4595bffff,48.1213,11.5351,muenchen,True,1905,13.5096,965,False,0.560399,False,1132,0.911972,0,0,0,0,0,0,0,1,0,1,0,0,2,2,1,1,0,1,0,0,0,1,0,0,0,0,2,0,12,0,0,0,0,0
891f8d45963ffff,48.1199,11.5519,muenchen,True,566,15.4966,238,False,0.493601,False,320,0.888889,0,0,0,0,0,0,0,0,2,0,1,1,2,2,1,0,0,0,0,0,0,1,1,0,0,0,1,0,4,0,0,0,0,0
891f8d45967ffff,48.1203,11.5566,muenchen,True,722,13.056,306,False,0.52982,False,386,0.893617,0,0,0,0,0,0,0,1,0,0,0,0,1,6,4,0,0,0,0,0,1,0,0,0,0,0,4,0,1,0,0,0,0,0
891f8d4596bffff,48.1172,11.5497,muenchen,True,1552,11.3533,718,False,0.463083,False,833,0.880145,0,0,0,0,0,0,0,0,0,1,1,0,0,3,0,0,0,0,0,1,0,0,0,0,0,0,1,0,3,0,0,0,0,0
891f8d4596fffff,48.1175,11.5545,muenchen,True,235,10.68,70,False,0.419492,False,98,0.798077,0,0,0,0,0,1,0,0,0,0,0,0,0,1,0,0,1,0,0,0,0,0,0,0,0,0,0,0,3,0,0,0,0,0
891f8d45973ffff,48.1224,11.5493,muenchen,True,1528,15.1815,664,False,0.611037,False,918,0.934569,0,0,0,0,0,1,0,5,0,1,1,0,2,1,0,0,0,0,0,1,0,0,1,0,0,0,1,0,5,0,0,0,0,1
891f8d45977ffff,48.1227,11.554,muenchen,True,693,11.3612,259,False,0.692308,False,294,0.942953,0,0,0,0,0,0,0,0,0,0,1,0,0,3,1,0,0,1,0,0,2,0,0,0,0,1,2,0,1,0,0,0,0,0
891f8d4597bffff,48.1196,11.5472,muenchen,True,2729,12.1777,1296,False,0.513085,False,1405,0.891608,0,0,0,0,0,0,0,0,0,0,4,0,0,4,2,0,0,2,1,0,0,0,0,0,1,0,2,0,5,0,0,0,0,0
891f8d45983ffff,48.1352,11.5457,muenchen,True,1752,14.2551,970,False,0.586895,False,1115,0.931777,0,0,0,0,0,1,0,1,0,0,0,0,1,6,3,0,0,0,0,1,0,1,0,0,0,0,1,0,9,0,0,0,0,0
891f8d45987ffff,48.1355,11.5504,muenchen,True,364,13.6652,188,False,0.588068,False,220,0.957944,0,0,0,0,0,0,0,0,0,0,0,0,0,1,0,0,0,0,0,0,0,0,0,0,1,0,0,0,1,0,0,0,0,0
891f8d4598bffff,48.1324,11.5436,muenchen,True,168,10.87,20,False,0.450292,False,80,0.808219,0,0,0,0,0,0,0,1,0,0,1,0,1,4,2,0,0,0,1,1,0,1,0,0,0,0,0,0,5,0,0,0,0,0
891f8d4598fffff,48.1327,11.5483,muenchen,True,0,,0,False,0.461337,False,0,0.885067,0,0,0,0,0,0,0,0,0,0,0,0,0,0,0,0,0,0,0,0,0,0,0,0,0,0,1,0,1,0,0,0,0,0
891f8d45993ffff,48.1376,11.5431,muenchen,True,2620,13.401,1312,False,0.603265,False,1527,0.921018,0,0,0,0,0,0,0,1,0,0,2,0,3,9,7,1,0,3,0,2,1,4,0,1,0,0,0,0,6,2,1,0,0,0
891f8d45997ffff,48.1379,11.5478,muenchen,True,1176,13.9668,700,False,0.557461,False,782,0.943372,0,1,1,1,0,0,0,2,0,1,2,0,1,8,0,1,0,4,0,2,0,1,0,0,1,0,0,0,7,0,1,0,0,0
891f8d4599bffff,48.1348,11.541,muenchen,True,2311,11.1811,1254,False,0.551394,False,1369,0.902687,0,1,0,0,0,1,0,1,0,1,4,0,5,9,2,0,0,0,0,2,1,1,0,0,1,0,1,0,5,0,1,0,0,0
891f8d459a3ffff,48.1335,11.5577,muenchen,True,475,13.7235,208,False,0.523305,False,276,0.907473,0,0,0,0,0,0,0,0,0,0,0,0,1,3,1,1,0,0,0,0,0,0,1,1,0,0,1,0,7,0,0,0,0,0
891f8d459a7ffff,48.1338,11.5624,muenchen,True,495,20.9274,349,False,0.63189,False,429,0.981818,0,0,0,0,0,0,0,0,0,0,1,0,0,2,0,0,0,0,0,0,0,0,1,0,0,0,0,1,3,0,0,0,0,0
891f8d459abffff,48.1307,11.5556,muenchen,True,936,15.6988,463,False,0.624731,False,561,0.943327,0,0,0,0,0,0,0,1,0,0,0,0,0,1,0,0,0,0,0,1,1,0,0,0,0,0,0,0,4,0,0,0,0,0
891f8d459afffff,48.1311,11.5603,muenchen,True,555,14.6107,248,False,0.616756,False,315,0.91875,0,0,0,0,0,0,0,0,0,0,0,0,1,3,3,0,0,2,0,0,0,0,0,0,0,0,2,0,1,0,0,1,0,0
891f8d459b3ffff,48.1359,11.5551,muenchen,True,1339,14.9843,642,False,0.612613,False,781,0.921519,0,0,0,0,0,0,0,0,0,0,0,0,4,7,2,0,1,2,0,0,0,0,0,0,0,0,1,0,8,1,0,0,0,0
891f8d459b7ffff,48.1362,11.5598,muenchen,True,1083,18.2617,577,False,0.666667,False,722,0.933243,0,0,0,0,0,0,0,9,0,0,3,0,5,12,1,0,0,3,0,1,3,0,0,0,0,0,0,1,4,2,2,2,0,0
891f8d459bbffff,48.1331,11.553,muenchen,True,160,12.9515,67,False,0.52795,False,85,0.836957,0,0,0,0,0,0,0,0,0,0,0,0,0,0,0,0,0,0,0,0,0,0,0,0,0,0,0,0,3,0,0,0,0,0
891f8d459c3ffff,48.1292,11.5368,muenchen,True,248,10.9448,134,False,0.472222,False,155,0.908497,0,0,0,0,0,0,0,0,0,0,1,0,0,1,1,0,0,0,0,0,0,0,0,1,0,0,1,0,10,0,0,0,0,0
891f8d459c7ffff,48.1296,11.5415,muenchen,True,1326,11.1138,454,False,0.417989,False,566,0.756477,0,0,0,0,0,0,0,0,0,0,0,0,0,1,0,0,0,0,0,0,0,0,0,0,0,0,0,0,0,0,0,0,0,0
891f8d459cbffff,48.1265,11.5347,muenchen,True,874,11.4225,413,False,0.505747,False,450,0.872527,0,0,0,0,0,0,0,0,0,0,0,0,0,0,0,0,0,0,0,0,0,0,0,0,0,0,3,0,2,0,0,0,0,0
891f8d459cfffff,48.1268,11.5394,muenchen,True,1381,11.4047,721,False,0.531159,False,832,0.904028,0,0,0,0,0,0,0,0,0,0,1,0,1,0,0,0,0,0,0,0,0,0,1,0,0,0,4,0,1,0,0,0,0,0
891f8d459d3ffff,48.1317,11.5342,muenchen,True,646,15.3337,316,False,0.632375,False,433,0.960373,0,0,0,0,0,0,0,2,0,0,0,0,1,2,0,0,0,0,0,0,0,0,0,0,0,0,0,0,9,0,0,0,0,0
891f8d459d7ffff,48.132,11.5389,muenchen,True,1533,13.8991,770,False,0.475722,False,882,0.891705,1,0,0,0,0,0,0,0,0,0,0,0,3,1,0,0,0,0,0,0,0,0,1,0,0,0,3,0,2,0,0,0,0,0
891f8d459dbffff,48.1289,11.5321,muenchen,True,926,6.61459,386,False,0.35262,False,386,0.759591,0,0,0,0,0,0,0,0,0,0,1,0,0,1,0,0,0,0,0,2,0,1,0,0,0,0,0,0,7,0,0,0,0,0
891f8d45a03ffff,48.1056,11.501,muenchen,True,357,12.2883,234,False,0.597734,False,234,0.957265,0,0,0,0,0,0,0,0,0,0,0,0,0,0,0,0,0,0,0,0,0,0,0,0,0,0,0,0,0,0,0,0,0,0
891f8d45a07ffff,48.1059,11.5057,muenchen,True,1657,11.7977,714,False,0.554407,False,930,0.869703,0,0,0,0,0,0,0,0,0,0,0,0,0,0,0,0,0,0,0,0,0,0,0,0,0,0,0,0,2,0,0,0,0,0
891f8d45a0bffff,48.1028,11.4989,muenchen,True,0,,0,False,0.461337,False,0,0.885067,0,0,0,0,0,0,0,0,0,0,0,0,0,0,0,0,0,0,0,0,0,0,0,0,0,0,0,0,0,0,0,0,0,0
891f8d45a0fffff,48.1031,11.5036,muenchen,True,242,11.2449,94,False,0.516,False,97,0.752475,0,0,0,0,0,0,0,0,0,0,0,0,0,0,0,0,0,0,0,0,0,0,0,0,0,0,0,0,0,0,0,0,0,0
891f8d45a13ffff,48.108,11.4984,muenchen,True,0,,0,False,0.461337,False,0,0.885067,0,0,0,0,0,0,0,0,0,0,0,0,0,0,0,0,0,0,0,0,0,0,0,0,0,0,0,0,0,0,0,0,0,0
891f8d45a17ffff,48.1083,11.5032,muenchen,True,462,14.5673,200,False,0.512195,False,268,0.904255,0,0,0,0,0,0,0,1,0,0,1,0,0,1,0,0,0,0,1,0,0,0,0,0,0,0,2,0,2,0,0,0,0,0
891f8d45a1bffff,48.1052,11.4963,muenchen,True,0,,0,False,0.461337,False,0,0.885067,0,0,0,0,0,0,0,0,0,0,0,0,0,0,0,0,0,0,0,0,0,0,0,0,0,0,0,0,0,0,0,0,0,0
891f8d45a23ffff,48.1039,11.513,muenchen,True,3,12.8083,0,True,1,False,0,0.885067,0,0,0,0,0,0,0,0,0,0,0,0,0,0,0,0,0,0,0,0,0,0,0,0,0,0,0,0,0,0,0,0,0,0
891f8d45a27ffff,48.1042,11.5178,muenchen,True,93,13.9231,13,False,0.380435,False,34,0.605263,0,0,0,0,0,0,0,0,0,0,0,0,0,1,0,0,0,0,0,0,0,0,0,0,0,0,2,0,0,0,0,0,0,0
891f8d45a2bffff,48.1011,11.5109,muenchen,True,285,18.0483,64,False,0.466431,False,137,0.837209,0,0,0,0,0,0,0,0,0,0,0,0,0,0,0,0,0,0,0,0,0,0,0,0,0,0,2,0,0,0,0,0,0,0
891f8d45a2fffff,48.1015,11.5156,muenchen,True,531,12.815,199,False,0.428037,False,244,0.87013,0,0,0,0,0,0,0,0,0,0,0,0,0,0,0,0,0,0,0,0,0,0,0,0,0,0,0,0,0,0,0,0,0,0
891f8d45a33ffff,48.1063,11.5105,muenchen,True,370,12.9162,119,False,0.536842,False,156,0.76129,0,0,0,0,0,0,0,0,0,0,0,0,0,0,0,0,0,0,0,0,0,0,0,0,0,0,0,0,0,0,0,0,0,0
891f8d45a37ffff,48.1066,11.5152,muenchen,True,304,13.4567,64,False,0.372014,False,134,0.897638,0,0,0,0,0,0,0,0,0,0,0,0,0,0,0,0,0,0,0,0,0,0,0,0,0,0,0,0,0,0,0,0,0,0
891f8d45a3bffff,48.1035,11.5083,muenchen,True,0,,0,False,0.461337,False,0,0.885067,0,0,0,0,0,0,0,0,0,0,0,0,0,0,0,0,0,0,0,1,0,0,0,0,0,0,0,0,0,0,0,0,0,0
891f8d45a43ffff,48.0996,11.4921,muenchen,True,0,,0,False,0.461337,False,0,0.885067,0,0,0,0,0,0,0,0,0,0,0,0,0,0,0,0,0,0,0,0,0,0,0,0,0,0,0,0,0,0,0,0,0,0
891f8d45a47ffff,48.1,11.4968,muenchen,True,819,14.7076,319,False,0.472793,False,482,0.91858,0,0,0,0,0,0,0,0,0,0,0,0,0,0,0,0,0,0,0,0,0,0,0,0,0,0,0,0,0,0,0,0,0,0
891f8d45a4bffff,48.0968,11.49,muenchen,True,112,12.59,6,False,0.45614,False,30,0.53125,0,0,0,0,0,0,0,0,0,0,0,0,0,0,0,0,0,0,0,0,0,0,0,0,0,0,0,0,0,0,0,0,0,0
891f8d45a4fffff,48.0972,11.4947,muenchen,True,1126,12.1807,597,False,0.492933,False,689,0.928047,0,0,0,0,0,0,0,0,0,0,0,0,0,0,0,0,0,0,0,0,0,0,0,0,0,0,0,0,0,0,0,0,0,0
891f8d45a53ffff,48.102,11.4895,muenchen,True,0,,0,False,0.461337,False,0,0.885067,0,0,0,0,0,0,0,0,0,0,0,0,0,0,0,0,0,0,1,0,0,0,0,0,0,0,0,0,0,0,0,0,0,0
891f8d45a57ffff,48.1024,11.4942,muenchen,True,0,,0,False,0.461337,False,0,0.885067,0,0,0,0,0,0,0,0,0,0,0,0,0,0,0,0,0,0,0,0,0,0,0,0,0,0,0,0,0,0,0,0,0,0
891f8d45a5bffff,48.0993,11.4874,muenchen,True,0,,0,False,0.461337,False,0,0.885067,0,0,0,0,0,0,0,0,0,0,0,0,0,0,0,0,0,0,0,0,0,0,0,0,0,0,0,0,0,0,0,0,0,0
891f8d45a63ffff,48.0979,11.5041,muenchen,True,626,14.3522,167,False,0.407975,False,309,0.898601,0,0,0,0,0,0,0,0,0,0,0,0,0,0,0,0,0,0,0,0,0,0,0,0,0,0,0,0,0,0,0,0,0,0
891f8d45a67ffff,48.0983,11.5088,muenchen,True,1564,13.2136,679,False,0.53601,False,797,0.878446,0,0,0,0,0,0,0,0,0,0,1,0,1,1,0,0,0,1,0,0,0,0,0,0,0,0,4,0,1,0,0,0,0,0
891f8d45a6bffff,48.0952,11.502,muenchen,True,614,13.0576,150,False,0.284779,False,310,0.92,0,0,0,0,0,0,0,0,0,0,0,0,0,0,0,0,0,0,0,0,0,0,0,0,0,0,3,0,1,0,0,0,0,0
891f8d45a6fffff,48.0955,11.5067,muenchen,True,735,14.3103,352,False,0.672677,False,462,0.973799,0,0,0,0,0,0,0,1,0,0,0,0,0,2,0,0,0,1,0,0,0,0,0,0,0,0,1,0,1,0,0,0,0,0
891f8d45a73ffff,48.1004,11.5015,muenchen,True,816,17.4909,397,False,0.492362,False,512,0.944664,0,0,0,0,0,0,0,0,0,0,0,0,0,0,0,0,0,0,0,0,0,0,0,0,0,0,0,0,1,0,0,0,0,0
891f8d45a77ffff,48.1007,11.5062,muenchen,True,66,11.63,26,False,0.455882,False,35,1,0,0,0,0,0,0,0,0,0,0,0,0,0,0,0,0,0,0,0,0,0,0,0,0,0,0,0,0,0,0,0,0,0,0
891f8d45a7bffff,48.0976,11.4994,muenchen,True,909,11.6143,273,False,0.381375,False,482,0.886364,0,0,0,0,0,0,0,0,0,0,0,0,0,1,0,0,0,0,0,0,0,0,0,0,0,0,0,0,0,0,0,0,0,0
891f8d45a83ffff,48.1132,11.498,muenchen,True,648,13.3943,204,False,0.45933,False,324,0.906667,0,0,0,0,0,0,0,0,0,0,0,0,0,0,0,0,0,0,0,0,0,0,0,0,0,0,0,0,1,0,0,0,0,0
891f8d45a87ffff,48.1135,11.5027,muenchen,True,783,15.4209,335,False,0.539642,False,457,0.889625,0,0,0,0,0,1,0,0,0,0,1,0,1,3,0,0,0,0,0,0,0,0,0,0,0,0,5,0,0,0,0,0,0,0
891f8d45a8bffff,48.1104,11.4959,muenchen,True,0,,0,False,0.461337,False,0,0.885067,0,0,0,0,0,0,0,0,0,0,0,0,0,0,0,0,0,0,0,0,0,0,0,0,0,0,1,0,0,0,0,0,0,0
891f8d45a8fffff,48.1107,11.5006,muenchen,True,220,13.611,98,False,0.650718,False,128,0.932331,0,0,0,0,0,0,0,0,0,0,0,0,0,0,0,0,0,0,2,0,0,0,0,0,0,0,1,0,1,0,0,0,0,0
891f8d45a93ffff,48.1156,11.4954,muenchen,True,727,12.7737,251,False,0.396359,False,373,0.889189,0,0,0,0,0,0,0,0,0,0,0,0,0,0,0,0,0,0,0,0,0,0,0,0,0,0,2,0,0,0,0,0,0,0
891f8d45a97ffff,48.1159,11.5001,muenchen,True,485,13.9562,115,False,0.439673,False,252,0.870445,0,0,0,0,0,0,0,1,0,0,1,0,0,1,1,0,0,1,0,0,0,0,0,0,1,0,2,0,0,0,0,0,0,0
891f8d45a9bffff,48.1128,11.4933,muenchen,True,545,14.0206,109,False,0.407678,False,250,0.800766,0,0,0,0,0,0,0,0,0,0,0,0,0,0,0,0,0,0,0,0,0,0,0,0,0,0,2,0,2,0,0,0,0,0
891f8d45aa3ffff,48.1115,11.51,muenchen,True,898,12.512,301,False,0.418478,False,457,0.845638,0,0,0,0,0,0,0,0,0,0,0,0,0,0,0,0,0,0,0,0,0,0,0,0,0,0,1,0,0,0,0,0,0,0
891f8d45aa7ffff,48.1118,11.5147,muenchen,True,939,14.6284,427,False,0.513771,False,542,0.898917,0,0,0,0,0,0,0,0,0,0,0,0,0,1,0,0,0,0,0,0,0,0,0,0,0,0,2,0,1,1,0,0,0,0
891f8d45aabffff,48.1087,11.5079,muenchen,True,242,13.9341,70,False,0.4,False,107,0.8,0,0,0,0,0,0,0,0,0,0,0,0,0,1,1,0,0,0,0,0,0,0,0,0,0,0,0,0,0,0,0,0,0,0
891f8d45aafffff,48.1091,11.5126,muenchen,True,1076,12.6627,388,False,0.485481,False,511,0.835317,0,0,0,0,0,0,0,0,0,0,0,0,0,1,0,0,0,0,0,0,0,0,0,0,0,0,0,0,0,0,0,0,0,0
891f8d45ab3ffff,48.1139,11.5074,muenchen,True,809,16.9783,305,False,0.474359,False,450,0.88521,0,0,0,0,0,0,0,0,0,1,0,0,1,0,0,1,0,1,0,0,0,0,0,0,0,0,1,0,1,0,0,0,0,0
891f8d45ab7ffff,48.1143,11.5121,muenchen,True,565,13.1284,202,False,0.457961,False,277,0.83274,0,0,0,1,0,0,0,1,0,0,0,0,0,0,0,0,0,0,0,0,0,0,0,0,0,0,0,0,0,0,0,0,0,0
891f8d45abbffff,48.1111,11.5053,muenchen,True,427,13.5777,171,False,0.452436,False,244,0.938017,0,0,0,0,0,0,0,0,0,0,0,0,1,1,1,0,0,1,1,0,0,0,0,0,0,0,0,0,1,0,0,0,0,0
891f8d45ac3ffff,48.1072,11.489,muenchen,True,427,13.5535,83,False,0.345178,False,178,0.755319,0,0,0,0,0,0,0,0,0,0,0,0,0,0,0,0,0,0,0,0,0,0,0,0,0,0,2,0,0,0,0,0,0,0
891f8d45ac7ffff,48.1076,11.4937,muenchen,True,0,,0,False,0.461337,False,0,0.885067,0,0,0,0,0,0,0,0,0,0,0,0,0,0,0,0,0,0,0,0,0,0,0,0,0,0,0,0,0,0,0,0,0,0
891f8d45acbffff,48.1045,11.4869,muenchen,True,430,14.6875,51,False,0.335859,False,188,0.773481,0,0,0,0,0,0,0,0,0,0,0,0,0,0,0,0,0,0,1,0,0,0,0,0,0,0,2,0,1,0,0,0,0,0
891f8d45acfffff,48.1048,11.4916,muenchen,True,0,,0,False,0.461337,False,0,0.885067,0,0,0,0,0,0,0,0,0,0,0,0,0,0,0,0,0,0,0,0,0,0,0,0,0,0,0,0,0,0,0,0,0,0
891f8d45ad3ffff,48.1097,11.4864,muenchen,True,396,13.3835,71,False,0.325123,False,190,0.889447,0,0,0,0,0,0,0,0,0,0,0,0,0,0,0,0,0,0,0,0,0,0,0,0,0,0,0,0,0,0,0,0,0,0
891f8d45ad7ffff,48.11,11.4911,muenchen,True,337,13.626,72,False,0.349727,False,162,0.839744,0,0,0,0,0,0,0,0,0,0,0,0,0,0,0,0,0,0,0,0,0,0,0,0,0,0,0,0,0,0,0,0,0,0
891f8d45adbffff,48.1069,11.4843,muenchen,True,583,14.2911,94,False,0.358932,False,229,0.77561,0,0,0,0,0,0,0,0,0,0,0,0,0,0,0,0,0,0,0,0,0,0,0,0,0,0,0,0,0,0,0,0,0,0
891f8d45b03ffff,48.1081,11.534,muenchen,True,1571,9.20314,672,False,0.492084,False,794,0.8375,0,0,0,0,0,0,0,1,0,0,0,0,1,0,0,0,0,0,0,0,0,0,0,0,0,1,1,0,0,0,0,0,0,0
891f8d45b07ffff,48.1085,11.5387,muenchen,True,1099,13.2625,442,False,0.604714,False,591,0.910473,0,0,0,0,0,0,0,0,0,0,0,0,2,3,2,0,0,0,0,0,0,0,0,0,0,0,0,0,8,0,0,0,0,0
891f8d45b0bffff,48.1053,11.5319,muenchen,True,528,7.93403,236,False,0.395948,False,304,0.910543,0,0,0,0,0,0,0,0,0,1,1,0,0,0,0,0,0,0,0,0,0,0,0,0,0,0,2,0,0,0,0,0,0,0
891f8d45b0fffff,48.1057,11.5366,muenchen,True,1117,14.2276,360,False,0.52805,False,564,0.873857,0,0,0,0,0,0,0,1,0,1,0,0,1,1,0,0,0,0,0,0,0,0,0,0,0,0,0,0,5,0,0,0,0,0
891f8d45b13ffff,48.1105,11.5314,muenchen,True,1968,11.4834,1083,False,0.4652,False,1155,0.91717,0,0,0,0,0,0,0,1,0,0,0,0,0,0,1,0,0,0,0,0,0,0,0,0,0,0,0,0,1,0,0,0,0,0
891f8d45b17ffff,48.1109,11.5361,muenchen,True,1567,11.9905,559,False,0.500643,False,756,0.852332,0,0,0,0,0,0,0,0,0,0,1,0,0,0,1,0,0,0,0,0,0,0,0,0,0,0,1,0,1,0,0,0,0,0
891f8d45b1bffff,48.1077,11.5293,muenchen,True,1051,12.0925,393,False,0.366604,False,617,0.920255,0,0,0,0,0,0,0,0,0,0,0,0,0,1,0,0,0,1,0,0,0,0,0,0,0,0,0,0,0,0,0,0,0,0
891f8d45b23ffff,48.1064,11.546,muenchen,True,741,14.5692,312,False,0.487968,False,449,0.94533,0,0,0,0,0,0,0,0,0,0,0,0,0,1,0,0,0,0,0,0,0,0,0,0,0,0,0,0,0,0,0,0,0,0
891f8d45b27ffff,48.1068,11.5507,muenchen,True,338,12.5947,174,False,0.521739,False,205,0.943005,0,0,0,0,0,0,0,0,0,0,0,0,0,0,0,0,0,0,0,0,0,0,0,0,0,0,0,0,0,0,0,0,0,0
891f8d45b2bffff,48.1036,11.5439,muenchen,True,2288,13.7466,1107,False,0.537281,False,1429,0.941093,0,0,0,0,0,0,0,0,0,0,1,0,0,4,1,0,0,0,0,0,0,0,0,1,1,0,0,0,2,0,0,0,0,0
891f8d45b2fffff,48.104,11.5486,muenchen,True,1524,15.1808,884,False,0.515471,False,983,0.938776,0,0,0,0,0,0,0,0,0,0,0,0,0,1,0,0,0,0,0,0,0,0,0,0,0,0,0,0,1,0,0,0,0,0
891f8d45b33ffff,48.1088,11.5434,muenchen,True,138,15.5172,67,False,0.534722,False,84,0.966667,0,0,0,0,0,0,0,0,0,0,0,0,0,0,0,0,0,0,0,0,0,0,0,0,0,0,0,0,0,0,0,0,0,0
891f8d45b37ffff,48.1092,11.5481,muenchen,True,665,10.8992,321,False,0.385757,False,419,0.929782,0,0,0,0,0,0,0,0,0,0,0,0,0,0,0,0,0,0,0,0,0,0,0,0,0,0,0,0,0,0,0,0,0,0
891f8d45b3bffff,48.106,11.5413,muenchen,True,330,15.2164,102,False,0.417417,False,155,0.944444,0,0,0,0,0,0,0,0,0,0,0,0,0,0,0,0,0,0,0,0,0,0,0,0,0,0,2,0,0,0,0,0,0,0
891f8d45b43ffff,48.1022,11.5251,muenchen,True,1034,10.9909,453,False,0.421053,False,539,0.946097,0,0,0,0,0,0,0,1,0,0,0,0,0,0,0,0,0,0,0,0,0,0,0,0,0,0,2,0,3,0,0,0,0,0
891f8d45b47ffff,48.1025,11.5298,muenchen,True,147,16.4871,98,False,0.539568,False,103,0.940594,1,0,0,1,0,0,0,1,1,0,2,0,1,1,0,0,0,1,0,2,0,0,0,0,0,0,2,0,7,0,0,0,0,0
891f8d45b4bffff,48.0994,11.5229,muenchen,True,604,9.54565,363,False,0.445545,False,422,0.966265,0,0,0,0,0,0,0,1,0,0,1,0,0,0,0,0,0,1,0,0,0,0,0,1,0,0,5,0,2,0,1,0,0,0
891f8d45b4fffff,48.0998,11.5276,muenchen,True,807,14.3305,454,False,0.653701,False,483,0.944099,0,1,0,0,0,0,0,1,0,1,3,0,0,3,1,0,1,1,0,0,0,0,0,1,0,0,3,0,6,0,1,0,0,0
891f8d45b53ffff,48.1046,11.5225,muenchen,True,377,13.7251,78,False,0.379487,False,179,0.818182,0,0,0,0,0,0,0,0,0,0,0,0,0,0,0,0,0,0,0,0,0,0,0,0,0,0,0,0,0,0,0,0,0,0
891f8d45b57ffff,48.105,11.5272,muenchen,True,390,13.6217,59,False,0.319899,False,152,0.72561,0,0,0,0,0,0,0,0,0,0,0,0,0,0,0,0,0,0,0,0,0,0,0,0,0,0,0,0,0,0,0,0,0,0
891f8d45b5bffff,48.1018,11.5203,muenchen,True,1073,11.4607,540,False,0.428172,False,601,0.918963,0,0,0,0,0,0,0,0,0,0,0,0,0,0,0,0,0,0,0,0,0,0,0,0,0,0,0,0,0,0,0,0,0,0
891f8d45b63ffff,48.1005,11.5371,muenchen,True,1061,16.5702,490,False,0.558712,False,641,0.933858,0,0,0,0,0,0,0,0,0,0,1,0,0,1,0,0,0,0,0,0,0,0,0,0,0,0,3,0,1,0,0,0,0,0
891f8d45b67ffff,48.1009,11.5418,muenchen,True,980,13.7634,379,False,0.525826,False,526,0.889513,0,0,0,0,0,0,0,0,0,0,0,0,0,0,0,0,0,0,0,0,0,0,0,1,0,0,0,0,0,0,0,0,0,0
891f8d45b6bffff,48.0977,11.5349,muenchen,True,298,11.7963,201,False,0.624573,False,211,0.985577,0,0,0,0,0,0,0,0,0,0,1,0,0,0,0,0,0,0,0,0,0,0,0,0,1,0,0,0,7,0,0,0,0,0
891f8d45b6fffff,48.0981,11.5396,muenchen,True,1456,14.9977,549,False,0.518493,False,845,0.92832,0,0,0,0,0,0,0,0,0,0,0,0,0,1,1,0,0,0,0,0,0,0,0,0,0,0,2,0,0,0,0,0,0,0
891f8d45b73ffff,48.1029,11.5345,muenchen,True,150,13.72,26,False,0.466216,False,71,0.913043,0,0,0,0,0,0,0,1,0,0,1,0,1,1,1,0,0,0,0,0,0,0,0,1,0,0,0,1,0,0,0,0,0,0
891f8d45b77ffff,48.1033,11.5392,muenchen,True,768,14.3271,331,False,0.537859,False,416,0.910345,0,0,0,0,0,0,0,0,0,0,1,0,1,1,0,0,0,0,0,1,0,0,0,0,0,0,4,0,3,0,0,0,0,0
891f8d45b7bffff,48.1001,11.5323,muenchen,True,1090,13.9791,437,False,0.57277,False,518,0.943689,0,0,0,0,0,0,0,0,0,0,0,0,0,3,1,0,0,0,0,1,0,0,0,0,0,0,2,0,2,0,1,0,0,1
891f8d45b83ffff,48.1157,11.5309,muenchen,True,882,13.93,206,False,0.480359,False,445,0.875556,0,0,0,0,0,0,0,2,0,1,1,0,0,1,0,0,0,2,0,0,0,0,0,0,0,0,2,0,6,0,0,0,0,0
891f8d45b87ffff,48.1161,11.5356,muenchen,True,1975,12.3148,917,False,0.542842,False,1109,0.902124,0,0,0,0,0,0,0,1,0,0,3,0,0,1,0,0,1,1,0,0,0,0,0,0,0,0,2,0,2,0,0,0,0,0
891f8d45b8bffff,48.1129,11.5288,muenchen,True,1817,12.4961,889,False,0.479235,False,1058,0.931671,0,0,0,0,0,0,0,0,0,0,0,0,0,0,0,0,0,0,0,0,0,0,0,0,0,0,1,0,0,0,0,0,0,0
891f8d45b8fffff,48.1133,11.5335,muenchen,True,2521,13.7866,1338,False,0.571203,False,1576,0.92142,0,0,0,0,0,0,0,1,0,0,0,0,1,1,1,0,0,1,0,1,0,0,0,0,0,0,2,0,1,0,0,0,0,0
891f8d45b93ffff,48.1181,11.5283,muenchen,True,1746,11.3668,690,False,0.469037,False,875,0.889145,0,0,0,0,0,0,0,0,0,0,1,0,1,2,1,0,0,0,0,0,0,0,0,1,1,0,0,0,1,0,0,0,0,0
891f8d45b97ffff,48.1185,11.533,muenchen,True,2572,12.1222,1017,False,0.472523,False,1474,0.907507,0,0,0,0,0,0,0,1,0,0,0,0,0,1,0,0,0,0,0,0,0,0,0,0,0,0,0,0,4,0,0,0,0,0
891f8d45b9bffff,48.1153,11.5262,muenchen,True,1359,11.8783,463,False,0.436146,False,654,0.8769,0,0,0,0,0,0,0,3,1,0,3,0,1,0,0,1,0,0,0,0,0,0,0,0,0,0,2,0,2,0,0,0,0,0
891f8d45ba3ffff,48.114,11.5429,muenchen,True,129,12.111,60,False,0.461538,False,61,0.938462,0,0,0,0,0,0,0,0,0,0,0,0,0,1,0,0,0,0,0,0,0,0,0,0,0,0,0,0,0,0,0,0,0,0
891f8d45ba7ffff,48.1144,11.5476,muenchen,True,2407,14.8712,1176,False,0.552365,False,1483,0.937668,0,0,0,0,0,0,0,0,0,0,0,0,0,1,0,0,0,0,0,0,0,1,0,0,0,0,0,0,2,0,0,0,0,0
891f8d45babffff,48.1112,11.5408,muenchen,True,161,17.3421,95,False,0.632911,False,106,0.971698,0,0,0,0,0,0,0,0,0,0,0,0,0,0,0,0,0,0,0,0,0,0,0,0,0,0,4,0,0,0,0,0,0,0
891f8d45bafffff,48.1116,11.5455,muenchen,True,947,13.3739,285,False,0.502618,False,446,0.897155,0,0,0,0,0,0,0,1,0,0,0,0,0,1,0,0,0,0,0,0,0,0,0,0,0,0,0,0,4,0,0,0,0,0
891f8d45bb3ffff,48.1164,11.5403,muenchen,True,955,11.8563,514,False,0.53187,False,553,0.937611,0,0,0,0,0,0,0,1,0,1,3,0,0,4,1,0,1,1,1,1,0,0,0,0,1,0,4,0,3,0,0,0,0,0
891f8d45bb7ffff,48.1168,11.545,muenchen,True,1593,11.6723,808,False,0.472327,False,917,0.922404,0,0,0,0,0,0,0,0,0,0,0,0,1,1,2,0,0,0,0,0,0,0,0,0,0,0,0,0,1,0,0,0,0,0
891f8d45bbbffff,48.1137,11.5382,muenchen,True,1757,12.0842,848,False,0.513777,False,1018,0.904902,0,0,0,0,0,0,0,0,0,0,0,0,0,0,0,0,0,0,0,1,0,0,0,0,0,0,2,0,0,0,0,0,0,0
891f8d45bc3ffff,48.1098,11.522,muenchen,True,1047,15.9821,280,False,0.530086,False,491,0.840671,0,0,0,0,0,0,0,0,0,0,0,0,0,0,0,0,0,0,0,0,0,0,0,0,0,0,2,0,1,0,0,0,0,0
891f8d45bc7ffff,48.1102,11.5267,muenchen,True,830,12.6792,348,False,0.501809,False,460,0.909707,0,0,0,0,0,0,0,1,0,0,0,0,0,1,0,0,0,0,0,0,0,0,0,0,0,0,1,0,0,0,0,0,0,0
891f8d45bcbffff,48.107,11.5199,muenchen,True,467,13.4977,111,False,0.423077,False,228,0.912621,0,0,0,0,0,0,0,0,0,0,0,0,0,0,0,0,0,0,0,0,0,0,0,0,0,0,1,0,0,0,0,0,0,0
891f8d45bcfffff,48.1074,11.5246,muenchen,True,687,13.5183,181,False,0.404591,False,329,0.818182,0,0,0,0,0,0,0,0,0,0,0,0,0,0,0,0,0,0,0,0,0,0,0,0,0,0,2,0,0,0,0,0,0,0
891f8d45bd3ffff,48.1122,11.5194,muenchen,True,608,12.3645,192,False,0.416252,False,309,0.814241,0,0,0,0,0,0,0,0,1,1,1,0,1,2,0,0,0,0,0,0,0,0,0,0,0,0,1,0,1,0,0,0,0,0
891f8d45bd7ffff,48.1126,11.5241,muenchen,True,1691,11.0628,718,False,0.467819,False,899,0.868981,1,0,0,0,0,0,0,0,0,0,1,0,0,1,0,0,0,0,0,0,0,0,0,0,0,0,1,0,1,0,0,0,0,0
891f8d45bdbffff,48.1094,11.5173,muenchen,True,420,12.9436,141,False,0.419204,False,219,0.830189,0,0,0,0,0,0,0,0,0,0,0,0,0,0,0,0,0,0,0,0,0,0,0,0,0,0,0,0,0,0,0,0,0,0
891f8d45c03ffff,48.1419,11.4977,muenchen,True,1500,10.4674,779,False,0.457525,False,923,0.925405,0,0,0,0,0,0,0,0,0,0,0,0,0,0,0,0,0,0,0,0,0,0,0,0,0,0,0,0,0,0,0,0,0,0
891f8d45c07ffff,48.1423,11.5024,muenchen,True,1223,14.8072,499,False,0.602439,False,645,0.898618,0,0,0,0,0,0,0,0,1,0,1,0,1,3,1,0,1,1,0,1,0,0,0,1,0,0,4,0,5,0,0,0,0,0
891f8d45c0bffff,48.1391,11.4956,muenchen,True,818,14.0947,262,False,0.428044,False,427,0.913953,0,0,0,0,0,0,0,0,0,0,0,0,1,1,0,0,0,0,0,1,0,0,0,0,2,0,1,0,2,0,0,0,0,0
891f8d45c0fffff,48.1395,11.5003,muenchen,True,956,14.5858,431,False,0.498954,False,578,0.909879,0,0,0,0,0,0,0,0,0,0,0,0,1,2,0,0,0,0,0,0,1,0,0,0,0,0,0,0,2,0,0,0,0,0
891f8d45c13ffff,48.1443,11.4951,muenchen,True,496,8.20642,344,False,0.428862,False,357,0.96648,0,0,0,0,0,0,0,0,0,0,1,0,0,2,0,0,0,0,0,0,0,0,0,0,0,0,2,0,2,0,0,0,0,0
891f8d45c17ffff,48.1447,11.4998,muenchen,True,116,15.79,34,False,0.53211,False,48,0.942308,0,0,0,0,0,1,0,0,0,0,0,0,0,0,0,0,0,0,0,1,0,0,1,0,0,0,0,0,4,0,0,0,0,0
891f8d45c1bffff,48.1415,11.493,muenchen,True,1185,9.28862,538,False,0.387603,False,630,0.886731,0,0,0,0,0,0,0,0,0,0,0,0,0,1,1,0,0,0,0,0,1,0,0,0,0,0,0,0,0,0,0,0,0,0
891f8d45c23ffff,48.1402,11.5097,muenchen,True,2727,11.9675,1435,False,0.541881,False,1452,0.875258,0,0,0,0,0,0,0,0,0,0,1,0,1,1,0,0,0,0,0,0,0,0,0,0,2,0,1,0,0,0,0,0,0,0
891f8d45c27ffff,48.1406,11.5144,muenchen,True,1941,12.3479,994,False,0.584496,False,1161,0.913644,0,0,0,0,0,0,0,0,0,0,0,0,0,0,0,0,0,0,0,0,0,0,0,0,0,0,0,0,0,0,0,1,0,0
891f8d45c2bffff,48.1374,11.5076,muenchen,True,681,13.9569,199,False,0.413643,False,371,0.891365,0,0,0,0,0,0,0,0,0,0,0,0,0,0,0,0,0,0,0,1,0,0,0,0,0,0,0,0,0,0,0,0,0,0
891f8d45c2fffff,48.1378,11.5123,muenchen,True,1660,12.5531,684,False,0.536014,False,772,0.838588,0,0,0,0,0,0,0,0,0,0,0,0,0,0,0,0,0,0,0,0,0,0,0,0,0,0,1,0,0,0,0,0,0,0
891f8d45c33ffff,48.1426,11.5071,muenchen,True,1540,12.7257,877,False,0.577648,False,992,0.922078,0,0,0,0,0,0,0,0,0,0,0,0,0,0,0,0,0,0,0,0,0,0,0,0,0,0,0,0,0,0,0,0,0,0
891f8d45c37ffff,48.143,11.5118,muenchen,True,319,11.5159,176,False,0.594249,False,180,0.917582,0,0,0,0,0,0,0,0,0,0,0,0,0,0,0,0,0,0,0,0,0,0,0,1,0,0,2,0,4,0,0,0,0,0
891f8d45c3bffff,48.1399,11.505,muenchen,True,1005,13.5218,431,False,0.511858,False,511,0.880851,0,0,0,1,0,0,0,3,0,0,3,0,0,1,0,0,1,1,1,0,0,0,0,0,2,0,2,0,0,0,0,0,0,1
891f8d45c43ffff,48.136,11.4887,muenchen,True,929,14.1932,382,False,0.436757,False,551,0.921847,0,0,0,0,0,0,0,0,0,0,0,0,0,0,0,0,0,0,0,0,0,0,0,0,0,0,0,0,1,0,0,0,0,0
891f8d45c47ffff,48.1364,11.4935,muenchen,True,1187,11.7507,669,False,0.504626,False,739,0.920592,0,0,0,0,0,0,0,0,0,0,0,0,0,0,0,0,0,0,0,0,0,0,0,0,0,0,2,0,0,0,0,0,0,0
891f8d45c4bffff,48.1332,11.4866,muenchen,True,520,12.228,51,False,0.253308,False,204,0.727679,0,0,0,0,0,0,0,0,0,0,0,0,0,0,0,0,0,0,0,0,0,0,0,0,0,0,0,0,0,0,0,0,0,0
891f8d45c4fffff,48.1336,11.4913,muenchen,True,634,13.3726,171,False,0.381459,False,329,0.872274,0,0,0,0,0,0,0,0,0,0,0,0,0,0,0,0,0,0,0,0,0,0,0,0,0,0,0,0,0,0,0,0,0,0
891f8d45c53ffff,48.1384,11.4862,muenchen,True,654,14.1127,180,False,0.412747,False,343,0.838806,0,0,0,0,0,0,0,0,0,0,0,0,0,1,0,0,0,0,0,0,0,0,0,0,0,0,1,0,0,0,0,0,0,0
891f8d45c57ffff,48.1388,11.4909,muenchen,True,882,14.4785,223,False,0.38435,False,426,0.84323,0,0,0,0,0,0,0,0,0,0,0,0,0,0,0,0,0,0,0,0,0,0,0,0,0,0,0,0,0,0,0,0,0,0
891f8d45c5bffff,48.1356,11.484,muenchen,True,374,11.8606,72,False,0.386486,False,159,0.723926,0,0,0,0,0,0,0,0,0,0,0,0,0,0,0,0,0,0,0,0,0,0,0,0,0,0,0,0,0,0,0,0,0,0
891f8d45c63ffff,48.1343,11.5008,muenchen,True,1286,11.6917,729,False,0.490257,False,838,0.937055,0,0,1,0,0,0,0,0,1,0,1,0,0,2,1,0,0,0,0,0,0,0,0,1,2,0,1,0,1,0,0,0,0,0
891f8d45c67ffff,48.1347,11.5055,muenchen,True,1196,12.9618,539,False,0.482098,False,730,0.916667,0,0,0,0,0,0,0,0,0,0,2,0,0,1,0,0,0,0,0,0,0,0,0,0,0,0,1,0,0,0,0,0,0,0
891f8d45c6bffff,48.1315,11.4986,muenchen,True,1721,11.3163,816,False,0.457225,False,1015,0.907921,0,0,0,0,0,0,0,0,0,0,1,0,0,1,0,0,0,0,0,0,0,0,0,0,0,0,1,0,1,0,0,0,0,0
891f8d45c6fffff,48.1319,11.5033,muenchen,True,1201,12.0139,467,False,0.504259,False,654,0.891729,0,0,0,0,0,0,0,2,0,0,0,0,1,1,0,0,1,0,1,1,0,0,0,0,2,0,2,0,0,0,0,0,0,0
891f8d45c73ffff,48.1367,11.4982,muenchen,True,517,10.6246,263,False,0.496078,False,306,0.873288,0,0,0,0,0,0,0,0,0,0,0,0,0,0,0,0,0,0,0,0,0,0,0,0,0,0,0,0,0,0,0,0,0,0
891f8d45c77ffff,48.1371,11.5029,muenchen,True,1342,13.3642,717,False,0.533283,False,846,0.926859,0,1,0,0,0,0,0,3,0,2,3,0,0,2,0,2,0,3,0,1,0,0,0,1,1,0,1,0,3,0,0,0,0,0
891f8d45c7bffff,48.1339,11.496,muenchen,True,938,9.34885,445,False,0.449198,False,546,0.915751,0,0,0,0,0,0,0,0,0,0,0,0,0,1,0,0,0,0,0,0,0,0,0,0,0,0,0,0,0,0,0,0,0,0
891f8d45c83ffff,48.1495,11.4946,muenchen,True,0,,0,False,0.461337,False,0,0.885067,0,0,0,0,0,0,0,0,0,0,0,0,0,0,0,0,0,0,0,0,0,0,0,0,0,0,0,0,0,0,0,0,0,0
891f8d45c87ffff,48.1499,11.4993,muenchen,True,300,12.9699,80,False,0.407534,False,140,0.811594,0,0,0,0,0,0,0,0,0,0,0,0,0,0,0,0,0,0,0,0,0,0,0,0,0,0,0,0,0,0,0,0,0,0
891f8d45c8bffff,48.1467,11.4925,muenchen,True,0,,0,False,0.461337,False,0,0.885067,0,0,0,0,0,0,0,0,0,0,0,0,0,1,0,0,0,0,0,0,0,0,0,0,0,0,0,0,0,0,0,0,0,0
891f8d45c8fffff,48.1471,11.4972,muenchen,True,0,,0,False,0.461337,False,0,0.885067,0,0,0,0,0,0,0,0,0,0,0,0,0,1,0,0,0,0,0,1,0,0,0,0,0,0,0,0,0,0,0,0,0,0
891f8d45c93ffff,48.1519,11.492,muenchen,True,0,,0,False,0.461337,False,0,0.885067,0,0,0,0,0,0,0,0,0,0,0,0,0,0,0,0,0,0,0,0,0,0,0,0,0,0,0,0,0,0,0,0,0,0
891f8d45c97ffff,48.1523,11.4967,muenchen,True,6,13.2183,0,True,0.666667,False,0,0.885067,0,0,0,0,0,0,0,0,0,0,0,0,0,0,0,0,0,0,0,0,0,0,0,0,0,0,0,0,0,0,0,0,0,0
891f8d45c9bffff,48.1491,11.4899,muenchen,True,0,,0,False,0.461337,False,0,0.885067,0,0,0,0,0,0,0,0,0,0,0,0,0,0,0,0,0,0,0,0,0,0,0,0,0,0,0,0,0,0,0,0,0,0
891f8d45ca3ffff,48.1478,11.5066,muenchen,True,1727,9.80475,877,False,0.475866,False,886,0.841808,0,0,0,0,0,0,0,0,0,0,0,0,0,0,0,0,0,0,0,0,0,0,0,0,0,0,0,0,0,0,0,0,0,0
891f8d45ca7ffff,48.1482,11.5113,muenchen,True,94,16.9121,19,False,0.333333,False,33,0.805556,0,0,0,0,0,0,0,0,0,0,0,0,0,1,1,0,0,0,0,0,0,0,0,0,0,0,0,0,0,0,0,0,0,0
891f8d45cabffff,48.1451,11.5045,muenchen,True,239,13.9509,96,False,0.576132,False,101,0.807229,0,0,0,0,0,0,0,0,0,0,1,0,0,0,0,0,0,0,0,0,0,0,0,0,0,1,0,0,1,0,0,0,0,0
891f8d45cafffff,48.1454,11.5092,muenchen,True,212,13.4433,83,False,0.448598,False,83,0.75,0,0,0,0,0,0,0,0,0,0,0,0,0,0,0,0,0,0,0,0,0,0,0,0,0,0,0,0,0,0,0,0,0,0
891f8d45cb3ffff,48.1502,11.504,muenchen,True,980,11.6603,383,False,0.460993,False,524,0.873294,0,0,0,0,0,0,0,1,0,0,0,0,0,0,0,0,0,0,0,0,0,0,0,0,0,0,4,0,1,0,0,0,0,0
891f8d45cb7ffff,48.1506,11.5087,muenchen,True,1217,13.6858,478,False,0.4639,False,619,0.870861,0,0,0,0,0,0,0,0,0,0,0,0,0,1,0,0,0,0,0,0,0,0,0,0,0,0,0,0,1,0,0,0,0,0
891f8d45cbbffff,48.1475,11.5019,muenchen,True,1627,12.981,577,False,0.445605,False,718,0.793388,0,0,0,0,0,0,0,1,0,1,0,0,0,0,0,0,0,0,0,0,0,0,0,0,0,0,3,0,0,0,0,0,0,0
891f8d45cc3ffff,48.1436,11.4857,muenchen,True,814,13.5608,99,False,0.290086,False,322,0.719033,0,0,0,0,0,0,0,0,0,0,0,0,0,0,0,0,0,0,1,0,0,0,0,0,0,0,0,0,0,0,0,0,0,0
891f8d45cc7ffff,48.144,11.4904,muenchen,True,1393,9.02298,752,False,0.44523,False,793,0.934591,0,0,0,0,0,0,0,1,0,0,0,0,0,1,0,0,0,0,0,1,0,0,0,0,0,0,2,0,0,0,0,0,0,0
891f8d45ccbffff,48.1408,11.4836,muenchen,True,823,14.9987,167,False,0.355342,False,282,0.777778,0,0,0,0,0,0,0,0,0,0,0,0,0,0,0,0,0,0,0,0,0,0,0,0,1,0,0,0,1,0,0,0,0,0
891f8d45ccfffff,48.1412,11.4883,muenchen,True,909,9.86629,299,False,0.381859,False,481,0.881288,0,0,0,0,1,0,0,2,1,1,2,0,2,1,1,0,0,0,1,0,0,1,0,0,1,0,1,0,1,0,0,0,0,0
891f8d45cd3ffff,48.146,11.4831,muenchen,True,141,12.6655,20,False,0.340909,False,53,0.722222,0,0,0,0,0,0,0,2,0,0,0,0,0,0,0,0,0,0,0,1,0,0,0,0,0,0,2,0,2,0,0,0,0,0
891f8d45cd7ffff,48.1464,11.4878,muenchen,True,0,,0,False,0.461337,False,0,0.885067,0,0,0,0,0,0,0,0,0,0,0,0,0,0,0,0,0,0,0,0,0,0,0,0,0,0,0,0,0,0,0,0,0,0
891f8d45cdbffff,48.1432,11.481,muenchen,True,714,14.1753,135,False,0.347701,False,308,0.764151,0,0,0,0,0,0,0,0,0,0,0,0,0,0,0,0,0,0,0,0,0,0,0,0,1,0,2,0,0,0,0,0,0,0
891f8d45d03ffff,48.1445,11.5306,muenchen,True,266,14.1387,109,False,0.634328,False,146,0.928058,0,0,0,0,0,0,0,0,0,0,0,0,0,0,0,0,0,0,0,1,0,0,0,0,0,0,0,0,0,0,0,0,0,0
891f8d45d07ffff,48.1448,11.5353,muenchen,True,196,13.3092,95,False,0.608911,False,118,0.974359,0,0,0,0,0,0,0,1,0,1,1,0,1,1,0,0,0,0,0,0,0,0,0,0,1,0,1,0,3,0,0,0,0,0
891f8d45d0bffff,48.1417,11.5285,muenchen,True,184,10.0688,80,False,0.571429,False,95,0.860215,0,0,0,0,0,0,0,0,0,0,0,0,0,1,0,0,0,0,0,0,0,0,0,0,0,0,0,0,1,0,0,0,0,0
891f8d45d0fffff,48.142,11.5332,muenchen,True,23,13.06,16,False,0.625,False,16,1,0,0,0,0,0,0,0,0,0,0,2,0,0,0,0,0,0,0,0,0,0,0,0,0,0,0,2,0,2,0,0,0,0,0
891f8d45d13ffff,48.1469,11.528,muenchen,True,1483,11.7436,676,False,0.50406,False,784,0.886935,0,0,0,0,0,0,0,0,0,0,1,0,0,0,0,0,0,0,0,0,0,0,0,0,1,0,0,0,1,0,0,0,0,0
891f8d45d17ffff,48.1472,11.5328,muenchen,True,2967,13.5893,1642,False,0.575829,False,1875,0.935501,0,1,0,0,0,0,0,0,0,0,0,0,2,6,2,0,2,0,0,0,0,0,0,0,0,0,0,0,2,0,0,0,1,0
891f8d45d1bffff,48.1441,11.5259,muenchen,True,0,,0,False,0.461337,False,0,0.885067,0,0,0,0,0,0,0,0,0,0,0,0,0,0,0,0,0,0,0,0,0,0,0,0,0,0,0,0,0,0,0,0,0,0
891f8d45d23ffff,48.1428,11.5427,muenchen,True,749,16.8699,236,False,0.562249,False,372,0.895161,0,0,0,0,0,0,0,0,0,0,0,0,0,0,0,0,0,0,0,0,0,0,0,0,0,0,0,0,3,0,0,0,0,0
891f8d45d27ffff,48.1431,11.5474,muenchen,True,239,17.3959,70,False,0.630435,False,158,0.980769,0,0,0,0,0,0,0,1,0,0,2,0,1,2,0,0,0,0,0,1,0,0,0,0,1,1,2,0,5,0,0,0,0,0
891f8d45d2bffff,48.14,11.5405,muenchen,True,1220,12.6595,611,False,0.573191,False,659,0.897436,0,0,0,0,0,0,0,0,0,0,0,0,0,1,0,0,0,0,0,0,0,0,0,0,1,0,0,0,8,0,0,0,0,0
891f8d45d2fffff,48.1404,11.5452,muenchen,True,689,12.6784,278,False,0.595101,False,343,0.89697,0,0,0,0,0,0,0,0,0,0,1,0,0,2,0,0,0,0,0,0,0,0,0,0,1,0,0,0,3,1,0,0,0,0
891f8d45d33ffff,48.1452,11.5401,muenchen,True,1199,14.081,544,False,0.551122,False,685,0.889527,0,0,0,0,0,0,0,1,0,0,0,0,0,1,0,0,0,0,0,1,0,1,1,0,1,0,0,0,1,0,0,0,0,0
891f8d45d37ffff,48.1455,11.5448,muenchen,True,491,15.2528,173,False,0.508,False,223,0.790698,0,0,0,0,0,0,0,0,0,0,0,0,1,1,0,0,0,0,0,0,0,0,0,0,1,0,0,0,3,0,0,0,0,0
891f8d45d3bffff,48.1424,11.5379,muenchen,True,53,16.99,46,False,0.807692,False,45,1,0,0,0,0,0,0,0,0,0,0,0,0,0,0,0,0,0,0,0,1,0,0,1,0,0,1,0,0,3,0,0,0,0,0
891f8d45d43ffff,48.1385,11.5217,muenchen,True,846,13.1279,513,False,0.556872,False,594,0.949749,0,0,0,0,0,0,0,0,0,0,1,0,0,4,0,0,0,0,0,0,0,0,0,0,0,0,2,0,1,0,0,0,0,0
891f8d45d47ffff,48.1389,11.5264,muenchen,True,196,9.34039,103,False,0.502538,False,118,0.923077,0,0,0,0,0,0,0,0,0,0,0,0,0,0,0,0,0,0,0,1,0,1,1,0,0,0,0,0,7,0,0,0,0,0
891f8d45d4bffff,48.1358,11.5196,muenchen,True,1357,14.7862,395,False,0.427835,False,885,0.937712,0,0,0,0,0,0,0,0,0,0,0,0,0,0,0,0,0,0,0,0,0,0,0,0,1,0,0,0,0,0,0,0,0,0
891f8d45d4fffff,48.1361,11.5243,muenchen,True,967,14.9467,156,False,0.574819,False,415,0.935714,0,0,0,0,0,0,0,1,0,0,1,0,1,2,0,0,0,0,0,0,0,0,0,0,0,0,2,1,5,1,0,1,0,0
891f8d45d53ffff,48.141,11.5191,muenchen,True,932,15.4685,500,False,0.572354,False,586,0.911414,0,0,0,0,0,0,0,2,0,0,2,0,0,4,1,0,0,0,0,0,0,0,1,0,1,0,5,0,3,0,2,1,0,0
891f8d45d57ffff,48.1413,11.5238,muenchen,True,10,10.56,12,False,0.571429,False,12,1,0,0,0,0,0,0,0,0,0,0,1,0,0,0,0,0,0,0,0,0,0,0,0,0,2,0,2,0,2,0,0,0,0,0
891f8d45d5bffff,48.1382,11.517,muenchen,True,2660,12.2651,1266,False,0.590476,False,1498,0.922512,0,0,0,0,0,0,0,1,0,0,1,0,1,2,0,0,0,0,0,0,0,0,0,0,0,0,0,0,2,0,0,0,0,0
891f8d45d63ffff,48.1369,11.5337,muenchen,True,1935,8.98312,958,False,0.421843,False,1034,0.894014,0,0,0,0,0,0,0,0,0,0,1,0,1,2,0,0,0,1,0,0,0,0,0,1,0,0,2,0,4,0,0,0,0,0
891f8d45d67ffff,48.1372,11.5384,muenchen,True,2245,8.75525,1179,False,0.438721,False,1264,0.89243,0,0,0,0,0,0,0,1,0,0,0,0,2,4,0,0,0,1,0,0,0,0,0,0,0,0,0,0,2,0,0,0,0,0
891f8d45d6bffff,48.1341,11.5316,muenchen,True,297,6.58526,133,False,0.414966,False,154,0.840491,0,0,0,1,0,0,0,0,0,0,0,0,2,1,0,0,0,0,0,0,0,0,0,0,1,1,4,1,2,0,0,0,0,0
891f8d45d6fffff,48.1344,11.5363,muenchen,True,2539,11.0852,1244,False,0.525237,False,1306,0.901916,0,0,0,0,0,0,0,1,1,0,3,0,1,8,4,1,2,0,1,1,0,0,0,2,0,0,2,0,6,0,0,0,0,0
891f8d45d73ffff,48.1393,11.5311,muenchen,True,2866,12.3954,1478,False,0.568182,False,1782,0.92171,0,0,0,0,0,0,0,0,0,1,2,0,3,6,7,0,0,0,1,0,0,1,0,0,2,0,1,0,6,0,1,0,0,0
891f8d45d77ffff,48.1396,11.5358,muenchen,True,1130,14.8928,556,False,0.638354,False,583,0.881557,0,0,0,0,0,0,0,2,0,0,0,0,1,4,1,1,0,1,0,1,0,0,0,1,1,0,3,0,5,0,0,0,0,0
891f8d45d7bffff,48.1365,11.529,muenchen,True,954,9.25327,477,False,0.46194,False,530,0.88403,0,0,0,0,0,0,0,0,0,0,1,0,0,2,0,0,0,0,0,0,1,0,0,0,0,0,2,0,4,0,0,0,0,0
891f8d45d83ffff,48.1521,11.5276,muenchen,True,2336,11.2258,1107,False,0.439949,False,1271,0.88531,0,0,0,1,0,0,0,1,0,0,1,0,0,2,0,0,0,0,0,0,0,0,0,1,0,0,1,0,2,0,0,0,0,0
891f8d45d87ffff,48.1524,11.5323,muenchen,True,1557,12.4548,695,False,0.482781,False,848,0.897819,1,1,0,1,0,1,0,2,0,1,5,0,4,7,1,1,0,1,1,0,0,1,0,0,1,0,6,0,3,0,0,0,0,0
891f8d45d8bffff,48.1493,11.5255,muenchen,True,1842,9.14695,863,False,0.430108,False,898,0.828667,0,0,0,0,0,0,0,0,0,0,1,0,1,3,0,0,0,0,0,0,0,0,0,0,1,0,0,0,0,0,0,0,0,0
891f8d45d8fffff,48.1497,11.5302,muenchen,True,2885,10.129,1398,False,0.430872,False,1571,0.887137,0,0,0,0,0,0,0,1,0,0,0,0,1,1,0,0,0,0,0,0,0,1,0,0,0,0,0,0,3,0,0,0,0,0
891f8d45d93ffff,48.1545,11.525,muenchen,True,602,12.2824,205,False,0.374204,False,295,0.871886,0,0,0,0,0,0,0,0,0,0,0,0,0,0,0,0,0,0,0,0,0,0,0,0,0,0,0,0,0,0,0,0,0,0
891f8d45d97ffff,48.1548,11.5297,muenchen,True,1540,12.3252,732,False,0.427456,False,883,0.927374,0,0,1,0,0,0,0,0,0,0,1,0,0,4,0,0,0,0,0,0,0,1,0,0,0,0,0,1,7,0,0,0,0,0
891f8d45d9bffff,48.1517,11.5229,muenchen,True,1743,8.39561,955,False,0.420534,False,962,0.899063,0,0,0,0,0,0,0,1,0,0,0,0,0,1,0,0,0,0,0,0,0,0,0,0,0,0,1,0,0,0,0,0,0,0
891f8d45da3ffff,48.1504,11.5396,muenchen,True,1705,13.2397,707,False,0.521637,False,976,0.915822,0,0,0,1,0,0,0,1,0,0,2,0,2,11,0,0,1,2,0,1,0,3,0,1,0,0,1,0,4,0,0,0,0,0
891f8d45da7ffff,48.1507,11.5443,muenchen,True,1231,15.4379,668,False,0.559769,False,778,0.94702,0,0,0,0,0,0,0,2,0,0,1,0,1,2,0,0,0,0,0,1,0,0,0,0,1,0,2,0,1,0,0,0,0,0
891f8d45dabffff,48.1476,11.5375,muenchen,True,1599,14.5279,836,False,0.506542,False,999,0.93662,0,0,0,0,0,0,0,0,0,0,2,0,1,1,1,1,0,2,0,0,0,0,1,2,0,0,1,0,8,0,0,0,0,0
891f8d45dafffff,48.148,11.5422,muenchen,True,2755,15.0419,1370,False,0.546909,False,1762,0.93689,0,0,0,1,0,1,0,0,0,0,1,0,0,6,0,0,2,0,1,0,1,0,0,1,0,0,0,1,1,0,0,0,0,0
891f8d45db3ffff,48.1528,11.537,muenchen,True,1963,13.6892,1001,False,0.539022,False,1258,0.936306,0,0,0,0,0,1,0,2,0,0,1,0,2,5,0,1,0,0,0,2,1,1,0,1,0,0,3,0,5,0,3,0,0,0
891f8d45db7ffff,48.1532,11.5417,muenchen,True,1757,13.9034,792,False,0.502003,False,968,0.918919,0,0,0,0,0,0,0,0,0,0,0,0,0,5,0,0,0,0,0,0,0,0,0,0,0,0,0,0,0,0,0,0,0,0
891f8d45dbbffff,48.15,11.5349,muenchen,True,2272,13.1052,1135,False,0.560619,False,1311,0.916475,0,0,0,0,1,2,0,1,0,0,2,0,3,10,3,0,0,1,0,4,1,2,0,2,0,0,2,0,7,0,0,0,0,0
891f8d45dc3ffff,48.1461,11.5186,muenchen,True,1682,14.5187,596,False,0.523613,False,745,0.791386,0,1,0,0,0,0,0,2,0,0,1,0,0,2,0,0,0,0,0,0,0,0,0,0,0,0,2,0,5,0,0,0,0,0
891f8d45dc7ffff,48.1465,11.5233,muenchen,True,339,16.6817,109,False,0.60472,False,156,0.85906,1,0,0,0,0,0,0,0,0,0,0,0,0,0,0,0,0,0,0,0,0,0,0,0,0,0,0,0,3,0,0,0,0,0
891f8d45dcbffff,48.1434,11.5165,muenchen,True,183,22.56,99,False,0.721311,False,146,1,0,0,0,0,0,0,0,0,0,0,0,0,1,0,0,0,0,0,0,0,0,0,0,0,0,0,0,0,0,1,0,1,0,0
891f8d45dcfffff,48.1437,11.5212,muenchen,True,0,,0,False,0.461337,False,0,0.885067,0,0,0,0,0,0,0,0,0,0,0,0,0,0,2,0,0,0,0,1,0,0,0,0,0,1,2,0,2,0,0,0,0,0
891f8d45dd3ffff,48.1486,11.516,muenchen,True,91,15.0726,31,False,0.520833,False,32,0.85,0,0,0,0,0,0,0,0,0,0,0,0,0,0,0,0,0,0,0,0,0,0,0,0,0,0,0,0,0,0,0,0,0,0
891f8d45dd7ffff,48.1489,11.5207,muenchen,True,711,13.2568,234,False,0.524964,False,310,0.828025,0,0,0,0,0,0,0,0,0,0,0,0,0,0,0,0,0,0,1,1,0,0,0,0,0,0,1,0,5,0,0,0,0,0
891f8d45ddbffff,48.1458,11.5139,muenchen,True,1622,14.9462,531,False,0.534169,False,742,0.805142,0,0,0,0,0,0,0,0,0,0,0,0,0,0,0,0,0,0,0,0,0,0,0,0,0,0,0,0,0,0,0,0,0,0
891f8d45e03ffff,48.1225,11.4829,muenchen,True,323,12.3749,74,False,0.334437,False,148,0.944056,0,0,0,0,0,0,0,0,0,0,0,0,0,2,0,0,0,0,0,1,0,0,0,0,0,0,1,0,1,0,0,0,0,0
891f8d45e07ffff,48.1228,11.4876,muenchen,True,284,12.7361,109,False,0.410448,False,167,0.926829,0,0,0,0,0,0,0,0,0,0,0,0,1,0,0,0,0,0,0,0,0,0,0,0,0,0,0,0,0,0,0,0,0,0
891f8d45e0bffff,48.1197,11.4808,muenchen,True,1088,12.7211,309,False,0.354147,False,519,0.857944,0,0,0,0,0,0,0,1,0,0,0,0,0,0,0,0,0,0,0,0,0,0,0,0,0,0,3,0,1,0,0,0,0,0
891f8d45e0fffff,48.12,11.4855,muenchen,True,1859,12.516,824,False,0.40892,False,918,0.862106,0,0,0,1,0,0,0,0,1,0,0,0,0,0,1,0,0,0,0,0,0,0,0,0,0,0,2,0,0,0,0,0,0,0
891f8d45e13ffff,48.1249,11.4803,muenchen,True,807,10.0295,378,False,0.402795,False,432,0.888361,0,0,0,0,0,0,0,0,0,0,0,0,0,0,0,0,0,0,0,0,0,0,0,0,0,0,1,0,0,0,0,0,0,0
891f8d45e17ffff,48.1252,11.485,muenchen,True,1014,12.5192,194,False,0.38833,False,460,0.811563,0,0,0,0,0,0,0,0,0,0,0,0,0,0,0,0,0,0,0,0,0,0,0,0,0,0,0,0,0,0,0,0,0,0
891f8d45e1bffff,48.1221,11.4782,muenchen,True,857,12.3333,251,False,0.371298,False,416,0.861502,0,0,0,0,0,0,0,0,0,0,0,0,0,0,0,0,0,0,0,0,0,0,0,0,0,0,3,0,2,0,0,0,0,0
891f8d45e23ffff,48.1208,11.4949,muenchen,True,837,7.99826,397,False,0.406176,False,428,0.847087,0,0,0,0,0,0,0,0,0,0,0,0,0,0,0,0,0,0,0,0,0,0,0,0,0,0,0,0,0,0,0,0,0,0
891f8d45e27ffff,48.1211,11.4996,muenchen,True,744,12.9372,125,False,0.353591,False,304,0.751656,0,0,0,0,0,0,0,0,0,0,0,0,1,0,0,0,0,0,0,0,0,0,0,0,0,0,0,0,0,0,0,0,0,0
891f8d45e2bffff,48.118,11.4928,muenchen,True,1121,10.874,435,False,0.374341,False,619,0.915858,1,0,0,0,0,0,0,1,0,0,0,0,0,0,0,0,0,0,0,0,0,0,0,0,0,0,0,0,0,0,0,0,0,0
891f8d45e2fffff,48.1184,11.4975,muenchen,True,693,13.2731,169,False,0.377551,False,310,0.826923,0,0,0,0,0,0,0,0,0,0,0,0,0,0,0,0,0,0,0,0,0,0,0,0,0,0,2,0,0,0,0,0,0,0
891f8d45e33ffff,48.1232,11.4923,muenchen,True,1070,11.8396,125,False,0.801505,False,782,0.961588,0,0,0,0,0,0,0,0,0,0,0,0,0,0,0,0,0,0,0,0,0,0,0,0,0,0,0,0,0,0,0,0,0,0
891f8d45e37ffff,48.1236,11.497,muenchen,True,614,12.9139,141,False,0.375405,False,276,0.810909,0,0,0,0,0,0,0,0,0,0,0,0,0,0,0,0,0,0,0,0,0,0,0,0,0,0,0,0,0,0,0,0,0,0
891f8d45e3bffff,48.1204,11.4902,muenchen,True,1863,11.656,987,False,0.422747,False,1155,0.919328,0,0,0,0,0,0,0,2,1,1,1,0,1,1,1,1,0,1,0,0,0,0,0,0,0,0,2,0,0,0,0,0,0,0
891f8d45e43ffff,48.1165,11.474,muenchen,True,801,15.5019,195,False,0.411911,False,382,0.875989,0,0,0,0,0,0,0,0,0,0,0,0,0,0,0,0,0,0,0,0,0,0,0,0,0,0,0,0,0,0,0,0,0,0
891f8d45e47ffff,48.1169,11.4787,muenchen,True,559,14.1188,187,False,0.471429,False,310,0.92163,0,0,0,0,0,0,0,0,1,1,2,0,1,1,0,0,0,0,0,0,0,0,0,0,0,0,1,0,3,0,0,0,0,0
891f8d45e4bffff,48.1138,11.4718,muenchen,True,202,15.3708,26,False,0.402062,False,88,0.847222,0,0,0,0,0,0,0,0,0,0,0,0,0,0,0,0,0,0,0,0,0,0,0,0,0,0,2,0,0,0,0,0,0,0
891f8d45e4fffff,48.1141,11.4766,muenchen,True,859,12.453,476,False,0.462529,False,525,0.928166,0,0,0,0,0,0,0,1,1,1,3,0,3,1,0,0,0,0,0,1,0,0,0,1,1,0,1,0,6,0,1,0,0,0
891f8d45e53ffff,48.1189,11.4714,muenchen,True,836,11.3958,266,False,0.369403,False,404,0.84375,0,0,0,0,0,0,0,0,0,0,0,0,0,0,0,0,0,0,0,0,0,0,0,0,0,0,1,0,1,0,0,0,0,0
891f8d45e57ffff,48.1193,11.4761,muenchen,True,517,13.3947,92,False,0.359347,False,237,0.858491,0,0,0,0,0,0,0,0,0,0,0,0,0,0,0,0,0,0,0,0,0,0,0,0,0,0,2,0,0,0,0,0,0,0
891f8d45e5bffff,48.1162,11.4693,muenchen,True,526,13.178,95,False,0.34275,False,243,0.836735,0,0,0,0,0,0,0,0,0,0,0,0,0,0,0,0,0,0,0,0,0,0,0,0,0,0,1,0,0,0,0,0,0,0
891f8d45e63ffff,48.1148,11.486,muenchen,True,434,14.7546,81,False,0.392941,False,181,0.777174,0,0,0,0,0,0,0,0,0,0,0,0,0,0,0,0,0,0,0,0,0,0,0,0,0,0,1,0,2,0,0,0,0,0
891f8d45e67ffff,48.1152,11.4907,muenchen,True,391,13.7202,61,False,0.32987,False,176,0.793478,0,0,0,0,0,0,0,0,0,0,0,0,0,0,0,0,0,0,0,0,0,0,0,0,0,0,0,0,0,0,0,0,0,0
891f8d45e6bffff,48.1121,11.4839,muenchen,True,468,13.26,127,False,0.363257,False,221,0.868182,0,0,0,0,0,0,0,0,0,0,0,0,0,0,0,0,0,0,0,0,0,0,0,0,0,0,0,0,1,0,0,0,0,0
891f8d45e6fffff,48.1124,11.4886,muenchen,True,511,15.207,107,False,0.400402,False,240,0.865801,0,0,0,0,0,0,0,0,0,0,0,0,1,0,0,0,0,0,0,0,0,0,0,0,0,0,1,0,0,0,0,0,0,0
891f8d45e73ffff,48.1173,11.4834,muenchen,True,1645,10.809,670,False,0.401715,False,754,0.82649,0,0,0,0,0,0,0,0,0,0,0,0,0,0,0,0,0,0,0,0,0,0,0,0,0,0,0,0,0,0,0,0,0,0
891f8d45e77ffff,48.1176,11.4881,muenchen,True,1173,11.7666,503,False,0.428209,False,586,0.852596,0,0,0,0,0,0,0,0,0,0,0,0,0,0,0,0,0,0,0,0,0,0,0,0,1,0,1,0,0,0,0,0,0,0
891f8d45e7bffff,48.1145,11.4813,muenchen,True,319,13.6221,112,False,0.435065,False,165,0.881356,0,1,0,0,0,0,0,1,0,0,0,0,0,3,0,0,0,0,0,0,0,0,0,0,0,0,2,0,3,0,0,0,0,0
891f8d45e83ffff,48.1301,11.4798,muenchen,True,499,13.4414,151,False,0.40501,False,250,0.857143,0,0,0,0,0,0,0,0,0,0,0,0,0,0,0,0,0,0,0,0,0,0,0,0,0,0,2,0,0,0,0,0,0,0
891f8d45e87ffff,48.1304,11.4845,muenchen,True,503,14.2753,106,False,0.365422,False,235,0.835498,0,0,0,0,0,0,0,1,0,0,0,0,0,0,0,0,0,0,0,0,0,0,0,0,0,0,2,0,0,0,0,0,0,0
891f8d45e8bffff,48.1273,11.4777,muenchen,True,1055,10.3929,471,False,0.388672,False,565,0.907609,0,0,0,0,0,0,0,1,0,0,2,0,0,1,0,0,0,0,0,0,0,0,0,0,0,0,0,0,0,0,0,0,0,0
891f8d45e8fffff,48.1276,11.4824,muenchen,True,497,14.0545,99,False,0.313725,False,244,0.863971,0,0,0,0,0,0,0,0,0,0,0,0,0,0,0,0,0,0,0,0,0,0,0,0,0,0,0,0,0,0,0,0,0,0
891f8d45e93ffff,48.1325,11.4772,muenchen,True,0,,0,False,0.461337,False,0,0.885067,0,0,0,0,0,0,0,0,0,0,0,0,0,0,0,0,0,0,0,0,0,0,0,0,0,0,0,0,0,0,0,0,0,0
891f8d45e97ffff,48.1328,11.4819,muenchen,True,88,13.413,10,False,0.244898,False,37,0.621622,0,0,0,0,0,0,0,0,0,0,0,0,0,0,0,0,0,0,0,0,0,0,0,0,0,0,0,0,0,0,0,0,0,0
891f8d45e9bffff,48.1297,11.4751,muenchen,True,359,12.3966,62,False,0.381089,False,158,0.713376,0,0,0,0,0,0,0,0,0,0,0,0,0,1,0,0,0,0,0,0,0,0,0,0,0,0,1,0,0,0,0,0,0,0
891f8d45ea3ffff,48.1284,11.4918,muenchen,True,2025,6.32859,908,False,0.366699,False,935,0.825054,0,0,0,0,0,0,0,0,0,0,0,0,0,1,0,0,0,0,0,0,0,0,0,0,0,0,1,0,1,0,0,0,0,0
891f8d45ea7ffff,48.1287,11.4965,muenchen,True,995,7.80237,514,False,0.357214,False,563,0.909747,0,0,0,0,0,0,0,0,0,0,0,0,0,0,0,0,0,0,0,0,0,0,0,0,0,0,1,0,0,0,0,0,0,0
891f8d45eabffff,48.1256,11.4897,muenchen,True,891,8.9473,381,False,0.417978,False,480,0.891667,0,0,0,0,0,0,0,0,0,0,0,0,0,0,0,0,0,0,0,0,0,0,0,0,1,0,0,0,1,0,0,0,0,0
891f8d45eafffff,48.126,11.4944,muenchen,True,1351,8.3345,614,False,0.476471,False,606,0.785124,0,0,0,0,0,0,0,0,0,0,0,0,0,0,0,0,0,0,0,0,0,0,0,0,0,0,0,0,0,0,0,0,0,0
891f8d45eb3ffff,48.1308,11.4892,muenchen,True,595,8.13939,131,False,0.336149,False,269,0.779528,0,0,0,0,0,0,0,1,0,1,1,0,0,0,1,0,0,0,0,0,0,0,0,0,0,0,2,0,0,0,0,0,0,0
891f8d45eb7ffff,48.1312,11.4939,muenchen,True,610,12.7974,109,False,0.361386,False,255,0.765343,0,0,0,0,0,0,0,0,0,0,0,0,0,1,0,0,0,0,0,0,0,0,0,0,0,0,0,0,0,0,0,0,0,0
891f8d45ebbffff,48.128,11.4871,muenchen,True,456,14.7116,85,False,0.382932,False,218,0.802691,0,0,0,0,0,0,0,0,0,0,0,0,0,0,0,0,0,0,0,0,0,0,0,0,0,0,0,0,0,0,0,0,0,0
891f8d45ec3ffff,48.1241,11.4709,muenchen,True,845,7.81982,441,False,0.381336,False,441,0.860092,0,0,0,0,0,0,0,0,0,0,0,0,0,0,0,0,0,0,0,0,0,0,0,0,0,0,0,0,0,0,0,0,0,0
891f8d45ec7ffff,48.1245,11.4756,muenchen,True,1165,11.3611,503,False,0.442708,False,567,0.854895,0,0,0,0,0,0,0,1,0,0,0,0,0,0,0,0,0,0,0,0,0,0,0,0,0,0,2,0,0,0,0,0,0,0
891f8d45ecbffff,48.1214,11.4688,muenchen,True,198,9.34464,97,False,0.429268,False,98,0.896907,0,0,0,0,0,0,0,0,0,0,0,0,0,0,0,0,0,0,0,0,0,0,0,0,0,0,1,0,0,0,0,0,0,0
891f8d45ecfffff,48.1217,11.4735,muenchen,True,1345,11.5273,591,False,0.444858,False,627,0.826367,0,0,0,0,0,0,0,1,0,0,0,0,0,0,0,0,0,0,0,0,0,0,0,0,0,0,1,0,0,0,0,0,0,0
891f8d45ed3ffff,48.1266,11.4683,muenchen,True,768,9.97609,258,False,0.357049,False,373,0.859043,0,0,0,0,0,0,0,0,0,0,0,0,0,0,0,0,0,0,0,0,0,0,0,0,0,0,1,0,0,0,0,0,0,0
891f8d45ed7ffff,48.1269,11.473,muenchen,True,778,10.8976,234,False,0.386335,False,371,0.852547,0,0,0,0,0,0,0,0,0,0,0,0,0,0,0,0,0,0,0,0,0,0,0,0,0,0,1,0,0,0,0,0,0,0
891f8d45edbffff,48.1238,11.4662,muenchen,True,0,,0,False,0.461337,False,0,0.885067,0,0,0,0,0,0,0,0,0,0,0,0,0,0,0,0,0,0,0,0,0,0,0,0,0,0,0,0,0,0,0,0,0,0
891f8d46003ffff,48.2314,11.4728,muenchen,False,701,11.2716,169,False,0.393602,False,320,0.826923,0,0,0,0,0,0,0,0,0,0,0,0,0,2,0,0,0,0,0,0,0,0,0,0,0,0,1,0,1,0,0,0,0,0
891f8d46007ffff,48.2318,11.4775,muenchen,False,752,11.6287,212,False,0.380435,False,376,0.914894,0,0,0,0,0,0,0,0,0,0,0,0,0,1,0,0,0,0,0,0,0,0,0,0,0,0,1,0,0,0,0,0,0,0
891f8d4600bffff,48.2287,11.4707,muenchen,False,829,11.1596,189,False,0.366587,False,388,0.830808,0,0,0,0,0,0,0,0,0,0,0,0,0,0,0,0,0,0,0,0,0,0,0,0,0,0,2,0,0,0,0,0,0,0
891f8d4600fffff,48.229,11.4754,muenchen,False,566,11.6161,110,False,0.389085,False,266,0.874016,0,0,0,0,0,0,0,0,0,0,1,0,1,0,0,0,0,0,0,0,0,0,0,0,0,0,5,0,0,0,0,0,0,0
891f8d46013ffff,48.2339,11.4702,muenchen,False,127,10.8686,29,False,0.347518,False,56,0.830986,0,0,0,0,0,0,0,0,0,0,0,0,0,1,0,0,0,0,0,0,0,0,0,0,0,0,2,0,0,0,0,0,0,0
891f8d46017ffff,48.2342,11.4749,muenchen,False,404,12.1841,58,False,0.389831,False,156,0.743421,0,0,0,0,0,0,0,0,0,0,0,0,0,0,0,0,0,0,0,0,0,0,0,0,0,0,1,0,0,0,0,0,0,0
891f8d4601bffff,48.2311,11.4681,muenchen,False,238,10.9749,41,False,0.302128,False,113,0.844828,0,0,0,0,0,0,0,0,0,0,0,0,0,0,1,0,0,0,0,0,0,0,0,0,0,0,1,0,0,0,0,0,0,0
891f8d46023ffff,48.2298,11.4848,muenchen,False,393,11.1369,103,False,0.392208,False,172,0.857143,0,0,0,0,0,0,0,0,0,0,0,0,0,1,0,0,0,0,0,0,0,0,0,0,0,0,0,0,2,0,0,0,0,0
891f8d46027ffff,48.2301,11.4895,muenchen,True,90,9.11,24,False,0.336842,False,45,0.844444,0,0,0,0,0,0,0,0,0,0,0,0,0,0,0,0,0,0,0,0,0,0,0,0,0,0,0,0,0,0,0,0,0,0
891f8d4602bffff,48.227,11.4827,muenchen,False,27,11.4197,0,True,0.461337,True,6,0.885067,0,0,0,1,0,0,0,1,0,0,0,0,1,0,0,0,0,0,0,0,0,0,0,0,0,0,3,0,1,0,0,0,0,0
891f8d4602fffff,48.2274,11.4874,muenchen,False,3,11.1223,0,True,0.461337,True,0,0.885067,0,0,0,0,0,0,0,0,0,0,0,0,0,0,0,0,0,0,0,0,0,0,0,0,0,0,0,0,0,0,0,0,0,0
891f8d46033ffff,48.2322,11.4822,muenchen,False,208,9.47564,55,False,0.395238,False,105,0.847826,0,0,0,0,0,0,0,0,0,0,0,0,0,0,0,0,0,0,0,0,0,1,0,0,0,0,0,0,0,0,0,0,0,0
891f8d46037ffff,48.2325,11.4869,muenchen,False,54,10.4833,21,False,0.366667,False,35,0.9,0,0,0,0,0,0,0,0,0,0,0,0,0,0,0,0,0,0,0,0,0,0,0,0,0,0,0,0,0,0,0,0,0,0
891f8d4603bffff,48.2294,11.4801,muenchen,False,646,11.8681,134,False,0.355083,False,304,0.861199,0,0,0,0,0,0,0,0,0,0,0,0,0,0,0,0,0,0,0,0,0,0,0,0,0,0,4,0,0,0,0,0,0,0
891f8d46043ffff,48.2255,11.4638,muenchen,False,36,11.3305,0,True,0.352941,False,0,0.885067,0,0,0,0,0,0,0,0,0,0,0,0,0,1,0,0,0,1,0,0,0,0,0,0,0,0,0,0,0,0,0,0,0,0
891f8d46047ffff,48.2259,11.4685,muenchen,False,742,13.5335,129,False,0.517241,False,321,0.845912,0,0,0,0,0,0,0,2,0,0,3,0,0,1,0,0,0,0,0,0,0,1,0,0,0,0,4,0,0,0,0,0,0,0
891f8d4604bffff,48.2227,11.4617,muenchen,False,349,12.4923,75,False,0.310651,False,180,0.879781,0,0,0,0,0,0,0,0,0,0,0,0,0,0,0,0,0,0,0,0,0,0,0,0,0,0,0,0,0,0,0,0,0,0
891f8d4604fffff,48.2231,11.4664,muenchen,False,684,10.8568,181,False,0.363112,False,216,0.834123,0,0,0,0,0,0,0,1,0,0,0,0,0,0,0,0,0,0,0,0,0,0,0,0,0,0,0,0,0,0,0,0,0,0
891f8d46053ffff,48.2279,11.4612,muenchen,False,0,,0,False,0.461337,False,0,0.885067,0,0,0,0,0,0,0,2,0,0,1,0,0,0,0,0,0,1,0,0,0,0,0,0,0,0,1,0,0,0,0,0,0,0
891f8d46057ffff,48.2283,11.4659,muenchen,False,1319,12.2707,401,False,0.420932,False,601,0.803691,0,0,0,0,0,0,0,0,0,0,0,0,0,2,4,0,0,0,1,0,0,0,0,0,0,0,4,0,1,0,0,0,0,0
891f8d4605bffff,48.2252,11.4591,muenchen,False,14,8.28,5,False,0.473684,False,7,1,0,0,0,0,0,0,0,0,0,0,0,0,0,0,0,0,0,0,0,0,0,0,0,0,0,0,0,0,0,0,0,0,0,0
891f8d46063ffff,48.2238,11.4758,muenchen,False,388,10.8684,31,False,0.229282,False,183,0.810345,0,0,0,0,0,0,0,0,0,1,1,0,0,0,0,0,0,0,0,0,0,0,0,0,0,0,1,0,0,0,0,0,0,0
891f8d46067ffff,48.2242,11.4806,muenchen,False,76,11.2381,0,True,0.35,False,31,0.555556,0,0,0,0,0,0,0,0,0,0,0,0,0,0,0,0,0,0,0,0,0,0,0,0,0,0,1,0,0,0,0,0,0,0
891f8d4606bffff,48.2211,11.4737,muenchen,False,305,11.5069,89,False,0.42053,False,158,0.843137,0,0,0,0,0,0,0,0,0,0,0,0,0,0,1,0,0,0,0,0,0,0,0,0,0,0,0,0,0,0,0,0,0,0
891f8d4606fffff,48.2214,11.4784,muenchen,False,1132,12.2459,168,False,0.390158,False,515,0.813462,0,0,0,0,0,0,0,0,0,0,0,0,0,1,0,0,0,0,0,0,0,0,0,0,0,0,0,0,0,0,0,0,0,0
891f8d46073ffff,48.2263,11.4732,muenchen,False,859,11.0311,212,False,0.417544,False,420,0.86019,0,0,0,0,0,0,0,0,0,0,0,0,0,0,0,0,0,0,0,0,0,0,0,0,0,0,0,0,0,0,0,0,0,0
891f8d46077ffff,48.2266,11.478,muenchen,False,96,11.73,8,False,0.298969,False,50,0.918367,0,0,0,0,0,0,0,0,0,0,0,0,0,0,0,0,0,0,0,0,0,0,0,0,0,0,1,0,0,0,0,0,0,0
891f8d4607bffff,48.2235,11.4711,muenchen,False,442,9.7172,157,False,0.446556,False,208,0.887179,0,0,0,0,0,0,0,0,0,0,0,0,1,4,0,0,0,0,0,0,0,0,0,1,0,0,5,0,2,0,1,0,0,0
891f8d46083ffff,48.239,11.4697,muenchen,False,0,,0,False,0.461337,False,0,0.885067,0,0,0,0,0,0,0,0,0,0,0,0,0,0,0,0,0,0,0,0,0,0,0,0,0,0,0,0,0,0,0,0,0,0
891f8d46087ffff,48.2394,11.4744,muenchen,False,73,11.6923,0,True,0.585714,False,0,0.885067,0,0,0,0,0,0,0,0,0,0,0,0,0,0,0,0,0,0,0,0,0,0,0,0,0,0,0,0,0,0,0,0,0,0
891f8d4608fffff,48.2366,11.4723,muenchen,False,0,,0,False,0.461337,False,0,0.885067,0,0,0,0,0,0,0,0,0,0,0,0,0,1,1,0,0,0,0,0,0,0,0,0,0,0,0,0,0,0,0,0,0,0
891f8d46097ffff,48.2418,11.4718,muenchen,False,0,,0,False,0.461337,False,0,0.885067,0,0,0,0,0,0,0,0,0,0,0,0,0,0,0,0,0,0,0,0,0,0,0,0,0,0,0,0,0,0,0,0,0,0
891f8d460a3ffff,48.2374,11.4817,muenchen,False,0,,0,False,0.461337,False,0,0.885067,0,0,0,0,0,0,0,0,0,0,0,0,0,0,0,0,0,0,0,0,0,0,0,0,0,0,0,0,0,0,0,0,0,0
891f8d460a7ffff,48.2377,11.4864,muenchen,False,0,,0,False,0.461337,False,0,0.885067,0,0,0,0,0,0,0,0,0,0,0,0,0,0,0,0,0,0,0,0,0,0,0,0,0,0,0,0,0,0,0,0,0,0
891f8d460abffff,48.2346,11.4796,muenchen,False,179,12.3345,69,False,0.413408,False,108,0.91,0,0,0,0,0,0,0,0,0,0,0,0,0,0,0,0,0,0,0,0,0,0,0,0,0,0,0,0,0,0,0,0,0,0
891f8d460afffff,48.2349,11.4843,muenchen,False,0,,0,False,0.461337,False,0,0.885067,0,0,0,0,0,0,0,0,0,0,0,0,0,0,0,0,0,0,0,0,0,0,0,0,0,0,0,0,0,0,0,0,0,0
891f8d460b3ffff,48.2398,11.4791,muenchen,False,8,11.8116,0,True,0.428571,False,0,0.885067,0,0,0,0,0,0,0,0,0,0,0,0,0,0,0,0,0,0,0,0,0,0,0,0,0,0,0,0,0,0,0,0,0,0
891f8d460b7ffff,48.2401,11.4838,muenchen,False,32,11.7316,0,True,0.3,False,12,0.885067,0,0,0,0,0,0,0,0,0,0,0,0,0,0,0,0,0,0,0,0,0,0,0,0,0,0,0,0,0,0,0,0,0,0
891f8d460bbffff,48.237,11.477,muenchen,False,82,11.3051,0,True,0.480519,False,6,1,0,0,0,0,0,0,0,0,0,0,0,0,0,0,0,0,0,0,0,0,0,0,0,0,0,0,0,0,0,0,0,0,0,0
891f8d460cfffff,48.2307,11.4633,muenchen,False,48,11.25,16,False,0.521739,False,16,0.571429,0,0,0,0,0,0,0,0,0,0,0,0,0,0,0,0,0,0,0,0,0,0,0,0,0,0,0,0,0,0,0,0,0,0
891f8d46103ffff,48.234,11.5058,muenchen,True,0,,0,False,0.461337,False,0,0.885067,0,0,0,0,0,0,0,0,0,0,0,0,0,0,0,0,0,0,0,0,0,0,0,0,0,0,0,0,0,0,0,0,0,0
891f8d46107ffff,48.2344,11.5105,muenchen,True,0,,0,False,0.461337,False,0,0.885067,0,0,0,0,0,0,0,0,0,0,0,0,0,0,0,0,0,0,0,0,0,0,0,0,0,0,0,0,0,0,0,0,0,0
891f8d4610bffff,48.2312,11.5036,muenchen,True,0,,0,False,0.461337,False,0,0.885067,0,0,0,0,0,0,0,0,0,0,0,0,0,0,0,0,0,0,0,0,0,0,0,0,0,0,0,0,0,0,0,0,0,0
891f8d4610fffff,48.2316,11.5084,muenchen,True,0,,0,False,0.461337,False,0,0.885067,0,0,0,0,0,0,0,0,0,0,0,0,0,0,0,0,0,0,0,0,0,0,0,0,0,0,0,0,0,0,0,0,0,0
891f8d46113ffff,48.2364,11.5032,muenchen,True,0,,0,False,0.461337,False,0,0.885067,0,0,0,0,0,0,0,0,0,0,0,0,0,0,0,0,0,0,0,0,0,0,0,0,0,0,0,0,0,0,0,0,0,0
891f8d46117ffff,48.2368,11.5079,muenchen,True,0,,0,False,0.461337,False,0,0.885067,0,0,0,0,0,0,0,0,0,0,0,0,0,0,0,0,0,0,0,0,0,0,0,0,0,0,0,0,0,0,0,0,0,0
891f8d4611bffff,48.2336,11.501,muenchen,True,0,,0,False,0.461337,False,0,0.885067,0,0,0,0,0,0,0,0,0,0,0,0,0,0,0,0,0,0,0,0,0,0,0,0,0,0,0,0,0,0,0,0,0,0
891f8d46123ffff,48.2323,11.5178,muenchen,True,0,,0,False,0.461337,False,0,0.885067,0,0,0,0,0,0,0,0,0,0,0,0,0,0,0,0,0,0,0,0,0,0,0,0,0,0,0,0,0,0,0,0,0,0
891f8d46127ffff,48.2327,11.5225,muenchen,True,0,,0,False,0.461337,False,0,0.885067,0,0,0,0,0,0,0,0,0,0,0,0,0,0,0,0,0,0,0,0,0,0,0,0,0,0,0,0,0,0,0,0,0,0
891f8d4612bffff,48.2295,11.5157,muenchen,True,0,,0,False,0.461337,False,0,0.885067,0,0,0,0,0,0,0,0,0,0,0,0,0,0,0,0,0,0,0,0,0,0,0,0,0,0,0,0,0,0,0,0,0,0
891f8d4612fffff,48.2299,11.5204,muenchen,True,0,,0,False,0.461337,False,0,0.885067,0,0,0,0,0,0,0,0,0,0,0,0,0,0,0,0,0,0,0,0,0,0,0,0,0,0,0,0,0,0,0,0,0,0
891f8d46133ffff,48.2347,11.5152,muenchen,True,0,,0,False,0.461337,False,0,0.885067,0,0,0,0,0,0,0,0,0,0,0,0,0,0,0,0,0,0,0,0,0,0,0,0,0,0,0,0,0,0,0,0,0,0
891f8d46137ffff,48.2351,11.5199,muenchen,True,0,,0,False,0.461337,False,0,0.885067,0,0,0,0,0,0,0,0,0,0,0,0,0,0,0,0,0,0,0,0,0,0,0,0,0,0,0,0,0,0,0,0,0,0
891f8d4613bffff,48.232,11.5131,muenchen,True,0,,0,False,0.461337,False,0,0.885067,0,0,0,0,0,0,0,0,0,0,0,0,0,0,0,0,0,0,0,0,0,0,0,0,0,0,0,0,0,0,0,0,0,0
891f8d46143ffff,48.2281,11.4968,muenchen,True,0,,0,False,0.461337,False,0,0.885067,0,0,0,0,0,0,0,0,0,0,0,0,0,0,0,0,0,0,0,0,0,0,0,0,0,0,0,0,0,0,0,0,0,0
891f8d46147ffff,48.2284,11.5015,muenchen,True,0,,0,False,0.461337,False,0,0.885067,0,0,0,0,0,0,0,0,0,0,0,0,0,0,0,0,0,0,0,0,0,0,0,0,0,0,0,0,0,0,0,0,0,0
891f8d4614bffff,48.2253,11.4947,muenchen,True,0,,0,False,0.461337,False,0,0.885067,0,0,0,0,0,0,0,0,0,0,0,0,0,0,0,0,0,0,0,0,0,0,0,0,0,0,0,0,0,0,0,0,0,0
891f8d4614fffff,48.2257,11.4994,muenchen,True,0,,0,False,0.461337,False,0,0.885067,0,0,0,0,0,0,0,0,0,0,0,0,0,0,0,0,0,0,0,0,0,0,0,0,0,0,0,0,0,0,0,0,0,0
891f8d46153ffff,48.2305,11.4942,muenchen,True,0,,0,False,0.461337,False,0,0.885067,0,0,0,0,0,0,0,0,0,0,0,0,0,0,0,0,0,0,0,0,0,0,0,0,0,0,0,0,0,0,0,0,0,0
891f8d46157ffff,48.2309,11.4989,muenchen,True,0,,0,False,0.461337,False,0,0.885067,0,0,0,0,0,0,0,0,0,0,0,0,0,0,0,0,0,0,0,0,0,0,0,0,0,0,0,0,0,0,0,0,0,0
891f8d4615bffff,48.2277,11.4921,muenchen,True,0,,0,False,0.461337,False,0,0.885067,0,0,0,0,0,0,0,0,0,0,0,0,0,0,0,0,0,0,0,0,0,0,0,0,0,0,0,0,0,0,0,0,0,0
891f8d46163ffff,48.2264,11.5088,muenchen,True,10,13.21,3,False,0.333333,False,3,0.885067,0,0,0,0,0,0,0,0,0,0,0,0,0,0,0,0,0,0,0,0,0,0,0,0,0,0,0,0,0,0,0,0,0,0
891f8d46167ffff,48.2268,11.5136,muenchen,True,125,14.26,6,False,0.275,False,51,0.756757,0,0,0,0,0,0,0,0,0,0,0,0,0,0,0,0,0,0,0,0,0,0,0,0,0,0,0,0,0,0,0,0,0,0
891f8d4616bffff,48.2236,11.5067,muenchen,True,0,,0,False,0.461337,False,0,0.885067,0,0,0,0,0,0,0,0,0,0,0,0,0,0,0,0,0,0,0,0,0,0,0,0,0,0,0,0,0,0,0,0,0,0
891f8d4616fffff,48.224,11.5114,muenchen,True,34,12.8675,0,True,0.36,False,18,0.7,0,0,0,0,0,0,0,0,0,0,0,0,0,0,0,0,0,0,0,0,0,0,0,0,0,0,0,0,0,0,0,0,0,0
891f8d46173ffff,48.2288,11.5062,muenchen,True,0,,0,False,0.461337,False,0,0.885067,0,0,0,0,0,0,0,0,0,0,0,0,0,0,0,0,0,0,0,0,0,0,0,0,0,0,0,0,0,0,0,0,0,0
891f8d46177ffff,48.2292,11.511,muenchen,True,0,,0,False,0.461337,False,0,0.885067,0,0,0,0,0,0,0,0,0,0,0,0,0,0,0,0,0,0,0,0,0,0,0,0,0,0,0,0,0,0,0,0,0,0
891f8d4617bffff,48.226,11.5041,muenchen,True,0,,0,False,0.461337,False,0,0.885067,0,0,0,0,0,0,0,0,0,0,0,0,0,0,0,0,0,0,0,0,0,0,0,0,0,0,0,0,0,0,0,0,0,0
891f8d46183ffff,48.2416,11.5027,muenchen,True,0,,0,False,0.461337,False,0,0.885067,0,0,0,0,0,0,0,0,0,0,0,0,0,0,0,0,0,0,0,0,0,0,0,0,0,0,0,0,0,0,0,0,0,0
891f8d46187ffff,48.242,11.5074,muenchen,True,22,24.46,3,False,0.75,False,3,0.885067,0,0,0,0,0,0,0,0,0,0,0,0,0,0,0,0,0,0,0,0,0,0,0,0,0,0,0,0,0,0,0,0,0,0
891f8d4618bffff,48.2388,11.5006,muenchen,True,0,,0,False,0.461337,False,0,0.885067,0,0,0,0,0,0,0,0,0,0,0,0,0,0,0,0,0,0,0,0,0,0,0,0,0,0,0,0,0,0,0,0,0,0
891f8d4618fffff,48.2392,11.5053,muenchen,True,0,,0,False,0.461337,False,0,0.885067,0,0,0,0,0,0,0,0,0,0,0,0,0,0,0,0,0,0,0,0,0,0,0,0,0,0,0,0,0,0,0,0,0,0
891f8d46193ffff,48.244,11.5001,muenchen,True,0,,0,False,0.461337,False,0,0.885067,0,0,0,0,0,0,0,0,0,0,0,0,0,0,0,0,0,0,0,0,0,0,0,0,0,0,0,0,0,0,0,0,0,0
891f8d46197ffff,48.2444,11.5048,muenchen,True,6,16.26,3,False,0.461337,True,3,1,0,0,0,0,0,0,0,0,0,0,0,0,0,0,0,0,0,0,0,0,0,0,0,0,0,0,0,0,0,0,0,0,0,0
891f8d4619bffff,48.2412,11.498,muenchen,True,0,,0,False,0.461337,False,0,0.885067,0,0,0,0,0,0,0,0,0,0,0,0,0,0,0,0,0,0,0,0,0,0,0,0,0,0,0,0,0,0,0,0,0,0
891f8d461a3ffff,48.2399,11.5147,muenchen,True,0,,0,False,0.461337,False,0,0.885067,0,0,0,0,0,0,0,0,0,0,0,0,0,0,0,0,0,0,0,0,0,0,0,0,0,0,0,0,0,0,0,0,0,0
891f8d461a7ffff,48.2403,11.5194,muenchen,True,0,,0,False,0.461337,False,0,0.885067,0,0,0,0,0,0,0,0,0,0,0,0,0,0,0,0,0,0,0,0,0,0,0,0,0,0,0,0,0,0,0,0,0,0
891f8d461abffff,48.2371,11.5126,muenchen,True,0,,0,False,0.461337,False,0,0.885067,0,0,0,0,0,0,0,0,0,0,0,0,0,0,0,0,0,0,0,0,0,0,0,0,0,0,0,0,0,0,0,0,0,0
891f8d461afffff,48.2375,11.5173,muenchen,True,0,,0,False,0.461337,False,0,0.885067,0,0,0,0,0,0,0,0,0,0,0,0,0,0,0,0,0,0,0,0,0,0,0,0,0,0,0,0,0,0,0,0,0,0
891f8d461b3ffff,48.2423,11.5121,muenchen,True,0,,0,False,0.461337,False,0,0.885067,0,0,0,0,0,0,0,0,0,0,0,0,0,0,0,0,0,0,0,0,0,0,0,0,0,0,0,0,0,0,0,0,0,0
891f8d461b7ffff,48.2427,11.5168,muenchen,True,0,,0,False,0.461337,False,0,0.885067,0,0,0,0,0,0,0,0,0,0,0,0,0,0,0,0,0,0,0,0,0,0,0,0,0,0,0,0,0,0,0,0,0,0
891f8d461bbffff,48.2396,11.51,muenchen,True,3,17.53,0,True,0.461337,True,0,0.885067,0,0,0,0,0,0,0,0,0,0,0,0,0,0,0,0,0,0,0,0,0,0,0,0,0,0,0,0,0,0,0,0,0,0
891f8d461c3ffff,48.2357,11.4937,muenchen,True,0,,0,False,0.461337,False,0,0.885067,0,0,0,0,0,0,0,0,0,0,0,0,0,0,0,0,0,0,0,0,0,0,0,0,0,0,0,0,0,0,0,0,0,0
891f8d461c7ffff,48.236,11.4984,muenchen,True,0,,0,False,0.461337,False,0,0.885067,0,0,0,0,0,0,0,0,0,0,0,0,0,0,0,0,0,0,0,0,0,0,0,0,0,0,0,0,0,0,0,0,0,0
891f8d461cbffff,48.2329,11.4916,muenchen,True,0,,0,False,0.461337,False,0,0.885067,0,0,0,0,0,0,0,0,0,0,0,0,0,0,0,0,0,0,0,0,0,0,0,0,0,0,0,0,0,0,0,0,0,0
891f8d461cfffff,48.2333,11.4963,muenchen,True,0,,0,False,0.461337,False,0,0.885067,0,0,0,0,0,0,0,0,0,0,0,0,0,0,0,0,0,0,0,0,0,0,0,0,0,0,0,0,0,0,0,0,0,0
891f8d461d3ffff,48.2381,11.4911,muenchen,True,0,,0,False,0.461337,False,0,0.885067,0,0,0,0,0,0,0,0,0,0,0,0,0,0,0,0,0,0,0,0,0,0,0,0,0,0,0,0,0,0,0,0,0,0
891f8d461d7ffff,48.2385,11.4959,muenchen,True,0,,0,False,0.461337,False,0,0.885067,0,0,0,0,0,0,0,0,0,0,0,0,0,0,0,0,0,0,0,0,0,0,0,0,0,0,0,0,0,0,0,0,0,0
891f8d461dbffff,48.2353,11.489,muenchen,False,0,,0,False,0.461337,False,0,0.885067,0,0,0,0,0,0,0,0,0,0,0,0,0,0,0,0,0,0,0,0,0,0,0,0,0,0,0,0,0,0,0,0,0,0
891f8d46203ffff,48.212,11.458,muenchen,False,213,14.8116,124,False,0.168367,False,146,0.952703,0,0,0,0,0,0,0,0,0,0,0,0,0,0,0,0,0,0,0,0,0,0,0,0,0,1,2,0,0,0,0,0,0,0
891f8d46207ffff,48.2124,11.4627,muenchen,True,823,13.3043,193,False,0.46988,False,395,0.863291,0,0,0,0,0,0,0,0,0,0,0,0,0,1,2,0,0,0,1,0,0,0,0,0,0,0,0,0,0,0,0,0,0,0
891f8d4620bffff,48.2092,11.4559,muenchen,False,222,10.93,41,False,0.437768,False,85,0.775,0,0,0,0,0,0,0,0,0,0,0,0,0,0,0,0,0,0,0,0,0,0,0,0,0,0,1,0,0,0,0,0,0,0
891f8d4620fffff,48.2096,11.4606,muenchen,True,225,9.8622,59,False,0.393519,False,93,0.876543,0,0,0,0,0,0,0,0,0,0,0,0,0,0,0,0,0,0,0,0,0,0,0,0,0,0,1,0,0,0,0,0,0,0
891f8d46213ffff,48.2144,11.4554,muenchen,False,966,13.4951,119,False,0.41446,False,382,0.726316,0,0,0,0,0,0,0,0,0,0,0,0,0,0,0,0,0,0,0,0,0,0,0,0,0,0,1,0,0,0,0,0,0,0
891f8d46217ffff,48.2148,11.4601,muenchen,False,574,11.215,149,False,0.398261,False,278,0.829091,0,0,0,0,0,0,0,0,0,0,0,0,0,1,0,0,0,0,0,0,0,0,0,0,0,0,1,0,0,0,0,0,0,0
891f8d4621bffff,48.2116,11.4533,muenchen,False,819,14.0653,34,False,0.485924,False,255,0.46332,0,0,0,0,0,0,0,0,0,0,0,0,0,0,0,0,0,0,0,0,0,0,0,0,0,0,0,0,0,0,0,0,0,0
891f8d46223ffff,48.2103,11.47,muenchen,True,0,,0,False,0.461337,False,0,0.885067,0,0,0,0,0,0,0,0,0,0,0,0,0,0,0,0,0,0,0,0,0,0,0,0,0,0,0,0,0,0,0,0,0,0
891f8d46227ffff,48.2107,11.4747,muenchen,True,0,,0,False,0.461337,False,0,0.885067,0,0,0,0,0,0,0,0,0,0,0,0,0,0,0,0,0,0,0,0,0,0,0,0,0,0,0,0,0,0,0,0,0,0
891f8d4622bffff,48.2076,11.4679,muenchen,True,0,,0,False,0.461337,False,0,0.885067,0,0,0,0,0,0,0,0,0,0,0,0,0,0,0,0,0,0,0,0,0,0,0,0,0,0,0,0,0,0,0,0,0,0
891f8d4622fffff,48.2079,11.4726,muenchen,True,0,,0,False,0.461337,False,0,0.885067,0,0,0,0,0,0,0,0,0,0,0,0,0,0,0,0,0,0,0,0,0,0,0,0,0,0,0,0,0,0,0,0,0,0
891f8d46233ffff,48.2127,11.4674,muenchen,True,596,14.3732,122,False,0.415541,False,252,0.797665,0,0,0,0,0,0,0,0,0,0,0,0,0,0,0,0,0,0,0,0,0,0,0,1,0,0,1,0,0,0,0,0,0,0
891f8d46237ffff,48.2131,11.4721,muenchen,True,0,,0,False,0.461337,False,0,0.885067,0,0,0,0,0,0,0,0,0,0,0,0,0,0,0,0,0,0,0,0,0,0,0,0,0,0,0,0,0,0,0,0,0,0
891f8d4623bffff,48.21,11.4653,muenchen,True,508,11.3965,83,False,0.537374,False,179,0.642857,0,0,0,0,0,0,0,1,0,0,1,0,0,0,0,0,0,0,0,0,0,0,0,0,0,0,0,0,0,0,0,0,0,0
891f8d46243ffff,48.2061,11.449,muenchen,True,0,,0,False,0.461337,False,0,0.885067,0,0,0,0,0,0,0,0,0,0,0,0,1,1,0,0,0,0,0,0,0,0,0,0,0,0,0,0,0,0,0,0,0,0
891f8d46247ffff,48.2065,11.4537,muenchen,True,51,11.165,6,False,0.357143,False,22,1,0,0,0,0,0,0,0,0,0,0,0,0,0,0,0,0,0,0,0,0,0,0,0,0,0,0,0,0,0,0,0,0,0,0
891f8d4624bffff,48.2033,11.4469,muenchen,True,11,12.8994,0,True,0.5,False,3,0.885067,0,0,0,0,0,0,0,0,0,0,0,0,0,0,0,0,0,0,0,0,0,0,0,0,0,0,0,0,0,0,0,0,0,0
891f8d4624fffff,48.2037,11.4516,muenchen,True,41,12.95,13,False,0.352941,False,20,0.833333,0,0,0,0,0,0,0,0,0,0,0,0,0,0,0,0,0,0,0,0,0,0,0,0,0,0,0,0,0,0,0,0,0,0
891f8d46253ffff,48.2085,11.4464,muenchen,False,0,,0,False,0.461337,False,0,0.885067,0,0,0,0,0,0,0,0,0,0,0,0,0,0,0,0,0,0,0,0,0,0,0,0,0,0,0,0,0,0,0,0,0,0
891f8d46257ffff,48.2089,11.4511,muenchen,False,146,13.736,20,False,0.292308,False,57,0.711864,0,0,0,0,0,0,0,0,0,0,0,0,0,0,0,0,0,0,0,0,0,0,0,0,0,0,1,0,0,0,0,0,0,0
891f8d4625bffff,48.2057,11.4443,muenchen,True,0,,0,False,0.461337,False,0,0.885067,0,0,0,0,0,0,0,0,0,0,0,0,0,0,0,0,0,0,0,0,0,0,0,0,0,0,0,0,0,0,0,0,0,0
891f8d46263ffff,48.2044,11.461,muenchen,True,3,11.6557,0,True,0,False,3,0.885067,0,0,0,0,0,0,0,0,0,0,0,0,0,0,0,0,0,0,0,0,0,0,0,0,0,0,0,0,0,0,0,0,0,0
891f8d46267ffff,48.2048,11.4658,muenchen,True,130,11.983,27,False,0.447154,False,58,0.934783,0,0,0,0,0,0,0,0,0,0,0,0,0,0,0,0,0,0,0,0,0,0,0,0,0,0,0,0,0,0,0,0,0,0
891f8d4626bffff,48.2016,11.4589,muenchen,True,28,12.3733,9,False,0.36,False,12,0.727273,0,0,0,0,0,0,0,1,0,0,0,0,0,0,0,0,0,0,0,0,0,0,0,0,0,0,1,0,0,0,0,0,0,0
891f8d4626fffff,48.202,11.4636,muenchen,True,106,10.1767,9,False,0.234694,False,40,0.72549,0,0,0,0,0,0,0,0,0,0,0,0,0,0,0,0,0,0,0,0,0,0,0,0,0,0,0,0,0,0,0,0,0,0
891f8d46273ffff,48.2068,11.4584,muenchen,True,84,12.5234,29,False,0.47541,False,44,0.844444,0,0,0,0,0,0,0,0,0,0,0,0,0,0,0,0,0,0,0,0,0,0,0,0,0,0,1,0,0,0,0,0,0,0
891f8d46277ffff,48.2072,11.4632,muenchen,True,16,23.9,5,False,0.333333,False,10,1,0,0,0,0,0,0,0,0,0,0,0,0,0,0,0,0,0,0,0,0,0,0,0,0,0,0,0,0,0,0,0,0,0,0
891f8d4627bffff,48.204,11.4563,muenchen,True,26,11.66,12,False,0.36,False,12,0.885067,0,0,0,0,0,0,0,0,0,0,0,0,0,0,0,0,0,0,0,0,0,0,0,0,0,0,1,0,0,0,0,0,0,0
891f8d46283ffff,48.2196,11.4549,muenchen,False,23,11.3273,0,True,0.642857,False,10,0.538462,0,0,0,0,0,0,0,0,0,0,0,0,0,0,0,0,0,0,0,0,0,0,0,0,0,0,0,0,0,0,0,0,0,0
891f8d46287ffff,48.22,11.4596,muenchen,False,415,10.4385,68,False,0.333333,False,181,0.815029,0,0,0,0,0,0,0,0,0,0,0,0,0,0,0,0,0,0,0,0,0,0,0,0,0,0,2,0,0,0,0,0,0,0
891f8d4628bffff,48.2168,11.4528,muenchen,False,174,9.85,8,False,0.36875,False,66,0.689655,0,0,0,0,0,0,0,0,0,0,0,0,0,0,0,0,0,0,0,0,0,0,0,0,0,0,1,0,0,0,0,0,0,0
891f8d4628fffff,48.2172,11.4575,muenchen,False,310,12.7615,78,False,0.475083,False,163,0.851852,0,0,0,0,0,0,0,0,0,0,0,0,0,0,0,0,0,0,0,0,0,0,0,0,0,0,3,0,0,0,0,0,0,0
891f8d46293ffff,48.222,11.4523,muenchen,False,0,,0,False,0.461337,False,0,0.885067,0,0,0,0,0,0,0,0,0,0,0,0,0,0,0,0,0,0,0,0,0,0,0,0,0,0,0,0,0,0,0,0,0,0
891f8d46297ffff,48.2224,11.457,muenchen,False,337,8.41731,93,False,0.351852,False,148,0.770701,0,0,0,0,0,0,0,0,0,0,0,0,0,0,0,0,0,0,0,0,0,0,0,0,0,0,0,0,0,0,0,0,0,0
891f8d4629bffff,48.2192,11.4502,muenchen,False,8,11.4713,0,True,0.333333,False,0,0.885067,0,0,0,0,0,0,0,0,0,0,0,0,0,0,0,0,0,0,0,0,0,0,0,0,0,0,0,0,0,0,0,0,0,0
891f8d462a3ffff,48.2179,11.4669,muenchen,False,15,11.9094,0,True,0.7,False,4,0,0,0,0,0,0,0,0,0,0,0,0,0,0,0,0,0,0,0,0,0,0,0,0,0,0,0,0,0,0,0,0,0,0,0
891f8d462a7ffff,48.2183,11.4716,muenchen,True,0,,0,False,0.461337,False,0,0.885067,0,0,0,0,0,0,0,0,0,0,0,0,0,0,0,0,0,0,0,0,0,0,0,0,0,0,0,0,0,0,0,0,0,0
891f8d462abffff,48.2151,11.4648,muenchen,True,591,13.3798,282,False,0.506003,False,303,0.884106,0,0,0,0,0,0,0,0,0,0,0,0,1,0,0,0,0,0,0,0,0,0,0,0,0,0,2,0,0,0,0,0,0,0
891f8d462afffff,48.2155,11.4695,muenchen,True,0,,0,False,0.461337,False,0,0.885067,0,0,0,0,0,0,0,0,0,0,0,0,0,1,0,0,0,0,0,0,0,0,0,0,0,0,0,0,0,0,0,0,0,0
891f8d462b3ffff,48.2203,11.4643,muenchen,False,623,11.3571,181,False,0.372828,False,327,0.897898,0,0,0,0,0,0,0,0,0,0,0,0,0,1,0,0,0,0,0,0,0,0,0,0,0,0,3,0,0,0,0,0,0,0
891f8d462b7ffff,48.2207,11.469,muenchen,False,130,14.1056,16,False,0.36,False,45,0.666667,0,0,0,0,0,0,0,0,0,0,0,0,0,1,0,0,0,0,0,0,0,0,0,0,0,0,0,0,0,0,0,0,0,0
891f8d462bbffff,48.2176,11.4622,muenchen,False,816,10.7969,230,False,0.42398,False,402,0.860697,0,0,0,0,0,0,0,0,0,0,0,0,0,0,0,0,0,0,0,0,0,0,0,0,0,0,0,0,0,0,0,0,0,0
891f8d462c3ffff,48.2137,11.4459,muenchen,False,0,,0,False,0.461337,False,0,0.885067,0,0,0,0,0,0,0,0,0,0,0,0,0,0,0,0,0,0,0,0,0,0,0,0,0,0,0,0,0,0,0,0,0,0
891f8d462c7ffff,48.214,11.4507,muenchen,False,403,11.9078,59,False,0.449239,False,156,0.794702,0,0,0,0,0,0,0,0,0,0,0,0,0,0,0,0,0,0,0,0,0,0,0,0,0,0,2,0,0,0,0,0,0,0
891f8d462cbffff,48.2109,11.4438,muenchen,False,0,,0,False,0.461337,False,0,0.885067,0,0,0,0,0,0,0,0,0,0,0,0,0,0,0,0,0,0,0,0,0,0,0,0,0,0,0,0,0,0,0,0,0,0
891f8d462cfffff,48.2113,11.4485,muenchen,False,144,10.8091,33,False,0.308219,False,79,1,0,0,0,0,0,0,0,0,0,0,0,0,0,0,0,0,0,0,0,0,0,0,0,0,0,0,0,0,0,0,0,0,0,0
891f8d462d3ffff,48.2161,11.4433,muenchen,False,0,,0,False,0.461337,False,0,0.885067,0,0,0,0,0,0,0,0,0,0,0,0,0,0,0,0,0,0,0,0,0,0,0,0,0,0,0,0,0,0,0,0,0,0
891f8d462d7ffff,48.2165,11.4481,muenchen,False,0,,0,False,0.461337,False,0,0.885067,0,0,0,0,0,0,0,0,0,0,0,0,0,0,0,0,0,0,0,0,0,0,0,0,0,0,0,0,0,0,0,0,0,0
891f8d462dbffff,48.2133,11.4412,muenchen,False,0,,0,False,0.461337,False,0,0.885067,0,0,0,0,0,0,0,0,0,0,0,0,0,0,0,0,0,0,0,0,0,0,0,0,0,0,0,0,0,0,0,0,0,0
891f8d46303ffff,48.2146,11.4909,muenchen,True,560,10.516,182,False,0.407273,False,273,0.880769,0,0,0,0,0,0,0,0,0,0,0,0,0,0,0,0,0,0,0,0,0,0,0,0,0,0,0,0,0,0,0,0,0,0
891f8d46307ffff,48.2149,11.4957,muenchen,True,0,,0,False,0.461337,False,0,0.885067,0,0,0,0,0,0,0,0,0,0,0,0,0,0,0,0,0,0,0,0,0,0,0,0,0,0,0,0,0,0,0,0,0,0
891f8d4630bffff,48.2118,11.4888,muenchen,True,42,11.64,6,False,0.347826,False,22,1,0,0,0,0,0,0,0,0,0,0,0,0,0,0,0,0,0,0,0,0,0,0,0,0,0,0,0,0,0,0,0,0,0,0
891f8d4630fffff,48.2122,11.4935,muenchen,True,0,,0,False,0.461337,False,0,0.885067,0,0,0,0,0,0,0,0,0,0,0,0,0,0,0,0,0,0,0,0,0,0,0,0,0,0,0,0,0,0,0,0,0,0
891f8d46313ffff,48.217,11.4884,muenchen,True,588,10.3353,331,False,0.475874,False,330,0.897898,0,0,0,0,0,0,0,0,0,0,0,0,0,0,0,0,0,0,0,0,0,0,0,0,0,0,4,0,1,0,0,0,0,0
891f8d46317ffff,48.2173,11.4931,muenchen,True,0,,0,False,0.461337,False,0,0.885067,0,0,0,0,0,0,0,0,0,0,0,0,0,0,0,0,0,0,0,0,0,0,0,0,0,0,0,0,0,0,0,0,0,0
891f8d4631bffff,48.2142,11.4862,muenchen,True,399,10.2257,189,False,0.472362,False,220,0.861111,0,0,0,0,0,0,0,0,0,0,0,0,0,0,0,0,0,0,0,0,0,0,0,0,0,0,2,0,0,0,0,0,0,0
891f8d46323ffff,48.2129,11.503,muenchen,True,0,,0,False,0.461337,False,0,0.885067,0,0,0,0,0,0,0,0,0,0,0,0,0,0,0,0,0,0,0,0,0,0,0,0,0,0,0,0,0,0,0,0,0,0
891f8d46327ffff,48.2133,11.5077,muenchen,True,8,10.7933,0,True,0,False,3,0.885067,0,0,0,0,0,0,0,0,0,0,0,0,0,0,0,0,0,0,0,0,0,0,0,0,0,0,0,0,0,0,0,0,0,0
891f8d4632bffff,48.2101,11.5009,muenchen,True,19,12.0529,0,True,0.333333,False,8,0.885067,0,0,0,0,0,0,0,0,0,0,0,0,0,0,0,0,0,0,0,0,0,0,0,0,0,0,0,0,0,0,0,0,0,0
891f8d4632fffff,48.2105,11.5056,muenchen,True,16,12.0529,0,True,0.461337,True,4,1,0,0,0,0,0,0,0,0,0,0,0,0,0,0,0,0,0,0,0,0,0,0,0,0,0,0,0,0,0,0,0,0,0,0
891f8d46333ffff,48.2153,11.5004,muenchen,True,0,,0,False,0.461337,False,0,0.885067,0,0,0,0,0,0,0,0,0,0,0,0,0,0,0,0,0,0,0,0,0,0,0,0,0,0,0,0,0,0,0,0,0,0
891f8d46337ffff,48.2157,11.5051,muenchen,True,3,9.03,0,True,0,False,0,0.885067,0,0,0,0,0,0,0,0,0,0,0,0,0,0,0,0,0,0,0,0,0,0,0,0,0,0,0,0,0,0,0,0,0,0
891f8d4633bffff,48.2125,11.4983,muenchen,True,0,,0,False,0.461337,False,0,0.885067,0,0,0,0,0,0,0,0,0,0,0,0,0,0,0,0,0,0,0,0,0,0,0,0,0,0,0,0,0,0,0,0,0,0
891f8d46343ffff,48.2086,11.482,muenchen,True,0,,0,False,0.461337,False,0,0.885067,0,0,0,0,0,0,0,0,0,0,0,0,0,0,0,0,0,0,0,0,0,0,0,0,0,0,0,0,0,0,0,0,0,0
891f8d46347ffff,48.209,11.4867,muenchen,True,0,,0,False,0.461337,False,0,0.885067,0,0,0,0,0,0,0,0,0,0,0,0,0,0,0,0,0,0,0,0,0,0,0,0,0,0,0,0,0,0,0,0,0,0
891f8d4634bffff,48.2059,11.4799,muenchen,True,0,,0,False,0.461337,False,0,0.885067,0,0,0,0,0,0,0,0,0,0,0,0,0,0,0,0,0,0,0,0,0,0,0,0,0,0,0,0,0,0,0,0,0,0
891f8d4634fffff,48.2062,11.4846,muenchen,True,0,,0,False,0.461337,False,0,0.885067,0,0,0,0,0,0,0,0,0,0,0,0,0,0,0,0,0,0,0,0,0,0,0,0,0,0,0,0,0,0,0,0,0,0
891f8d46353ffff,48.2111,11.4794,muenchen,True,0,,0,False,0.461337,False,0,0.885067,0,0,0,0,0,0,0,0,0,0,0,0,0,0,0,0,0,0,0,0,0,0,0,0,0,0,1,0,0,0,0,0,0,0
891f8d46357ffff,48.2114,11.4841,muenchen,True,29,14.73,14,False,0.909091,False,14,1,0,0,0,0,0,0,0,0,0,0,0,0,0,0,0,0,0,0,0,0,0,0,0,0,0,0,1,0,4,0,0,0,0,0
891f8d4635bffff,48.2083,11.4773,muenchen,True,0,,0,False,0.461337,False,0,0.885067,0,0,0,0,0,0,0,0,0,0,0,0,0,0,0,0,0,0,0,0,0,0,0,0,0,0,0,0,0,0,0,0,0,0
891f8d46363ffff,48.207,11.494,muenchen,True,0,,0,False,0.461337,False,0,0.885067,0,0,0,0,0,0,0,0,0,0,0,0,0,0,0,0,0,0,0,0,0,0,0,0,0,0,0,0,0,0,0,0,0,0
891f8d46367ffff,48.2073,11.4987,muenchen,True,0,,0,False,0.461337,False,0,0.885067,0,0,0,0,0,0,0,0,0,0,0,0,0,0,0,0,0,0,0,0,0,0,0,0,0,0,0,0,0,0,0,0,0,0
891f8d4636bffff,48.2042,11.4919,muenchen,True,280,15.8948,44,False,0.607692,False,109,0.817204,0,0,0,0,0,0,0,0,0,0,0,0,0,0,0,0,0,0,0,0,0,0,0,0,0,0,0,0,0,0,0,0,0,0
891f8d4636fffff,48.2046,11.4966,muenchen,True,3,15.3471,0,True,0.5,False,3,0.885067,0,0,0,0,0,0,0,0,0,0,0,0,0,0,0,0,0,0,0,0,0,0,0,0,0,0,0,0,0,0,0,0,0,0
891f8d46373ffff,48.2094,11.4914,muenchen,True,3,11.3405,0,True,0,False,0,0.885067,0,0,0,0,0,0,0,0,0,0,0,0,0,0,0,0,0,0,0,0,0,0,0,0,0,0,0,0,0,0,0,0,0,0
891f8d46377ffff,48.2097,11.4961,muenchen,True,0,,0,False,0.461337,False,0,0.885067,0,0,0,0,0,0,0,0,0,0,0,0,0,0,0,0,0,0,0,0,0,0,0,0,0,0,0,0,0,0,0,0,0,0
891f8d4637bffff,48.2066,11.4893,muenchen,True,82,16.6329,21,False,0.639535,False,32,0.896552,0,0,0,0,0,0,0,0,0,0,0,0,0,0,0,0,0,0,0,0,0,0,0,0,0,0,0,0,0,0,0,0,0,0
891f8d46383ffff,48.2222,11.4879,muenchen,True,29,12.12,3,False,0.484848,False,22,0.833333,0,0,0,0,0,0,0,0,0,0,0,0,0,0,0,0,0,0,0,0,0,0,0,0,0,0,0,0,0,0,0,0,0,0
891f8d46387ffff,48.2225,11.4926,muenchen,True,0,,0,False,0.461337,False,0,0.885067,0,0,0,0,0,0,0,0,0,0,0,0,0,0,0,0,0,0,0,0,0,0,0,0,0,0,0,0,0,0,0,0,0,0
891f8d4638bffff,48.2194,11.4858,muenchen,True,33,10.78,5,False,0.444444,False,15,0.727273,0,0,0,0,0,0,0,0,0,0,0,0,0,0,0,0,0,0,0,0,0,0,0,0,0,0,0,0,0,0,0,0,0,0
891f8d4638fffff,48.2198,11.4905,muenchen,True,0,,0,False,0.461337,False,0,0.885067,0,0,0,0,0,0,0,0,0,0,0,0,0,0,0,0,0,0,0,0,0,0,0,0,0,0,0,0,0,0,0,0,0,0
891f8d46393ffff,48.2246,11.4853,muenchen,False,17,11.5034,0,True,0.2,False,6,0.885067,0,0,0,0,0,0,0,0,0,0,0,0,0,0,0,0,0,0,0,0,0,0,0,0,0,0,1,0,0,0,0,0,0,0
891f8d46397ffff,48.2249,11.49,muenchen,True,0,,0,False,0.461337,False,0,0.885067,0,0,0,0,0,0,0,0,0,0,0,0,0,0,0,0,0,0,0,0,0,0,0,0,0,0,0,0,0,0,0,0,0,0
891f8d4639bffff,48.2218,11.4832,muenchen,False,64,18.285,6,False,0.507246,False,17,0.5,0,0,0,0,0,0,0,0,0,0,1,0,0,0,0,0,0,0,0,0,0,0,0,0,0,0,0,0,0,0,0,0,0,0
891f8d463a3ffff,48.2205,11.4999,muenchen,True,0,,0,False,0.461337,False,0,0.885067,0,0,0,0,0,0,0,0,0,0,0,0,0,0,0,0,0,0,0,0,0,0,0,0,0,0,0,0,0,0,0,0,0,0
891f8d463a7ffff,48.2209,11.5046,muenchen,True,10,13.21,0,True,0.3,False,4,0.885067,0,0,0,0,0,0,0,0,0,0,0,0,0,0,0,0,0,0,0,0,0,0,0,0,0,0,0,0,0,0,0,0,0,0
891f8d463abffff,48.2177,11.4978,muenchen,True,0,,0,False,0.461337,False,0,0.885067,0,0,0,0,0,0,0,0,0,0,0,0,0,0,0,0,0,0,0,0,0,0,0,0,0,0,0,0,0,0,0,0,0,0
891f8d463afffff,48.2181,11.5025,muenchen,True,0,,0,False,0.461337,False,0,0.885067,0,0,0,0,0,0,0,0,0,0,0,0,0,0,0,0,0,0,0,0,0,0,0,0,0,0,0,0,0,0,0,0,0,0
891f8d463b3ffff,48.2229,11.4973,muenchen,True,0,,0,False,0.461337,False,0,0.885067,0,0,0,0,0,0,0,0,0,0,0,0,0,0,0,0,0,0,0,0,0,0,0,0,0,0,0,0,0,0,0,0,0,0
891f8d463b7ffff,48.2233,11.502,muenchen,True,0,,0,False,0.461337,False,0,0.885067,0,0,0,0,0,0,0,0,0,0,0,0,0,0,0,0,0,0,0,0,0,0,0,0,0,0,0,0,0,0,0,0,0,0
891f8d463bbffff,48.2201,11.4952,muenchen,True,0,,0,False,0.461337,False,0,0.885067,0,0,0,0,0,0,0,0,0,0,0,0,0,0,0,0,0,0,0,0,0,0,0,0,0,0,0,0,0,0,0,0,0,0
891f8d463c3ffff,48.2162,11.4789,muenchen,True,0,,0,False,0.461337,False,0,0.885067,0,0,0,0,0,0,0,0,0,0,0,0,0,0,0,0,0,0,0,0,0,0,0,0,0,0,3,0,0,0,0,0,0,0
891f8d463c7ffff,48.2166,11.4836,muenchen,True,273,12.004,10,False,0.605263,False,134,0.888889,0,0,0,0,0,0,0,0,0,0,0,0,0,0,0,0,0,0,0,0,0,0,0,0,0,0,0,0,0,0,0,0,0,0
891f8d463cbffff,48.2135,11.4768,muenchen,True,0,,0,False,0.461337,False,0,0.885067,0,0,0,0,0,0,0,0,0,0,0,0,0,1,0,0,0,0,0,0,0,0,0,0,0,0,0,0,0,0,0,0,0,0
891f8d463cfffff,48.2138,11.4815,muenchen,True,0,,0,False,0.461337,False,0,0.885067,0,0,0,0,0,0,0,0,0,0,0,0,0,0,0,0,0,0,0,0,0,1,0,0,0,0,0,0,0,0,0,0,0,0
891f8d463d3ffff,48.2187,11.4763,muenchen,True,0,,0,False,0.461337,False,0,0.885067,0,0,0,0,0,0,0,0,0,0,0,0,0,0,0,0,0,0,0,0,0,0,0,0,0,0,2,0,0,0,0,0,0,0
891f8d463d7ffff,48.219,11.481,muenchen,True,546,10.8126,144,False,0.617375,False,299,0.967742,0,0,0,0,0,0,0,0,0,0,0,0,0,1,0,0,0,0,0,0,0,0,0,0,0,0,2,0,0,0,0,0,0,0
891f8d463dbffff,48.2159,11.4742,muenchen,True,0,,0,False,0.461337,False,0,0.885067,0,0,0,0,0,0,0,0,0,0,0,0,0,0,0,0,0,0,0,0,0,0,0,0,0,0,0,0,0,0,0,0,0,0
891f8d46427ffff,48.247,11.4713,muenchen,False,0,,0,False,0.461337,False,0,0.885067,0,0,0,0,0,0,0,0,0,0,0,0,0,0,0,0,0,0,0,0,0,0,0,0,0,0,0,0,0,0,0,0,0,0
891f8d46503ffff,48.2509,11.4876,muenchen,False,0,,0,False,0.461337,False,0,0.885067,0,0,0,0,0,0,0,0,0,0,0,0,0,0,0,0,0,0,0,0,0,0,0,0,0,0,0,0,0,0,0,0,0,0
891f8d46507ffff,48.2512,11.4923,muenchen,False,0,,0,False,0.461337,False,0,0.885067,0,0,0,0,0,0,0,0,0,0,0,0,0,0,0,0,0,0,0,0,0,0,0,0,0,0,0,0,0,0,0,0,0,0
891f8d4650bffff,48.2481,11.4855,muenchen,False,0,,0,False,0.461337,False,0,0.885067,0,0,0,0,0,0,0,0,0,0,0,0,0,0,0,0,0,0,0,0,0,0,0,0,0,0,0,0,0,0,0,0,0,0
891f8d4650fffff,48.2485,11.4902,muenchen,False,0,,0,False,0.461337,False,0,0.885067,0,0,0,0,0,0,0,0,0,0,0,0,0,0,0,0,0,0,0,0,0,0,0,0,0,0,0,0,0,0,0,0,0,0
891f8d46513ffff,48.2533,11.485,muenchen,False,0,,0,False,0.461337,False,0,0.885067,0,0,0,0,0,0,0,0,0,0,0,0,0,0,0,0,0,0,0,0,0,0,0,0,0,0,0,0,0,0,0,0,0,0
891f8d46517ffff,48.2536,11.4897,muenchen,False,0,,0,False,0.461337,False,0,0.885067,0,0,0,0,0,0,0,0,0,0,0,0,0,1,0,0,0,0,0,0,0,0,0,0,0,0,0,0,0,0,0,0,0,0
891f8d4651bffff,48.2505,11.4829,muenchen,False,0,,0,False,0.461337,False,0,0.885067,0,0,0,0,0,0,0,0,0,0,0,0,0,0,0,0,0,0,0,0,0,0,0,0,0,0,0,0,0,0,0,0,0,0
891f8d46523ffff,48.2492,11.4996,muenchen,False,0,,0,False,0.461337,False,0,0.885067,0,0,0,0,0,0,0,0,0,0,0,0,0,0,0,0,0,0,0,0,0,0,0,0,0,0,0,0,0,0,0,0,0,0
891f8d46527ffff,48.2496,11.5043,muenchen,False,0,,0,False,0.461337,False,0,0.885067,0,0,0,0,0,0,0,0,0,0,0,0,0,0,0,0,0,0,0,0,0,0,0,0,0,0,0,0,0,0,0,0,0,0
891f8d4652bffff,48.2464,11.4975,muenchen,True,0,,0,False,0.461337,False,0,0.885067,0,0,0,0,0,0,0,0,0,0,0,0,0,0,0,0,0,0,0,0,0,0,0,0,0,0,0,0,0,0,0,0,0,0
891f8d4652fffff,48.2468,11.5022,muenchen,True,0,,0,False,0.461337,False,0,0.885067,0,0,0,0,0,0,0,0,0,0,0,0,0,0,0,0,0,0,0,0,0,0,0,0,0,0,0,0,0,0,0,0,0,0
891f8d46533ffff,48.2516,11.497,muenchen,False,0,,0,False,0.461337,False,0,0.885067,0,0,0,0,0,0,0,0,0,0,0,0,0,0,0,0,0,0,0,0,0,0,0,0,0,0,0,0,0,0,0,0,0,0
891f8d46537ffff,48.252,11.5017,muenchen,False,15,,0,False,0.461337,True,3,0.7,0,0,0,0,0,0,0,0,0,0,0,0,0,0,0,0,0,0,0,0,0,0,0,0,0,0,0,0,0,0,0,0,0,0
891f8d4653bffff,48.2488,11.4949,muenchen,False,0,,0,False,0.461337,False,0,0.885067,0,0,0,0,0,0,0,0,0,0,0,0,0,0,0,0,0,0,0,0,0,0,0,0,0,0,0,0,0,0,0,0,0,0
891f8d46543ffff,48.245,11.4786,muenchen,False,238,13.6861,38,False,0.418103,False,113,0.85,0,0,0,0,0,0,0,0,0,0,0,0,0,0,0,0,0,0,0,0,0,0,0,0,0,0,1,0,0,0,0,0,0,0
891f8d46547ffff,48.2453,11.4833,muenchen,False,125,9.97727,11,False,0.377193,False,53,0.820513,0,0,0,0,0,0,0,0,0,0,0,0,0,0,0,0,0,0,0,0,0,0,0,0,0,0,0,0,0,0,0,0,0,0
891f8d4654bffff,48.2422,11.4765,muenchen,False,233,11.1715,52,False,0.357143,False,100,0.831579,0,0,0,0,0,0,0,0,0,0,0,0,0,0,0,0,0,0,0,0,0,0,0,0,0,0,3,0,0,0,0,0,0,0
891f8d4654fffff,48.2425,11.4812,muenchen,False,483,10.5438,85,False,0.331967,False,217,0.855204,0,0,0,0,0,0,0,0,0,0,0,0,0,0,0,0,0,0,0,0,0,0,0,0,0,0,2,0,0,0,0,0,0,0
891f8d46553ffff,48.2474,11.476,muenchen,False,6,7.15,3,False,0.461337,True,3,0.885067,0,0,0,0,0,0,0,0,0,0,0,0,0,0,0,0,0,0,0,0,0,0,0,0,0,0,0,0,0,0,0,0,0,0
891f8d46557ffff,48.2477,11.4807,muenchen,False,0,,0,False,0.461337,False,0,0.885067,0,0,0,0,0,0,0,0,0,0,0,0,0,0,0,0,0,0,0,0,0,0,0,0,0,0,0,0,0,0,0,0,0,0
891f8d4655bffff,48.2446,11.4739,muenchen,False,9,11.2614,0,True,0.538462,False,3,0.885067,0,0,0,0,0,0,0,0,0,0,0,0,0,0,0,0,0,0,0,0,0,0,0,0,0,0,0,0,0,0,0,0,0,0
891f8d46563ffff,48.2433,11.4907,muenchen,True,0,,0,False,0.461337,False,0,0.885067,0,0,0,0,0,0,0,0,0,0,0,0,0,0,0,0,0,0,0,0,0,0,0,0,0,0,0,0,0,0,0,0,0,0
891f8d46567ffff,48.2436,11.4954,muenchen,True,0,,0,False,0.461337,False,0,0.885067,0,0,0,0,0,0,0,0,0,0,0,0,0,0,0,0,0,0,0,0,0,0,0,0,0,0,0,0,0,0,0,0,0,0
891f8d4656bffff,48.2405,11.4885,muenchen,False,0,,0,False,0.461337,False,0,0.885067,0,0,0,0,0,0,0,0,0,0,0,0,0,0,0,0,0,0,0,0,0,0,0,0,0,0,0,0,0,0,0,0,0,0
891f8d4656fffff,48.2409,11.4933,muenchen,True,0,,0,False,0.461337,False,0,0.885067,0,0,0,0,0,0,0,0,0,0,0,0,0,0,0,0,0,0,0,0,0,0,0,0,0,0,0,0,0,0,0,0,0,0
891f8d46573ffff,48.2457,11.4881,muenchen,False,0,,0,False,0.461337,False,0,0.885067,0,0,0,0,0,0,0,0,0,0,0,0,0,0,0,0,0,0,0,0,0,0,0,0,0,0,0,0,0,0,0,0,0,0
891f8d46577ffff,48.2461,11.4928,muenchen,True,0,,0,False,0.461337,False,0,0.885067,0,0,0,0,0,0,0,0,0,0,0,0,0,0,0,0,0,0,0,0,0,0,0,0,0,0,0,0,0,0,0,0,0,0
891f8d4657bffff,48.2429,11.4859,muenchen,False,97,13.966,15,False,0.369565,False,40,1,0,0,0,0,0,0,0,0,0,0,0,0,0,0,0,0,0,0,0,0,0,0,0,0,0,0,0,0,0,0,0,0,0,0
891f8d46583ffff,48.2585,11.4845,muenchen,False,0,,0,False,0.461337,False,0,0.885067,0,0,0,0,0,0,0,0,0,0,0,0,0,0,0,0,0,0,0,0,0,0,0,0,0,0,0,0,0,0,0,0,0,0
891f8d46587ffff,48.2588,11.4892,muenchen,False,0,,0,False,0.461337,False,0,0.885067,0,0,0,0,0,0,0,0,0,0,0,0,0,0,0,0,0,0,0,0,0,0,0,0,0,0,0,0,0,0,0,0,0,0
891f8d4658bffff,48.2557,11.4824,muenchen,False,44,9.1775,8,False,0.609756,False,17,0.714286,0,0,0,0,0,0,0,0,0,0,0,0,0,0,0,0,0,0,0,0,0,0,0,0,0,0,0,0,0,0,0,0,0,0
891f8d4658fffff,48.2561,11.4871,muenchen,False,0,,0,False,0.461337,False,0,0.885067,0,0,0,0,0,0,0,0,0,0,0,0,0,0,0,0,0,0,0,0,0,0,0,0,0,0,0,0,0,0,0,0,0,0
891f8d465a3ffff,48.2568,11.4965,muenchen,False,0,,0,False,0.461337,False,0,0.885067,0,0,0,0,0,0,0,0,0,0,0,0,0,0,0,0,0,0,0,0,0,0,0,0,0,0,0,0,0,0,0,0,0,0
891f8d465a7ffff,48.2572,11.5012,muenchen,False,0,,0,False,0.461337,False,0,0.885067,0,0,0,0,0,0,0,0,0,0,0,0,0,0,0,0,0,0,0,0,0,0,0,0,0,0,0,0,0,0,0,0,0,0
891f8d465abffff,48.254,11.4944,muenchen,False,6,,0,False,1,False,0,0.885067,0,0,0,0,0,0,0,0,0,0,0,0,0,0,0,0,0,0,0,0,0,0,0,0,0,0,0,0,0,0,0,0,0,0
891f8d465afffff,48.2544,11.4991,muenchen,False,0,,0,False,0.461337,False,0,0.885067,0,0,0,0,0,0,0,0,0,0,0,0,0,0,0,0,0,0,0,0,0,0,0,0,0,0,0,0,0,0,0,0,0,0
891f8d465b3ffff,48.2592,11.4939,muenchen,False,0,,0,False,0.461337,False,0,0.885067,0,0,0,0,0,0,0,0,0,0,0,0,0,0,0,0,0,0,0,0,0,0,0,0,0,0,0,0,0,0,0,0,0,0
891f8d465b7ffff,48.2596,11.4986,muenchen,False,0,,0,False,0.461337,False,0,0.885067,0,0,0,0,0,0,0,0,0,0,0,0,0,0,0,0,0,0,0,0,0,0,0,0,0,0,0,0,0,0,0,0,0,0
891f8d465bbffff,48.2564,11.4918,muenchen,False,48,9.1775,0,True,0.307692,False,3,0.885067,0,0,0,0,0,0,0,0,0,0,0,0,0,0,0,0,0,0,0,0,0,0,0,0,0,0,1,0,0,0,0,0,0,0
891f8d465c3ffff,48.2525,11.4755,muenchen,False,10,9.4895,0,True,0.25,False,3,0.885067,0,0,0,0,0,0,0,0,0,0,0,0,0,0,0,0,0,0,0,0,0,0,0,0,0,0,0,0,0,0,0,0,0,0
891f8d465c7ffff,48.2529,11.4803,muenchen,False,0,,0,False,0.461337,False,0,0.885067,0,0,0,0,0,0,0,0,0,0,0,0,0,0,0,0,0,0,0,0,0,0,0,0,0,0,0,0,0,0,0,0,0,0
891f8d465cbffff,48.2498,11.4734,muenchen,False,0,,0,False,0.461337,False,0,0.885067,0,0,0,0,0,0,0,0,0,0,0,0,0,0,0,0,0,0,0,0,0,0,0,0,0,0,0,0,0,0,0,0,0,0
891f8d465cfffff,48.2501,11.4781,muenchen,False,0,,0,False,0.461337,False,0,0.885067,0,0,0,0,0,0,0,0,0,0,0,0,0,0,0,0,0,0,0,0,0,0,0,0,0,0,0,0,0,0,0,0,0,0
891f8d465d7ffff,48.2553,11.4777,muenchen,False,86,10.5467,9,False,0.315217,False,42,1,0,0,0,0,0,0,0,0,0,0,0,0,0,0,0,0,0,0,0,0,0,0,0,0,0,0,0,0,0,0,0,0,0,0
891f8d46627ffff,48.2276,11.4565,muenchen,False,0,,0,False,0.461337,False,0,0.885067,0,0,0,0,0,0,0,0,0,0,0,0,0,0,0,0,0,0,0,0,0,0,0,0,0,0,0,0,0,0,0,0,0,0
891f8d4662bffff,48.2244,11.4497,muenchen,False,0,,0,False,0.461337,False,0,0.885067,0,0,0,0,0,0,0,0,0,0,0,0,0,0,0,0,0,0,0,0,0,0,0,0,0,0,0,0,0,0,0,0,0,0
891f8d4662fffff,48.2248,11.4544,muenchen,False,0,,0,False,0.461337,False,0,0.885067,0,0,0,0,0,0,0,0,0,0,0,0,0,0,0,0,0,0,0,0,0,0,0,0,0,0,0,0,0,0,0,0,0,0
891f8d4664bffff,48.2202,11.4287,muenchen,False,16,,0,False,0.363636,False,3,0.885067,0,0,0,0,0,0,0,0,0,0,0,0,0,0,0,0,0,0,0,0,0,0,0,0,0,0,0,0,0,0,0,0,0,0
891f8d4664fffff,48.2205,11.4334,muenchen,False,8,,0,False,0.5,False,0,0.885067,0,0,0,0,0,0,0,0,0,0,0,0,0,0,0,0,0,0,0,0,0,0,0,0,0,0,0,0,0,0,0,0,0,0
891f8d46667ffff,48.2216,11.4476,muenchen,False,0,,0,False,0.461337,False,0,0.885067,0,0,0,0,0,0,0,0,0,0,0,0,0,0,0,0,0,0,0,0,0,0,0,0,0,0,0,0,0,0,0,0,0,0
891f8d4666bffff,48.2185,11.4407,muenchen,False,0,,0,False,0.461337,False,0,0.885067,0,0,0,0,0,0,0,0,0,0,0,0,0,0,0,0,0,0,0,0,0,0,0,0,0,0,0,0,0,0,0,0,0,0
891f8d4666fffff,48.2189,11.4455,muenchen,False,0,,0,False,0.461337,False,0,0.885067,0,0,0,0,0,0,0,0,0,0,0,0,0,0,0,0,0,0,0,0,0,0,0,0,0,0,0,0,0,0,0,0,0,0
891f8d46803ffff,48.2197,11.5569,muenchen,True,1390,8.75693,674,False,0.398848,False,678,0.843195,0,0,0,0,0,0,0,1,0,0,0,0,0,1,0,1,0,0,0,0,0,0,0,0,0,0,2,0,0,0,0,0,0,0
891f8d46807ffff,48.22,11.5616,muenchen,True,670,6.61435,285,False,0.377941,False,284,0.84507,0,0,0,0,0,0,0,0,0,0,0,0,0,0,0,0,0,0,0,1,0,0,0,0,0,0,1,0,0,0,0,0,0,0
891f8d4680bffff,48.2169,11.5548,muenchen,True,1621,9.07466,683,False,0.45808,False,688,0.764275,0,0,0,0,0,0,0,0,0,0,0,0,0,0,0,0,0,0,0,0,0,0,0,0,0,0,1,0,1,0,0,0,0,0
891f8d4680fffff,48.2173,11.5595,muenchen,True,1251,11.0027,535,False,0.487055,False,650,0.864662,0,0,0,0,0,0,0,1,0,0,0,0,0,1,0,0,0,0,0,0,0,0,0,0,0,0,0,0,0,0,0,0,0,0
891f8d46813ffff,48.2221,11.5543,muenchen,True,948,5.81294,371,False,0.417629,False,368,0.714667,0,0,0,0,0,0,0,0,0,0,0,0,1,0,0,0,0,0,0,0,0,0,0,0,0,0,0,0,0,0,0,0,0,0
891f8d46817ffff,48.2224,11.5591,muenchen,True,1875,5.86667,624,False,0.386039,False,678,0.715729,0,0,0,0,0,0,0,1,0,0,0,0,0,0,0,0,0,0,0,0,0,0,0,0,0,0,0,0,0,0,0,0,0,0
891f8d4681bffff,48.2193,11.5522,muenchen,True,2131,7.34583,930,False,0.424171,False,929,0.783841,0,0,0,0,0,0,0,0,0,0,0,0,0,0,0,0,0,0,0,0,0,0,0,0,0,0,0,0,0,0,0,0,0,0
891f8d46823ffff,48.218,11.569,muenchen,True,0,,0,False,0.461337,False,0,0.885067,0,0,0,0,0,0,0,0,0,0,0,0,0,0,0,0,0,0,0,0,0,0,0,0,0,0,0,0,0,0,0,0,0,0
891f8d46827ffff,48.2183,11.5737,muenchen,True,0,,0,False,0.461337,False,0,0.885067,0,0,0,0,0,0,0,0,0,0,0,0,0,0,0,0,0,0,0,0,0,0,0,0,0,0,0,0,0,0,0,0,0,0
891f8d4682bffff,48.2152,11.5668,muenchen,True,32,12.64,14,False,0.344828,False,14,1,0,0,0,0,0,0,0,0,0,0,0,0,0,0,0,0,0,0,0,0,0,0,0,0,0,0,0,0,0,0,0,0,0,0
891f8d4682fffff,48.2156,11.5716,muenchen,True,0,,0,False,0.461337,False,0,0.885067,0,0,0,0,0,0,0,0,0,0,0,0,0,0,0,0,0,0,0,0,0,0,0,0,0,0,0,0,0,0,0,0,0,0
891f8d46833ffff,48.2204,11.5664,muenchen,True,0,,0,False,0.461337,False,0,0.885067,0,0,0,0,0,0,0,0,0,0,0,0,0,0,0,0,0,0,0,0,0,0,0,0,0,0,0,0,0,0,0,0,0,0
891f8d46837ffff,48.2208,11.5711,muenchen,True,0,,0,False,0.461337,False,0,0.885067,0,0,0,0,0,0,0,0,0,0,0,0,0,0,0,0,0,0,0,0,0,0,0,0,0,0,0,0,0,0,0,0,0,0
891f8d4683bffff,48.2176,11.5642,muenchen,True,0,,0,False,0.461337,False,0,0.885067,0,0,0,0,0,0,0,0,0,0,0,0,0,0,0,0,0,0,0,0,0,0,0,0,0,0,0,0,0,0,0,0,0,0
891f8d46843ffff,48.2138,11.548,muenchen,True,340,10.0445,77,False,0.391176,False,156,0.826923,0,0,0,0,0,0,0,0,0,0,0,0,0,0,0,0,0,0,0,0,0,0,0,0,0,0,0,0,0,0,0,0,0,0
891f8d46847ffff,48.2141,11.5527,muenchen,True,1416,9.73348,615,False,0.418079,False,666,0.809172,0,0,0,0,0,0,0,0,0,0,0,0,0,0,0,0,0,0,0,0,0,0,0,0,1,0,0,0,0,0,0,0,0,0
891f8d4684bffff,48.211,11.5459,muenchen,True,709,11.0149,226,False,0.396624,False,289,0.806569,0,0,0,0,0,0,0,0,0,0,0,0,0,0,0,0,0,0,0,0,0,0,0,0,0,0,0,0,0,0,0,0,0,0
891f8d4684fffff,48.2113,11.5506,muenchen,True,860,10.7255,341,False,0.384161,False,449,0.89755,0,0,0,0,0,0,0,0,0,0,0,0,0,0,0,0,0,0,0,0,0,0,0,0,0,0,0,0,0,0,0,0,0,0
891f8d46853ffff,48.2162,11.5454,muenchen,True,575,10.8296,114,False,0.396127,False,254,0.861789,0,0,0,0,0,0,0,0,0,0,0,0,0,0,0,0,0,0,0,0,0,0,0,0,0,0,2,0,0,0,0,0,0,0
891f8d46857ffff,48.2165,11.5501,muenchen,True,585,9.0777,235,False,0.456294,False,231,0.741228,0,0,0,0,0,0,0,0,0,0,0,0,0,0,0,0,0,0,0,0,0,0,0,0,0,0,0,0,0,0,0,0,0,0
891f8d4685bffff,48.2134,11.5433,muenchen,True,251,12.0359,61,False,0.383399,False,114,0.745283,0,0,0,0,0,0,0,1,0,0,1,0,0,1,0,0,0,0,0,0,0,0,0,0,1,1,2,0,0,0,0,0,0,0
891f8d46863ffff,48.2121,11.56,muenchen,True,733,9.50444,259,False,0.387363,False,312,0.762763,0,0,0,0,0,0,0,0,0,0,0,0,0,0,0,0,0,0,0,0,0,0,0,0,0,0,2,0,0,0,0,0,0,0
891f8d46867ffff,48.2124,11.5647,muenchen,True,1739,11.2482,404,False,0.52477,False,884,0.847826,0,0,0,0,0,0,0,1,0,1,1,0,1,0,0,0,0,3,0,0,0,0,0,0,1,0,2,0,0,0,0,0,0,0
891f8d4686bffff,48.2093,11.5579,muenchen,True,1224,10.5435,460,False,0.44637,False,573,0.83213,0,0,0,0,0,0,0,0,0,0,0,0,0,0,0,0,0,0,0,0,0,0,0,0,0,0,1,0,1,0,0,0,0,0
891f8d4686fffff,48.2097,11.5626,muenchen,True,1328,10.4686,265,False,0.518321,False,662,0.82406,0,0,0,0,0,0,0,1,0,1,1,0,0,2,0,0,0,0,0,0,0,0,0,0,0,0,1,0,1,0,0,0,0,0
891f8d46873ffff,48.2145,11.5574,muenchen,True,1690,10.0967,642,False,0.41832,False,722,0.772099,0,0,0,0,0,0,0,1,0,0,1,0,0,0,0,0,0,0,0,0,1,0,0,0,0,0,2,0,0,0,0,0,0,0
891f8d46877ffff,48.2148,11.5621,muenchen,True,536,11.2509,246,False,0.383302,False,248,0.832653,0,0,0,0,0,0,0,0,0,0,0,0,0,0,0,0,0,0,0,0,0,0,0,0,0,0,0,0,0,0,0,0,0,0
891f8d4687bffff,48.2117,11.5553,muenchen,True,1006,10.0349,368,False,0.449304,False,432,0.785047,0,0,0,0,0,0,0,0,0,0,1,0,0,0,0,0,0,1,0,0,0,0,0,0,0,0,1,0,0,0,0,0,0,0
891f8d46883ffff,48.2273,11.5539,muenchen,True,0,,0,False,0.461337,False,0,0.885067,0,0,0,0,0,0,0,0,0,0,0,0,0,0,0,0,0,0,0,0,0,0,0,0,0,0,0,0,0,0,0,0,0,0
891f8d46887ffff,48.2276,11.5586,muenchen,True,0,,0,False,0.461337,False,0,0.885067,0,0,0,0,0,0,0,0,0,0,0,0,0,0,0,0,0,0,0,0,0,0,0,0,0,0,0,0,0,0,0,0,0,0
891f8d4688bffff,48.2245,11.5517,muenchen,True,0,,0,False,0.461337,False,0,0.885067,0,0,0,0,0,0,0,0,0,0,0,0,0,0,0,0,0,0,0,0,0,0,0,0,0,0,0,0,0,0,0,0,0,0
891f8d4688fffff,48.2249,11.5565,muenchen,True,264,5.53864,103,False,0.437984,False,103,0.735537,0,0,0,0,0,0,0,0,0,0,0,0,0,0,0,0,0,0,0,0,0,0,0,0,0,0,0,0,0,0,0,0,0,0
891f8d46893ffff,48.2297,11.5513,muenchen,False,0,,0,False,0.461337,False,0,0.885067,0,0,0,0,0,0,0,0,0,0,0,0,0,0,0,0,0,0,0,0,0,0,0,0,0,0,0,0,0,0,0,0,0,0
891f8d46897ffff,48.23,11.556,muenchen,False,0,,0,False,0.461337,False,0,0.885067,0,0,0,0,0,0,0,0,0,0,0,0,0,0,0,0,0,0,0,0,0,0,0,0,0,0,0,0,0,0,0,0,0,0
891f8d4689bffff,48.2269,11.5491,muenchen,True,0,,0,False,0.461337,False,0,0.885067,0,0,0,0,0,0,0,0,0,0,0,0,0,0,0,0,0,0,0,0,0,0,0,0,0,0,0,0,0,0,0,0,0,0
891f8d468a3ffff,48.2256,11.5659,muenchen,True,0,,0,False,0.461337,False,0,0.885067,0,0,0,0,0,0,0,0,0,0,0,0,0,0,0,0,0,0,0,0,0,0,0,0,0,0,0,0,0,0,0,0,0,0
891f8d468a7ffff,48.2259,11.5706,muenchen,True,0,,0,False,0.461337,False,0,0.885067,0,0,0,0,0,0,0,0,0,0,0,0,0,0,0,0,0,0,0,0,0,0,0,0,0,0,0,0,0,0,0,0,0,0
891f8d468abffff,48.2228,11.5638,muenchen,True,477,6.37612,170,False,0.346723,False,168,0.622642,0,0,0,0,0,0,0,0,0,0,0,0,0,0,0,0,0,0,0,0,0,0,0,0,0,0,0,0,0,0,0,0,0,0
891f8d468afffff,48.2232,11.5685,muenchen,True,0,,0,False,0.461337,False,0,0.885067,0,0,0,0,0,0,0,0,0,0,0,0,0,0,0,0,0,0,0,0,0,0,0,0,0,0,0,0,0,0,0,0,0,0
891f8d468b3ffff,48.228,11.5633,muenchen,True,0,,0,False,0.461337,False,0,0.885067,0,0,0,0,0,0,0,0,0,0,0,0,0,0,0,0,0,0,0,0,0,0,0,0,0,0,0,0,0,0,0,0,0,0
891f8d468b7ffff,48.2284,11.568,muenchen,True,0,,0,False,0.461337,False,0,0.885067,0,0,0,0,0,0,0,0,0,0,0,0,0,0,0,0,0,0,0,0,0,0,0,0,0,0,0,0,0,0,0,0,0,0
891f8d468bbffff,48.2252,11.5612,muenchen,True,7,6.85185,0,True,0.461337,True,4,0.885067,0,0,0,0,0,0,0,0,0,0,0,0,0,0,1,0,0,0,0,0,0,0,0,0,0,0,0,0,1,0,0,0,0,0
891f8d468c3ffff,48.2214,11.5449,muenchen,True,0,,0,False,0.461337,False,0,0.885067,0,0,0,0,0,0,0,0,0,0,0,0,0,0,0,0,0,0,0,0,0,0,0,0,0,0,0,0,0,0,0,0,0,0
891f8d468c7ffff,48.2217,11.5496,muenchen,True,94,7.08,32,False,0.41,False,32,0.675676,0,0,0,0,0,0,0,0,0,0,0,0,0,0,0,0,0,0,0,0,0,0,0,0,0,0,0,0,0,0,0,0,0,0
891f8d468cbffff,48.2186,11.5428,muenchen,True,296,13.3456,25,False,0.403909,False,112,0.675676,0,0,0,0,0,0,0,0,0,0,0,0,0,0,0,0,0,0,0,0,0,0,0,0,0,0,0,0,0,0,0,0,0,0
891f8d468cfffff,48.2189,11.5475,muenchen,True,101,12.396,10,False,0.26087,False,39,0.828571,0,0,0,0,0,0,0,0,0,0,0,0,0,0,0,0,0,0,0,0,0,0,0,0,0,0,0,0,0,0,0,0,0,0
891f8d468d3ffff,48.2238,11.5423,muenchen,True,0,,0,False,0.461337,False,0,0.885067,0,0,0,0,0,0,0,0,0,0,0,0,0,0,0,0,0,0,0,0,0,0,0,0,0,0,0,0,0,0,0,0,0,0
891f8d468d7ffff,48.2241,11.547,muenchen,True,0,,0,False,0.461337,False,0,0.885067,0,0,0,0,0,0,0,0,0,0,0,0,0,0,0,0,0,0,0,0,0,0,0,0,0,0,0,0,0,0,0,0,0,0
891f8d468dbffff,48.221,11.5402,muenchen,True,0,,0,False,0.461337,False,0,0.885067,0,0,0,0,0,0,0,0,0,0,0,0,0,0,0,0,0,0,0,0,0,0,0,0,0,0,0,0,0,0,0,0,0,0
891f8d46903ffff,48.2222,11.5899,muenchen,False,0,,0,False,0.461337,False,0,0.885067,0,0,0,0,0,0,0,0,0,0,0,0,0,0,0,0,0,0,0,0,0,0,0,0,0,0,0,0,2,0,0,0,0,0
891f8d46907ffff,48.2226,11.5947,muenchen,False,0,,0,False,0.461337,False,0,0.885067,0,0,0,0,0,0,0,0,0,0,0,0,0,0,0,0,0,0,0,0,0,0,0,0,0,0,0,0,0,0,0,0,0,0
891f8d4690bffff,48.2194,11.5878,muenchen,False,0,,0,False,0.461337,False,0,0.885067,0,0,0,0,0,0,0,0,0,0,0,0,0,0,0,0,0,0,0,0,0,0,0,0,0,0,2,0,0,0,0,0,0,0
891f8d4690fffff,48.2198,11.5925,muenchen,False,0,,0,False,0.461337,False,0,0.885067,0,0,0,0,0,0,0,0,0,0,0,0,0,0,0,0,0,0,0,0,0,0,0,0,0,0,0,0,0,0,0,0,0,0
891f8d46913ffff,48.2246,11.5873,muenchen,False,0,,0,False,0.461337,False,0,0.885067,0,0,0,0,0,0,0,0,0,0,0,0,0,0,0,0,0,0,0,0,0,0,0,0,0,0,0,0,0,0,0,0,0,0
891f8d46917ffff,48.225,11.5921,muenchen,False,0,,0,False,0.461337,False,0,0.885067,0,0,0,0,0,0,0,0,0,0,0,0,1,0,0,0,0,0,0,0,0,0,0,0,0,0,0,0,0,0,0,0,0,0
891f8d4691bffff,48.2218,11.5852,muenchen,False,3,,0,False,0.461337,True,0,0.885067,0,0,0,0,0,0,0,0,0,0,0,0,0,0,0,0,0,0,0,0,0,0,0,0,0,0,0,0,0,0,0,0,0,0
891f8d46923ffff,48.2205,11.602,muenchen,False,0,,0,False,0.461337,False,0,0.885067,0,0,0,0,0,0,0,0,0,0,0,0,0,0,0,0,0,0,0,0,0,0,0,0,0,0,0,0,0,0,0,0,0,0
891f8d46927ffff,48.2209,11.6067,muenchen,False,0,,0,False,0.461337,False,0,0.885067,0,0,0,0,0,0,0,0,0,0,0,0,0,0,0,0,0,0,0,0,0,0,0,0,0,0,0,0,0,0,0,0,0,0
891f8d4692bffff,48.2177,11.5998,muenchen,False,0,,0,False,0.461337,False,0,0.885067,0,0,0,0,0,0,0,0,0,0,0,0,0,0,0,0,0,0,0,0,0,0,0,0,0,0,0,0,0,0,0,0,0,0
891f8d4692fffff,48.2181,11.6046,muenchen,False,0,,0,False,0.461337,False,0,0.885067,0,0,0,0,0,0,0,0,0,0,0,0,0,0,0,0,0,0,0,0,0,0,0,0,0,0,0,0,0,0,0,0,0,0
891f8d46933ffff,48.2229,11.5994,muenchen,False,0,,0,False,0.461337,False,0,0.885067,0,0,0,0,0,0,0,0,0,0,0,0,0,0,0,0,0,0,0,0,0,0,0,0,0,0,0,0,0,0,0,0,0,0
891f8d46937ffff,48.2233,11.6041,muenchen,False,0,,0,False,0.461337,False,0,0.885067,0,0,0,0,0,0,0,0,0,0,0,0,0,0,0,0,0,0,0,0,0,0,0,0,0,0,0,0,0,0,0,0,0,0
891f8d4693bffff,48.2202,11.5972,muenchen,False,0,,0,False,0.461337,False,0,0.885067,0,0,0,0,0,0,0,0,0,0,0,0,0,0,0,0,0,0,0,0,0,0,0,0,0,0,0,0,1,0,0,0,0,0
891f8d46943ffff,48.2163,11.581,muenchen,True,0,,0,False,0.461337,False,0,0.885067,0,0,0,0,0,0,0,0,0,0,0,0,0,0,0,0,0,0,0,0,0,0,0,0,0,0,0,0,0,0,0,0,0,0
891f8d46947ffff,48.2167,11.5857,muenchen,False,0,,0,False,0.461337,False,0,0.885067,0,0,0,0,0,0,0,0,0,0,0,0,0,0,0,0,0,0,0,0,0,0,0,0,0,0,0,0,0,0,0,0,0,0
891f8d4694bffff,48.2135,11.5789,muenchen,True,71,7.30862,87,False,0.328947,False,47,0.82,0,0,0,0,0,0,0,0,0,0,0,0,0,0,0,0,0,0,0,0,0,0,0,0,0,0,0,0,0,0,0,0,0,0
891f8d4694fffff,48.2139,11.5836,muenchen,True,381,6.96886,88,False,0.475066,False,129,0.679389,0,0,0,0,0,0,0,0,0,0,0,0,0,0,0,0,0,0,0,0,0,0,0,0,0,0,0,0,0,0,0,0,0,0
891f8d46953ffff,48.2187,11.5784,muenchen,True,0,,0,False,0.461337,False,0,0.885067,0,0,0,0,0,0,0,0,0,0,0,0,0,0,0,0,0,0,0,0,0,0,0,0,0,0,0,0,0,0,0,0,0,0
891f8d46957ffff,48.2191,11.5831,muenchen,True,0,,0,False,0.461337,False,0,0.885067,0,0,0,0,0,0,0,0,0,0,0,0,0,0,0,0,0,0,0,0,0,0,0,0,0,0,0,0,0,0,0,0,0,0
891f8d4695bffff,48.2159,11.5763,muenchen,True,0,,0,False,0.461337,False,0,0.885067,0,0,0,0,0,0,0,0,0,0,0,0,0,0,0,0,0,0,0,0,0,0,0,0,0,0,0,0,0,0,0,0,0,0
891f8d46963ffff,48.2146,11.593,muenchen,False,0,,0,False,0.461337,False,0,0.885067,0,0,0,0,0,0,0,0,0,0,0,0,0,0,0,0,0,0,0,0,0,0,0,0,0,0,0,0,0,0,0,0,0,0
891f8d46967ffff,48.215,11.5977,muenchen,False,0,,0,False,0.461337,False,0,0.885067,0,0,0,0,0,0,0,0,0,0,0,0,0,0,0,0,0,0,0,0,0,0,0,0,0,0,0,0,0,0,0,0,0,0
891f8d4696bffff,48.2118,11.5909,muenchen,True,24,6.96546,0,True,0.12,False,3,0.885067,0,0,0,0,0,0,0,0,0,0,0,0,0,0,0,0,0,0,0,0,0,0,0,0,0,0,0,0,0,0,0,0,0,0
891f8d4696fffff,48.2122,11.5956,muenchen,True,0,,0,False,0.461337,False,0,0.885067,0,0,0,0,0,0,0,0,0,0,0,0,0,0,0,0,0,0,0,0,0,0,0,0,0,0,0,0,0,0,0,0,0,0
891f8d46973ffff,48.217,11.5904,muenchen,False,0,,0,False,0.461337,False,0,0.885067,0,0,0,0,0,0,0,0,0,0,0,0,0,0,0,0,0,0,0,0,0,0,0,0,0,0,0,0,0,0,0,0,0,0
891f8d46977ffff,48.2174,11.5951,muenchen,False,0,,0,False,0.461337,False,0,0.885067,0,0,0,0,0,0,0,0,0,0,0,0,0,0,0,0,0,0,0,0,0,0,0,0,0,0,0,0,0,0,0,0,0,0
891f8d4697bffff,48.2142,11.5883,muenchen,False,261,6.9945,80,False,0.411538,False,93,0.65625,0,0,0,0,0,0,0,0,0,0,0,0,0,0,0,0,0,0,0,0,0,0,0,0,0,0,2,0,0,0,0,0,0,0
891f8d46983ffff,48.2298,11.5869,muenchen,False,0,,0,False,0.461337,False,0,0.885067,0,0,0,0,0,0,0,0,0,0,0,0,0,0,0,0,0,0,0,0,0,0,0,0,0,0,0,0,0,0,0,0,0,0
891f8d46987ffff,48.2302,11.5916,muenchen,False,0,,0,False,0.461337,False,0,0.885067,0,0,0,0,0,0,0,0,0,0,0,0,0,0,0,0,0,0,0,0,0,0,0,0,0,0,0,0,0,0,0,0,0,0
891f8d4698bffff,48.227,11.5847,muenchen,False,0,,0,False,0.461337,False,0,0.885067,0,0,0,0,0,0,0,0,0,0,0,0,0,0,0,0,0,0,0,0,0,0,0,0,0,0,0,0,0,0,0,0,0,0
891f8d4698fffff,48.2274,11.5895,muenchen,False,0,,0,False,0.461337,False,0,0.885067,0,0,0,0,0,0,0,0,0,0,0,0,0,0,0,0,0,0,0,0,0,0,0,0,0,0,0,0,0,0,0,0,0,0
891f8d46993ffff,48.2322,11.5843,muenchen,False,0,,0,False,0.461337,False,0,0.885067,0,0,0,0,0,0,0,0,0,0,0,0,0,0,0,0,0,0,0,0,0,0,0,0,0,0,0,0,0,0,0,0,0,0
891f8d46997ffff,48.2326,11.589,muenchen,False,0,,0,False,0.461337,False,0,0.885067,0,0,0,0,0,0,0,0,0,0,0,0,0,0,0,0,0,0,0,0,0,0,0,0,0,0,0,0,0,0,0,0,0,0
891f8d4699bffff,48.2294,11.5822,muenchen,False,0,,0,False,0.461337,False,0,0.885067,0,0,0,0,0,0,0,0,0,0,0,0,0,0,0,0,0,0,0,0,0,0,0,0,0,0,0,0,0,0,0,0,0,0
891f8d469a3ffff,48.2281,11.5989,muenchen,False,0,,0,False,0.461337,False,0,0.885067,0,0,0,0,0,0,0,0,0,0,0,0,0,0,0,0,0,0,0,0,0,0,0,0,0,0,0,0,0,0,0,0,0,0
891f8d469a7ffff,48.2285,11.6036,muenchen,False,0,,0,False,0.461337,False,0,0.885067,0,0,0,0,0,0,0,0,0,0,0,0,0,0,0,0,0,0,0,0,0,0,0,0,0,0,0,0,0,0,0,0,0,0
891f8d469abffff,48.2253,11.5968,muenchen,False,0,,0,False,0.461337,False,0,0.885067,0,0,0,0,0,0,0,0,0,0,0,0,0,0,0,0,0,0,0,0,0,0,0,0,0,0,0,0,0,0,0,0,0,0
891f8d469afffff,48.2257,11.6015,muenchen,False,0,,0,False,0.461337,False,0,0.885067,0,0,0,0,0,0,0,0,0,0,0,0,0,0,0,0,0,0,0,0,0,0,0,0,0,0,0,0,0,0,0,0,0,0
891f8d469b3ffff,48.2305,11.5963,muenchen,False,0,,0,False,0.461337,False,0,0.885067,0,0,0,0,0,0,0,0,0,0,0,0,0,0,0,0,0,0,0,0,0,0,0,0,0,0,2,0,0,0,0,0,0,0
891f8d469b7ffff,48.2309,11.601,muenchen,False,3,,0,False,0.461337,True,0,0.885067,0,0,0,0,0,0,0,0,0,0,0,0,0,1,0,0,0,0,0,0,0,0,0,0,0,0,0,0,1,0,0,0,0,0
891f8d469bbffff,48.2278,11.5942,muenchen,False,0,,0,False,0.461337,False,0,0.885067,0,0,0,0,0,0,0,0,0,0,0,0,0,0,0,0,0,0,0,0,0,0,0,0,0,0,0,0,0,0,0,0,0,0
891f8d469c3ffff,48.2239,11.5779,muenchen,True,0,,0,False,0.461337,False,0,0.885067,0,0,0,0,0,0,0,0,0,0,0,0,0,0,0,0,0,0,0,0,0,0,0,0,0,0,0,0,0,0,0,0,0,0
891f8d469c7ffff,48.2243,11.5826,muenchen,True,0,,0,False,0.461337,False,0,0.885067,0,0,0,0,0,0,0,0,0,0,0,0,0,0,0,0,0,0,0,0,0,0,0,0,0,0,0,0,0,0,0,0,0,0
891f8d469cbffff,48.2211,11.5758,muenchen,True,0,,0,False,0.461337,False,0,0.885067,0,0,0,0,0,0,0,0,0,0,0,0,0,0,0,0,0,0,0,0,0,0,0,0,0,0,0,0,0,0,0,0,0,0
891f8d469cfffff,48.2215,11.5805,muenchen,True,0,,0,False,0.461337,False,0,0.885067,0,0,0,0,0,0,0,0,0,0,0,0,0,0,0,0,0,0,0,0,0,0,0,0,0,0,0,0,0,0,0,0,0,0
891f8d469d3ffff,48.2263,11.5753,muenchen,True,0,,0,False,0.461337,False,0,0.885067,0,0,0,0,0,0,0,0,0,0,0,0,0,0,0,0,0,0,0,0,0,0,0,0,0,0,0,0,0,0,0,0,0,0
891f8d469d7ffff,48.2267,11.58,muenchen,True,0,,0,False,0.461337,False,0,0.885067,0,0,0,0,0,0,0,0,0,0,0,0,0,0,0,0,0,0,0,0,0,0,0,0,0,0,0,0,0,0,0,0,0,0
891f8d469dbffff,48.2235,11.5732,muenchen,True,0,,0,False,0.461337,False,0,0.885067,0,0,0,0,0,0,0,0,0,0,0,0,0,0,0,0,0,0,0,0,0,0,0,0,0,0,0,0,0,0,0,0,0,0
891f8d46a03ffff,48.2002,11.5421,muenchen,True,346,13.1481,63,False,0.361345,False,180,0.791209,0,0,0,0,0,0,0,0,0,0,0,0,0,0,1,0,0,0,0,0,0,0,0,0,0,0,4,0,1,1,1,0,0,0
891f8d46a07ffff,48.2006,11.5468,muenchen,True,462,15.2026,88,False,0.411638,False,202,0.811594,0,0,0,0,0,0,0,0,0,0,0,0,0,0,0,0,0,0,0,1,0,0,0,0,0,0,0,0,3,0,0,0,0,0
891f8d46a0bffff,48.1975,11.54,muenchen,True,72,10.87,19,False,0.575342,False,39,0.896552,0,0,0,0,0,0,0,0,0,0,0,0,0,0,0,0,0,0,0,0,0,0,0,0,0,0,0,0,0,0,0,0,0,0
891f8d46a0fffff,48.1978,11.5447,muenchen,True,558,14.5645,143,False,0.395904,False,279,0.816054,0,0,0,0,0,0,0,0,1,0,1,0,0,1,2,0,0,0,0,0,0,0,0,0,0,0,1,0,2,0,0,0,0,0
891f8d46a13ffff,48.2026,11.5395,muenchen,True,378,13.1548,29,False,0.290503,False,129,0.712963,0,0,0,0,0,0,0,0,0,0,0,0,0,0,0,0,0,0,0,0,0,0,0,0,0,0,2,0,0,0,0,0,0,0
891f8d46a17ffff,48.203,11.5442,muenchen,True,85,9.87625,8,False,0.525641,False,16,0.885067,0,0,0,0,0,0,0,2,0,0,1,0,0,0,0,0,0,0,0,0,0,0,0,0,0,0,0,0,5,1,0,1,0,0
891f8d46a1bffff,48.1999,11.5374,muenchen,True,644,11.8193,188,False,0.394737,False,317,0.862179,0,0,0,0,0,0,0,1,0,0,0,0,0,0,0,0,0,0,0,0,0,0,0,0,0,0,2,0,0,0,0,0,0,0
891f8d46a23ffff,48.1985,11.5541,muenchen,True,260,13.3661,61,False,0.336806,False,121,0.851852,0,0,0,0,0,0,0,0,0,0,0,0,0,1,0,0,0,0,0,0,0,0,0,0,0,0,0,0,1,0,0,0,0,0
891f8d46a27ffff,48.1989,11.5588,muenchen,True,12,11.29,11,False,1,False,7,1,0,0,0,0,0,0,0,0,0,0,0,0,0,0,0,0,0,0,0,0,0,0,0,0,0,0,1,0,0,0,0,0,0,0
891f8d46a2bffff,48.1958,11.552,muenchen,True,586,13.7009,148,False,0.375433,False,273,0.865979,0,0,0,0,0,0,0,0,0,0,0,0,0,0,0,0,0,0,0,0,0,0,0,0,0,0,0,0,2,0,0,0,0,0
891f8d46a2fffff,48.1961,11.5567,muenchen,True,129,15.695,10,False,0.347107,False,46,0.7,0,0,0,0,0,0,0,0,0,0,0,0,0,1,0,0,0,0,0,0,0,0,0,0,0,0,0,0,0,0,0,0,0,0
891f8d46a33ffff,48.201,11.5515,muenchen,True,296,13.7815,46,False,0.425868,False,125,0.747826,0,0,0,0,0,0,0,0,0,0,0,0,0,0,0,0,0,0,0,0,0,0,0,0,0,0,3,0,0,0,0,0,0,0
891f8d46a37ffff,48.2013,11.5562,muenchen,True,183,14.5367,18,False,0.373563,False,80,0.811594,0,0,0,0,0,0,0,0,0,0,0,0,0,0,0,0,0,0,0,0,0,0,0,0,0,0,0,0,0,0,0,0,0,0
891f8d46a3bffff,48.1982,11.5494,muenchen,True,510,12.977,106,False,0.37827,False,228,0.822785,0,0,0,0,0,0,0,0,0,0,0,0,0,0,0,0,0,0,0,0,0,0,0,0,0,0,0,0,2,0,0,0,0,0
891f8d46a43ffff,48.1943,11.5332,muenchen,True,779,14.2324,177,False,0.407407,False,372,0.830601,0,0,0,0,0,0,0,0,0,0,0,0,0,1,0,0,0,0,0,0,0,0,0,0,0,0,1,0,0,0,0,0,0,0
891f8d46a47ffff,48.1947,11.5379,muenchen,True,10,18.31,4,False,0,False,6,1,0,0,0,0,0,0,0,0,0,0,0,0,0,0,0,0,0,0,0,0,0,0,0,0,0,0,0,0,0,0,0,0,0,0
891f8d46a4bffff,48.1915,11.531,muenchen,True,87,14.29,15,False,0.483146,False,34,0.903226,0,0,0,0,0,0,0,0,0,0,0,0,0,0,0,0,0,0,0,0,0,0,0,0,0,0,0,0,0,0,0,0,0,0
891f8d46a4fffff,48.1919,11.5358,muenchen,True,8,13.5544,0,True,0.461337,True,0,0.885067,0,0,0,0,0,0,0,0,0,0,0,0,0,0,0,0,0,0,0,0,0,0,0,0,0,0,0,0,0,0,0,0,0,0
891f8d46a53ffff,48.1967,11.5306,muenchen,True,1462,11.934,453,False,0.414601,False,810,0.911692,0,0,0,0,0,0,0,0,0,0,0,0,0,1,0,0,0,0,0,0,0,0,0,0,0,0,0,0,0,0,0,0,0,0
891f8d46a57ffff,48.1971,11.5353,muenchen,True,730,16.622,234,False,0.484182,False,383,0.852417,1,0,0,0,0,0,0,0,0,0,1,0,0,0,1,0,0,0,0,0,0,0,0,0,0,0,3,0,1,0,0,0,0,0
891f8d46a5bffff,48.194,11.5284,muenchen,True,339,13.3126,70,False,0.33123,False,161,0.805031,0,0,0,0,0,0,0,0,0,0,0,0,0,0,0,0,0,0,0,0,0,0,0,0,0,0,0,0,0,0,0,0,0,0
891f8d46a63ffff,48.1926,11.5452,muenchen,True,592,12.3821,114,False,0.440457,False,230,0.682403,0,0,0,0,0,0,0,0,0,0,0,0,0,0,0,0,0,0,0,0,0,0,0,0,0,0,0,0,0,0,0,0,0,0
891f8d46a67ffff,48.193,11.5499,muenchen,True,810,14.5137,292,False,0.457036,False,418,0.909756,0,0,0,0,0,0,0,2,0,0,1,0,0,0,0,0,0,0,0,0,0,0,0,0,0,0,0,0,4,0,0,0,0,0
891f8d46a6bffff,48.1899,11.5431,muenchen,True,153,14.7533,0,True,0.352113,False,3,1,0,0,0,0,0,0,0,0,0,0,0,0,0,0,0,0,0,0,0,0,0,0,0,0,0,0,0,0,1,0,0,0,0,0
891f8d46a6fffff,48.1902,11.5478,muenchen,True,70,12.4367,12,False,0.406977,False,27,0.888889,0,0,0,0,0,0,0,0,0,0,1,0,0,0,0,0,0,0,0,0,0,0,0,1,0,0,2,0,5,0,0,0,0,0
891f8d46a73ffff,48.195,11.5426,muenchen,True,541,13.5274,141,False,0.374322,False,293,0.916399,0,0,0,0,0,0,0,0,0,0,0,0,0,0,0,0,0,0,0,0,0,0,0,0,0,0,0,0,0,0,0,0,0,0
891f8d46a77ffff,48.1954,11.5473,muenchen,True,853,13.9518,242,False,0.474461,False,453,0.859341,0,0,0,0,0,0,0,0,0,0,1,0,1,0,0,0,0,0,0,0,0,1,0,0,0,0,1,0,3,0,0,0,0,0
891f8d46a7bffff,48.1923,11.5405,muenchen,True,52,14.8658,0,True,0.318841,False,13,0.526316,0,0,0,0,0,0,0,0,0,0,0,0,0,0,0,0,0,0,0,0,0,0,0,0,0,0,0,0,0,0,0,0,0,0
891f8d46a83ffff,48.2078,11.539,muenchen,True,266,10.0203,60,False,0.496212,False,101,0.639175,0,0,0,0,0,0,0,0,0,0,0,0,0,0,0,0,0,0,0,0,0,0,0,0,0,0,0,0,0,0,0,0,0,0
891f8d46a87ffff,48.2082,11.5437,muenchen,True,1381,10.7907,481,False,0.41504,False,618,0.825733,0,0,0,0,0,0,0,0,0,0,0,0,0,1,0,0,0,0,0,0,0,0,0,0,0,0,1,0,1,0,0,0,0,0
891f8d46a8bffff,48.2051,11.5369,muenchen,True,186,13.6707,29,False,0.40113,False,63,0.704918,0,0,0,0,0,0,0,0,0,0,0,0,0,0,0,0,0,0,0,0,0,0,0,0,0,0,0,0,0,0,0,0,0,0
891f8d46a8fffff,48.2054,11.5416,muenchen,True,32,10.4211,9,False,0.382353,False,13,1,0,0,0,0,0,0,0,0,0,0,0,0,0,0,0,0,0,0,0,0,0,0,0,0,0,0,0,0,1,0,0,0,0,0
891f8d46a93ffff,48.2103,11.5364,muenchen,True,116,12.9309,45,False,0.574074,False,52,0.741379,0,0,0,0,0,0,0,0,0,0,0,0,0,0,0,0,0,0,0,0,0,0,0,0,0,0,0,0,0,0,0,0,0,0
891f8d46a97ffff,48.2106,11.5412,muenchen,True,323,11.4085,78,False,0.384848,False,143,0.756757,0,0,0,0,0,0,0,0,0,0,0,0,0,0,0,0,0,0,0,0,0,0,0,0,0,0,0,0,0,0,0,0,0,0
891f8d46a9bffff,48.2075,11.5343,muenchen,True,63,15.865,18,False,0.508772,False,25,1,0,0,0,0,0,0,0,0,0,0,0,0,0,2,0,0,0,0,0,0,0,0,0,0,0,0,0,0,0,0,0,0,0,0
891f8d46aa3ffff,48.2062,11.5511,muenchen,True,1310,12.2145,363,False,0.37632,False,703,0.887165,0,0,0,0,0,0,0,0,0,0,0,0,0,0,0,0,0,0,0,0,0,0,0,0,0,0,0,0,0,0,0,0,0,0
891f8d46aa7ffff,48.2065,11.5558,muenchen,True,758,10.1598,204,False,0.400541,False,353,0.834302,0,0,0,0,0,0,0,0,0,0,0,0,0,0,0,0,0,0,0,0,0,0,0,0,0,0,0,0,0,0,0,0,0,0
891f8d46aabffff,48.2034,11.5489,muenchen,True,124,13.4042,0,True,0.417391,False,4,1,0,0,0,0,0,0,0,0,0,0,0,0,0,0,0,0,0,0,0,0,0,0,0,0,0,0,0,0,0,0,0,0,0,0
891f8d46aafffff,48.2037,11.5537,muenchen,True,710,12.4004,92,False,0.392458,False,288,0.833922,0,0,0,0,0,0,0,0,0,0,0,0,0,0,0,0,0,0,0,0,0,0,0,0,0,0,2,0,0,0,0,0,0,0
891f8d46ab3ffff,48.2086,11.5485,muenchen,True,269,9.62181,94,False,0.468401,False,94,0.727273,0,0,0,0,0,0,0,0,0,0,0,0,0,0,0,0,0,0,0,0,0,0,0,0,0,0,0,0,0,0,0,0,0,0
891f8d46ab7ffff,48.2089,11.5532,muenchen,True,1223,19.2074,534,False,0.282927,False,771,0.928859,0,0,0,0,0,0,0,2,0,0,0,0,1,0,2,0,0,0,0,0,1,0,0,0,0,0,3,0,0,0,0,0,0,0
891f8d46abbffff,48.2058,11.5463,muenchen,True,168,9.235,80,False,0.262857,False,80,0.837209,0,0,0,0,0,0,0,0,0,0,0,0,0,0,0,0,0,0,0,0,0,0,0,0,0,0,0,0,0,0,0,0,0,0
891f8d46ac3ffff,48.2019,11.5301,muenchen,True,31,11.9216,0,True,0.481481,False,5,0.885067,0,0,0,0,0,0,0,0,0,0,0,0,0,0,0,0,0,0,0,0,0,0,0,0,0,0,0,0,0,0,0,0,0,0
891f8d46ac7ffff,48.2023,11.5348,muenchen,True,229,11.8192,36,False,0.386957,False,94,0.793814,0,0,0,0,0,0,0,0,0,0,0,0,0,0,0,0,0,0,0,0,0,0,0,0,0,0,0,0,0,0,0,0,0,0
891f8d46acbffff,48.1991,11.528,muenchen,True,673,7.41451,275,False,0.38301,False,319,0.819018,0,0,0,0,0,0,0,0,0,0,0,0,0,0,0,0,0,0,0,0,0,0,0,0,0,0,0,0,0,0,0,0,0,0
891f8d46acfffff,48.1995,11.5327,muenchen,True,1734,10.6846,645,False,0.452299,False,756,0.780027,0,0,0,0,0,0,0,0,0,0,0,0,0,0,0,0,0,0,0,0,0,0,0,0,0,0,0,0,0,0,0,0,0,0
891f8d46ad3ffff,48.2043,11.5275,muenchen,True,0,,0,False,0.461337,False,0,0.885067,0,0,0,0,0,0,0,0,0,0,0,0,0,0,0,0,0,0,0,0,0,0,0,0,0,0,0,0,0,0,0,0,0,0
891f8d46ad7ffff,48.2047,11.5322,muenchen,True,0,,0,False,0.461337,False,0,0.885067,0,0,0,0,0,0,0,0,0,0,0,0,0,0,0,0,0,0,0,0,0,0,0,0,0,0,0,0,0,0,0,0,0,0
891f8d46adbffff,48.2016,11.5254,muenchen,True,98,12.9948,23,False,0.337349,False,53,0.756757,0,0,0,0,0,0,0,0,0,0,0,0,0,0,0,0,0,0,0,0,0,0,0,0,0,0,0,0,0,0,0,0,0,0
891f8d46b03ffff,48.2028,11.5751,muenchen,True,1018,11.2947,326,False,0.438315,False,437,0.774419,0,0,0,0,0,0,0,0,0,0,0,0,0,0,0,0,0,0,0,0,0,0,0,0,0,0,1,0,0,0,0,0,0,0
891f8d46b07ffff,48.2031,11.5798,muenchen,True,422,14.2077,66,False,0.375,False,188,0.756757,0,0,0,0,0,0,0,0,0,0,0,0,0,0,0,0,0,0,0,0,0,0,0,0,0,0,0,0,0,0,0,0,0,0
891f8d46b0bffff,48.2,11.573,muenchen,True,244,8.93015,68,False,0.399177,False,97,0.647619,0,0,0,0,0,0,0,0,0,0,0,0,0,1,1,0,0,0,0,0,0,0,0,0,0,0,1,0,0,0,0,0,0,0
891f8d46b0fffff,48.2004,11.5777,muenchen,True,360,9.92183,104,False,0.400576,False,132,0.684615,0,0,0,0,0,0,0,0,0,0,0,0,0,0,0,0,0,0,0,0,0,0,0,0,0,0,1,0,0,0,0,0,0,0
891f8d46b13ffff,48.2052,11.5725,muenchen,True,960,9.29928,525,False,0.378661,False,536,0.894161,0,0,0,0,0,0,0,1,0,0,2,0,0,0,0,0,0,0,0,0,0,0,0,0,0,0,2,0,0,0,0,0,0,0
891f8d46b17ffff,48.2056,11.5772,muenchen,True,1031,9.78086,395,False,0.383732,False,428,0.758865,0,0,0,0,0,0,0,0,0,0,1,0,0,0,0,0,0,0,0,0,0,0,0,0,0,0,0,0,0,0,0,0,0,0
891f8d46b1bffff,48.2024,11.5704,muenchen,True,770,7.71777,452,False,0.465789,False,458,0.902655,0,0,0,0,0,0,0,0,0,0,0,0,0,0,0,0,0,0,0,0,0,0,0,0,0,0,0,0,0,0,0,0,0,0
891f8d46b23ffff,48.2011,11.5871,muenchen,True,842,13.1404,456,False,0.506448,False,511,0.914,0,0,0,0,0,0,0,2,0,0,0,0,0,0,0,0,0,0,0,0,0,0,0,0,0,0,4,0,0,0,0,0,0,0
891f8d46b27ffff,48.2014,11.5918,muenchen,True,244,12.5459,96,False,0.581197,False,132,0.905512,0,0,0,0,0,0,0,0,0,0,0,0,0,1,0,0,0,0,0,0,0,0,0,0,0,0,4,0,1,0,0,0,0,0
891f8d46b2bffff,48.1983,11.585,muenchen,True,1231,10.7576,597,False,0.4509,False,625,0.864434,0,0,0,0,0,0,0,0,0,0,0,0,0,0,1,0,0,0,0,0,0,0,0,0,0,0,2,0,0,0,0,0,0,0
891f8d46b2fffff,48.1987,11.5897,muenchen,True,655,11.1885,218,False,0.451952,False,280,0.753623,0,0,0,0,0,0,0,0,0,0,0,0,0,0,0,0,0,0,0,0,0,0,0,0,0,0,0,0,0,0,0,0,0,0
891f8d46b33ffff,48.2035,11.5845,muenchen,True,356,14.3949,35,False,0.356322,False,162,0.850299,0,0,0,0,0,0,0,0,0,0,0,0,0,0,0,0,0,1,0,0,0,0,0,0,0,0,0,0,0,0,0,0,0,0
891f8d46b37ffff,48.2039,11.5892,muenchen,True,22,14.91,5,False,0,False,12,0.727273,0,1,0,0,0,0,0,1,0,0,1,0,0,0,0,0,0,1,0,1,0,0,0,0,0,0,0,0,1,0,0,0,0,0
891f8d46b3bffff,48.2007,11.5824,muenchen,True,505,9.19486,177,False,0.342466,False,212,0.785714,0,0,0,0,0,0,0,0,0,0,0,0,0,0,0,0,0,0,1,0,0,0,0,0,0,0,0,0,0,0,0,0,0,0
891f8d46b43ffff,48.1969,11.5661,muenchen,True,0,,0,False,0.461337,False,0,0.885067,0,0,0,0,0,0,0,0,0,0,0,0,1,1,0,0,0,0,0,0,0,0,0,0,0,0,2,0,0,0,0,0,0,0
891f8d46b47ffff,48.1972,11.5709,muenchen,True,76,17.3725,16,False,0.435897,False,36,0.828571,0,0,0,0,0,0,0,0,0,0,0,0,0,0,1,0,0,0,0,0,0,0,0,0,1,0,3,0,0,0,0,0,0,0
891f8d46b4bffff,48.1941,11.564,muenchen,True,3,13.6486,0,True,0.461337,True,3,1,0,0,0,0,0,0,0,0,0,0,0,0,0,1,0,0,0,0,0,0,0,0,0,0,0,0,0,0,4,1,0,0,0,0
891f8d46b4fffff,48.1944,11.5687,muenchen,True,0,,0,False,0.461337,False,0,0.885067,0,0,0,0,0,0,0,0,0,0,0,0,0,1,0,0,0,0,0,0,0,0,0,0,0,0,1,0,1,0,0,0,0,0
891f8d46b53ffff,48.1993,11.5636,muenchen,True,58,15.92,39,False,0.839286,False,55,1,0,0,0,0,0,0,0,0,0,0,0,0,0,0,0,0,0,0,0,0,0,0,0,0,0,0,0,0,1,0,0,0,0,0
891f8d46b57ffff,48.1996,11.5683,muenchen,True,8,18.12,5,False,0.461337,True,7,1,0,0,0,0,0,0,0,0,0,0,0,0,0,0,0,0,0,0,0,0,0,0,0,0,0,0,0,0,0,0,0,0,0,0
891f8d46b5bffff,48.1965,11.5614,muenchen,True,0,,0,False,0.461337,False,0,0.885067,0,0,0,0,0,0,0,0,0,0,0,0,0,0,0,0,0,0,0,0,0,0,0,0,0,0,0,0,0,0,0,0,0,0
891f8d46b63ffff,48.1952,11.5782,muenchen,True,453,14.0986,108,False,0.421162,False,246,0.871795,0,0,0,0,0,0,0,0,0,0,0,0,0,0,0,0,0,0,0,0,0,0,0,0,0,0,2,0,1,0,0,0,0,0
891f8d46b67ffff,48.1955,11.5829,muenchen,True,1123,7.42512,412,False,0.392336,False,472,0.792531,0,0,0,0,0,0,0,1,0,1,1,0,0,0,1,0,0,0,0,0,0,0,0,0,0,0,3,0,1,0,0,0,0,0
891f8d46b6bffff,48.1924,11.5761,muenchen,True,12,11.4533,0,True,0.538462,False,5,1,0,0,0,0,0,0,0,0,0,0,0,0,0,1,0,0,0,0,0,0,0,0,0,0,0,0,1,0,1,0,0,0,0,0
891f8d46b6fffff,48.1928,11.5808,muenchen,True,112,15.13,20,False,0.275229,False,46,0.666667,0,0,0,0,0,0,0,0,0,0,0,0,0,1,0,0,0,0,0,0,0,0,0,0,0,0,3,0,3,0,0,0,0,0
891f8d46b73ffff,48.1976,11.5756,muenchen,True,372,14.9946,28,False,0.317935,False,140,0.731884,0,0,0,0,0,0,0,0,0,0,0,0,0,1,1,0,0,0,0,0,1,0,0,0,0,0,0,0,0,0,0,0,0,0
891f8d46b77ffff,48.1979,11.5803,muenchen,True,628,13.1546,172,False,0.438202,False,293,0.827815,0,0,0,0,0,0,0,0,0,0,0,0,0,0,0,0,0,0,0,0,0,0,0,0,0,0,0,0,0,0,0,0,0,0
891f8d46b7bffff,48.1948,11.5735,muenchen,True,134,15.0987,15,False,0.294643,False,61,0.765625,0,0,0,0,0,0,0,0,0,0,0,0,0,0,0,0,0,0,0,0,0,0,0,0,0,0,1,1,1,0,0,0,0,0
891f8d46b83ffff,48.2104,11.572,muenchen,True,87,8.54319,72,False,0.231884,False,52,1,0,0,0,0,0,0,0,0,0,0,0,0,0,1,0,0,0,0,0,0,0,0,0,0,0,0,2,0,0,0,0,0,0,0
891f8d46b87ffff,48.2107,11.5767,muenchen,True,446,7.2106,366,False,0.449561,False,262,0.914397,0,0,0,0,0,0,0,0,0,0,0,0,0,0,0,0,0,0,0,0,0,0,0,0,0,0,1,0,0,0,0,0,0,0
891f8d46b8bffff,48.2076,11.5699,muenchen,True,87,7.73,52,False,0.682927,False,52,0.948276,0,0,0,0,0,0,0,0,0,0,0,0,0,0,1,0,0,0,0,0,0,0,0,0,0,0,0,0,0,0,0,0,0,0
891f8d46b8fffff,48.208,11.5746,muenchen,True,451,8.60792,269,False,0.455724,False,260,0.868421,0,0,0,0,0,0,0,0,0,0,0,0,0,0,0,0,0,0,0,0,0,0,0,0,0,0,0,0,0,0,0,0,0,0
891f8d46b93ffff,48.2128,11.5694,muenchen,True,706,14.115,131,False,0.420455,False,305,0.772727,0,0,0,0,0,0,0,0,0,0,0,0,0,0,0,0,0,0,0,0,0,0,0,0,0,0,0,0,0,0,0,0,0,0
891f8d46b97ffff,48.2132,11.5741,muenchen,True,70,10.194,60,False,0.301887,False,44,0.923077,0,0,0,0,0,0,0,0,0,0,0,0,0,0,0,0,0,0,0,0,0,0,0,0,0,0,0,0,0,0,0,0,0,0
891f8d46b9bffff,48.21,11.5673,muenchen,True,1286,8.24939,429,False,0.405878,False,558,0.784111,0,0,0,0,0,0,0,2,0,0,0,0,0,0,0,0,0,0,0,0,0,0,0,0,0,0,2,0,0,0,0,0,0,0
891f8d46ba3ffff,48.2087,11.5841,muenchen,True,26,6.74,10,False,0.65,False,10,1,0,0,0,0,0,0,0,0,0,0,0,0,0,2,0,0,0,0,0,0,0,0,0,0,0,0,0,0,0,0,0,0,0,0
891f8d46ba7ffff,48.2091,11.5888,muenchen,True,5,7.58496,0,True,1,False,0,0.885067,0,0,0,0,0,0,0,0,0,0,0,0,0,0,0,0,0,0,0,0,0,0,0,0,0,0,1,0,0,0,0,0,0,0
891f8d46babffff,48.2059,11.5819,muenchen,True,446,8.56513,119,False,0.387665,False,209,0.858639,0,0,0,0,0,0,0,0,0,0,0,0,0,0,0,0,0,0,0,0,0,0,0,0,0,0,0,0,0,0,0,0,0,0
891f8d46bafffff,48.2063,11.5866,muenchen,True,68,9.92308,26,False,0.375,False,33,0.892857,0,0,0,0,0,0,0,0,0,0,0,0,0,1,0,0,0,0,0,0,0,0,0,0,0,0,2,0,0,0,0,0,0,0
891f8d46bb3ffff,48.2111,11.5815,muenchen,True,647,5.68007,294,False,0.419753,False,297,0.819079,0,0,0,0,0,0,0,0,0,0,0,0,0,0,0,0,0,0,0,0,1,0,0,0,0,0,2,0,0,0,0,0,0,0
891f8d46bb7ffff,48.2115,11.5862,muenchen,True,1335,6.2101,484,False,0.387509,False,527,0.713462,0,0,0,0,0,0,0,0,0,0,0,0,0,0,0,0,0,0,0,0,0,0,0,0,0,0,2,0,0,0,0,0,0,0
891f8d46bbbffff,48.2083,11.5793,muenchen,True,316,7.12755,237,False,0.382637,False,190,0.877551,0,0,0,0,0,0,0,0,0,0,0,0,0,0,0,0,0,0,0,0,0,0,0,0,0,0,0,0,0,0,0,0,0,0
891f8d46bc3ffff,48.2045,11.5631,muenchen,True,883,8.77115,314,False,0.409449,False,396,0.810881,0,0,0,0,0,0,0,1,0,0,1,0,0,2,0,0,0,0,0,0,0,0,0,0,0,0,4,0,2,0,0,0,0,0
891f8d46bc7ffff,48.2048,11.5678,muenchen,True,1142,7.14555,595,False,0.37695,False,589,0.846411,0,0,0,0,0,0,0,0,0,0,0,0,0,0,0,0,0,0,0,0,0,0,0,0,1,0,4,0,0,0,0,0,0,0
891f8d46bcbffff,48.2017,11.561,muenchen,True,332,10.7562,39,False,0.335385,False,148,0.849673,0,0,0,0,0,0,0,0,0,0,0,0,0,0,0,0,1,0,0,0,0,0,0,0,0,0,0,0,1,0,0,0,0,0
891f8d46bcfffff,48.2021,11.5657,muenchen,True,928,12.0446,449,False,0.44697,False,516,0.934334,0,0,0,0,0,0,0,0,0,0,0,0,0,1,1,0,0,0,0,1,0,0,0,0,0,0,3,0,0,0,0,0,0,0
891f8d46bd3ffff,48.2069,11.5605,muenchen,True,628,14.6624,148,False,0.430982,False,306,0.888889,0,0,0,0,0,0,0,0,0,0,0,0,0,1,0,0,0,0,0,0,0,0,0,0,0,0,2,0,0,0,0,0,0,0
891f8d46bd7ffff,48.2072,11.5652,muenchen,True,1497,9.73754,788,False,0.445545,False,878,0.884058,0,0,0,0,0,0,0,1,0,0,1,0,1,3,1,0,0,0,0,0,0,0,0,0,0,0,2,0,1,1,0,0,0,0
891f8d46bdbffff,48.2041,11.5584,muenchen,True,550,11.9569,140,False,0.349353,False,258,0.837838,0,0,0,0,0,0,0,0,0,0,1,0,0,0,0,0,0,0,0,0,0,0,0,0,0,0,0,0,0,0,0,0,0,0
891f8d46c03ffff,48.2366,11.5388,muenchen,False,0,,0,False,0.461337,False,0,0.885067,0,0,0,0,0,0,0,0,0,0,0,0,0,0,0,0,0,0,0,0,0,0,0,0,0,0,0,0,0,0,0,0,0,0
891f8d46c07ffff,48.2369,11.5435,muenchen,False,3,,0,False,0.461337,True,0,0.885067,0,0,0,0,0,0,0,0,0,0,0,0,0,0,0,0,0,0,0,0,0,0,0,0,0,0,0,0,0,0,0,0,0,0
891f8d46c0bffff,48.2338,11.5366,muenchen,False,0,,0,False,0.461337,False,0,0.885067,0,0,0,0,0,0,0,0,0,0,0,0,0,0,0,0,0,0,0,0,0,0,0,0,0,0,0,0,0,0,0,0,0,0
891f8d46c0fffff,48.2341,11.5414,muenchen,False,0,,0,False,0.461337,False,0,0.885067,0,0,0,0,0,0,0,0,0,0,0,0,0,0,0,0,0,0,0,0,0,0,0,0,0,0,0,0,0,0,0,0,0,0
891f8d46c13ffff,48.239,11.5362,muenchen,False,0,,0,False,0.461337,False,0,0.885067,0,0,0,0,0,0,0,0,0,0,0,0,0,0,0,0,0,0,0,0,0,0,0,0,0,0,0,0,0,0,0,0,0,0
891f8d46c17ffff,48.2393,11.5409,muenchen,False,0,,0,False,0.461337,False,0,0.885067,0,0,0,0,0,0,0,0,0,0,0,0,0,0,0,0,0,0,0,0,0,0,0,0,0,0,0,0,0,0,0,0,0,0
891f8d46c1bffff,48.2362,11.534,muenchen,False,0,,0,False,0.461337,False,0,0.885067,0,0,0,0,0,0,0,0,0,0,0,0,0,0,0,0,0,0,0,0,0,0,0,0,0,0,0,0,0,0,0,0,0,0
891f8d46c23ffff,48.2349,11.5508,muenchen,False,0,,0,False,0.461337,False,0,0.885067,0,0,0,0,0,0,0,0,0,0,0,0,0,0,1,0,0,0,0,0,0,0,0,0,0,0,0,0,0,0,0,0,0,0
891f8d46c27ffff,48.2352,11.5555,muenchen,False,0,,0,False,0.461337,False,0,0.885067,0,0,0,0,0,0,0,0,0,0,0,0,0,0,0,0,0,0,0,0,0,0,0,0,0,0,0,0,0,0,0,0,0,0
891f8d46c2bffff,48.2321,11.5487,muenchen,False,0,,0,False,0.461337,False,0,0.885067,0,0,0,0,0,0,0,0,0,0,0,0,0,0,0,0,0,0,0,0,0,0,0,0,0,0,0,0,0,0,0,0,0,0
891f8d46c2fffff,48.2325,11.5534,muenchen,False,0,,0,False,0.461337,False,0,0.885067,0,0,0,0,0,0,0,0,0,0,0,0,0,0,0,0,0,0,0,0,0,0,0,0,0,0,0,0,0,0,0,0,0,0
891f8d46c33ffff,48.2373,11.5482,muenchen,False,0,,0,False,0.461337,False,0,0.885067,0,0,0,0,0,0,0,0,0,0,0,0,0,0,0,0,0,0,0,0,0,0,0,0,0,0,0,0,0,0,0,0,0,0
891f8d46c37ffff,48.2376,11.5529,muenchen,False,0,,0,False,0.461337,False,0,0.885067,0,0,0,0,0,0,0,0,0,0,0,0,0,0,0,0,0,0,0,0,0,0,0,0,0,0,0,0,0,0,0,0,0,0
891f8d46c3bffff,48.2345,11.5461,muenchen,False,0,,0,False,0.461337,False,0,0.885067,0,0,0,0,0,0,0,0,0,0,0,0,0,0,0,0,0,0,0,0,0,0,0,0,0,0,0,0,0,0,0,0,0,0
891f8d46c43ffff,48.2306,11.5298,muenchen,True,0,,0,False,0.461337,False,0,0.885067,0,0,0,0,0,0,0,0,0,0,0,0,0,0,0,0,0,0,0,0,0,0,0,0,0,0,0,0,0,0,0,0,0,0
891f8d46c47ffff,48.231,11.5345,muenchen,False,0,,0,False,0.461337,False,0,0.885067,0,0,0,0,0,0,0,0,0,0,0,0,0,0,0,0,0,0,0,0,0,0,0,0,0,0,0,0,0,0,0,0,0,0
891f8d46c4bffff,48.2279,11.5277,muenchen,True,41,24.78,3,False,0.464286,False,14,0.885067,0,0,0,0,0,0,0,0,0,0,0,0,0,0,0,0,0,0,0,0,0,0,0,0,0,0,0,0,0,0,0,0,0,0
891f8d46c4fffff,48.2282,11.5324,muenchen,True,0,,0,False,0.461337,False,0,0.885067,0,0,0,0,0,0,0,0,0,0,0,0,0,0,0,0,0,0,0,0,0,0,0,0,0,0,0,0,0,0,0,0,0,0
891f8d46c53ffff,48.233,11.5272,muenchen,True,0,,0,False,0.461337,False,0,0.885067,0,0,0,0,0,0,0,0,0,0,0,0,0,0,0,0,0,0,0,0,0,0,0,0,0,0,0,0,0,0,0,0,0,0
891f8d46c57ffff,48.2334,11.5319,muenchen,False,0,,0,False,0.461337,False,0,0.885067,0,0,0,0,0,0,0,0,0,0,0,0,0,0,0,0,0,0,0,0,0,0,0,0,0,0,0,0,0,0,0,0,0,0
891f8d46c5bffff,48.2303,11.5251,muenchen,True,5,14.0974,0,True,0.461337,True,3,0.885067,0,0,0,0,0,0,0,0,0,0,0,0,0,0,0,0,0,0,0,0,0,0,0,0,0,0,0,0,0,0,0,0,0,0
891f8d46c63ffff,48.229,11.5418,muenchen,True,0,,0,False,0.461337,False,0,0.885067,0,0,0,0,0,0,0,0,0,0,0,0,0,0,0,0,0,0,0,0,0,0,0,0,0,0,0,0,0,0,0,0,0,0
891f8d46c67ffff,48.2293,11.5466,muenchen,False,0,,0,False,0.461337,False,0,0.885067,0,0,0,0,0,0,0,0,0,0,0,0,0,0,0,0,0,0,0,0,0,0,0,0,0,0,0,0,0,0,0,0,0,0
891f8d46c6bffff,48.2262,11.5397,muenchen,True,0,,0,False,0.461337,False,0,0.885067,0,0,0,0,0,0,0,0,0,0,0,0,0,0,0,0,0,0,0,0,0,0,0,0,0,0,0,0,0,0,0,0,0,0
891f8d46c6fffff,48.2265,11.5444,muenchen,True,0,,0,False,0.461337,False,0,0.885067,0,0,0,0,0,0,0,0,0,0,0,0,0,0,0,0,0,0,0,0,0,0,0,0,0,0,0,0,0,0,0,0,0,0
891f8d46c73ffff,48.2314,11.5392,muenchen,False,0,,0,False,0.461337,False,0,0.885067,0,0,0,0,0,0,0,0,0,0,0,0,0,0,0,0,0,0,0,0,0,0,0,0,0,0,0,0,0,0,0,0,0,0
891f8d46c77ffff,48.2317,11.544,muenchen,False,0,,0,False,0.461337,False,0,0.885067,0,0,0,0,0,0,0,0,0,0,0,0,0,0,0,0,0,0,0,0,0,0,0,0,0,0,0,0,0,0,0,0,0,0
891f8d46c7bffff,48.2286,11.5371,muenchen,True,0,,0,False,0.461337,False,0,0.885067,0,0,0,0,0,0,0,0,0,0,0,0,0,0,0,0,0,0,0,0,0,0,0,0,0,0,0,0,0,0,0,0,0,0
891f8d46c83ffff,48.2442,11.5357,muenchen,False,0,,0,False,0.461337,False,0,0.885067,0,0,0,0,0,0,0,0,0,0,0,0,0,0,0,0,0,0,0,0,0,0,0,0,0,0,0,0,0,0,0,0,0,0
891f8d46c87ffff,48.2445,11.5404,muenchen,False,0,,0,False,0.461337,False,0,0.885067,0,0,0,0,0,0,0,0,0,0,0,0,0,0,0,0,0,0,0,0,0,0,0,0,0,0,0,0,0,0,0,0,0,0
891f8d46c8bffff,48.2414,11.5336,muenchen,False,0,,0,False,0.461337,False,0,0.885067,0,0,0,0,0,0,0,0,0,0,0,0,0,0,0,0,0,0,0,0,0,0,0,0,0,0,0,0,0,0,0,0,0,0
891f8d46c8fffff,48.2417,11.5383,muenchen,False,0,,0,False,0.461337,False,0,0.885067,0,0,0,0,0,0,0,0,0,0,0,0,0,0,0,0,0,0,0,0,0,0,0,0,0,0,0,0,0,0,0,0,0,0
891f8d46c93ffff,48.2466,11.5331,muenchen,False,0,,0,False,0.461337,False,0,0.885067,0,0,0,0,0,0,0,0,0,0,0,0,0,0,0,0,0,0,0,0,0,0,0,0,0,0,0,0,0,0,0,0,0,0
891f8d46c97ffff,48.2469,11.5378,muenchen,False,0,,0,False,0.461337,False,0,0.885067,0,0,0,0,0,0,0,0,0,0,0,0,0,0,0,0,0,0,0,0,0,0,0,0,0,0,0,0,0,0,0,0,0,0
891f8d46c9bffff,48.2438,11.531,muenchen,False,0,,0,False,0.461337,False,0,0.885067,0,0,0,0,0,0,0,0,0,0,0,0,0,0,0,0,0,0,0,0,0,0,0,0,0,0,0,0,0,0,0,0,0,0
891f8d46cabffff,48.2397,11.5456,muenchen,False,0,,0,False,0.461337,False,0,0.885067,0,0,0,0,0,0,0,0,0,0,0,0,0,0,0,0,0,0,0,0,0,0,0,0,0,0,0,0,0,0,0,0,0,0
891f8d46cafffff,48.2401,11.5503,muenchen,False,8,,0,False,0.727273,False,6,1,0,0,0,0,0,0,0,0,0,0,0,0,0,0,0,0,0,0,0,0,0,1,0,0,0,0,0,0,0,0,0,0,0,0
891f8d46cb3ffff,48.2449,11.5451,muenchen,False,4,,0,False,0.461337,True,0,0.885067,0,0,0,0,0,0,0,0,0,0,0,0,0,0,0,0,0,0,0,0,0,0,0,0,0,0,0,0,0,0,0,0,0,0
891f8d46cbbffff,48.2421,11.543,muenchen,False,0,,0,False,0.461337,False,0,0.885067,0,0,0,0,0,0,0,0,0,0,0,0,0,0,0,0,0,0,0,0,0,0,0,0,0,0,0,0,0,0,0,0,0,0
891f8d46cc3ffff,48.2382,11.5267,muenchen,True,0,,0,False,0.461337,False,0,0.885067,0,0,0,0,0,0,0,0,0,0,0,0,0,0,0,0,0,0,0,0,0,0,0,0,0,0,0,0,0,0,0,0,0,0
891f8d46cc7ffff,48.2386,11.5314,muenchen,False,0,,0,False,0.461337,False,0,0.885067,0,0,0,0,0,0,0,0,0,0,0,0,0,0,0,0,0,0,0,0,0,0,0,0,0,0,0,0,0,0,0,0,0,0
891f8d46ccbffff,48.2355,11.5246,muenchen,True,0,,0,False,0.461337,False,0,0.885067,0,0,0,0,0,0,0,0,0,0,0,0,0,0,0,0,0,0,0,0,0,0,0,0,0,0,0,0,0,0,0,0,0,0
891f8d46ccfffff,48.2358,11.5293,muenchen,False,0,,0,False,0.461337,False,0,0.885067,0,0,0,0,0,0,0,0,0,0,0,0,0,0,0,0,0,0,0,0,0,0,0,0,0,0,0,0,0,0,0,0,0,0
891f8d46cd3ffff,48.2406,11.5241,muenchen,True,0,,0,False,0.461337,False,0,0.885067,0,0,0,0,0,0,0,0,0,0,0,0,0,0,0,0,0,0,0,0,0,0,0,0,0,0,0,0,0,0,0,0,0,0
891f8d46cd7ffff,48.241,11.5289,muenchen,False,0,,0,False,0.461337,False,0,0.885067,0,0,0,0,0,0,0,0,0,0,0,0,0,0,0,0,0,0,0,0,0,0,0,0,0,0,0,0,0,0,0,0,0,0
891f8d46cdbffff,48.2379,11.522,muenchen,True,0,,0,False,0.461337,False,0,0.885067,0,0,0,0,0,0,0,0,0,0,0,0,0,0,0,0,0,0,0,0,0,0,0,0,0,0,0,0,0,0,0,0,0,0
891f8d46d03ffff,48.2391,11.5718,muenchen,False,0,,0,False,0.461337,False,0,0.885067,0,0,0,0,0,0,0,0,0,0,0,0,0,0,0,0,0,0,0,0,0,0,0,0,0,0,0,0,0,0,0,0,0,0
891f8d46d07ffff,48.2395,11.5765,muenchen,False,0,,0,False,0.461337,False,0,0.885067,0,0,0,0,0,0,0,0,0,0,0,0,0,0,0,0,0,0,0,0,0,0,0,0,0,0,0,0,0,0,0,0,0,0
891f8d46d0bffff,48.2363,11.5696,muenchen,False,0,,0,False,0.461337,False,0,0.885067,0,0,0,0,0,0,0,0,0,0,0,0,0,0,0,0,0,0,0,0,0,0,0,0,0,0,0,0,0,0,0,0,0,0
891f8d46d0fffff,48.2367,11.5744,muenchen,False,14,4.11,3,False,0.461337,True,5,0,0,0,0,0,0,0,0,0,0,0,0,0,0,0,0,0,0,0,0,0,0,0,0,0,0,0,0,0,0,0,0,0,0,0
891f8d46d13ffff,48.2415,11.5692,muenchen,False,0,,0,False,0.461337,False,0,0.885067,0,0,0,0,0,0,0,0,0,0,0,0,0,0,0,0,0,0,0,0,0,0,0,0,0,0,0,0,0,0,0,0,0,0
891f8d46d17ffff,48.2419,11.5739,muenchen,False,0,,0,False,0.461337,False,0,0.885067,0,0,0,0,0,0,0,0,0,0,0,0,0,0,0,0,0,0,0,0,0,0,0,0,0,0,0,0,0,0,0,0,0,0
891f8d46d1bffff,48.2387,11.5671,muenchen,False,0,,0,False,0.461337,False,0,0.885067,0,0,0,0,0,0,0,0,0,0,0,0,0,0,0,0,0,0,0,0,0,0,0,0,0,0,0,0,0,0,0,0,0,0
891f8d46d23ffff,48.2374,11.5838,muenchen,False,0,,0,False,0.461337,False,0,0.885067,0,0,0,0,0,0,0,0,0,0,0,0,0,0,0,0,0,0,0,0,0,0,0,0,0,0,0,0,0,0,0,0,0,0
891f8d46d27ffff,48.2378,11.5885,muenchen,False,0,,0,False,0.461337,False,0,0.885067,0,0,0,0,0,0,0,0,0,0,0,0,0,0,0,0,0,0,0,0,0,0,0,0,0,0,0,0,0,0,0,0,0,0
891f8d46d2bffff,48.2346,11.5817,muenchen,False,0,,0,False,0.461337,False,0,0.885067,0,0,0,0,0,0,0,0,0,0,0,0,0,0,0,0,0,0,0,0,0,0,0,0,0,0,0,0,0,0,0,0,0,0
891f8d46d2fffff,48.235,11.5864,muenchen,False,0,,0,False,0.461337,False,0,0.885067,0,0,0,0,0,0,0,0,0,0,0,0,0,0,0,0,0,0,0,0,0,0,0,0,0,0,0,0,0,0,0,0,0,0
891f8d46d33ffff,48.2398,11.5812,muenchen,False,0,,0,False,0.461337,False,0,0.885067,0,0,0,0,0,0,0,0,0,0,0,0,0,0,0,0,0,0,0,0,0,0,0,0,0,0,0,0,0,0,0,0,0,0
891f8d46d37ffff,48.2402,11.5859,muenchen,False,0,,0,False,0.461337,False,0,0.885067,0,0,0,0,0,0,0,0,0,0,0,0,0,0,0,0,0,0,0,0,0,0,0,0,0,0,0,0,0,0,0,0,0,0
891f8d46d3bffff,48.237,11.5791,muenchen,False,0,,0,False,0.461337,False,0,0.885067,0,0,0,0,0,0,0,0,0,0,0,0,0,0,0,0,0,0,0,0,0,0,0,0,0,0,0,0,0,0,0,0,0,0
891f8d46d43ffff,48.2332,11.5628,muenchen,False,0,,0,False,0.461337,False,0,0.885067,0,0,0,0,0,0,0,0,0,0,0,0,0,0,0,0,0,0,0,0,0,0,0,0,0,0,0,0,0,0,0,0,0,0
891f8d46d47ffff,48.2335,11.5675,muenchen,False,0,,0,False,0.461337,False,0,0.885067,0,0,0,0,0,0,0,0,0,0,0,0,0,0,0,0,0,0,0,0,0,0,0,0,0,0,0,0,0,0,0,0,0,0
891f8d46d4bffff,48.2304,11.5607,muenchen,False,0,,0,False,0.461337,False,0,0.885067,0,0,0,0,0,0,0,0,0,0,0,0,0,0,0,0,0,0,0,0,0,0,0,0,0,0,0,0,0,0,0,0,0,0
891f8d46d4fffff,48.2308,11.5654,muenchen,False,0,,0,False,0.461337,False,0,0.885067,0,0,0,0,0,0,0,0,0,0,0,0,0,0,0,0,0,0,0,0,0,0,0,0,0,0,0,0,0,0,0,0,0,0
891f8d46d53ffff,48.2356,11.5602,muenchen,False,0,,0,False,0.461337,False,0,0.885067,0,0,0,0,0,0,0,0,0,0,0,0,0,0,0,0,0,0,0,0,0,0,0,0,0,0,0,0,0,0,0,0,0,0
891f8d46d57ffff,48.236,11.5649,muenchen,False,0,,0,False,0.461337,False,0,0.885067,0,0,0,0,0,0,0,0,0,0,0,0,0,0,0,0,0,0,0,0,0,0,0,0,0,0,0,0,0,0,0,0,0,0
891f8d46d5bffff,48.2328,11.5581,muenchen,False,0,,0,False,0.461337,False,0,0.885067,0,0,0,0,0,0,0,0,0,0,0,0,0,0,0,0,0,0,0,0,0,0,0,0,0,0,0,0,0,0,0,0,0,0
891f8d46d63ffff,48.2315,11.5748,muenchen,False,0,,0,False,0.461337,False,0,0.885067,0,0,0,0,0,0,0,0,0,0,0,0,0,0,0,0,0,0,0,0,0,0,0,0,0,0,0,0,0,0,0,0,0,0
891f8d46d67ffff,48.2319,11.5796,muenchen,False,0,,0,False,0.461337,False,0,0.885067,0,0,0,0,0,0,0,0,0,0,0,0,0,0,0,0,0,0,0,0,0,0,0,0,0,0,0,0,0,0,0,0,0,0
891f8d46d6bffff,48.2287,11.5727,muenchen,True,0,,0,False,0.461337,False,0,0.885067,0,0,0,0,0,0,0,0,0,0,0,0,0,0,0,0,0,0,0,0,0,0,0,0,0,0,0,0,0,0,0,0,0,0
891f8d46d6fffff,48.2291,11.5774,muenchen,True,0,,0,False,0.461337,False,0,0.885067,0,0,0,0,0,0,0,0,0,0,0,0,0,0,0,0,0,0,0,0,0,0,0,0,0,0,0,0,0,0,0,0,0,0
891f8d46d73ffff,48.2339,11.5722,muenchen,False,0,,0,False,0.461337,False,0,0.885067,0,0,0,0,0,0,0,0,0,0,0,0,0,0,0,0,0,0,0,0,0,0,0,0,0,0,0,0,0,0,0,0,0,0
891f8d46d77ffff,48.2343,11.577,muenchen,False,8,5.41,5,False,0,False,4,0.885067,0,0,0,0,0,0,0,0,0,0,0,0,0,0,0,0,0,0,0,0,0,0,0,0,0,0,0,0,0,0,0,0,0,0
891f8d46d7bffff,48.2311,11.5701,muenchen,False,0,,0,False,0.461337,False,0,0.885067,0,0,0,0,0,0,0,0,0,0,0,0,0,0,0,0,0,0,0,0,0,0,0,0,0,0,0,0,0,0,0,0,0,0
891f8d46dabffff,48.2422,11.5786,muenchen,False,0,,0,False,0.461337,False,0,0.885067,0,0,0,0,0,0,0,0,0,0,0,0,0,0,0,0,0,0,0,0,0,0,0,0,0,0,0,0,0,0,0,0,0,0
891f8d46dafffff,48.2426,11.5833,muenchen,False,0,,0,False,0.461337,False,0,0.885067,0,0,0,0,0,0,0,0,0,0,0,0,0,0,0,0,0,0,0,0,0,0,0,0,0,0,0,0,0,0,0,0,0,0
891f8d46dc3ffff,48.2408,11.5597,muenchen,False,0,,0,False,0.461337,False,0,0.885067,0,0,0,0,0,0,0,0,0,0,0,0,0,0,0,0,0,0,0,0,0,0,0,0,0,0,0,0,0,0,0,0,0,0
891f8d46dc7ffff,48.2411,11.5645,muenchen,False,0,,0,False,0.461337,False,0,0.885067,0,0,0,0,0,0,0,0,0,0,0,0,0,0,0,0,0,0,0,0,0,0,0,0,0,0,0,0,0,0,0,0,0,0
891f8d46dcbffff,48.238,11.5576,muenchen,False,0,,0,False,0.461337,False,0,0.885067,0,0,0,0,0,0,0,0,0,0,0,0,0,0,0,0,0,0,0,0,0,0,0,0,0,0,0,0,0,0,0,0,0,0
891f8d46dcfffff,48.2384,11.5623,muenchen,False,0,,0,False,0.461337,False,0,0.885067,0,0,0,0,0,0,0,0,0,0,0,0,0,0,0,0,0,0,0,0,0,0,0,0,0,0,0,0,0,0,0,0,0,0
891f8d46ddbffff,48.2404,11.555,muenchen,False,0,,0,False,0.461337,False,0,0.885067,0,0,0,0,0,0,0,0,0,0,0,0,0,0,0,0,0,0,0,0,0,0,0,0,0,0,0,0,0,0,0,0,0,0
891f8d46e03ffff,48.2171,11.5239,muenchen,True,168,12.5773,48,False,0.518072,False,74,0.961039,0,0,0,0,0,0,0,0,0,0,0,0,0,1,0,0,0,0,0,0,0,0,0,0,0,0,1,0,0,0,0,0,0,0
891f8d46e07ffff,48.2175,11.5287,muenchen,True,372,10.9601,147,False,0.45098,False,208,0.86758,0,0,0,0,0,0,0,1,0,2,1,0,0,2,1,0,0,0,0,0,0,0,0,0,0,0,2,0,2,0,0,0,0,0
891f8d46e0bffff,48.2143,11.5218,muenchen,True,23,9.62,4,False,0.461337,True,12,1,0,0,0,0,0,0,0,0,0,0,0,0,0,0,0,0,0,0,0,0,0,0,0,0,0,0,0,0,0,0,0,0,0,0
891f8d46e0fffff,48.2147,11.5265,muenchen,True,155,11.7418,49,False,0.525547,False,74,0.918919,0,0,0,0,0,0,0,0,0,0,0,0,0,1,0,0,0,0,0,0,0,0,0,0,0,0,0,0,0,0,0,0,0,0
891f8d46e13ffff,48.2195,11.5213,muenchen,True,150,15.5936,44,False,0.586957,False,71,0.903226,0,0,0,0,0,0,0,0,0,0,0,0,0,0,0,0,0,0,0,0,0,0,0,0,0,0,0,0,0,0,0,0,0,0
891f8d46e17ffff,48.2199,11.5261,muenchen,True,297,13.7873,22,False,0.409241,False,55,0.638298,0,0,0,0,0,0,0,0,0,0,0,0,0,0,0,0,0,0,0,0,0,0,0,0,0,0,0,0,0,0,0,0,0,0
891f8d46e1bffff,48.2168,11.5192,muenchen,True,86,19.03,20,False,0.469136,False,42,0.892857,0,0,0,0,0,0,0,0,0,0,0,0,0,2,0,0,0,0,0,0,0,0,0,0,0,0,0,0,0,0,0,0,0,0
891f8d46e23ffff,48.2154,11.536,muenchen,True,743,12.9366,198,False,0.421555,False,331,0.84953,0,0,0,0,0,0,0,0,0,0,0,0,0,1,0,0,0,0,0,0,0,0,0,0,0,0,1,0,1,0,0,0,0,0
891f8d46e27ffff,48.2158,11.5407,muenchen,True,245,12.4436,28,False,0.407563,False,103,0.744898,0,0,0,0,0,0,0,0,0,0,0,0,0,0,0,0,0,0,0,0,0,0,0,0,0,0,0,0,0,0,0,0,0,0
891f8d46e2bffff,48.2127,11.5338,muenchen,True,287,12.6361,56,False,0.330827,False,131,0.832,0,0,0,0,0,0,0,0,0,0,0,0,0,0,0,0,0,0,0,0,0,0,0,0,0,0,0,0,0,0,0,0,0,0
891f8d46e2fffff,48.213,11.5386,muenchen,True,909,11.4811,331,False,0.477578,False,472,0.871636,0,0,0,0,0,0,0,2,0,0,1,0,1,1,0,0,0,0,0,0,0,0,0,0,0,0,5,0,0,0,0,0,0,0
891f8d46e33ffff,48.2179,11.5334,muenchen,True,345,14.8069,67,False,0.488235,False,145,0.756757,0,0,0,0,0,0,0,0,0,0,0,0,0,0,0,0,0,0,0,0,0,0,0,0,0,0,1,0,2,0,0,0,0,0
891f8d46e37ffff,48.2182,11.5381,muenchen,True,196,11.0059,17,False,0.42029,False,67,0.603448,0,0,0,0,0,0,0,0,0,0,0,0,0,0,0,0,0,0,0,0,0,0,0,0,0,0,1,0,1,0,0,0,0,0
891f8d46e3bffff,48.2151,11.5312,muenchen,True,478,13.0171,139,False,0.471338,False,212,0.819048,0,0,0,0,0,0,0,0,1,0,1,0,0,1,1,0,0,0,1,2,0,0,0,2,0,0,3,0,3,0,0,0,0,0
891f8d46e43ffff,48.2112,11.515,muenchen,True,0,,0,False,0.461337,False,0,0.885067,0,0,0,0,0,0,0,0,0,0,0,0,0,0,0,0,0,0,0,0,0,0,0,0,0,0,0,0,0,0,0,0,0,0
891f8d46e47ffff,48.2116,11.5197,muenchen,True,5,13.2378,0,True,0.461337,True,0,0.885067,0,0,0,0,0,0,0,0,0,0,0,0,0,0,0,0,0,0,0,0,0,0,0,0,0,0,0,0,0,0,0,0,0,0
891f8d46e4bffff,48.2084,11.5129,muenchen,True,15,15.5022,0,True,0.230769,False,4,0.885067,0,0,0,0,0,0,0,0,0,0,0,0,0,0,0,0,0,0,0,0,0,0,0,0,0,0,0,0,0,0,0,0,0,0
891f8d46e4fffff,48.2088,11.5176,muenchen,True,3,14.1195,0,True,0.461337,True,3,0.885067,0,0,0,0,0,0,0,0,0,0,0,0,0,0,0,0,0,0,0,0,0,0,0,0,0,0,0,0,0,0,0,0,0,0
891f8d46e53ffff,48.2136,11.5124,muenchen,True,0,,0,False,0.461337,False,0,0.885067,0,0,0,0,0,0,0,0,0,0,0,0,0,0,0,0,0,0,0,0,0,0,0,0,0,0,0,0,0,0,0,0,0,0
891f8d46e57ffff,48.214,11.5171,muenchen,True,0,,0,False,0.461337,False,0,0.885067,0,0,0,0,0,0,0,0,0,0,0,0,0,0,0,0,0,0,0,0,0,0,0,0,0,0,0,0,0,0,0,0,0,0
891f8d46e5bffff,48.2108,11.5103,muenchen,True,0,,0,False,0.461337,False,0,0.885067,0,0,0,0,0,0,0,0,0,0,0,0,0,0,0,0,0,0,0,0,0,0,0,0,0,0,0,0,0,0,0,0,0,0
891f8d46e63ffff,48.2095,11.527,muenchen,True,79,12.4473,22,False,0.5,False,46,0.884615,0,0,0,0,0,0,0,0,0,0,0,0,0,0,0,0,0,0,0,0,0,0,0,0,0,0,0,0,0,0,0,0,0,0
891f8d46e67ffff,48.2099,11.5317,muenchen,True,129,12.2756,18,False,0.372263,False,53,0.673469,0,0,0,0,0,0,0,0,0,0,0,0,0,0,0,0,0,0,0,0,0,0,0,0,0,0,1,0,0,0,0,0,0,0
891f8d46e6bffff,48.2067,11.5249,muenchen,True,0,,0,False,0.461337,False,0,0.885067,0,0,0,0,0,0,0,0,0,0,0,0,0,0,0,0,0,0,0,0,0,0,0,0,0,0,0,0,0,0,0,0,0,0
891f8d46e6fffff,48.2071,11.5296,muenchen,True,30,11.27,8,False,0.4,False,11,1,0,0,0,0,0,0,0,0,0,0,0,0,0,0,0,0,0,0,0,0,0,0,0,0,0,0,0,0,0,0,0,0,0,0
891f8d46e73ffff,48.2119,11.5244,muenchen,True,0,,0,False,0.461337,False,0,0.885067,0,0,0,0,0,0,0,0,0,0,0,0,0,0,0,0,0,0,0,0,0,0,0,0,0,0,0,0,0,0,0,0,0,0
891f8d46e77ffff,48.2123,11.5291,muenchen,True,584,13.562,128,False,0.46633,False,246,0.79918,0,0,0,0,0,0,0,0,0,0,0,0,0,1,0,0,0,0,0,0,0,0,0,0,0,0,2,0,0,0,0,0,0,0
891f8d46e7bffff,48.2092,11.5223,muenchen,True,11,13.43,3,False,0.625,False,3,0.885067,0,0,0,0,0,0,0,0,0,0,0,0,0,0,0,0,0,0,0,0,0,0,0,0,0,0,0,0,0,0,0,0,0,0
891f8d46e83ffff,48.2247,11.5209,muenchen,True,56,14.53,6,False,0.266667,False,23,0.590909,0,0,0,0,0,0,0,0,0,0,0,0,0,0,0,0,0,0,0,0,0,0,0,0,0,0,0,0,0,0,0,0,0,0
891f8d46e87ffff,48.2251,11.5256,muenchen,True,198,13.2236,14,False,0.328431,False,81,0.891892,0,0,0,0,0,0,0,0,0,0,0,0,0,0,0,0,0,0,0,0,0,0,0,0,0,0,0,0,0,0,0,0,0,0
891f8d46e8bffff,48.2219,11.5187,muenchen,True,22,10.45,4,False,0.461337,True,7,0.666667,0,0,0,0,0,0,0,0,0,0,0,0,0,0,0,0,0,0,0,0,0,0,0,0,0,0,0,0,0,0,0,0,0,0
891f8d46e8fffff,48.2223,11.5235,muenchen,True,145,15.2856,16,False,0.392405,False,53,0.653061,0,0,0,0,0,0,0,0,0,0,0,0,0,0,0,0,0,0,0,0,0,0,0,0,0,0,0,0,0,0,0,0,0,0
891f8d46e93ffff,48.2271,11.5183,muenchen,True,21,13.15,3,False,0,False,10,0.769231,0,0,0,0,0,0,0,0,0,0,0,0,0,0,0,0,0,0,0,0,0,0,0,0,0,0,0,0,0,0,0,0,0,0
891f8d46e97ffff,48.2275,11.523,muenchen,True,56,11.6513,8,False,0.347222,False,22,0.73913,0,0,0,0,0,0,0,0,0,0,0,0,0,0,0,0,0,0,0,0,0,0,0,0,0,0,0,0,0,0,0,0,0,0
891f8d46e9bffff,48.2244,11.5161,muenchen,True,236,12.6339,18,False,0.357798,False,85,0.75,0,0,0,0,0,0,0,0,0,0,0,0,0,0,0,0,0,0,0,0,0,0,0,0,0,0,0,0,0,0,0,0,0,0
891f8d46ea3ffff,48.223,11.5329,muenchen,True,0,,0,False,0.461337,False,0,0.885067,0,0,0,0,0,0,0,0,0,0,0,0,0,0,0,0,0,0,0,0,0,0,0,0,0,0,0,0,0,0,0,0,0,0
891f8d46ea7ffff,48.2234,11.5376,muenchen,True,0,,0,False,0.461337,False,0,0.885067,0,0,0,0,0,0,0,0,0,0,0,0,0,0,0,0,0,0,0,0,0,0,0,0,0,0,0,0,0,0,0,0,0,0
891f8d46eabffff,48.2203,11.5308,muenchen,True,132,11.5728,25,False,0.307692,False,64,0.861538,0,0,0,0,0,0,0,0,0,0,0,0,1,0,0,0,0,0,0,0,0,0,0,0,0,0,0,0,0,0,0,0,0,0
891f8d46eafffff,48.2206,11.5355,muenchen,True,17,12.7551,0,True,0.333333,False,4,0.885067,0,0,0,0,0,0,0,0,0,0,0,0,0,0,0,0,0,0,0,0,0,0,0,0,0,0,0,0,0,0,0,0,0,0
891f8d46eb3ffff,48.2255,11.5303,muenchen,True,0,,0,False,0.461337,False,0,0.885067,0,0,0,0,0,0,0,0,0,0,0,0,0,0,0,0,0,0,0,0,0,0,0,0,0,0,0,0,0,0,0,0,0,0
891f8d46eb7ffff,48.2258,11.535,muenchen,True,0,,0,False,0.461337,False,0,0.885067,0,0,0,0,0,0,0,0,0,0,0,0,0,0,0,0,0,0,0,0,0,0,0,0,0,0,0,0,0,0,0,0,0,0
891f8d46ebbffff,48.2227,11.5282,muenchen,True,24,16.9865,20,False,1,False,20,1,0,0,0,0,0,0,0,0,0,0,0,0,0,0,0,0,0,0,0,0,0,0,0,0,0,0,0,0,0,0,0,0,0,0
891f8d46ec3ffff,48.2188,11.5119,muenchen,True,0,,0,False,0.461337,False,0,0.885067,0,0,0,0,0,0,0,0,0,0,0,0,0,0,0,0,0,0,0,0,0,0,0,0,0,0,0,0,0,0,0,0,0,0
891f8d46ec7ffff,48.2192,11.5166,muenchen,True,67,12.633,27,False,0.482759,False,36,0.9,0,0,0,0,0,0,0,0,0,0,0,0,0,0,0,0,0,0,0,0,0,0,0,0,0,0,2,0,0,0,0,0,0,0
891f8d46ecbffff,48.216,11.5098,muenchen,True,5,14.7469,0,True,0.461337,True,0,0.885067,0,0,0,0,0,0,0,0,0,0,0,0,0,1,0,0,0,0,0,0,0,0,0,0,0,0,2,0,0,0,0,0,0,0
891f8d46ecfffff,48.2164,11.5145,muenchen,True,17,9.03,5,False,0.461337,True,8,0.885067,0,0,0,0,0,0,0,0,0,0,0,0,0,0,0,0,0,0,0,0,0,0,0,0,0,0,0,0,0,0,0,0,0,0
891f8d46ed3ffff,48.2212,11.5093,muenchen,True,8,12.3911,0,True,0.461337,True,3,0.885067,0,0,0,0,0,0,0,0,0,0,0,0,0,0,0,0,0,0,0,0,0,0,0,0,0,0,0,0,0,0,0,0,0,0
891f8d46ed7ffff,48.2216,11.514,muenchen,True,4,14.5958,0,True,0.461337,True,4,1,0,0,0,0,0,0,0,0,0,0,0,0,0,0,0,0,0,0,0,0,0,0,0,0,0,0,0,0,0,0,0,0,0,0
891f8d46edbffff,48.2184,11.5072,muenchen,True,0,,0,False,0.461337,False,0,0.885067,0,0,0,0,0,0,0,0,0,0,0,0,0,0,0,0,0,0,0,0,0,0,0,0,0,0,0,0,0,0,0,0,0,0
891f8d47003ffff,48.19,11.4102,muenchen,True,0,,0,False,0.461337,False,0,0.885067,0,0,0,0,0,0,0,0,0,0,0,0,0,0,0,0,0,0,0,0,0,0,0,0,0,0,0,0,0,0,0,0,0,0
891f8d47007ffff,48.1904,11.4149,muenchen,True,0,,0,False,0.461337,False,0,0.885067,0,0,0,0,0,0,0,0,0,0,0,0,0,0,0,0,0,0,0,0,0,0,0,0,0,0,0,0,0,0,0,0,0,0
891f8d4700bffff,48.1872,11.4081,muenchen,True,0,,0,False,0.461337,False,0,0.885067,0,0,0,0,0,0,0,0,0,0,0,0,0,0,0,0,0,0,0,0,0,0,0,0,0,0,0,0,0,0,0,0,0,0
891f8d4700fffff,48.1876,11.4128,muenchen,True,0,,0,False,0.461337,False,0,0.885067,0,0,0,0,0,0,0,0,0,0,0,0,0,0,0,0,0,0,0,0,0,0,0,0,0,0,0,0,0,0,0,0,0,0
891f8d47013ffff,48.1924,11.4076,muenchen,True,7,8.61578,0,True,0,False,3,1,0,0,0,0,0,0,0,0,0,0,0,0,0,0,0,0,0,0,0,0,0,0,0,0,0,0,0,0,0,0,0,0,0,0
891f8d47017ffff,48.1928,11.4123,muenchen,True,0,,0,False,0.461337,False,0,0.885067,0,0,0,0,0,0,0,0,0,0,0,0,0,0,0,0,0,0,0,0,0,0,0,0,0,0,0,0,0,0,0,0,0,0
891f8d4701bffff,48.1896,11.4055,muenchen,True,19,14.1893,0,True,0.647059,False,7,0.885067,0,0,0,0,0,0,0,0,0,0,0,0,0,0,0,0,0,0,0,0,0,0,0,0,0,0,0,0,0,0,0,0,0,0
891f8d47023ffff,48.1883,11.4222,muenchen,True,0,,0,False,0.461337,False,0,0.885067,0,0,0,0,0,0,0,0,0,0,0,0,0,0,0,0,0,0,0,0,0,0,0,0,0,0,0,0,0,0,0,0,0,0
891f8d47027ffff,48.1887,11.4269,muenchen,True,27,4.8,4,False,0.666667,False,15,0.885067,0,0,0,0,0,0,0,0,0,0,0,0,0,0,0,0,0,0,0,0,0,0,0,0,0,0,0,0,0,0,0,0,0,0
891f8d4702bffff,48.1855,11.4201,muenchen,True,0,,0,False,0.461337,False,0,0.885067,0,0,0,0,0,0,0,0,0,0,0,0,0,0,0,0,0,0,0,0,0,0,0,0,0,0,0,0,0,0,0,0,0,0
891f8d4702fffff,48.1859,11.4248,muenchen,True,0,,0,False,0.461337,False,0,0.885067,0,0,0,0,0,0,0,0,0,0,0,0,0,0,0,0,0,0,0,0,0,0,0,0,0,0,0,0,0,0,0,0,0,0
891f8d47033ffff,48.1907,11.4196,muenchen,True,0,,0,False,0.461337,False,0,0.885067,0,0,0,0,0,0,0,0,0,0,0,0,0,0,0,0,0,0,0,0,0,0,0,0,0,0,0,0,0,0,0,0,0,0
891f8d47037ffff,48.1911,11.4243,muenchen,True,0,,0,False,0.461337,False,0,0.885067,0,0,0,0,0,0,0,0,0,0,0,0,0,0,0,0,0,0,0,0,0,0,0,0,0,0,0,0,0,0,0,0,0,0
891f8d4703bffff,48.1879,11.4175,muenchen,True,0,,0,False,0.461337,False,0,0.885067,0,0,0,0,0,0,0,0,0,0,0,0,0,0,0,0,0,0,0,0,0,0,0,0,0,0,0,0,0,0,0,0,0,0
891f8d47043ffff,48.1841,11.4013,muenchen,True,0,,0,False,0.461337,False,0,0.885067,0,0,0,0,0,0,0,0,0,0,0,0,0,0,0,0,0,0,0,0,0,0,0,0,0,0,0,0,0,0,0,0,0,0
891f8d47047ffff,48.1844,11.406,muenchen,True,207,14.9184,32,False,0.439815,False,94,0.833333,0,0,0,0,0,0,0,0,0,0,0,0,0,0,0,0,0,0,0,0,0,0,0,0,0,0,0,0,0,0,0,0,0,0
891f8d4704bffff,48.1813,11.3992,muenchen,True,148,12.0725,16,False,0.466667,False,50,0.791667,0,0,0,0,0,0,0,0,0,0,0,0,0,0,0,0,0,0,0,0,0,0,0,0,0,0,0,0,0,0,0,0,0,0
891f8d4704fffff,48.1817,11.4039,muenchen,True,648,10.6082,139,False,0.398764,False,221,0.616822,0,0,0,0,0,0,0,0,0,0,0,0,0,0,0,0,0,0,0,0,0,0,0,0,0,0,0,0,0,0,0,0,0,0
891f8d47053ffff,48.1865,11.3987,muenchen,True,11,11.4874,0,True,0,False,6,1,0,0,0,0,0,0,0,0,0,0,0,0,0,0,0,0,0,0,0,0,0,0,0,0,0,0,0,0,0,0,0,0,0,0
891f8d47057ffff,48.1868,11.4034,muenchen,True,0,,0,False,0.461337,False,0,0.885067,0,0,0,0,0,0,0,0,0,0,0,0,0,0,0,0,0,0,0,0,0,0,0,0,0,0,0,0,0,0,0,0,0,0
891f8d4705bffff,48.1837,11.3966,muenchen,True,0,,0,False,0.461337,False,0,0.885067,0,0,0,0,0,0,0,0,0,0,0,0,0,0,0,0,0,0,0,0,0,0,0,0,0,0,0,0,0,0,0,0,0,0
891f8d47063ffff,48.1824,11.4133,muenchen,True,0,,0,False,0.461337,False,0,0.885067,0,0,0,0,0,0,0,0,0,0,0,0,0,0,0,0,0,0,0,0,0,0,0,0,0,0,0,0,0,0,0,0,0,0
891f8d47067ffff,48.1828,11.418,muenchen,True,85,12.82,4,False,0.43299,False,36,0.714286,0,0,0,0,0,0,0,0,0,0,0,0,0,0,0,0,0,0,0,0,0,0,0,0,0,0,0,0,0,0,0,0,0,0
891f8d4706bffff,48.1796,11.4112,muenchen,True,234,12.9332,0,True,0.643478,False,0,0.885067,0,0,0,0,0,0,0,0,0,0,0,0,0,0,0,0,0,0,0,0,0,0,0,0,0,0,0,0,0,0,0,0,0,0
891f8d4706fffff,48.18,11.4159,muenchen,True,56,13.1082,11,False,0.384615,False,23,0.7,0,0,0,0,0,0,0,0,0,0,0,0,0,0,0,0,0,0,0,0,0,0,0,0,0,0,1,0,0,0,0,0,0,0
891f8d47073ffff,48.1848,11.4107,muenchen,True,0,,0,False,0.461337,False,0,0.885067,0,0,0,0,0,0,0,0,0,0,0,0,0,0,0,0,0,0,0,0,0,0,0,0,0,0,0,0,0,0,0,0,0,0
891f8d47077ffff,48.1852,11.4154,muenchen,True,0,,0,False,0.461337,False,0,0.885067,0,0,0,0,0,0,0,0,0,0,0,0,0,0,0,0,0,0,0,0,0,0,0,0,0,0,0,0,0,0,0,0,0,0
891f8d4707bffff,48.182,11.4086,muenchen,True,215,13.8367,27,False,0.315534,False,72,0.771429,0,0,0,0,0,0,0,0,0,0,0,0,0,0,0,0,0,0,0,0,0,0,0,0,0,0,0,0,0,0,0,0,0,0
891f8d47083ffff,48.1976,11.4071,muenchen,True,10,9.93531,0,True,0.461337,True,3,0.885067,0,0,0,0,0,0,0,0,0,0,0,0,0,0,0,0,0,0,0,0,0,0,0,0,0,0,0,0,0,0,0,0,0,0
891f8d47087ffff,48.198,11.4118,muenchen,True,112,7.87,49,False,0.451923,False,52,0.882353,0,0,0,0,0,0,0,0,0,0,0,0,0,0,1,0,0,0,0,0,0,0,0,0,0,0,1,0,0,0,0,0,0,0
891f8d4708bffff,48.1948,11.405,muenchen,True,13,8.71313,0,True,0.583333,False,3,0,0,0,0,0,0,0,0,0,1,0,0,0,0,0,0,0,0,0,0,0,0,0,0,0,0,0,0,0,0,0,0,0,0,0
891f8d4708fffff,48.1952,11.4097,muenchen,True,13,8.26621,0,True,0.333333,False,4,0.885067,0,0,0,0,0,0,0,0,0,0,0,0,0,0,0,0,0,0,0,0,0,0,0,0,0,0,0,0,0,0,0,0,0,0
891f8d47093ffff,48.2,11.4045,muenchen,True,3,9.93531,0,True,0.461337,True,0,0.885067,0,0,0,0,0,0,0,0,0,0,0,0,0,0,0,0,0,0,0,0,0,0,0,0,0,0,0,0,0,0,0,0,0,0
891f8d47097ffff,48.2004,11.4092,muenchen,True,19,9.84638,0,True,0,False,12,0.885067,0,0,0,0,0,0,0,0,0,0,0,0,0,0,0,0,0,0,0,0,0,0,0,0,0,0,0,0,0,0,0,0,0,0
891f8d4709bffff,48.1972,11.4024,muenchen,True,40,10.235,6,False,0.433333,False,19,0.885067,0,0,0,0,0,0,0,0,0,0,0,0,0,0,0,0,0,0,0,0,0,0,0,0,0,0,0,0,0,0,0,0,0,0
891f8d470a3ffff,48.1959,11.4191,muenchen,True,0,,0,False,0.461337,False,0,0.885067,0,0,0,0,0,0,0,0,0,0,0,0,0,0,0,0,0,0,0,0,0,0,0,0,0,0,0,0,0,0,0,0,0,0
891f8d470a7ffff,48.1963,11.4238,muenchen,True,10,,0,False,0.428571,False,0,0.885067,0,0,0,0,0,0,0,0,0,0,0,0,0,0,0,0,0,0,0,0,0,0,0,0,0,0,0,0,0,0,0,0,0,0
891f8d470abffff,48.1931,11.417,muenchen,True,0,,0,False,0.461337,False,0,0.885067,0,0,0,0,0,0,0,0,0,0,0,0,0,0,0,0,0,0,0,0,0,0,0,0,0,0,0,0,0,0,0,0,0,0
891f8d470afffff,48.1935,11.4217,muenchen,True,3,4.8,0,True,0.461337,True,0,0.885067,0,0,0,0,0,0,0,0,0,0,0,0,0,0,0,0,0,0,0,0,0,0,0,0,0,0,0,0,0,0,0,0,0,0
891f8d470b3ffff,48.1983,11.4165,muenchen,True,0,,0,False,0.461337,False,0,0.885067,0,0,0,0,0,0,0,0,0,0,0,0,0,0,0,0,0,0,0,0,0,0,0,0,0,0,0,0,0,0,0,0,0,0
891f8d470b7ffff,48.1987,11.4213,muenchen,True,0,,0,False,0.461337,False,0,0.885067,0,0,0,0,0,0,0,0,0,0,0,0,0,0,0,0,0,0,0,0,0,0,0,0,0,0,0,0,0,0,0,0,0,0
891f8d470bbffff,48.1955,11.4144,muenchen,True,0,,0,False,0.461337,False,0,0.885067,0,0,0,0,0,0,0,0,0,0,0,0,0,1,0,0,0,0,0,0,0,0,0,0,0,0,0,0,0,0,0,0,0,0
891f8d470c3ffff,48.1917,11.3982,muenchen,True,21,12.54,3,False,0.461337,True,9,0.885067,0,0,0,0,0,0,0,0,0,0,0,0,0,0,0,0,0,0,0,0,0,0,0,0,0,0,0,0,0,0,0,0,0,0
891f8d470c7ffff,48.192,11.4029,muenchen,True,0,,0,False,0.461337,False,0,0.885067,0,0,0,0,0,0,0,0,0,0,0,0,0,0,0,0,0,0,0,0,0,0,0,0,0,0,0,0,0,0,0,0,0,0
891f8d470cbffff,48.1889,11.3961,muenchen,True,6,12.4271,0,True,1,False,0,0.885067,0,0,0,0,0,0,0,0,0,0,0,0,0,0,0,0,0,0,0,0,0,0,0,0,0,0,0,0,0,0,0,0,0,0
891f8d470cfffff,48.1892,11.4008,muenchen,True,27,11.45,3,False,0.193548,False,10,0.6,0,0,0,0,0,0,0,0,0,0,0,0,0,0,0,0,0,0,0,0,0,0,0,0,0,0,0,0,0,0,0,0,0,0
891f8d470d3ffff,48.1941,11.3956,muenchen,True,0,,0,False,0.461337,False,0,0.885067,0,0,0,0,0,0,0,0,0,0,0,0,0,0,0,0,0,0,0,0,0,0,0,0,0,0,0,0,0,0,0,0,0,0
891f8d470d7ffff,48.1944,11.4003,muenchen,True,74,10.8,3,False,0.446154,False,23,0.885067,0,0,0,0,0,0,0,0,0,0,0,0,0,0,0,0,0,0,0,0,0,0,0,0,0,0,0,0,0,0,0,0,0,0
891f8d470dbffff,48.1913,11.3935,muenchen,True,0,,0,False,0.461337,False,0,0.885067,0,0,0,0,0,0,0,0,0,0,0,0,0,0,0,0,0,0,0,0,0,0,0,0,0,0,0,0,0,0,0,0,0,0
891f8d47103ffff,48.1926,11.4432,muenchen,True,0,,0,False,0.461337,False,0,0.885067,0,0,0,0,0,0,0,0,0,0,0,0,0,0,0,0,0,0,0,0,0,0,0,0,0,0,0,0,0,0,0,0,0,0
891f8d47107ffff,48.1929,11.4479,muenchen,True,180,14.5578,32,False,0.229814,False,87,0.7875,0,0,0,0,0,0,0,0,0,0,0,0,0,0,0,0,0,0,0,0,0,0,0,0,0,0,0,0,0,0,0,0,0,0
891f8d4710bffff,48.1898,11.4411,muenchen,True,0,,0,False,0.461337,False,0,0.885067,0,0,0,0,0,0,0,0,0,0,0,0,0,0,0,0,0,0,0,0,0,0,0,0,0,0,0,0,0,0,0,0,0,0
891f8d4710fffff,48.1902,11.4458,muenchen,True,0,,0,False,0.461337,False,0,0.885067,0,0,0,0,0,0,0,0,0,0,0,0,0,0,0,0,0,0,0,0,0,0,0,0,0,0,0,0,0,0,0,0,0,0
891f8d47113ffff,48.195,11.4406,muenchen,True,0,,0,False,0.461337,False,0,0.885067,0,0,0,0,0,0,0,0,0,0,0,0,0,0,0,0,0,0,0,0,0,0,0,0,0,0,0,0,0,0,0,0,0,0
891f8d47117ffff,48.1953,11.4453,muenchen,True,0,,0,False,0.461337,False,0,0.885067,0,0,0,0,0,0,0,0,0,0,0,0,0,0,0,0,0,0,0,0,0,0,0,0,0,0,0,0,0,0,0,0,0,0
891f8d4711bffff,48.1922,11.4385,muenchen,True,0,,0,False,0.461337,False,0,0.885067,0,0,0,0,0,0,0,0,0,0,0,0,0,0,0,0,0,0,0,0,0,0,0,0,0,0,0,0,0,0,0,0,0,0
891f8d47123ffff,48.1909,11.4552,muenchen,True,596,11.6522,116,False,0.389338,False,209,0.75,0,0,0,0,0,0,0,0,0,0,0,0,0,0,0,0,0,0,0,0,0,0,0,0,0,0,0,0,0,0,0,0,0,0
891f8d47127ffff,48.1913,11.4599,muenchen,True,355,12.1741,74,False,0.337079,False,185,0.903409,0,0,0,0,0,0,0,0,0,0,0,0,0,0,0,0,0,0,0,0,0,0,0,0,0,0,1,0,0,0,0,0,0,0
891f8d4712bffff,48.1881,11.4531,muenchen,True,345,13.1287,39,False,0.347953,False,149,0.804196,0,0,0,0,0,0,0,0,0,0,0,0,0,0,0,0,0,0,0,0,0,0,0,0,0,0,1,0,0,0,0,0,0,0
891f8d4712fffff,48.1885,11.4578,muenchen,True,265,12.8818,33,False,0.344086,False,129,0.853659,0,0,0,0,0,0,0,0,0,0,0,0,0,0,0,0,0,0,0,0,0,0,0,0,0,0,0,0,0,0,0,0,0,0
891f8d47133ffff,48.1933,11.4526,muenchen,True,595,7.83747,150,False,0.357268,False,255,0.820513,0,0,0,0,0,0,0,0,0,0,0,0,0,0,0,0,0,0,0,0,0,0,0,0,0,0,1,0,0,0,0,0,0,0
891f8d47137ffff,48.1937,11.4573,muenchen,True,505,12.4814,76,False,0.379845,False,203,0.719048,0,0,0,0,0,0,0,0,0,0,0,0,0,1,0,0,0,0,0,0,0,0,0,0,0,0,2,0,0,0,0,0,0,0
891f8d4713bffff,48.1905,11.4505,muenchen,True,737,9.86441,93,False,0.342355,False,303,0.776025,0,0,0,0,0,0,0,0,0,0,0,0,0,0,0,0,0,0,0,0,0,0,0,0,0,0,1,0,0,0,0,0,0,0
891f8d47143ffff,48.1866,11.4342,muenchen,True,5,9.76444,0,True,0.461337,True,0,0.885067,0,0,0,0,0,0,0,0,0,0,0,0,0,0,0,0,0,0,0,0,0,0,0,0,0,0,0,0,0,0,0,0,0,0
891f8d47147ffff,48.187,11.4389,muenchen,True,0,,0,False,0.461337,False,0,0.885067,0,0,0,0,0,0,0,0,0,0,0,0,0,0,0,0,0,0,0,0,0,0,0,0,0,0,0,0,0,0,0,0,0,0
891f8d4714bffff,48.1839,11.4321,muenchen,True,0,,0,False,0.461337,False,0,0.885067,0,0,0,0,0,0,0,0,0,0,0,0,0,0,0,0,0,0,0,0,0,0,0,0,0,0,0,0,0,0,0,0,0,0
891f8d4714fffff,48.1842,11.4368,muenchen,True,0,,0,False,0.461337,False,0,0.885067,0,0,0,0,0,0,0,0,0,0,0,0,0,0,0,0,0,0,0,0,0,0,0,0,0,0,0,0,0,0,0,0,0,0
891f8d47153ffff,48.189,11.4316,muenchen,True,0,,0,False,0.461337,False,0,0.885067,0,0,0,0,0,0,0,0,0,0,0,0,0,0,0,0,0,0,0,0,0,0,0,0,0,0,0,0,0,0,0,0,0,0
891f8d47157ffff,48.1894,11.4363,muenchen,True,0,,0,False,0.461337,False,0,0.885067,0,0,0,0,0,0,0,0,0,0,0,0,0,0,0,0,0,0,0,0,0,0,0,0,0,0,0,0,0,0,0,0,0,0
891f8d4715bffff,48.1863,11.4295,muenchen,True,0,,0,False,0.461337,False,0,0.885067,0,0,0,0,0,0,0,0,0,0,0,0,0,0,0,0,0,0,0,0,0,0,0,0,0,0,0,0,0,0,0,0,0,0
891f8d47163ffff,48.185,11.4463,muenchen,True,488,13.4269,61,False,0.316667,False,210,0.742991,0,0,0,0,0,0,0,0,0,0,0,0,0,0,0,0,0,0,0,0,0,0,0,0,0,0,2,0,0,0,0,0,0,0
891f8d47167ffff,48.1853,11.451,muenchen,True,314,12.3842,52,False,0.303797,False,148,0.894737,0,0,0,0,0,0,0,0,0,0,0,0,0,0,0,0,0,0,0,0,0,0,0,0,0,0,0,0,0,0,0,0,0,0
891f8d4716bffff,48.1822,11.4441,muenchen,True,536,13.4675,104,False,0.372361,False,242,0.809339,0,0,0,0,0,0,0,0,0,0,0,0,0,0,0,0,0,0,0,0,0,0,0,0,0,0,0,0,0,0,0,0,0,0
891f8d4716fffff,48.1826,11.4488,muenchen,True,363,13.0798,47,False,0.340541,False,138,0.8,0,0,0,0,0,0,0,0,0,1,0,0,0,0,0,0,0,0,0,0,0,0,0,0,0,0,3,0,0,0,0,0,0,0
891f8d47173ffff,48.1874,11.4437,muenchen,True,23,9.1,3,False,0.444444,False,15,0.8,0,0,0,0,0,0,0,0,0,0,0,0,0,0,0,0,0,0,0,0,0,0,0,0,0,0,0,0,0,0,0,0,0,0
891f8d47177ffff,48.1877,11.4484,muenchen,True,268,13.206,42,False,0.455939,False,121,0.793388,0,0,0,0,0,0,0,0,0,0,0,0,0,0,0,0,0,0,0,0,0,0,0,0,0,0,0,0,0,0,0,0,0,0
891f8d4717bffff,48.1846,11.4415,muenchen,True,54,13.94,4,False,0.134615,False,21,0.75,0,0,0,0,0,0,0,0,0,0,0,0,0,0,0,0,0,0,0,0,0,0,0,0,0,0,0,0,0,0,0,0,0,0
891f8d47183ffff,48.2002,11.4401,muenchen,True,0,,0,False,0.461337,False,0,0.885067,0,0,0,0,0,0,0,0,0,0,0,0,0,0,0,0,0,0,0,0,0,0,0,0,0,0,0,0,0,0,0,0,0,0
891f8d47187ffff,48.2005,11.4448,muenchen,True,377,14.0329,58,False,0.347107,False,158,0.902985,0,0,0,0,0,0,0,0,0,0,0,0,0,0,0,0,0,0,0,0,0,0,0,0,0,0,1,0,0,0,0,0,0,0
891f8d4718bffff,48.1974,11.438,muenchen,True,0,,0,False,0.461337,False,0,0.885067,0,0,0,0,0,0,0,0,0,0,0,0,0,0,0,0,0,0,0,0,0,0,0,0,0,0,0,0,0,0,0,0,0,0
891f8d4718fffff,48.1978,11.4427,muenchen,True,78,9.31613,31,False,0.369048,False,37,0.916667,0,0,0,0,0,0,0,0,0,0,0,0,0,0,0,0,0,0,0,0,0,0,0,0,0,0,0,0,0,0,0,0,0,0
891f8d47193ffff,48.2026,11.4375,muenchen,True,0,,0,False,0.461337,False,0,0.885067,0,0,0,0,0,0,0,0,0,0,0,0,0,0,0,0,0,0,0,0,0,0,0,0,0,0,0,0,0,0,0,0,0,0
891f8d47197ffff,48.2029,11.4422,muenchen,True,0,,0,False,0.461337,False,0,0.885067,0,0,0,0,0,0,0,0,0,0,0,0,0,0,0,0,0,0,0,0,0,0,0,0,0,0,0,0,0,0,0,0,0,0
891f8d4719bffff,48.1998,11.4354,muenchen,True,0,,0,False,0.461337,False,0,0.885067,0,0,0,0,0,0,0,0,0,0,0,0,0,0,0,0,0,0,0,0,0,0,0,0,0,0,0,0,0,0,0,0,0,0
891f8d471a3ffff,48.1985,11.4521,muenchen,True,310,12.9351,45,False,0.348083,False,132,0.758621,0,0,0,0,0,0,0,0,0,0,0,0,0,0,0,0,0,0,0,0,0,0,0,0,0,0,0,0,0,0,0,0,0,0
891f8d471a7ffff,48.1989,11.4568,muenchen,True,221,12.9576,85,False,0.4375,False,119,0.919643,0,0,0,0,0,0,0,0,0,0,1,0,0,2,0,0,0,0,0,0,0,0,0,0,0,0,3,0,0,0,0,0,0,0
891f8d471abffff,48.1957,11.45,muenchen,True,258,11.9067,18,False,0.389961,False,86,0.704082,0,0,0,0,0,0,0,0,0,0,0,0,0,0,0,0,0,0,0,0,0,0,0,0,0,0,0,0,0,0,0,0,0,0
891f8d471afffff,48.1961,11.4547,muenchen,True,70,12.24,3,False,0.215385,False,28,0.885067,0,0,0,0,0,0,0,0,0,0,0,0,0,2,1,0,0,0,0,0,0,0,0,0,0,0,0,0,0,0,0,0,0,0
891f8d471b3ffff,48.2009,11.4495,muenchen,True,223,11.2921,14,False,0.336493,False,84,0.831325,0,0,0,0,0,0,0,0,0,0,0,0,0,0,0,0,0,0,0,0,0,0,0,0,0,0,2,0,0,0,0,0,0,0
891f8d471b7ffff,48.2013,11.4542,muenchen,True,424,13.317,61,False,0.35023,False,188,0.8125,0,0,0,0,0,0,0,0,0,0,0,0,0,0,0,0,0,0,0,0,0,0,0,0,0,0,1,0,0,0,0,0,0,0
891f8d471bbffff,48.1981,11.4474,muenchen,True,209,14.4197,32,False,0.327434,False,83,0.709677,0,0,0,0,0,0,0,0,0,0,0,0,0,0,0,0,0,0,0,0,0,0,0,0,0,0,0,0,0,0,0,0,0,0
891f8d471c3ffff,48.1942,11.4312,muenchen,True,26,4.8,0,True,0.15,False,4,0.885067,0,0,0,0,0,0,0,0,0,0,0,0,0,0,0,0,0,0,0,0,0,0,0,0,0,0,0,0,0,0,0,0,0,0
891f8d471c7ffff,48.1946,11.4359,muenchen,True,0,,0,False,0.461337,False,0,0.885067,0,0,0,0,0,0,0,0,0,0,0,0,0,0,0,0,0,0,0,0,0,0,0,0,0,0,0,0,0,0,0,0,0,0
891f8d471cbffff,48.1915,11.429,muenchen,True,0,,0,False,0.461337,False,0,0.885067,0,0,0,0,0,0,0,0,0,0,0,0,0,0,0,0,0,0,0,0,0,0,0,0,0,0,0,0,0,0,0,0,0,0
891f8d471cfffff,48.1918,11.4338,muenchen,True,0,,0,False,0.461337,False,0,0.885067,0,0,0,0,0,0,0,0,0,0,0,0,0,0,0,0,0,0,0,0,0,0,0,0,0,0,0,0,0,0,0,0,0,0
891f8d471d3ffff,48.1966,11.4286,muenchen,True,0,,0,False,0.461337,False,0,0.885067,0,0,0,0,0,0,0,0,0,0,0,0,0,0,0,0,0,0,0,0,0,0,0,0,0,0,0,0,0,0,0,0,0,0
891f8d471d7ffff,48.197,11.4333,muenchen,True,3,9.31613,0,True,0.461337,True,3,1,0,0,0,0,0,0,0,0,0,0,0,0,0,0,0,0,0,0,0,0,0,0,0,0,0,0,0,0,0,0,0,0,0,0
891f8d471dbffff,48.1939,11.4264,muenchen,True,0,,0,False,0.461337,False,0,0.885067,0,0,0,0,0,0,0,0,0,0,0,0,0,0,0,0,0,0,0,0,0,0,0,0,0,0,0,0,0,0,0,0,0,0
891f8d47203ffff,48.1705,11.3954,muenchen,True,0,,0,False,0.461337,False,0,0.885067,0,0,0,0,0,0,0,0,0,0,0,0,0,0,0,0,0,0,0,0,0,0,0,0,0,0,0,0,0,0,0,0,0,0
891f8d47207ffff,48.1709,11.4001,muenchen,True,0,,0,False,0.461337,False,0,0.885067,0,0,0,0,0,0,0,0,0,0,0,0,0,0,0,0,0,0,0,0,0,0,0,0,0,0,0,0,0,0,0,0,0,0
891f8d4720bffff,48.1678,11.3933,muenchen,True,0,,0,False,0.461337,False,0,0.885067,0,0,0,0,0,0,0,0,0,0,0,0,0,0,0,0,0,0,0,0,0,0,0,0,0,0,0,0,0,0,0,0,0,0
891f8d4720fffff,48.1681,11.398,muenchen,True,0,,0,False,0.461337,False,0,0.885067,0,0,0,0,0,0,0,0,0,0,0,0,0,0,0,0,0,0,0,0,0,0,0,0,0,0,0,0,0,0,0,0,0,0
891f8d47213ffff,48.1729,11.3928,muenchen,True,16,8.29,3,False,0.461337,True,10,0.885067,0,0,0,0,0,0,0,0,0,0,0,0,0,0,0,0,0,0,0,0,0,0,0,0,0,0,0,0,0,0,0,0,0,0
891f8d47217ffff,48.1733,11.3975,muenchen,True,0,,0,False,0.461337,False,0,0.885067,0,0,0,0,0,0,0,0,0,0,0,0,0,1,1,0,0,0,0,0,0,0,0,0,0,0,0,0,0,0,0,0,0,0
891f8d4721bffff,48.1702,11.3907,muenchen,True,0,,0,False,0.461337,False,0,0.885067,0,0,0,0,0,0,0,0,0,0,0,0,0,0,0,0,0,0,0,0,0,0,0,0,0,0,0,0,0,0,0,0,0,0
891f8d47223ffff,48.1689,11.4074,muenchen,True,138,12.6845,20,False,0.310078,False,62,0.75,0,0,0,0,0,0,0,0,0,0,0,0,0,0,0,0,0,0,0,0,0,0,0,0,0,0,0,0,0,0,0,0,0,0
891f8d47227ffff,48.1692,11.4122,muenchen,True,435,14.3116,57,False,0.33253,False,174,0.77193,0,0,0,0,0,0,0,0,0,0,0,0,0,0,0,0,0,0,0,0,0,0,0,0,0,0,0,0,0,0,0,0,0,0
891f8d4722bffff,48.1661,11.4053,muenchen,True,3,8.39752,0,True,0.5,False,3,1,0,0,0,0,0,0,0,0,0,0,0,0,0,0,0,0,0,0,0,0,0,0,0,0,0,0,0,0,0,0,0,0,0,0
891f8d4722fffff,48.1665,11.41,muenchen,True,183,13.1152,23,False,0.350282,False,73,0.902439,0,0,0,0,0,0,0,0,0,0,0,0,0,0,0,0,0,0,0,0,0,0,0,0,0,0,1,0,0,0,0,0,0,0
891f8d47233ffff,48.1713,11.4048,muenchen,True,6,13.8915,0,True,0,False,3,0.885067,0,0,0,0,0,0,0,0,0,0,0,0,0,0,0,0,0,0,0,0,0,0,0,0,0,0,1,0,0,0,0,0,0,0
891f8d47237ffff,48.1716,11.4096,muenchen,True,391,14.4777,61,False,0.396867,False,172,0.843931,0,0,0,0,0,0,0,0,0,0,0,0,0,0,0,0,0,0,0,0,0,0,0,0,0,0,0,0,0,0,0,0,0,0
891f8d4723bffff,48.1685,11.4027,muenchen,True,0,,0,False,0.461337,False,0,0.885067,0,0,0,0,0,0,0,0,0,0,0,0,0,0,0,0,0,0,0,0,0,0,0,0,0,0,0,0,0,0,0,0,0,0
891f8d47243ffff,48.1646,11.3865,muenchen,True,0,,0,False,0.461337,False,0,0.885067,0,0,0,0,0,0,0,0,0,0,0,0,0,0,0,0,0,0,0,0,0,0,0,0,0,0,0,0,0,0,0,0,0,0
891f8d47247ffff,48.165,11.3912,muenchen,True,0,,0,False,0.461337,False,0,0.885067,0,0,0,0,0,0,0,0,0,0,0,0,0,0,0,0,0,0,0,0,0,0,0,0,0,0,0,0,0,0,0,0,0,0
891f8d4724bffff,48.1618,11.3844,muenchen,True,0,,0,False,0.461337,False,0,0.885067,0,0,0,0,0,0,0,0,0,0,0,0,0,0,0,0,0,0,0,0,0,0,0,0,0,0,0,0,0,0,0,0,0,0
891f8d4724fffff,48.1622,11.3891,muenchen,True,0,,0,False,0.461337,False,0,0.885067,0,0,0,0,0,0,0,0,0,0,0,0,0,0,0,0,0,0,0,0,0,0,0,0,0,0,0,0,0,0,0,0,0,0
891f8d47253ffff,48.167,11.3839,muenchen,True,0,,0,False,0.461337,False,0,0.885067,0,0,0,0,0,0,0,0,0,0,0,0,0,0,0,0,0,0,0,0,0,0,0,0,0,0,0,0,0,0,0,0,0,0
891f8d47257ffff,48.1674,11.3886,muenchen,True,0,,0,False,0.461337,False,0,0.885067,0,0,0,0,0,0,0,0,0,0,0,0,0,0,0,0,0,0,0,0,0,0,0,0,0,0,0,0,0,0,0,0,0,0
891f8d4725bffff,48.1642,11.3818,muenchen,True,0,,0,False,0.461337,False,0,0.885067,0,0,0,0,0,0,0,0,0,0,0,0,0,0,0,0,0,0,0,0,0,0,0,0,0,0,0,0,0,0,0,0,0,0
891f8d47263ffff,48.1629,11.3985,muenchen,True,0,,0,False,0.461337,False,0,0.885067,0,0,0,0,0,0,0,0,0,0,0,0,0,0,0,0,0,0,0,0,0,0,0,0,0,0,0,0,0,0,0,0,0,0
891f8d47267ffff,48.1633,11.4032,muenchen,True,0,,0,False,0.461337,False,0,0.885067,0,0,0,0,0,0,0,0,0,0,0,0,0,0,0,0,0,0,0,0,0,0,0,0,0,0,0,0,1,0,0,0,0,0
891f8d4726bffff,48.1602,11.3964,muenchen,True,0,,0,False,0.461337,False,0,0.885067,0,0,0,0,0,0,0,0,0,0,0,0,0,0,0,0,0,0,0,0,0,0,0,0,0,0,0,0,0,0,0,0,0,0
891f8d4726fffff,48.1605,11.4011,muenchen,True,4,7.10251,0,True,1,False,0,0.885067,0,0,0,0,0,0,0,0,0,0,0,0,0,0,0,0,0,0,0,0,0,0,0,0,0,0,0,0,0,0,0,0,0,0
891f8d47273ffff,48.1653,11.3959,muenchen,True,0,,0,False,0.461337,False,0,0.885067,0,0,0,0,0,0,0,0,0,0,0,0,0,0,0,0,0,0,0,0,0,0,0,0,0,0,0,0,0,0,0,0,0,0
891f8d47277ffff,48.1657,11.4006,muenchen,True,0,,0,False,0.461337,False,0,0.885067,0,0,0,0,0,0,0,0,0,0,0,0,0,0,0,0,0,0,0,0,0,0,0,0,0,0,0,0,0,0,0,0,0,0
891f8d4727bffff,48.1626,11.3938,muenchen,True,0,,0,False,0.461337,False,0,0.885067,0,0,0,0,0,0,0,0,0,0,0,0,0,0,0,0,0,0,0,0,0,0,0,0,0,0,0,0,0,0,0,0,0,0
891f8d47283ffff,48.1781,11.3923,muenchen,True,190,11.9305,19,False,0.344828,False,89,0.841463,0,0,0,0,0,0,0,0,0,0,0,0,0,0,0,0,0,0,0,0,0,0,0,0,0,0,0,0,0,0,0,0,0,0
891f8d47287ffff,48.1785,11.3971,muenchen,True,145,13.4844,25,False,0.362832,False,58,0.844828,0,0,0,0,0,0,0,0,0,0,0,0,0,0,0,0,0,0,0,0,0,0,0,0,0,0,1,0,0,0,0,0,0,0
891f8d4728bffff,48.1754,11.3902,muenchen,True,310,12.338,61,False,0.371795,False,160,0.826087,0,0,0,0,0,0,0,0,0,0,0,0,0,0,0,0,0,0,0,0,0,0,0,0,0,0,1,0,0,0,0,0,0,0
891f8d4728fffff,48.1757,11.3949,muenchen,True,310,11.8355,58,False,0.306667,False,149,0.870968,0,0,0,0,0,0,0,0,0,1,0,0,0,0,0,0,0,0,0,0,0,0,0,0,0,0,2,0,0,0,0,0,0,0
891f8d47293ffff,48.1805,11.3898,muenchen,True,11,12.2291,0,True,0.5,False,8,1,0,0,0,0,0,0,0,0,0,0,0,0,0,0,0,0,0,0,0,0,0,0,0,0,0,0,1,0,0,0,0,0,0,0
891f8d47297ffff,48.1809,11.3945,muenchen,True,0,,0,False,0.461337,False,0,0.885067,0,0,0,0,0,0,0,0,0,0,0,0,0,0,0,0,0,0,0,0,0,0,0,0,0,0,1,0,0,0,0,0,0,0
891f8d4729bffff,48.1778,11.3876,muenchen,True,11,11.9978,0,True,0.357143,False,3,1,0,0,0,0,0,0,0,0,0,0,0,0,0,0,0,0,0,0,0,0,0,0,0,0,0,0,0,0,0,0,0,0,0,0
891f8d472a3ffff,48.1765,11.4044,muenchen,True,641,13.4579,157,False,0.568438,False,328,0.913174,0,0,0,0,0,0,0,1,0,0,1,0,0,0,0,0,0,0,0,0,0,0,0,0,0,0,2,0,0,0,0,0,0,0
891f8d472a7ffff,48.1768,11.4091,muenchen,True,153,13.0039,33,False,0.45679,False,68,0.791667,0,0,0,0,0,0,0,0,0,0,1,0,0,0,0,0,0,0,0,0,0,0,0,0,0,1,3,0,0,0,0,0,0,0
891f8d472abffff,48.1737,11.4023,muenchen,True,15,8.14,3,False,0.727273,False,10,1,0,0,0,0,0,0,0,0,0,0,0,0,0,0,0,0,0,0,0,1,0,0,0,0,0,0,0,0,0,0,0,0,0,0
891f8d472afffff,48.1741,11.407,muenchen,True,203,12.5152,44,False,0.368421,False,95,0.776699,0,0,0,0,0,0,0,0,0,0,0,0,0,0,0,0,0,0,0,0,0,0,0,0,0,0,1,0,0,0,0,0,0,0
891f8d472b3ffff,48.1789,11.4018,muenchen,True,257,12.1217,70,False,0.449339,False,154,0.897959,0,0,0,0,0,0,0,0,0,0,0,0,0,0,0,0,0,0,0,0,0,0,0,0,0,0,2,0,0,0,0,0,0,0
891f8d472b7ffff,48.1792,11.4065,muenchen,True,319,13.032,66,False,0.52459,False,161,0.873494,0,0,0,0,0,0,0,0,1,1,1,0,0,2,0,0,0,0,0,0,0,0,0,0,0,0,2,0,2,0,0,0,0,0
891f8d472bbffff,48.1761,11.3997,muenchen,True,202,13.9719,16,False,0.315534,False,93,0.829545,0,0,0,0,0,0,0,0,0,0,0,0,0,1,0,0,0,0,0,0,0,0,0,0,0,0,2,0,0,0,0,0,0,0
891f8d472c3ffff,48.1722,11.3834,muenchen,True,46,6.555,6,False,0.310345,False,22,0.666667,0,0,0,0,0,0,0,0,0,0,0,0,0,0,0,0,0,0,0,0,0,0,0,0,0,0,0,0,0,0,0,0,0,0
891f8d472c7ffff,48.1726,11.3881,muenchen,True,255,10.8592,36,False,0.308772,False,119,0.864,0,0,0,0,0,0,0,0,0,0,0,0,0,0,0,0,0,0,0,0,0,0,0,0,0,0,0,0,1,0,0,0,0,0
891f8d472cbffff,48.1694,11.3813,muenchen,True,3,11.4735,0,True,1,False,3,0.885067,0,0,0,0,0,0,0,0,0,0,0,0,0,0,0,0,0,0,0,0,0,0,0,0,0,0,0,0,0,0,0,0,0,0
891f8d472cfffff,48.1698,11.386,muenchen,True,32,12.27,3,False,0.296296,False,12,1,0,0,0,0,0,0,0,0,0,0,0,0,0,0,0,0,0,0,0,0,0,0,0,0,0,0,0,0,0,0,0,0,0,0
891f8d472d3ffff,48.1746,11.3808,muenchen,True,6,16.09,3,False,1,False,3,0.885067,0,0,0,0,0,0,0,0,0,0,0,0,0,0,0,0,0,0,0,0,0,0,0,0,0,0,0,0,0,0,0,0,0,0
891f8d472d7ffff,48.175,11.3855,muenchen,True,244,12.4846,35,False,0.316239,False,107,0.784946,0,0,0,0,0,0,0,0,0,0,0,0,0,0,0,0,0,0,0,0,0,0,0,0,0,0,0,0,0,0,0,0,0,0
891f8d472dbffff,48.1718,11.3787,muenchen,True,0,,0,False,0.461337,False,0,0.885067,0,0,0,0,0,0,0,0,0,0,0,0,0,0,0,0,0,0,0,0,0,0,0,0,0,0,0,0,0,0,0,0,0,0
891f8d47303ffff,48.1731,11.4284,muenchen,True,0,,0,False,0.461337,False,0,0.885067,0,0,0,0,0,0,0,0,0,0,0,0,0,0,0,0,0,0,0,0,0,0,0,0,0,0,0,0,0,0,0,0,0,0
891f8d47307ffff,48.1735,11.4331,muenchen,True,10,9.31,3,False,0.4,False,4,0.885067,0,0,0,0,0,0,0,0,0,0,0,0,0,0,0,0,0,0,0,0,0,0,0,0,0,0,0,0,0,0,0,1,0,0
891f8d4730bffff,48.1703,11.4263,muenchen,True,0,,0,False,0.461337,False,0,0.885067,0,0,0,0,0,0,0,0,0,0,0,0,0,0,0,0,0,0,0,0,0,0,0,0,0,0,0,0,0,0,0,0,0,0
891f8d4730fffff,48.1707,11.431,muenchen,True,4,15.5861,0,True,0.461337,True,0,0.885067,0,0,0,0,0,0,0,0,0,0,0,0,0,0,0,0,0,0,0,0,0,0,0,0,0,0,0,0,0,0,0,0,0,0
891f8d47313ffff,48.1755,11.4258,muenchen,True,0,,0,False,0.461337,False,0,0.885067,0,0,0,0,0,0,0,0,0,0,0,0,0,0,0,0,0,0,0,0,0,0,0,0,0,0,0,0,0,0,0,0,0,0
891f8d47317ffff,48.1759,11.4305,muenchen,True,21,16.2257,7,False,0.411765,False,10,0.785714,0,0,0,0,0,0,0,0,0,0,0,0,0,0,0,0,0,0,0,0,0,0,0,0,0,0,0,0,0,0,0,1,0,0
891f8d4731bffff,48.1727,11.4237,muenchen,True,0,,0,False,0.461337,False,0,0.885067,0,0,0,0,0,0,0,0,0,0,0,0,0,0,0,0,0,0,0,0,0,0,0,0,0,0,0,0,0,0,0,0,0,0
891f8d47323ffff,48.1714,11.4404,muenchen,True,0,,0,False,0.461337,False,0,0.885067,0,0,0,0,0,0,0,0,0,0,0,0,0,0,0,0,0,0,0,0,0,0,0,0,0,0,0,0,0,0,0,0,0,0
891f8d47327ffff,48.1718,11.4451,muenchen,True,0,,0,False,0.461337,False,0,0.885067,0,0,0,0,0,0,0,0,0,0,0,0,0,0,0,0,0,0,0,0,0,0,0,0,0,0,0,0,0,0,0,0,0,0
891f8d4732bffff,48.1687,11.4383,muenchen,True,25,12.9874,0,True,0.428571,False,9,1,0,0,0,0,0,0,0,0,0,0,0,0,0,0,0,0,0,0,0,0,0,0,0,0,0,0,0,0,0,0,0,0,0,0
891f8d4732fffff,48.169,11.443,muenchen,True,0,,0,False,0.461337,False,0,0.885067,0,0,0,0,0,0,0,0,0,0,0,0,0,0,0,0,0,0,0,0,0,0,0,0,0,0,0,0,0,0,0,0,0,0
891f8d47333ffff,48.1739,11.4378,muenchen,True,0,,0,False,0.461337,False,0,0.885067,0,0,0,0,0,0,0,0,0,0,0,0,0,0,0,0,0,0,0,0,0,0,0,0,0,0,0,0,0,0,0,0,0,0
891f8d47337ffff,48.1742,11.4425,muenchen,True,0,,0,False,0.461337,False,0,0.885067,0,0,0,0,0,0,0,0,0,0,0,0,0,0,0,0,0,0,0,0,0,0,0,0,0,0,0,0,0,0,0,0,0,0
891f8d4733bffff,48.1711,11.4357,muenchen,True,0,,0,False,0.461337,False,0,0.885067,0,0,0,0,0,0,0,0,0,0,0,0,0,0,0,0,0,0,0,0,0,0,0,0,0,0,0,0,0,0,0,0,0,0
891f8d47343ffff,48.1672,11.4195,muenchen,True,0,,0,False,0.461337,False,0,0.885067,0,0,0,0,0,0,0,0,0,0,0,0,0,0,0,0,0,0,0,0,0,0,0,0,0,0,0,0,0,0,0,0,0,0
891f8d47347ffff,48.1676,11.4242,muenchen,True,0,,0,False,0.461337,False,0,0.885067,0,0,0,0,0,0,0,0,0,0,0,0,0,0,0,0,0,0,0,0,0,0,0,0,0,0,0,0,0,0,0,0,0,0
891f8d4734bffff,48.1644,11.4173,muenchen,True,429,12.3027,95,False,0.413333,False,177,0.700599,0,0,0,0,0,0,0,0,0,0,0,0,0,0,0,0,0,0,0,0,0,0,0,0,0,0,0,0,0,0,0,0,0,0
891f8d4734fffff,48.1648,11.4221,muenchen,True,27,10.0253,0,True,0.352941,False,4,0.885067,0,0,0,0,0,0,0,0,0,0,0,0,0,0,0,0,0,0,0,0,0,0,0,0,0,0,0,0,0,0,0,0,0,0
891f8d47353ffff,48.1696,11.4169,muenchen,True,14,10.7484,0,True,0.461337,True,9,1,0,0,0,0,0,0,0,0,0,0,0,0,0,0,0,0,0,0,0,0,0,0,0,0,0,0,0,0,0,0,0,0,0,0
891f8d47357ffff,48.17,11.4216,muenchen,True,0,,0,False,0.461337,False,0,0.885067,0,0,0,0,0,0,0,0,0,0,0,0,0,0,0,0,0,0,0,0,0,0,0,0,0,0,0,0,0,0,0,0,0,0
891f8d4735bffff,48.1668,11.4147,muenchen,True,41,15.285,6,False,0.636364,False,18,0.833333,0,0,0,0,0,0,0,0,0,0,0,0,0,0,0,0,0,0,0,0,0,0,0,0,0,0,0,0,0,0,0,0,0,0
891f8d47363ffff,48.1655,11.4315,muenchen,True,0,,0,False,0.461337,False,0,0.885067,0,0,0,0,0,0,0,0,0,0,0,0,0,0,0,0,0,0,0,0,0,0,0,0,0,0,0,0,0,0,0,0,0,0
891f8d47367ffff,48.1659,11.4362,muenchen,True,150,16.69,13,False,0.330882,False,63,0.790323,0,0,0,0,0,0,0,0,0,0,0,0,0,0,0,0,0,0,0,0,0,0,0,0,0,0,0,0,0,0,0,0,0,0
891f8d4736bffff,48.1627,11.4294,muenchen,True,84,10.0275,8,False,0.447761,False,33,0.888889,0,0,0,0,0,0,0,0,0,0,0,0,0,0,0,0,0,0,0,0,0,0,0,0,0,0,0,0,0,0,0,0,0,0
891f8d4736fffff,48.1631,11.4341,muenchen,True,242,12.47,4,False,0.381356,False,33,0.909091,0,0,0,0,0,0,0,0,0,0,0,0,0,0,0,0,0,0,1,0,0,0,0,0,0,1,4,0,1,0,0,0,0,0
891f8d47373ffff,48.1679,11.4289,muenchen,True,0,,0,False,0.461337,False,0,0.885067,0,0,0,0,0,0,0,0,0,0,0,0,0,0,0,0,0,0,0,0,0,0,0,0,0,0,0,0,0,0,0,0,0,0
891f8d47377ffff,48.1683,11.4336,muenchen,True,3,13.3088,0,True,0.461337,True,0,0.885067,0,0,0,0,0,0,0,0,0,0,0,0,0,0,0,0,0,0,0,0,0,0,0,0,0,0,0,0,0,0,0,0,0,0
891f8d4737bffff,48.1651,11.4268,muenchen,True,0,,0,False,0.461337,False,0,0.885067,0,0,0,0,0,0,0,0,0,0,0,0,0,0,0,0,0,0,0,0,0,0,0,0,0,0,0,0,0,0,0,0,0,0
891f8d47383ffff,48.1807,11.4253,muenchen,True,69,14.6867,9,False,0.40678,False,32,0.85,0,0,0,0,0,0,0,0,0,0,0,0,0,0,0,0,0,0,0,0,0,0,0,0,0,0,2,0,0,0,0,0,0,0
891f8d47387ffff,48.1811,11.43,muenchen,True,0,,0,False,0.461337,False,0,0.885067,0,0,0,0,0,0,0,0,0,0,0,0,0,0,0,0,0,0,0,0,0,0,0,0,0,0,0,0,0,0,0,0,0,0
891f8d4738bffff,48.1779,11.4232,muenchen,True,4,12.3745,0,True,0.461337,True,0,0.885067,0,0,0,0,0,0,0,0,0,0,0,0,0,0,0,0,0,0,0,0,0,0,0,0,0,0,0,0,0,0,0,0,0,0
891f8d4738fffff,48.1783,11.4279,muenchen,True,0,,0,False,0.461337,False,0,0.885067,0,0,0,0,0,0,0,0,0,0,0,0,0,0,0,0,0,0,0,0,0,0,0,0,0,0,0,0,0,0,0,0,0,0
891f8d47393ffff,48.1831,11.4227,muenchen,True,100,12.4791,23,False,0.471698,False,47,0.860465,0,0,0,0,0,0,0,0,0,0,0,0,0,0,0,0,0,0,0,0,0,0,0,0,0,0,0,0,0,0,0,0,0,0
891f8d47397ffff,48.1835,11.4274,muenchen,True,17,11.4266,0,True,0,False,4,0.885067,0,0,0,0,0,0,0,0,0,0,0,0,0,0,0,0,0,0,0,0,0,0,0,0,0,0,0,0,0,0,0,0,0,0
891f8d4739bffff,48.1803,11.4206,muenchen,True,338,10.892,61,False,0.403785,False,136,0.755725,0,0,0,0,0,0,0,0,0,0,0,0,0,0,0,0,0,0,0,0,0,0,0,0,0,0,0,0,1,0,0,0,0,0
891f8d473a3ffff,48.179,11.4373,muenchen,True,0,,0,False,0.461337,False,0,0.885067,0,0,0,0,0,0,0,0,0,0,0,0,0,0,0,0,0,0,0,0,0,0,0,0,0,0,0,0,0,0,0,0,0,0
891f8d473a7ffff,48.1794,11.442,muenchen,True,353,13.5964,70,False,0.357746,False,156,0.824675,0,0,0,0,0,0,0,0,0,0,0,0,0,0,0,0,0,0,0,0,0,0,0,0,0,0,0,0,0,0,0,0,0,0
891f8d473abffff,48.1763,11.4352,muenchen,True,3,12.5896,0,True,0.5,False,0,0.885067,0,0,0,0,0,0,0,0,0,0,0,0,0,0,0,0,0,0,0,0,0,0,0,0,0,0,1,0,0,0,0,1,0,0
891f8d473afffff,48.1766,11.4399,muenchen,True,0,,0,False,0.461337,False,0,0.885067,0,0,0,0,0,0,0,0,0,0,0,0,0,0,0,0,0,0,0,0,0,0,0,0,0,0,0,0,0,0,0,0,0,0
891f8d473b3ffff,48.1815,11.4347,muenchen,True,0,,0,False,0.461337,False,0,0.885067,0,0,0,0,0,0,0,0,0,0,0,0,0,0,0,0,0,0,0,0,0,0,0,0,0,0,0,0,0,0,0,0,0,0
891f8d473b7ffff,48.1818,11.4394,muenchen,True,122,10.0862,16,False,0.396552,False,48,0.72,0,0,0,0,0,0,0,0,0,0,0,0,0,0,0,0,0,0,0,0,0,0,0,0,0,0,0,0,0,0,0,0,0,0
891f8d473bbffff,48.1787,11.4326,muenchen,True,0,,0,False,0.461337,False,0,0.885067,0,0,0,0,0,0,0,0,0,0,0,0,0,0,0,0,0,0,0,0,0,0,0,0,0,0,0,0,0,0,0,0,0,0
891f8d473c3ffff,48.1748,11.4164,muenchen,True,3,13.7422,0,True,0,False,0,0.885067,0,0,0,0,0,0,0,0,0,0,0,0,0,0,0,0,0,0,0,0,0,0,0,0,0,0,1,0,0,0,0,0,0,0
891f8d473c7ffff,48.1752,11.4211,muenchen,True,7,13.8318,0,True,0,False,5,0.885067,0,0,0,0,0,0,0,0,0,0,0,0,1,0,0,0,0,0,0,0,0,0,0,0,0,0,0,0,0,0,0,0,0,0
891f8d473cbffff,48.172,11.4143,muenchen,True,258,13.1687,47,False,0.401575,False,116,0.86087,0,0,0,0,0,0,0,0,0,0,0,0,0,0,0,0,0,0,0,0,0,0,0,0,0,0,0,0,0,0,0,0,0,0
891f8d473cfffff,48.1724,11.419,muenchen,True,19,14.5411,0,True,0.3,False,8,0.571429,0,0,0,0,0,0,0,0,0,0,0,0,0,0,0,0,0,0,0,0,0,0,0,0,0,0,0,0,0,0,0,0,0,0
891f8d473d3ffff,48.1772,11.4138,muenchen,True,98,13.5535,20,False,0.411765,False,45,0.916667,0,0,0,0,0,0,0,0,0,0,0,0,0,0,0,0,0,0,0,0,0,0,0,0,0,0,0,0,0,0,0,0,0,0
891f8d473d7ffff,48.1776,11.4185,muenchen,True,21,14.08,4,False,0.4375,False,7,0.885067,0,0,0,0,0,0,0,0,0,0,0,0,0,0,0,0,0,0,0,0,0,0,0,0,0,0,0,0,0,0,0,0,0,0
891f8d473dbffff,48.1744,11.4117,muenchen,True,382,15.2402,141,False,0.492268,False,245,0.966102,0,0,0,0,0,0,0,0,0,0,0,0,0,1,0,0,0,0,0,0,0,0,0,0,0,0,1,0,0,0,0,0,0,0
891f8d47403ffff,48.2068,11.392,muenchen,False,31,8.46471,17,False,0.7,False,22,1,0,0,0,0,0,0,0,0,0,0,0,0,0,0,0,0,0,0,0,0,0,0,0,0,0,0,0,0,0,0,0,0,0,0
891f8d47407ffff,48.2072,11.3967,muenchen,False,5,8.32625,0,True,0.333333,False,3,0.885067,0,0,0,0,0,0,0,0,0,0,0,0,0,0,0,0,0,0,0,0,0,0,0,0,0,0,0,0,0,0,0,0,0,0
891f8d4740bffff,48.2041,11.3899,muenchen,False,4,11.1575,0,True,0.461337,True,3,0.885067,0,0,0,0,0,0,0,0,0,0,0,0,0,0,0,0,0,0,0,0,0,0,0,0,0,0,0,0,0,0,0,0,0,0
891f8d4740fffff,48.2044,11.3946,muenchen,False,7,11.1583,0,True,0.461337,True,0,0.885067,0,0,0,0,0,0,0,0,0,0,0,0,0,0,0,0,0,0,0,0,0,0,0,0,0,0,0,0,0,0,0,0,0,0
891f8d47413ffff,48.2093,11.3894,muenchen,False,9,10.5175,0,True,0.538462,False,0,0.885067,0,0,0,0,0,0,0,0,0,0,0,0,0,0,0,0,0,0,0,0,0,0,0,0,0,0,0,0,0,0,0,0,0,0
891f8d47417ffff,48.2096,11.3941,muenchen,False,6,10.54,4,False,0,False,4,1,0,0,0,0,0,0,0,0,0,0,0,0,0,0,0,0,0,0,0,0,0,0,0,0,0,0,0,0,0,0,0,0,0,0
891f8d4741bffff,48.2065,11.3873,muenchen,False,11,10.8983,0,True,0.666667,False,3,0.885067,0,0,0,0,0,0,0,0,0,0,0,0,0,0,0,0,0,0,0,0,0,0,0,0,0,0,0,0,0,0,0,0,0,0
891f8d47423ffff,48.2052,11.404,muenchen,False,7,17.9767,0,True,0.333333,False,3,1,0,0,0,0,0,0,0,0,0,0,0,0,0,0,0,0,0,0,0,0,0,0,0,0,0,0,0,0,0,0,0,0,0,0
891f8d47427ffff,48.2055,11.4087,muenchen,False,0,,0,False,0.461337,False,0,0.885067,0,0,0,0,0,0,0,0,0,0,0,0,0,0,0,0,0,0,0,0,0,0,0,0,0,0,0,0,0,0,0,0,0,0
891f8d4742bffff,48.2024,11.4019,muenchen,False,0,,0,False,0.461337,False,0,0.885067,0,0,0,0,0,0,0,0,0,0,0,0,0,0,0,0,0,0,0,0,0,0,0,0,0,0,0,0,0,0,0,0,0,0
891f8d4742fffff,48.2028,11.4066,muenchen,False,26,41.35,3,False,0.461337,True,16,1,0,0,0,0,0,0,0,0,0,0,0,0,0,1,0,0,0,0,0,0,0,0,0,0,0,0,0,0,0,0,0,0,0,0
891f8d47433ffff,48.2076,11.4014,muenchen,False,19,11.595,0,True,0.315789,False,5,1,0,0,0,0,0,0,0,0,0,0,0,0,0,0,0,0,0,0,0,0,0,0,0,0,0,0,0,0,0,0,0,0,0,0
891f8d47437ffff,48.208,11.4061,muenchen,False,16,4.59,3,False,0.333333,False,8,1,0,0,0,0,0,0,0,0,0,0,0,0,0,0,0,0,0,0,0,0,0,0,0,0,0,0,0,0,0,0,0,0,0,0
891f8d4743bffff,48.2048,11.3993,muenchen,False,3,11.9956,0,True,0.461337,True,0,0.885067,0,0,0,0,0,0,0,0,0,0,0,0,0,0,0,0,0,0,0,0,0,0,0,0,0,0,0,0,0,0,0,0,0,0
891f8d47443ffff,48.2009,11.3831,muenchen,False,314,11.9752,66,False,0.361194,False,145,0.863309,0,0,0,0,0,0,0,0,0,0,0,0,0,0,0,0,0,0,0,0,0,0,0,0,0,0,2,0,0,0,0,0,0,0
891f8d47447ffff,48.2013,11.3878,muenchen,False,182,12.4296,28,False,0.259887,False,83,0.724138,0,0,0,0,0,0,0,0,0,0,0,0,0,0,0,0,0,0,0,0,0,0,0,0,0,0,0,0,0,0,0,0,0,0
891f8d4744bffff,48.1981,11.381,muenchen,False,183,11.2964,22,False,0.194286,False,84,0.797753,0,0,0,0,0,0,0,0,0,0,0,0,0,0,0,0,0,0,0,0,0,0,0,0,0,0,0,0,0,0,0,0,0,0
891f8d4744fffff,48.1985,11.3857,muenchen,False,7,11.3886,0,True,0,False,3,1,0,0,0,0,0,0,0,0,0,0,0,0,0,0,0,0,0,0,0,0,0,0,0,0,0,0,0,0,0,0,0,0,0,0
891f8d47453ffff,48.2033,11.3805,muenchen,False,427,10.9162,84,False,0.32439,False,182,0.860465,0,0,0,0,0,0,0,0,0,0,0,0,0,0,0,0,0,0,0,0,0,0,0,0,0,0,1,0,0,0,0,0,0,0
891f8d47457ffff,48.2037,11.3852,muenchen,False,377,11.4528,43,False,0.274933,False,154,0.831081,0,0,0,0,0,0,0,0,0,0,0,0,0,0,0,0,0,0,0,0,0,0,0,0,0,0,0,0,0,0,0,0,0,0
891f8d4745bffff,48.2006,11.3784,muenchen,False,619,11.5045,131,False,0.286899,False,300,0.871886,0,0,0,0,0,0,0,0,0,0,0,0,0,0,0,0,0,0,0,0,0,0,0,0,0,0,2,0,0,0,0,0,0,0
891f8d47463ffff,48.1993,11.3951,muenchen,True,0,,0,False,0.461337,False,0,0.885067,0,0,0,0,0,0,0,0,0,0,0,0,0,0,0,0,0,0,0,0,0,0,0,0,0,0,0,0,0,0,0,0,0,0
891f8d47467ffff,48.1996,11.3998,muenchen,True,4,16.682,0,True,0.5,False,0,0.885067,0,0,0,0,0,0,0,0,0,0,0,0,0,0,0,0,0,0,0,0,0,0,0,0,0,0,0,0,0,0,0,0,0,0
891f8d4746bffff,48.1965,11.393,muenchen,True,0,,0,False,0.461337,False,0,0.885067,0,0,0,0,0,0,0,0,0,0,0,0,0,0,0,0,0,0,0,0,0,0,0,0,0,0,0,0,0,0,0,0,0,0
891f8d4746fffff,48.1968,11.3977,muenchen,True,15,10.79,3,False,0.470588,False,4,1,0,0,0,0,0,0,0,0,0,0,0,0,0,0,0,0,0,0,0,0,0,0,0,0,0,0,0,0,0,0,0,0,0,0
891f8d47473ffff,48.2017,11.3925,muenchen,False,7,11.5104,0,True,0.461337,True,0,0.885067,0,0,0,0,0,0,0,0,0,0,0,0,0,0,0,0,0,0,0,0,0,0,0,0,0,0,0,0,0,0,0,0,0,0
891f8d47477ffff,48.202,11.3972,muenchen,False,0,,0,False,0.461337,False,0,0.885067,0,0,0,0,0,0,0,0,0,0,0,0,0,0,0,0,0,0,0,0,0,0,0,0,0,0,0,0,0,0,0,0,0,0
891f8d4747bffff,48.1989,11.3904,muenchen,False,20,11.3017,0,True,0.176471,False,7,0.885067,0,0,0,0,0,0,0,0,0,0,0,1,0,0,1,0,0,0,0,0,0,0,0,0,0,0,0,0,0,0,0,0,0,0
891f8d47487ffff,48.2148,11.3936,muenchen,False,0,,0,False,0.461337,False,0,0.885067,0,0,0,0,0,0,0,0,0,0,0,0,0,0,0,0,0,0,0,0,0,0,0,0,0,0,0,0,0,0,0,0,0,0
891f8d4748bffff,48.2117,11.3868,muenchen,False,0,,0,False,0.461337,False,0,0.885067,0,0,0,0,0,0,0,0,0,0,0,0,0,0,0,0,0,0,0,0,0,0,0,0,0,0,0,0,0,0,0,0,0,0
891f8d4748fffff,48.212,11.3915,muenchen,False,24,9.66,0,True,0.230769,False,9,0.885067,0,0,0,0,0,0,0,0,0,0,0,0,0,0,0,0,0,0,0,0,0,0,0,0,0,0,0,0,0,0,0,0,0,0
891f8d474a3ffff,48.2128,11.401,muenchen,False,0,,0,False,0.461337,False,0,0.885067,0,0,0,0,0,0,0,0,0,0,0,0,0,0,0,0,0,0,0,0,0,0,0,0,0,0,0,0,0,0,0,0,0,0
891f8d474a7ffff,48.2131,11.4057,muenchen,False,4,6.29,0,True,0.461337,True,0,0.885067,0,0,0,0,0,0,0,0,0,0,0,0,0,0,0,0,0,0,0,0,0,0,0,0,0,0,0,0,0,0,0,0,0,0
891f8d474abffff,48.21,11.3988,muenchen,False,7,8.32625,0,True,0.461337,True,0,0.885067,0,0,0,0,0,0,0,0,0,0,0,0,0,0,0,0,0,0,0,0,0,0,0,0,0,0,0,0,0,0,0,0,0,0
891f8d474afffff,48.2104,11.4035,muenchen,False,0,,0,False,0.461337,False,0,0.885067,0,0,0,0,0,0,0,0,0,0,0,0,0,0,0,0,0,0,0,0,0,0,0,0,0,0,0,0,0,0,0,0,0,0
891f8d474b3ffff,48.2152,11.3984,muenchen,False,0,,0,False,0.461337,False,0,0.885067,0,0,0,0,0,0,0,0,0,0,0,0,0,0,0,0,0,0,0,0,0,0,0,0,0,0,0,0,0,0,0,0,0,0
891f8d474b7ffff,48.2156,11.4031,muenchen,False,6,,0,False,0,False,0,0.885067,0,0,0,0,0,0,0,0,0,0,0,0,0,0,0,0,0,0,0,0,0,0,0,0,0,0,0,0,0,0,0,0,0,0
891f8d474bbffff,48.2124,11.3962,muenchen,False,9,8.86,0,True,0.333333,False,0,0.885067,0,0,0,0,0,0,0,0,0,0,0,0,0,0,0,0,0,0,0,0,0,0,0,0,0,0,0,0,0,0,0,0,0,0
891f8d474c3ffff,48.2085,11.38,muenchen,False,44,7.43,6,False,0.324324,False,15,0.75,0,0,0,0,0,0,0,0,0,0,0,0,0,0,0,0,0,0,0,0,0,0,0,0,0,0,2,0,0,0,0,0,0,0
891f8d474c7ffff,48.2089,11.3847,muenchen,False,0,,0,False,0.461337,False,0,0.885067,0,0,0,0,0,0,0,0,0,0,0,0,0,0,0,0,0,0,0,0,0,0,0,0,0,0,0,0,0,0,0,0,0,0
891f8d474cbffff,48.2057,11.3779,muenchen,False,393,10.0121,77,False,0.307895,False,167,0.796178,0,0,0,0,0,0,0,0,0,0,0,0,0,0,0,0,0,0,0,0,0,0,0,0,0,0,0,0,0,0,0,0,0,0
891f8d474cfffff,48.2061,11.3826,muenchen,False,262,10.4957,51,False,0.286245,False,117,0.825397,0,0,0,0,0,0,0,0,0,0,0,0,0,0,0,0,0,0,0,0,0,0,0,0,0,0,1,0,0,0,0,0,0,0
891f8d474d7ffff,48.2113,11.3821,muenchen,False,9,15.26,3,False,0.461337,True,3,0.885067,0,0,0,0,0,0,0,0,0,0,0,0,0,0,0,0,0,0,0,0,0,0,0,0,0,0,0,0,0,0,0,0,0,0
891f8d47503ffff,48.2094,11.425,muenchen,False,0,,0,False,0.461337,False,0,0.885067,0,0,0,0,0,0,0,0,0,0,0,0,0,0,0,0,0,0,0,0,0,0,0,0,0,0,0,0,0,0,0,0,0,0
891f8d47507ffff,48.2098,11.4297,muenchen,False,0,,0,False,0.461337,False,0,0.885067,0,0,0,0,0,0,0,0,0,0,0,0,0,0,0,0,0,0,0,0,0,0,0,0,0,0,0,0,0,0,0,0,0,0
891f8d4750bffff,48.2067,11.4229,muenchen,False,0,,0,False,0.461337,False,0,0.885067,0,0,0,0,0,0,0,0,0,0,0,0,0,0,0,0,0,0,0,0,0,0,0,0,0,0,0,0,0,0,0,0,0,0
891f8d4750fffff,48.207,11.4276,muenchen,False,0,,0,False,0.461337,False,0,0.885067,0,0,0,0,0,0,0,0,0,0,0,0,0,0,0,0,0,0,0,0,0,0,0,0,0,0,0,0,0,0,0,0,0,0
891f8d47513ffff,48.2118,11.4224,muenchen,False,0,,0,False,0.461337,False,0,0.885067,0,0,0,0,0,0,0,0,0,0,0,0,0,0,0,0,0,0,0,0,0,0,0,0,0,0,0,0,0,0,0,0,0,0
891f8d47517ffff,48.2122,11.4271,muenchen,False,0,,0,False,0.461337,False,0,0.885067,0,0,0,0,0,0,0,0,0,0,0,0,0,0,0,0,0,0,0,0,0,0,0,0,0,0,0,0,0,0,0,0,0,0
891f8d4751bffff,48.2091,11.4203,muenchen,False,0,,0,False,0.461337,False,0,0.885067,0,0,0,0,0,0,0,0,0,0,0,0,0,0,0,0,0,0,0,0,0,0,0,0,0,0,0,0,0,0,0,0,0,0
891f8d47523ffff,48.2078,11.437,muenchen,False,0,,0,False,0.461337,False,0,0.885067,0,0,0,0,0,0,0,0,0,0,0,0,0,0,0,0,0,0,0,0,0,0,0,0,0,0,0,0,0,0,0,0,0,0
891f8d47527ffff,48.2081,11.4417,muenchen,False,0,,0,False,0.461337,False,0,0.885067,0,0,0,0,0,0,0,0,0,0,0,0,0,0,0,0,0,0,0,0,0,0,0,0,0,0,0,0,0,0,0,0,0,0
891f8d4752bffff,48.205,11.4349,muenchen,True,0,,0,False,0.461337,False,0,0.885067,0,0,0,0,0,0,0,0,0,0,0,0,0,0,0,0,0,0,0,0,0,0,0,0,0,0,0,0,0,0,0,0,0,0
891f8d4752fffff,48.2053,11.4396,muenchen,True,0,,0,False,0.461337,False,0,0.885067,0,0,0,0,0,0,0,0,0,0,0,0,0,0,0,0,0,0,0,0,0,0,0,0,0,0,0,0,0,0,0,0,0,0
891f8d47533ffff,48.2102,11.4344,muenchen,False,7,15.13,0,True,0.461337,True,0,0.885067,0,0,0,0,0,0,0,0,0,0,0,0,0,0,0,0,0,0,0,0,0,0,0,0,0,0,0,0,0,0,0,0,0,0
891f8d47537ffff,48.2105,11.4391,muenchen,False,0,,0,False,0.461337,False,0,0.885067,0,0,0,0,0,0,0,0,0,0,0,0,0,0,0,0,0,0,0,0,0,0,0,0,0,0,0,0,0,0,0,0,0,0
891f8d4753bffff,48.2074,11.4323,muenchen,True,0,,0,False,0.461337,False,0,0.885067,0,0,0,0,0,0,0,0,0,0,0,0,0,0,0,0,0,0,0,0,0,0,0,0,0,0,0,0,0,0,0,0,0,0
891f8d47543ffff,48.2035,11.4161,muenchen,False,0,,0,False,0.461337,False,0,0.885067,0,0,0,0,0,0,0,0,0,0,0,0,0,0,0,0,0,0,0,0,0,0,0,0,0,0,0,0,0,0,0,0,0,0
891f8d47547ffff,48.2039,11.4208,muenchen,False,0,,0,False,0.461337,False,0,0.885067,0,0,0,0,0,0,0,0,0,0,0,0,0,0,0,0,0,0,0,0,0,0,0,0,0,0,0,0,0,0,0,0,0,0
891f8d4754bffff,48.2007,11.4139,muenchen,True,0,,0,False,0.461337,False,0,0.885067,0,0,0,0,0,0,0,0,0,0,0,0,0,0,0,0,0,0,0,0,0,0,0,0,0,0,0,0,0,0,0,0,0,0
891f8d4754fffff,48.2011,11.4187,muenchen,True,0,,0,False,0.461337,False,0,0.885067,0,0,0,0,0,0,0,0,0,0,0,0,0,0,0,0,0,0,0,0,0,0,0,0,0,0,0,0,0,0,0,0,0,0
891f8d47553ffff,48.2059,11.4135,muenchen,False,0,,0,False,0.461337,False,0,0.885067,0,0,0,0,0,0,0,0,0,0,0,0,0,0,0,0,0,0,0,0,0,0,0,0,0,0,0,0,0,0,0,0,0,0
891f8d47557ffff,48.2063,11.4182,muenchen,False,0,,0,False,0.461337,False,0,0.885067,0,0,0,0,0,0,0,0,0,0,0,0,0,0,0,0,0,0,0,0,0,0,0,0,0,0,0,0,0,0,0,0,0,0
891f8d4755bffff,48.2031,11.4113,muenchen,False,0,,0,False,0.461337,False,0,0.885067,0,0,0,0,0,0,0,0,0,0,0,0,0,0,0,0,0,0,0,0,0,0,0,0,0,0,0,0,0,0,0,0,0,0
891f8d47563ffff,48.2018,11.4281,muenchen,True,0,,0,False,0.461337,False,0,0.885067,0,0,0,0,0,0,0,0,0,0,0,0,0,0,0,0,0,0,0,0,0,0,0,0,0,0,0,0,0,0,0,0,0,0
891f8d47567ffff,48.2022,11.4328,muenchen,True,19,,0,False,0.307692,False,3,1,0,0,0,0,0,0,0,0,0,0,0,0,0,0,0,0,0,0,0,0,0,0,0,0,0,0,0,0,0,0,0,0,0,0
891f8d4756bffff,48.1991,11.426,muenchen,True,0,,0,False,0.461337,False,0,0.885067,0,0,0,0,0,0,0,0,0,0,0,0,0,0,0,0,0,0,0,0,0,0,0,0,0,0,0,0,0,0,0,0,0,0
891f8d4756fffff,48.1994,11.4307,muenchen,True,0,,0,False,0.461337,False,0,0.885067,0,0,0,0,0,0,0,0,0,0,0,0,0,0,0,0,0,0,0,0,0,0,0,0,0,0,0,0,0,0,0,0,0,0
891f8d47573ffff,48.2042,11.4255,muenchen,False,0,,0,False,0.461337,False,0,0.885067,0,0,0,0,0,0,0,0,0,0,0,0,0,0,0,0,0,0,0,0,0,0,0,0,0,0,0,0,0,0,0,0,0,0
891f8d47577ffff,48.2046,11.4302,muenchen,True,0,,0,False,0.461337,False,0,0.885067,0,0,0,0,0,0,0,0,0,0,0,0,0,0,0,0,0,0,0,0,0,0,0,0,0,0,0,0,0,0,0,0,0,0
891f8d4757bffff,48.2015,11.4234,muenchen,True,0,,0,False,0.461337,False,0,0.885067,0,0,0,0,0,0,0,0,0,0,0,0,0,0,0,0,0,0,0,0,0,0,0,0,0,0,0,0,0,0,0,0,0,0
891f8d47583ffff,48.217,11.4219,muenchen,False,0,,0,False,0.461337,False,0,0.885067,0,0,0,0,0,0,0,0,0,0,0,0,0,0,0,0,0,0,0,0,0,0,0,0,0,0,0,0,0,0,0,0,0,0
891f8d47587ffff,48.2174,11.4266,muenchen,False,3,15.13,0,True,0,False,0,0.885067,0,0,0,0,0,0,0,0,0,0,0,0,0,0,0,0,0,0,0,0,0,0,0,0,0,0,0,0,0,0,0,0,0,0
891f8d4758bffff,48.2143,11.4198,muenchen,False,0,,0,False,0.461337,False,0,0.885067,0,0,0,0,0,0,0,0,0,0,0,0,0,0,0,0,0,0,0,0,0,0,0,0,0,0,0,0,0,0,0,0,0,0
891f8d4758fffff,48.2146,11.4245,muenchen,False,0,,0,False,0.461337,False,0,0.885067,0,0,0,0,0,0,0,0,0,0,0,0,0,0,0,0,0,0,0,0,0,0,0,0,0,0,0,0,0,0,0,0,0,0
891f8d47597ffff,48.2198,11.424,muenchen,False,5,,0,False,0,False,0,0.885067,0,0,0,0,0,0,0,0,0,0,0,0,0,0,0,0,0,0,0,0,0,0,0,0,0,0,0,0,0,0,0,0,0,0
891f8d4759bffff,48.2167,11.4172,muenchen,False,0,,0,False,0.461337,False,0,0.885067,0,0,0,0,0,0,0,0,0,0,0,0,0,0,0,0,0,0,0,0,0,0,0,0,0,0,0,0,0,0,0,0,0,0
891f8d475a3ffff,48.2154,11.4339,muenchen,False,0,,0,False,0.461337,False,0,0.885067,0,0,0,0,0,0,0,0,0,0,0,0,0,0,0,0,0,0,0,0,0,0,0,0,0,0,0,0,0,0,0,0,0,0
891f8d475a7ffff,48.2157,11.4386,muenchen,False,0,,0,False,0.461337,False,0,0.885067,0,0,0,0,0,0,0,0,0,0,0,0,0,0,0,0,0,0,0,0,0,0,0,0,0,0,0,0,0,0,0,0,0,0
891f8d475abffff,48.2126,11.4318,muenchen,False,27,15.13,6,False,0.590909,False,8,1,0,0,0,0,0,0,0,0,0,0,0,0,0,0,0,0,0,0,0,0,0,0,0,0,0,0,0,0,0,0,0,0,0,0
891f8d475afffff,48.2129,11.4365,muenchen,False,0,,0,False,0.461337,False,0,0.885067,0,0,0,0,0,0,0,0,0,0,0,0,0,0,0,0,0,0,0,0,0,0,0,0,0,0,0,0,0,0,0,0,0,0
891f8d475b3ffff,48.2178,11.4313,muenchen,False,0,,0,False,0.461337,False,0,0.885067,0,0,0,0,0,0,0,0,0,0,0,0,0,0,0,0,0,0,0,0,0,0,0,0,0,0,0,0,0,0,0,0,0,0
891f8d475b7ffff,48.2181,11.436,muenchen,False,0,,0,False,0.461337,False,0,0.885067,0,0,0,0,0,0,0,0,0,0,0,0,0,0,0,0,0,0,0,0,0,0,0,0,0,0,0,0,0,0,0,0,0,0
891f8d475bbffff,48.215,11.4292,muenchen,False,0,,0,False,0.461337,False,0,0.885067,0,0,0,0,0,0,0,0,0,0,0,0,0,0,0,0,0,0,0,0,0,0,0,0,0,0,0,0,0,0,0,0,0,0
891f8d475c3ffff,48.2111,11.413,muenchen,False,31,6.29,0,True,0.28125,False,12,0.5,0,0,0,0,0,0,0,0,0,0,0,0,0,0,0,0,0,0,0,0,0,0,0,0,0,0,1,0,0,0,0,0,0,0
891f8d475c7ffff,48.2115,11.4177,muenchen,False,48,7.99,0,True,0.518519,False,25,0.678571,0,0,0,0,0,0,0,0,0,0,0,0,0,1,0,0,0,0,0,0,0,0,0,0,0,0,0,0,0,0,0,0,0,0
891f8d475cbffff,48.2083,11.4109,muenchen,False,25,7.99,3,False,0.2,False,10,0.666667,0,0,0,0,0,0,0,0,0,0,0,0,0,0,0,0,0,0,0,0,0,0,0,0,0,0,0,0,0,0,0,0,0,0
891f8d475cfffff,48.2087,11.4156,muenchen,False,0,,0,False,0.461337,False,0,0.885067,0,0,0,0,0,0,0,0,0,0,0,0,0,0,0,0,0,0,0,0,0,0,0,0,0,0,0,0,0,0,0,0,0,0
891f8d475d3ffff,48.2135,11.4104,muenchen,False,10,6.29,0,True,0.538462,False,5,1,0,0,0,0,0,0,0,0,0,0,0,0,0,0,0,0,0,0,0,0,0,0,0,0,0,0,0,0,0,0,0,0,0,0
891f8d475d7ffff,48.2139,11.4151,muenchen,False,0,,0,False,0.461337,False,0,0.885067,0,0,0,0,0,0,0,0,0,0,0,0,0,0,0,0,0,0,0,0,0,0,0,0,0,0,0,0,0,0,0,0,0,0
891f8d475dbffff,48.2107,11.4083,muenchen,False,25,6.29,0,True,0.368421,False,6,0.885067,0,0,0,0,0,0,0,0,0,0,0,0,0,0,0,0,0,0,0,0,0,0,0,0,0,0,0,0,0,0,0,0,0,0
891f8d47603ffff,48.1874,11.3772,muenchen,False,588,12.1832,146,False,0.298246,False,306,0.883871,0,0,0,0,0,0,0,0,0,0,0,0,0,0,0,0,0,0,0,0,0,0,0,0,0,0,0,0,0,0,0,0,0,0
891f8d47607ffff,48.1878,11.382,muenchen,False,442,11.4164,91,False,0.440529,False,197,0.913043,0,0,0,0,0,0,0,0,0,0,0,0,0,1,1,0,0,0,0,1,1,0,0,1,0,0,3,0,2,0,0,0,0,0
891f8d4760bffff,48.1846,11.3751,muenchen,False,346,11.1229,42,False,0.238606,False,148,0.778523,0,0,0,0,0,0,0,0,0,0,0,0,0,0,0,0,0,0,0,0,0,0,0,0,0,0,0,0,0,0,0,0,0,0
891f8d4760fffff,48.185,11.3798,muenchen,False,463,11.2692,38,False,0.275934,False,197,0.739362,0,0,0,0,0,0,0,0,0,0,0,0,0,0,0,0,0,0,0,0,0,0,0,0,0,0,0,0,0,0,0,0,0,0
891f8d47613ffff,48.1898,11.3747,muenchen,False,664,11.6629,199,False,0.32362,False,372,0.922438,0,0,0,0,0,0,0,0,0,0,0,0,0,1,0,0,0,1,0,0,0,0,0,0,0,0,2,0,0,0,0,0,0,0
891f8d47617ffff,48.1902,11.3794,muenchen,False,454,12.0433,104,False,0.446623,False,199,0.86631,0,0,0,0,0,0,0,0,0,0,0,0,1,2,0,0,0,1,0,1,0,0,0,0,0,0,0,0,3,0,0,0,0,0
891f8d4761bffff,48.187,11.3725,muenchen,False,332,10.7368,77,False,0.337313,False,167,0.866667,0,0,0,0,0,0,0,0,0,0,0,0,0,0,0,0,0,0,0,0,0,0,0,0,0,0,2,0,0,0,0,0,0,0
891f8d47623ffff,48.1857,11.3893,muenchen,False,58,11.4848,0,True,0.636364,False,15,0.785714,0,0,0,0,0,0,0,2,0,1,1,0,0,0,0,0,0,0,0,0,0,0,0,0,0,0,1,0,1,0,0,0,0,0
891f8d47627ffff,48.1861,11.394,muenchen,True,22,11.6848,0,True,0.461337,True,9,1,0,0,0,0,0,0,0,0,0,0,0,0,0,0,0,0,0,0,0,0,0,0,0,0,0,0,0,0,0,0,0,0,0,0
891f8d4762bffff,48.183,11.3872,muenchen,False,139,8.98182,11,False,0.264286,False,55,0.666667,0,1,0,0,0,0,0,0,0,0,0,0,0,0,0,0,0,0,0,0,0,0,0,0,0,0,1,0,0,0,0,0,0,0
891f8d4762fffff,48.1833,11.3919,muenchen,True,5,12.0898,0,True,0,False,4,1,0,0,0,0,0,0,0,0,0,0,0,0,0,0,0,0,0,0,0,0,0,0,0,0,0,0,0,0,0,0,0,0,0,0
891f8d47633ffff,48.1881,11.3867,muenchen,False,29,13.05,12,False,0.655172,False,12,0.8125,0,0,0,0,0,0,0,0,0,0,0,0,0,1,0,0,0,1,0,0,0,0,0,0,0,0,0,0,2,0,0,0,0,0
891f8d47637ffff,48.1885,11.3914,muenchen,False,22,11.3689,0,True,0.333333,False,3,0.885067,0,0,0,0,0,0,0,0,0,0,0,0,0,0,0,0,0,0,0,0,0,0,0,0,0,0,0,0,0,0,0,0,0,0
891f8d4763bffff,48.1854,11.3846,muenchen,False,235,11.9783,18,False,0.313305,False,88,0.730769,0,0,0,1,0,1,0,2,0,0,0,0,0,0,0,0,0,0,1,0,0,0,0,0,0,0,1,0,1,0,0,0,0,0
891f8d47643ffff,48.1815,11.3683,muenchen,False,615,12.0418,98,False,0.328859,False,282,0.789655,0,0,0,0,0,0,0,0,0,0,0,0,0,0,0,0,0,0,0,0,0,0,0,0,0,0,0,0,0,0,0,0,0,0
891f8d47647ffff,48.1818,11.373,muenchen,False,554,11.6014,79,False,0.342441,False,243,0.798354,0,0,0,0,0,0,0,0,0,0,0,0,0,0,0,0,0,0,0,0,0,0,0,0,0,0,2,0,0,0,0,0,0,0
891f8d4764bffff,48.1787,11.3662,muenchen,False,884,10.8926,221,False,0.340621,False,462,0.884793,0,0,0,0,0,0,0,0,0,0,0,0,0,0,0,0,0,0,0,0,0,0,0,0,0,0,0,0,1,0,0,0,0,0
891f8d4764fffff,48.1791,11.3709,muenchen,False,620,11.1742,154,False,0.373609,False,305,0.857616,0,0,0,0,0,0,0,0,0,0,0,0,0,1,0,0,0,0,0,0,0,0,0,1,0,0,2,0,1,0,0,0,0,0
891f8d47653ffff,48.1839,11.3657,muenchen,False,212,10.5667,18,False,0.28972,False,83,0.813953,0,0,0,0,0,0,0,0,0,0,0,0,0,0,0,0,0,0,0,0,0,0,0,0,0,0,0,0,0,0,0,0,0,0
891f8d47657ffff,48.1843,11.3704,muenchen,False,417,11.3506,82,False,0.405868,False,195,0.882353,0,0,0,0,0,0,0,0,0,0,0,0,0,0,0,0,0,0,0,0,0,0,0,0,0,0,0,0,1,0,0,0,0,0
891f8d4765bffff,48.1811,11.3636,muenchen,False,160,9.44095,21,False,0.260606,False,67,0.8125,0,0,0,0,0,0,0,0,0,0,0,0,0,0,0,0,0,0,0,0,0,0,0,0,0,0,0,0,0,0,0,0,0,0
891f8d47663ffff,48.1798,11.3803,muenchen,False,391,13.1533,39,False,0.291237,False,176,0.784091,0,0,0,0,0,0,0,0,0,0,0,0,0,0,0,0,0,0,0,0,0,0,0,0,0,0,1,0,0,0,0,0,0,0
891f8d47667ffff,48.1802,11.385,muenchen,False,214,12.3315,20,False,0.293103,False,88,0.864198,0,0,0,0,0,0,0,0,0,0,0,0,0,0,0,0,0,0,0,0,0,0,0,0,0,0,0,0,0,0,0,0,0,0
891f8d4766bffff,48.177,11.3782,muenchen,True,0,,0,False,0.461337,False,0,0.885067,0,0,0,0,0,0,0,0,0,0,0,0,0,0,0,0,0,0,0,0,0,0,0,0,0,0,0,0,0,0,0,0,0,0
891f8d4766fffff,48.1774,11.3829,muenchen,True,26,11.5646,0,True,0.444444,False,11,0.885067,0,0,0,0,0,0,0,0,0,0,0,0,0,0,0,0,0,0,0,0,0,0,0,0,0,0,0,0,0,0,0,0,0,0
891f8d47673ffff,48.1822,11.3777,muenchen,False,415,10.3203,60,False,0.289406,False,184,0.914439,0,0,0,0,0,0,0,0,0,0,0,0,0,0,0,0,0,0,0,0,0,0,0,0,0,0,2,0,0,0,0,0,0,0
891f8d47677ffff,48.1826,11.3824,muenchen,False,269,11.308,15,False,0.333333,False,110,0.697917,0,0,0,0,0,0,0,0,0,0,0,0,0,0,0,0,0,0,0,0,0,0,0,0,0,0,0,0,0,0,0,0,0,0
891f8d4767bffff,48.1794,11.3756,muenchen,False,258,11.1406,35,False,0.39781,False,111,0.798165,0,0,0,0,0,0,0,0,0,0,0,0,0,0,0,0,0,0,0,0,0,0,0,0,0,0,0,0,0,0,0,0,0,0
891f8d47683ffff,48.195,11.3742,muenchen,False,317,11.7401,138,False,0.369492,False,194,0.889474,0,0,0,0,0,0,0,0,0,0,2,0,1,2,1,0,0,1,0,0,0,0,0,0,0,1,1,0,1,0,0,0,0,0
891f8d47687ffff,48.1954,11.3789,muenchen,False,403,10.3079,62,False,0.281654,False,171,0.793296,0,0,0,0,0,0,0,0,0,0,0,0,0,0,0,0,0,0,0,0,0,0,0,0,0,0,1,0,0,0,0,0,0,0
891f8d4768bffff,48.1922,11.3721,muenchen,False,544,12.4016,195,False,0.373473,False,295,0.861842,0,0,0,0,0,0,0,0,0,0,3,0,4,2,1,0,0,0,1,0,1,0,0,0,0,0,1,0,0,0,0,0,0,0
891f8d4768fffff,48.1926,11.3768,muenchen,False,464,10.2232,113,False,0.316348,False,208,0.772093,0,0,0,0,0,0,0,0,0,0,0,0,0,0,0,0,0,0,0,0,0,0,0,0,0,0,0,0,0,0,0,0,0,0
891f8d47693ffff,48.1974,11.3716,muenchen,False,470,11.5707,123,False,0.403888,False,223,0.8125,0,0,0,0,0,0,0,0,1,0,1,0,1,1,0,0,0,0,0,1,0,0,0,0,0,0,2,0,0,0,0,0,0,0
891f8d47697ffff,48.1978,11.3763,muenchen,False,434,12.3223,93,False,0.309133,False,217,0.892523,0,0,0,0,0,0,0,0,0,0,0,0,0,0,0,0,0,0,1,0,0,0,0,0,0,0,0,0,0,0,0,0,0,0
891f8d476a3ffff,48.1933,11.3862,muenchen,False,15,9.51714,7,False,0.461337,True,7,0.885067,0,0,0,0,0,0,0,0,0,0,0,0,0,0,0,0,0,0,0,0,0,0,0,0,0,0,1,0,0,0,0,0,0,0
891f8d476a7ffff,48.1937,11.3909,muenchen,True,0,,0,False,0.461337,False,0,0.885067,0,0,0,0,0,0,0,0,0,0,0,0,0,0,0,0,0,0,0,0,0,0,0,0,0,0,0,0,0,0,0,0,0,0
891f8d476abffff,48.1905,11.3841,muenchen,False,74,11.3942,0,True,0.788732,False,0,0.885067,0,0,0,0,0,0,0,0,0,0,0,0,0,0,0,0,0,0,0,0,0,0,0,0,0,0,0,0,0,0,0,0,0,0
891f8d476afffff,48.1909,11.3888,muenchen,False,10,11.5415,0,True,0.333333,False,3,0.885067,0,0,0,0,0,0,0,0,0,0,0,0,0,1,0,0,0,0,0,0,0,0,0,0,0,0,0,0,0,0,0,0,0,0
891f8d476b3ffff,48.1957,11.3836,muenchen,False,208,8.4525,24,False,0.160428,False,55,0.925,0,0,0,0,0,0,0,0,0,0,0,0,0,0,0,0,0,0,0,0,0,0,0,0,0,0,0,0,0,0,0,0,0,0
891f8d476b7ffff,48.1961,11.3883,muenchen,False,9,11.0831,0,True,0,False,6,1,0,0,0,0,0,0,0,0,0,0,0,0,0,0,0,0,0,0,0,0,0,0,0,0,0,0,0,0,0,0,0,0,0,0
891f8d476bbffff,48.193,11.3815,muenchen,False,47,14.1914,7,False,0.325581,False,20,0.875,0,0,0,0,0,0,0,0,0,0,0,0,0,0,0,0,0,0,0,0,0,0,0,0,0,0,0,0,0,0,0,0,0,0
891f8d476c3ffff,48.1891,11.3652,muenchen,False,580,10.9924,45,False,0.274874,False,241,0.774704,0,0,0,0,0,0,0,0,0,0,0,0,0,0,0,0,0,0,0,0,0,0,0,0,0,0,1,0,0,0,0,0,0,0
891f8d476c7ffff,48.1894,11.3699,muenchen,False,791,12.0462,146,False,0.348315,False,373,0.851124,0,0,0,0,0,0,0,0,0,0,0,0,0,0,0,1,0,0,0,0,0,0,0,1,0,0,0,0,0,0,0,0,0,0
891f8d476cbffff,48.1863,11.3631,muenchen,False,606,11.3335,92,False,0.29902,False,274,0.826568,0,0,0,0,0,0,0,0,0,0,0,0,0,0,0,0,0,0,0,0,0,0,0,0,0,0,1,0,0,0,0,0,0,0
891f8d476cfffff,48.1867,11.3678,muenchen,False,197,10.6277,26,False,0.312195,False,80,0.844156,0,0,0,0,0,0,0,0,0,0,0,0,0,0,0,0,0,0,0,0,0,0,0,0,0,0,0,0,0,0,0,0,0,0
891f8d476dbffff,48.1887,11.3605,muenchen,False,115,8.12667,9,False,0.366071,False,47,0.846154,0,0,0,0,0,0,0,0,0,0,0,0,0,0,0,0,0,0,0,0,0,0,0,0,0,0,0,0,0,0,0,0,0,0
891f8d4cd17ffff,48.0525,11.4917,muenchen,False,0,,0,False,0.461337,False,0,0.885067,0,0,0,0,0,0,0,0,0,0,0,0,0,0,0,0,0,0,0,0,0,0,0,0,0,0,0,0,0,0,0,0,0,0
891f8d4cd27ffff,48.0484,11.5063,muenchen,False,295,14.1805,40,False,0.326599,False,132,0.825,0,0,0,0,0,0,0,0,0,0,0,0,0,0,0,0,0,0,0,0,0,0,0,0,0,0,0,0,0,0,0,0,0,0
891f8d4cd33ffff,48.0504,11.499,muenchen,False,0,,0,False,0.461337,False,0,0.885067,0,0,0,0,0,0,0,0,0,0,0,0,0,0,0,0,0,0,0,0,0,0,0,0,0,0,0,0,0,0,0,0,0,0
891f8d4cd37ffff,48.0508,11.5037,muenchen,False,0,,0,False,0.461337,False,0,0.885067,0,0,0,0,0,0,0,0,0,0,0,0,0,0,0,0,0,0,0,0,0,0,0,0,0,0,0,0,0,0,0,0,0,0
891f8d4cd83ffff,48.0573,11.4865,muenchen,False,0,,0,False,0.461337,False,0,0.885067,0,0,0,0,0,0,0,0,0,0,0,0,0,0,0,0,0,0,0,0,0,0,0,0,0,0,0,0,0,0,0,0,0,0
891f8d4cd87ffff,48.0577,11.4912,muenchen,False,0,,0,False,0.461337,False,0,0.885067,0,0,0,0,0,0,0,0,0,0,0,0,0,0,0,0,0,0,0,0,0,0,0,0,0,0,0,0,0,0,0,0,0,0
891f8d4cd8fffff,48.0549,11.4891,muenchen,False,0,,0,False,0.461337,False,0,0.885067,0,0,0,0,0,0,0,0,0,0,0,0,0,0,0,0,0,0,0,0,0,0,0,0,0,0,0,0,0,0,0,0,0,0
891f8d4cd97ffff,48.0601,11.4887,muenchen,False,0,,0,False,0.461337,False,0,0.885067,0,0,0,0,0,0,0,0,0,0,0,0,0,0,0,0,0,0,0,0,0,0,0,0,0,0,0,0,0,0,0,0,0,0
891f8d4cda3ffff,48.0556,11.4985,muenchen,False,0,,0,False,0.461337,False,0,0.885067,0,0,0,0,0,0,0,0,0,0,0,0,0,0,0,0,0,0,0,0,0,0,0,0,0,0,0,0,0,0,0,0,0,0
891f8d4cda7ffff,48.056,11.5032,muenchen,False,0,,0,False,0.461337,False,0,0.885067,0,0,0,0,0,0,0,0,0,0,0,0,0,0,0,0,0,0,0,0,0,0,0,0,0,0,0,0,0,0,0,0,0,0
891f8d4cdabffff,48.0529,11.4964,muenchen,False,0,,0,False,0.461337,False,0,0.885067,0,0,0,0,0,0,0,0,0,0,0,0,0,0,0,0,0,0,0,0,0,0,0,0,0,0,0,0,0,0,0,0,0,0
891f8d4cdafffff,48.0532,11.5011,muenchen,False,0,,0,False,0.461337,False,0,0.885067,0,0,0,0,0,0,0,0,0,0,0,0,0,0,0,0,0,0,0,0,0,0,0,0,0,0,0,0,0,0,0,0,0,0
891f8d4cdb3ffff,48.0581,11.496,muenchen,False,0,,0,False,0.461337,False,0,0.885067,0,0,0,0,0,0,0,0,0,0,0,0,0,0,0,0,0,0,0,0,0,0,0,0,0,0,0,0,0,0,0,0,0,0
891f8d4cdb7ffff,48.0584,11.5007,muenchen,False,0,,0,False,0.461337,False,0,0.885067,0,0,0,0,0,0,0,0,0,0,0,0,0,0,0,0,0,0,0,0,0,0,0,0,0,0,0,0,0,0,0,0,0,0
891f8d4cdbbffff,48.0553,11.4938,muenchen,False,0,,0,False,0.461337,False,0,0.885067,0,0,0,0,0,0,0,0,0,0,0,0,0,0,0,0,0,0,0,0,0,0,0,0,0,0,0,0,0,0,0,0,0,0
891f8d4e503ffff,48.1147,11.3841,muenchen,False,0,,0,False,0.461337,False,0,0.885067,0,0,0,0,0,0,0,0,0,0,0,0,0,0,0,0,0,0,0,0,0,0,0,0,0,0,0,0,0,0,0,0,0,0
891f8d4e507ffff,48.1151,11.3888,muenchen,False,0,,0,False,0.461337,False,0,0.885067,0,0,0,0,0,0,0,0,0,0,0,0,0,0,0,0,0,0,0,0,0,0,0,0,0,0,0,0,0,0,0,0,0,0
891f8d4e513ffff,48.1172,11.3815,muenchen,False,0,,0,False,0.461337,False,0,0.885067,0,0,0,0,0,0,0,0,0,0,0,0,0,0,0,0,0,0,0,0,0,0,0,0,0,0,0,0,0,0,0,0,0,0
891f8d4e517ffff,48.1175,11.3862,muenchen,False,0,,0,False,0.461337,False,0,0.885067,0,0,0,0,0,0,0,0,0,0,0,0,0,0,0,0,0,0,0,0,0,0,0,0,0,0,0,0,0,0,0,0,0,0
891f8d4e523ffff,48.1131,11.3961,muenchen,False,0,,0,False,0.461337,False,0,0.885067,0,0,0,0,0,0,0,0,0,0,0,0,0,0,0,0,0,0,0,0,0,0,0,0,0,0,0,0,0,0,0,0,0,0
891f8d4e527ffff,48.1134,11.4008,muenchen,False,0,,0,False,0.461337,False,0,0.885067,0,0,0,0,0,0,0,0,0,0,0,0,0,0,0,0,0,0,0,0,0,0,0,0,0,0,0,0,0,0,0,0,0,0
891f8d4e533ffff,48.1155,11.3935,muenchen,False,0,,0,False,0.461337,False,0,0.885067,0,0,0,0,0,0,0,0,0,0,0,0,0,0,0,0,0,0,0,0,0,0,0,0,0,0,0,0,0,0,0,0,0,0
891f8d4e537ffff,48.1158,11.3982,muenchen,False,0,,0,False,0.461337,False,0,0.885067,0,0,0,0,0,0,0,0,0,0,0,0,0,0,0,0,0,0,0,0,0,0,0,0,0,0,0,0,0,0,0,0,0,0
891f8d4e53bffff,48.1127,11.3914,muenchen,False,0,,0,False,0.461337,False,0,0.885067,0,0,0,0,0,0,0,0,0,0,0,0,0,0,0,0,0,0,0,0,0,0,0,0,0,0,0,0,0,0,0,0,0,0
891f8d4e583ffff,48.1223,11.381,muenchen,False,0,,0,False,0.461337,False,0,0.885067,0,0,0,0,0,0,0,0,0,0,0,0,0,0,0,0,0,0,0,0,0,0,0,0,0,0,0,0,0,0,0,0,0,0
891f8d4e587ffff,48.1227,11.3857,muenchen,False,0,,0,False,0.461337,False,0,0.885067,0,0,0,0,0,0,0,0,0,0,0,0,0,0,0,0,0,0,0,0,0,0,0,0,0,0,0,0,0,0,0,0,0,0
891f8d4e58bffff,48.1196,11.3789,muenchen,False,104,14.6356,18,False,0.45045,False,44,0.705882,0,0,0,0,0,0,0,0,0,0,0,0,0,0,0,0,0,0,0,0,0,0,0,0,0,0,2,0,0,0,0,0,0,0
891f8d4e58fffff,48.1199,11.3836,muenchen,False,0,,0,False,0.461337,False,0,0.885067,0,0,0,0,0,0,0,0,0,0,0,0,0,0,0,0,0,0,0,0,0,0,0,0,0,0,0,0,0,0,0,0,0,0
891f8d4e593ffff,48.1248,11.3784,muenchen,False,96,9.58857,28,False,0.344828,False,50,0.938776,0,0,0,0,0,0,0,0,0,0,0,0,0,0,0,0,0,0,0,0,0,0,0,0,0,0,0,0,0,0,0,0,0,0
891f8d4e597ffff,48.1251,11.3831,muenchen,False,48,8.78,3,False,0.269231,False,18,0.684211,0,0,0,0,0,0,0,0,0,0,0,0,0,0,0,0,0,0,0,0,0,0,0,0,0,0,0,0,0,0,0,0,0,0
891f8d4e59bffff,48.122,11.3763,muenchen,False,362,12.0537,70,False,0.337209,False,151,0.777027,0,0,0,0,0,0,0,0,0,0,0,0,0,0,0,0,0,0,0,0,0,0,0,0,0,0,0,0,0,0,0,0,0,0
891f8d4e5a3ffff,48.1207,11.393,muenchen,False,0,,0,False,0.461337,False,0,0.885067,0,0,0,0,0,0,0,0,0,0,0,0,0,0,0,0,0,0,0,0,0,0,0,0,0,0,0,0,0,0,0,0,0,0
891f8d4e5a7ffff,48.121,11.3977,muenchen,False,0,,0,False,0.461337,False,0,0.885067,0,0,0,0,0,0,0,0,0,0,0,0,0,0,0,0,0,0,0,0,0,0,0,0,0,0,0,0,0,0,0,0,0,0
891f8d4e5abffff,48.1179,11.3909,muenchen,False,0,,0,False,0.461337,False,0,0.885067,0,0,0,0,0,0,0,0,0,0,0,0,0,0,0,0,0,0,0,0,0,0,0,0,0,0,0,0,0,0,0,0,0,0
891f8d4e5afffff,48.1183,11.3956,muenchen,False,0,,0,False,0.461337,False,0,0.885067,0,0,0,0,0,0,0,0,0,0,0,0,0,0,0,0,0,0,0,0,0,0,0,0,0,0,0,0,0,0,0,0,0,0
891f8d4e5b3ffff,48.1231,11.3904,muenchen,False,0,,0,False,0.461337,False,0,0.885067,0,0,0,0,0,0,0,0,0,0,0,0,0,0,0,0,0,0,0,0,0,0,0,0,0,0,0,0,0,0,0,0,0,0
891f8d4e5b7ffff,48.1235,11.3951,muenchen,False,0,,0,False,0.461337,False,0,0.885067,0,0,0,0,0,0,0,0,0,0,0,0,0,0,0,0,0,0,0,0,0,0,0,0,0,0,0,0,0,0,0,0,0,0
891f8d4e5bbffff,48.1203,11.3883,muenchen,False,0,,0,False,0.461337,False,0,0.885067,0,0,0,0,0,0,0,0,0,0,0,0,0,0,0,0,0,0,0,0,0,0,0,0,0,0,0,0,0,0,0,0,0,0
891f8d4e5d7ffff,48.1192,11.3742,muenchen,False,220,13.7164,22,False,0.349776,False,79,0.716216,0,0,0,0,0,0,0,0,0,0,0,0,0,0,0,0,0,0,0,0,0,0,0,0,0,0,0,0,0,0,0,0,0,0
891f8d4e803ffff,48.0835,11.4533,muenchen,False,0,,0,False,0.461337,False,0,0.885067,0,0,0,0,0,0,0,0,0,0,0,0,0,0,0,0,0,0,0,0,0,0,0,0,0,0,0,0,0,0,0,0,0,0
891f8d4e807ffff,48.0839,11.458,muenchen,False,0,,0,False,0.461337,False,0,0.885067,0,0,0,0,0,0,0,0,0,0,0,0,0,0,0,0,0,0,1,0,0,0,0,0,0,0,0,0,0,0,0,0,0,0
891f8d4e80bffff,48.0808,11.4512,muenchen,False,0,,0,False,0.461337,False,0,0.885067,0,0,0,0,0,0,0,0,0,0,0,0,0,0,0,0,0,0,0,0,0,0,0,0,0,0,0,0,0,0,0,0,0,0
891f8d4e80fffff,48.0811,11.4559,muenchen,False,0,,0,False,0.461337,False,0,0.885067,0,0,0,0,0,0,0,0,0,0,0,0,0,0,0,0,0,0,0,0,0,0,0,0,0,0,0,0,0,0,0,0,0,0
891f8d4e817ffff,48.0863,11.4554,muenchen,False,43,9.3,9,False,0.657895,False,16,1,0,0,0,0,0,0,0,0,0,0,0,0,0,0,0,0,0,0,0,0,0,0,0,0,0,0,2,0,1,0,0,0,0,0
891f8d4e823ffff,48.0819,11.4653,muenchen,False,0,,0,False,0.461337,False,0,0.885067,0,0,0,0,0,0,0,0,0,0,0,0,0,0,0,0,0,0,0,0,0,0,0,0,0,0,0,0,0,0,0,0,0,0
891f8d4e827ffff,48.0822,11.47,muenchen,False,17,7.72,3,False,0.333333,False,10,1,0,0,0,0,0,0,0,0,0,0,0,0,0,0,0,0,0,0,0,0,0,0,0,0,0,0,0,0,0,0,0,0,0,0
891f8d4e82bffff,48.0791,11.4632,muenchen,False,0,,0,False,0.461337,False,0,0.885067,0,0,0,0,0,0,0,0,0,0,0,0,0,0,0,0,0,0,0,0,0,0,0,0,0,0,0,0,0,0,0,0,0,0
891f8d4e82fffff,48.0794,11.4679,muenchen,False,0,,0,False,0.461337,False,0,0.885067,0,0,0,0,0,0,0,0,0,0,0,0,0,0,0,0,0,0,0,0,0,0,0,0,0,0,0,0,0,0,0,0,0,0
891f8d4e833ffff,48.0843,11.4627,muenchen,False,0,,0,False,0.461337,False,0,0.885067,0,0,0,0,0,0,0,0,0,0,0,0,0,0,0,0,0,0,0,0,0,0,0,0,0,0,0,0,0,0,0,0,0,0
891f8d4e837ffff,48.0846,11.4674,muenchen,False,0,,0,False,0.461337,False,0,0.885067,0,0,0,0,0,0,0,0,0,0,0,0,0,0,0,0,0,0,0,0,0,0,0,0,0,0,0,0,0,0,0,0,0,0
891f8d4e83bffff,48.0815,11.4606,muenchen,False,0,,0,False,0.461337,False,0,0.885067,0,0,0,0,0,0,0,0,0,0,0,0,0,0,0,0,0,0,0,0,0,0,0,0,0,0,0,0,0,0,0,0,0,0
891f8d4e863ffff,48.0759,11.4564,muenchen,False,0,,0,False,0.461337,False,0,0.885067,0,0,0,0,0,0,0,0,0,0,0,0,0,0,0,0,0,0,0,0,0,0,0,0,0,0,0,0,0,0,0,0,0,0
891f8d4e867ffff,48.0763,11.4611,muenchen,False,0,,0,False,0.461337,False,0,0.885067,0,0,0,0,0,0,0,0,0,0,0,0,0,0,0,0,0,0,0,0,0,0,0,0,0,0,0,0,0,0,0,0,0,0
891f8d4e86fffff,48.0735,11.459,muenchen,False,0,,0,False,0.461337,False,0,0.885067,0,0,0,0,0,0,0,0,0,0,0,0,0,0,0,0,0,0,0,0,0,0,0,0,0,0,0,0,0,0,0,0,0,0
891f8d4e873ffff,48.0783,11.4538,muenchen,False,0,,0,False,0.461337,False,0,0.885067,0,0,0,0,0,0,0,0,0,0,0,0,0,0,0,0,0,0,0,0,0,0,0,0,0,0,0,0,0,0,0,0,0,0
891f8d4e877ffff,48.0787,11.4585,muenchen,False,0,,0,False,0.461337,False,0,0.885067,0,0,0,0,0,0,0,0,0,0,0,0,0,0,0,0,0,0,0,0,0,0,0,0,0,0,0,0,0,0,0,0,0,0
891f8d4e887ffff,48.0915,11.455,muenchen,False,471,12.4744,55,False,0.298206,False,179,0.722826,0,0,0,0,0,0,0,0,0,0,0,0,0,0,0,0,0,0,0,0,0,0,0,0,0,0,1,0,0,0,0,0,0,0
891f8d4e88fffff,48.0887,11.4528,muenchen,False,334,12.8745,33,False,0.273927,False,122,0.736842,0,0,0,0,0,0,0,0,0,0,0,0,0,0,0,0,0,0,0,0,0,0,0,0,0,0,2,0,0,0,0,0,0,0
891f8d4e897ffff,48.0939,11.4524,muenchen,False,127,12.3238,16,False,0.347458,False,46,0.76087,0,0,0,0,0,0,0,0,0,0,0,0,0,0,0,0,0,0,0,0,0,0,0,0,0,0,0,0,0,0,0,0,0,0
891f8d4e8a3ffff,48.0895,11.4623,muenchen,False,531,12.4433,105,False,0.33892,False,229,0.763158,0,0,0,0,0,0,0,0,0,0,0,0,0,0,0,0,0,0,0,0,0,0,0,0,0,0,0,0,2,0,0,0,0,0
891f8d4e8a7ffff,48.0898,11.467,muenchen,False,129,13.6537,52,False,0.380165,False,91,0.965909,0,0,0,0,0,0,0,0,0,0,0,0,0,0,0,0,0,0,0,0,0,0,0,0,0,0,1,0,1,0,0,0,0,0
891f8d4e8abffff,48.0867,11.4601,muenchen,False,13,12.9438,0,True,0.647059,False,0,0.885067,0,0,0,0,0,0,0,3,0,1,0,0,0,1,0,0,0,0,0,0,0,0,0,0,0,0,1,0,0,0,0,0,0,0
891f8d4e8afffff,48.087,11.4648,muenchen,False,26,14.66,7,False,0,False,10,0.7,0,0,0,0,0,0,0,0,0,0,0,0,0,0,0,0,0,0,0,0,0,0,0,0,0,0,0,0,0,0,0,0,0,0
891f8d4e8b3ffff,48.0919,11.4597,muenchen,False,672,13.1083,105,False,0.294469,False,275,0.764706,0,0,0,0,0,0,0,0,0,0,0,0,0,0,0,0,0,0,0,0,0,0,0,0,0,0,2,0,0,0,0,0,0,0
891f8d4e8b7ffff,48.0922,11.4644,muenchen,False,504,12.7889,123,False,0.394942,False,212,0.831776,1,0,0,1,0,0,0,0,0,0,1,0,0,4,1,0,1,0,1,0,0,0,0,1,0,0,4,0,0,0,0,0,0,0
891f8d4e8bbffff,48.0891,11.4575,muenchen,False,372,12.6737,62,False,0.366048,False,166,0.822785,0,0,0,0,0,0,0,0,0,0,0,0,0,0,0,0,0,1,0,0,0,0,0,0,0,0,3,0,0,0,0,0,0,0
891f8d4e903ffff,48.0861,11.4863,muenchen,True,425,12.2239,138,False,0.374696,False,181,0.857895,0,0,0,0,0,0,0,0,0,0,0,0,0,0,0,0,0,0,0,0,0,0,0,0,0,0,2,0,0,0,0,0,0,0
891f8d4e907ffff,48.0865,11.491,muenchen,True,464,12.5266,93,False,0.351528,False,220,0.811224,0,0,0,0,0,0,0,0,0,0,0,0,0,0,0,0,0,0,0,0,0,0,0,0,0,0,0,0,2,0,0,0,0,0
891f8d4e90bffff,48.0833,11.4841,muenchen,True,658,12.5242,331,False,0.468986,False,382,0.913838,0,0,0,0,0,0,0,2,0,0,1,0,0,0,0,0,0,0,0,0,0,0,0,0,0,0,2,0,2,0,0,0,0,0
891f8d4e90fffff,48.0837,11.4888,muenchen,True,522,13.3097,177,False,0.420664,False,263,0.889313,0,0,0,0,0,0,0,0,0,0,0,0,0,0,0,0,0,0,0,0,0,0,0,0,0,0,1,0,0,0,0,0,0,0
891f8d4e913ffff,48.0885,11.4837,muenchen,True,1683,14.001,567,False,0.422847,False,889,0.886105,0,0,0,0,0,0,0,0,0,0,0,0,0,1,0,0,0,0,0,0,0,0,0,0,0,0,0,0,0,0,0,0,0,0
891f8d4e917ffff,48.0889,11.4884,muenchen,True,322,12.6894,35,False,0.250765,False,158,0.926174,0,0,0,0,0,0,0,0,0,0,0,0,0,0,0,0,0,0,0,0,0,0,0,0,0,0,0,0,0,0,0,0,0,0
891f8d4e91bffff,48.0857,11.4816,muenchen,True,547,13.3184,114,False,0.358491,False,253,0.813953,0,0,0,0,0,0,0,0,0,0,0,0,0,0,0,0,0,0,0,0,0,0,0,0,0,0,0,0,0,0,0,0,0,0
891f8d4e923ffff,48.0844,11.4983,muenchen,True,84,11.53,18,False,0.621951,False,27,0.85,0,0,0,0,0,0,0,0,0,0,0,0,0,0,0,0,0,0,0,0,0,0,0,0,0,0,0,0,0,0,0,0,0,0
891f8d4e927ffff,48.0848,11.503,muenchen,True,902,12.6952,320,False,0.369832,False,514,0.923848,0,0,0,0,0,0,0,0,0,0,0,0,0,0,0,0,0,0,0,0,0,0,0,0,0,0,1,0,0,0,0,0,0,0
891f8d4e92bffff,48.0816,11.4961,muenchen,True,382,14.0226,68,False,0.354839,False,156,0.788462,0,0,0,0,0,0,0,0,0,0,0,0,0,0,0,0,0,0,0,0,0,0,0,0,0,0,1,0,0,0,0,0,0,0
891f8d4e92fffff,48.082,11.5008,muenchen,True,267,12.248,153,False,0.411321,False,208,0.985577,0,0,0,0,0,0,0,0,0,0,0,0,0,0,0,0,0,0,0,0,0,0,0,0,0,0,0,0,1,0,0,0,0,0
891f8d4e933ffff,48.0868,11.4957,muenchen,True,407,12.6984,119,False,0.433333,False,193,0.862944,0,0,0,0,0,0,0,0,0,0,1,0,0,0,0,0,0,0,0,0,0,0,0,1,0,0,4,0,0,0,0,0,0,0
891f8d4e937ffff,48.0872,11.5004,muenchen,True,61,11.5114,14,False,0.5,False,25,1,0,0,0,0,0,0,0,0,0,0,0,0,0,0,0,0,0,0,0,0,0,0,0,0,0,0,2,0,0,0,0,0,0,0
891f8d4e93bffff,48.084,11.4936,muenchen,True,773,13.114,217,False,0.436031,False,382,0.873057,0,0,0,0,0,0,0,0,0,1,0,0,0,1,1,0,1,0,0,0,0,0,0,0,0,0,2,0,2,0,0,0,0,0
891f8d4e943ffff,48.0802,11.4773,muenchen,False,111,13.9368,22,False,0.31,False,46,0.8,0,0,0,0,0,0,0,0,0,0,0,0,0,0,0,0,0,0,0,0,0,0,0,0,0,0,0,0,0,0,0,0,0,0
891f8d4e947ffff,48.0805,11.482,muenchen,True,989,9.69142,337,False,0.363269,False,466,0.827292,0,0,0,0,0,0,0,0,0,0,0,0,0,0,0,0,0,0,0,0,0,0,0,0,0,0,0,0,1,0,0,0,0,0
891f8d4e94bffff,48.0774,11.4752,muenchen,False,0,,0,False,0.461337,False,0,0.885067,0,0,0,0,0,0,0,0,0,0,0,0,0,0,0,0,0,0,0,0,0,0,0,0,0,0,0,0,0,0,0,0,0,0
891f8d4e94fffff,48.0778,11.4799,muenchen,False,26,12.0814,0,True,0.222222,False,8,0.5,0,0,0,0,0,0,0,0,0,0,0,0,0,0,0,0,0,0,0,0,0,0,0,0,0,0,0,0,0,0,0,0,0,0
891f8d4e953ffff,48.0826,11.4747,muenchen,True,460,14.8063,104,False,0.362256,False,206,0.839024,0,0,0,0,0,0,0,0,0,0,0,0,0,0,0,0,0,0,0,0,0,0,0,0,0,0,0,0,0,0,0,0,0,0
891f8d4e957ffff,48.0829,11.4794,muenchen,True,681,13.2224,153,False,0.338855,False,329,0.868195,0,0,0,0,0,0,0,0,0,0,0,0,0,0,0,0,0,0,0,0,0,0,0,0,0,0,0,0,0,0,0,0,0,0
891f8d4e95bffff,48.0798,11.4726,muenchen,False,0,,0,False,0.461337,False,0,0.885067,0,0,0,0,0,0,0,0,0,0,0,0,0,0,0,0,0,0,0,0,0,0,0,0,0,0,0,0,0,0,0,0,0,0
891f8d4e963ffff,48.0785,11.4893,muenchen,True,614,14.2603,111,False,0.467213,False,209,0.849515,0,0,0,0,0,0,0,0,0,0,0,0,0,1,0,0,0,0,0,0,0,0,0,0,0,0,1,0,0,0,0,0,0,0
891f8d4e967ffff,48.0788,11.494,muenchen,True,420,13.3224,70,False,0.349169,False,178,0.806818,0,0,0,0,0,0,0,0,0,0,0,0,0,0,0,0,0,0,0,0,0,0,0,0,0,0,0,0,0,0,0,0,0,0
891f8d4e96bffff,48.0757,11.4872,muenchen,False,51,11.795,22,False,0.388889,False,33,0.806452,0,0,0,0,0,0,0,0,0,0,0,0,0,0,0,0,0,0,0,0,0,0,0,0,0,0,0,0,0,0,0,0,0,0
891f8d4e96fffff,48.0761,11.4919,muenchen,True,492,12.9521,78,False,0.379668,False,217,0.851485,0,0,0,0,0,0,0,0,0,0,0,0,0,0,0,0,0,0,0,0,0,0,0,0,0,0,0,0,0,0,0,0,0,0
891f8d4e973ffff,48.0809,11.4867,muenchen,True,962,12.1423,406,False,0.45559,False,489,0.871901,0,0,0,0,0,0,0,0,0,0,0,0,0,0,0,0,0,0,0,0,0,0,0,0,0,0,1,0,0,0,0,0,0,0
891f8d4e977ffff,48.0813,11.4914,muenchen,True,447,13.4039,111,False,0.358696,False,203,0.87234,0,0,0,0,0,0,0,0,0,0,0,0,0,0,0,0,0,0,0,0,0,0,0,0,0,0,2,0,0,0,0,0,0,0
891f8d4e97bffff,48.0781,11.4846,muenchen,True,1002,11.8693,472,False,0.429423,False,576,0.902998,0,0,0,0,0,0,0,0,0,0,0,0,0,0,0,0,0,0,0,0,0,0,0,0,0,0,1,0,0,0,0,0,0,0
891f8d4e983ffff,48.0937,11.4832,muenchen,True,161,14.51,123,False,0.414634,False,129,0.95935,0,0,0,0,0,0,0,0,0,0,0,0,0,2,1,0,0,0,0,0,1,0,0,0,0,0,2,0,0,0,0,0,0,0
891f8d4e987ffff,48.0941,11.4879,muenchen,True,178,15.1536,14,False,0.365714,False,71,0.794521,0,0,0,0,0,0,0,0,0,0,0,0,0,0,0,0,0,0,0,0,0,0,0,0,0,0,0,0,0,0,0,0,0,0
891f8d4e98bffff,48.0909,11.4811,muenchen,True,547,12.8522,251,False,0.422719,False,340,0.911681,0,0,0,0,0,0,0,1,0,0,0,0,0,0,0,0,0,0,0,0,0,0,0,0,0,0,0,0,0,0,0,0,0,0
891f8d4e98fffff,48.0913,11.4858,muenchen,True,930,7.85009,350,False,0.384043,False,418,0.812195,0,0,0,0,0,0,0,0,0,0,0,0,0,0,0,0,0,0,0,0,0,0,0,0,0,0,0,0,0,0,0,0,0,0
891f8d4e993ffff,48.0961,11.4806,muenchen,True,137,9.38,34,False,0.496296,False,34,0.828571,0,0,0,0,0,0,0,0,0,0,0,0,0,0,0,0,0,0,0,0,0,0,0,0,0,0,1,0,0,0,0,0,0,0
891f8d4e997ffff,48.0965,11.4853,muenchen,True,3,10.7878,0,True,0,False,0,0.885067,0,0,0,0,0,0,0,0,0,0,0,0,0,0,0,0,0,0,0,0,0,0,0,0,0,0,0,0,0,0,0,0,0,0
891f8d4e99bffff,48.0933,11.4785,muenchen,True,1129,12.549,517,False,0.423979,False,649,0.916006,0,0,0,0,0,0,0,0,0,0,0,0,0,0,0,0,0,0,0,0,0,0,0,0,0,0,0,0,0,0,0,0,0,0
891f8d4e9a3ffff,48.092,11.4952,muenchen,True,778,12.7202,198,False,0.377171,False,384,0.855696,0,0,0,0,0,0,0,1,0,0,1,0,0,0,0,0,0,0,0,0,0,0,0,0,0,0,0,0,0,0,0,0,0,0
891f8d4e9a7ffff,48.0924,11.4999,muenchen,True,1105,12.6738,363,False,0.364803,False,606,0.921474,0,0,0,0,0,0,0,0,0,0,0,0,0,1,0,0,0,0,0,0,0,0,0,0,0,0,0,0,1,0,0,0,0,0
891f8d4e9abffff,48.0892,11.4931,muenchen,True,590,14.0415,68,False,0.321368,False,247,0.766284,0,0,0,0,0,0,0,0,0,0,0,0,0,0,0,0,0,0,0,0,0,0,0,0,0,0,0,0,0,0,0,0,0,0
891f8d4e9afffff,48.0896,11.4978,muenchen,True,864,12.9196,249,False,0.377423,False,452,0.890323,0,0,0,0,0,0,0,0,0,1,0,0,0,0,0,0,0,0,0,0,0,0,0,0,0,0,2,0,1,0,0,0,0,0
891f8d4e9b3ffff,48.0944,11.4926,muenchen,True,1224,5.92461,447,False,0.401316,False,510,0.739044,0,0,0,0,0,0,0,0,0,0,0,0,0,0,0,0,0,0,0,0,0,0,0,0,0,0,0,0,0,0,0,0,0,0
891f8d4e9b7ffff,48.0948,11.4973,muenchen,True,1044,13.7852,313,False,0.403071,False,553,0.88582,1,0,1,0,0,0,0,3,1,1,5,0,2,1,0,1,0,2,1,1,0,0,0,0,1,0,3,1,1,0,0,0,0,0
891f8d4e9bbffff,48.0917,11.4905,muenchen,True,904,9.43201,304,False,0.403333,False,452,0.855292,0,0,0,0,0,0,0,0,0,0,0,0,0,1,0,0,0,0,0,0,0,0,0,0,1,0,0,0,0,0,0,0,0,0
891f8d4e9c3ffff,48.0878,11.4743,muenchen,False,603,11.8471,102,False,0.329412,False,266,0.775362,0,0,0,0,0,0,0,0,0,0,0,0,0,0,0,0,0,0,0,0,0,0,0,0,0,0,0,0,0,0,0,0,0,0
891f8d4e9c7ffff,48.0881,11.479,muenchen,True,601,9.77472,214,False,0.41206,False,303,0.871186,1,0,0,0,0,0,0,3,2,1,4,0,0,0,0,0,0,0,1,1,0,0,0,1,1,0,4,0,1,0,1,0,0,0
891f8d4e9cbffff,48.085,11.4721,muenchen,False,705,13.6542,118,False,0.326087,False,272,0.751004,0,0,0,0,0,0,0,0,0,0,0,0,0,0,0,0,0,0,0,0,0,0,0,0,0,0,0,0,0,0,0,0,0,0
891f8d4e9cfffff,48.0854,11.4768,muenchen,True,607,13.993,175,False,0.341195,False,323,0.871875,0,1,0,0,0,0,0,0,0,0,0,0,0,2,0,0,0,0,0,0,0,0,0,0,0,0,2,0,1,0,0,0,0,0
891f8d4e9d3ffff,48.0902,11.4717,muenchen,False,830,11.1416,344,False,0.392857,False,429,0.910165,0,0,0,0,0,0,0,0,0,0,0,0,0,0,0,0,0,0,0,1,0,0,0,0,0,0,2,0,0,0,0,0,0,0
891f8d4e9d7ffff,48.0906,11.4764,muenchen,True,1268,8.22006,518,False,0.345975,False,608,0.853968,0,0,0,0,0,0,0,0,0,0,0,0,0,0,0,0,0,0,0,0,0,0,0,0,0,0,1,0,0,0,0,0,0,0
891f8d4e9dbffff,48.0874,11.4696,muenchen,False,491,13.5454,138,False,0.376278,False,258,0.884758,0,0,0,0,0,0,0,0,0,0,0,0,0,0,0,0,0,0,0,0,0,0,0,0,0,0,0,0,0,0,0,0,0,0
891f8d4eb07ffff,48.067,11.4762,muenchen,False,0,,0,False,0.461337,False,0,0.885067,0,0,0,0,0,0,0,0,0,0,0,0,0,0,0,0,0,0,0,0,0,0,0,0,0,0,0,0,0,0,0,0,0,0
891f8d4eb13ffff,48.069,11.4689,muenchen,False,0,,0,False,0.461337,False,0,0.885067,0,0,0,0,0,0,0,0,0,0,0,0,0,0,0,0,0,0,0,0,0,0,0,0,0,0,0,0,0,0,0,0,0,0
891f8d4eb17ffff,48.0694,11.4736,muenchen,False,0,,0,False,0.461337,False,0,0.885067,0,0,0,0,0,0,0,0,0,0,0,0,0,0,0,0,0,0,0,0,0,0,0,0,0,0,0,0,0,0,0,0,0,0
891f8d4eb23ffff,48.0649,11.4835,muenchen,False,0,,0,False,0.461337,False,0,0.885067,0,0,0,0,0,0,0,0,0,0,0,0,0,0,0,0,0,0,0,0,0,0,0,0,0,0,0,0,0,0,0,0,0,0
891f8d4eb27ffff,48.0653,11.4882,muenchen,False,0,,0,False,0.461337,False,0,0.885067,0,0,0,0,0,0,0,0,0,0,0,0,0,0,0,0,0,0,0,0,0,0,0,0,0,0,0,0,0,0,0,0,0,0
891f8d4eb2fffff,48.0625,11.4861,muenchen,False,0,,0,False,0.461337,False,0,0.885067,0,0,0,0,0,0,0,0,0,0,0,0,0,0,0,0,0,0,0,0,0,0,0,0,0,0,0,0,0,0,0,0,0,0
891f8d4eb33ffff,48.0674,11.4809,muenchen,False,0,,0,False,0.461337,False,0,0.885067,0,0,0,0,0,0,0,0,0,0,0,0,0,0,0,0,0,0,0,0,0,0,0,0,0,0,0,0,0,0,0,0,0,0
891f8d4eb37ffff,48.0677,11.4856,muenchen,False,0,,0,False,0.461337,False,0,0.885067,0,0,0,0,0,0,0,0,0,0,0,0,0,0,0,0,0,0,0,0,0,0,0,0,0,0,0,0,0,0,0,0,0,0
891f8d4eb3bffff,48.0646,11.4788,muenchen,False,0,,0,False,0.461337,False,0,0.885067,0,0,0,0,0,0,0,0,0,0,0,0,0,0,0,0,0,0,0,0,0,0,0,0,0,0,0,0,0,0,0,0,0,0
891f8d4eb83ffff,48.0742,11.4684,muenchen,False,0,,0,False,0.461337,False,0,0.885067,0,0,0,0,0,0,0,0,0,0,0,0,0,0,0,0,0,0,0,0,0,0,0,0,0,0,0,0,0,0,0,0,0,0
891f8d4eb87ffff,48.0746,11.4731,muenchen,False,0,,0,False,0.461337,False,0,0.885067,0,0,0,0,0,0,0,0,0,0,0,0,0,0,0,0,0,0,0,0,0,0,0,0,0,0,0,0,0,0,0,0,0,0
891f8d4eb8bffff,48.0715,11.4663,muenchen,False,0,,0,False,0.461337,False,0,0.885067,0,0,0,0,0,0,0,0,0,0,0,0,0,0,0,0,0,0,0,0,0,0,0,0,0,0,0,0,0,0,0,0,0,0
891f8d4eb8fffff,48.0718,11.471,muenchen,False,0,,0,False,0.461337,False,0,0.885067,0,0,0,0,0,0,0,0,0,0,0,0,0,0,0,0,0,0,0,0,0,0,0,0,0,0,0,0,0,0,0,0,0,0
891f8d4eb93ffff,48.0767,11.4658,muenchen,False,0,,0,False,0.461337,False,0,0.885067,0,0,0,0,0,0,0,0,0,0,0,0,0,0,0,0,0,0,0,0,0,0,0,0,0,0,0,0,0,0,0,0,0,0
891f8d4eb97ffff,48.077,11.4705,muenchen,False,0,,0,False,0.461337,False,0,0.885067,0,0,0,0,0,0,0,0,0,0,0,0,0,0,0,0,0,0,0,0,0,0,0,0,0,0,0,0,0,0,0,0,0,0
891f8d4eb9bffff,48.0739,11.4637,muenchen,False,0,,0,False,0.461337,False,0,0.885067,0,0,0,0,0,0,0,0,0,0,0,0,0,0,0,0,0,0,0,0,0,0,0,0,0,0,0,0,0,0,0,0,0,0
891f8d4eba3ffff,48.0726,11.4804,muenchen,False,0,,0,False,0.461337,False,0,0.885067,0,0,0,0,0,0,0,0,0,0,0,0,0,0,0,0,0,0,0,0,0,0,0,0,0,0,0,0,0,0,0,0,0,0
891f8d4eba7ffff,48.0729,11.4851,muenchen,False,0,,0,False,0.461337,False,0,0.885067,0,0,0,0,0,0,0,0,0,0,0,0,0,0,0,0,0,0,0,0,0,0,0,0,0,0,0,0,0,0,0,0,0,0
891f8d4ebabffff,48.0698,11.4783,muenchen,False,0,,0,False,0.461337,False,0,0.885067,0,0,0,0,0,0,0,0,0,0,0,0,0,0,0,0,0,0,0,0,0,0,0,0,0,0,0,0,0,0,0,0,0,0
891f8d4ebafffff,48.0701,11.483,muenchen,False,0,,0,False,0.461337,False,0,0.885067,0,0,0,0,0,0,0,0,0,0,0,0,0,0,0,0,0,0,0,0,0,0,0,0,0,0,0,0,0,0,0,0,0,0
891f8d4ebb3ffff,48.075,11.4778,muenchen,False,0,,0,False,0.461337,False,0,0.885067,0,0,0,0,0,0,0,0,0,0,0,0,0,0,0,0,0,0,0,0,0,0,0,0,0,0,0,0,0,0,0,0,0,0
891f8d4ebb7ffff,48.0753,11.4825,muenchen,False,0,,0,False,0.461337,False,0,0.885067,0,0,0,0,0,0,0,0,0,0,0,0,0,0,0,0,0,0,0,0,0,0,0,0,0,0,0,0,0,0,0,0,0,0
891f8d4ebbbffff,48.0722,11.4757,muenchen,False,0,,0,False,0.461337,False,0,0.885067,0,0,0,0,0,0,0,0,0,0,0,0,0,0,0,0,0,0,0,0,0,0,0,0,0,0,0,0,0,0,0,0,0,0
891f8d4ebd7ffff,48.0711,11.4616,muenchen,False,0,,0,False,0.461337,False,0,0.885067,0,0,0,0,0,0,0,0,0,0,0,0,0,0,0,0,0,0,0,0,0,0,0,0,0,0,0,0,0,0,0,0,0,0
891f8d4ec23ffff,48.0988,11.4472,muenchen,False,0,,0,False,0.461337,False,0,0.885067,0,0,0,0,0,0,0,0,0,0,0,0,0,0,0,0,0,0,0,0,0,0,0,0,0,0,0,0,0,0,0,0,0,0
891f8d4ec27ffff,48.0991,11.4519,muenchen,False,0,,0,False,0.461337,False,0,0.885067,0,0,0,0,0,0,0,0,0,0,0,0,0,0,0,0,0,0,0,0,0,0,0,0,0,0,0,0,0,0,0,0,0,0
891f8d4ec2fffff,48.0963,11.4498,muenchen,False,0,,0,False,0.461337,False,0,0.885067,0,0,0,0,0,0,0,0,0,0,0,0,0,0,0,0,0,0,0,0,0,0,0,0,0,0,0,0,0,0,0,0,0,0
891f8d4ec33ffff,48.1012,11.4446,muenchen,False,0,,0,False,0.461337,False,0,0.885067,0,0,0,0,0,0,0,0,0,0,0,0,0,0,0,0,0,0,0,0,0,0,0,0,0,0,0,0,1,0,0,0,0,0
891f8d4ec37ffff,48.1015,11.4493,muenchen,False,0,,0,False,0.461337,False,0,0.885067,0,0,0,0,0,0,0,0,0,0,0,0,0,0,0,0,0,0,0,0,0,0,0,0,0,0,0,0,0,0,0,0,0,0
891f8d4eca3ffff,48.1064,11.4441,muenchen,False,392,12.6274,126,False,0.363636,False,184,0.862857,0,0,0,0,0,0,0,0,0,0,0,0,0,0,0,0,0,0,0,0,0,0,0,0,0,0,0,0,0,0,0,0,0,0
891f8d4eca7ffff,48.1067,11.4488,muenchen,False,455,11.5153,103,False,0.298056,False,211,0.836538,0,0,0,0,0,0,0,0,0,0,0,0,0,0,0,0,0,0,0,0,0,0,0,0,0,0,0,0,0,0,0,0,0,0
891f8d4ecafffff,48.1039,11.4467,muenchen,False,303,12.7279,96,False,0.409677,False,129,0.808,0,0,0,0,0,0,0,0,0,0,0,0,0,0,0,0,0,0,0,0,0,0,0,0,0,0,1,0,2,0,0,0,0,0
891f8d4ecb7ffff,48.1091,11.4462,muenchen,False,369,11.9086,99,False,0.324397,False,182,0.9,0,0,0,0,0,0,0,0,0,0,0,0,0,0,0,0,0,0,0,0,0,0,0,0,0,0,0,0,0,0,0,0,0,0
891f8d4ed03ffff,48.103,11.4681,muenchen,False,0,,0,False,0.461337,False,0,0.885067,0,0,0,0,0,0,0,0,0,0,0,0,0,0,0,0,0,0,0,0,0,0,0,0,0,0,0,0,0,0,0,0,0,0
891f8d4ed07ffff,48.1034,11.4728,muenchen,False,0,,0,False,0.461337,False,0,0.885067,0,0,0,0,0,0,0,0,0,0,0,0,0,0,0,0,0,0,0,0,0,0,0,0,0,0,0,0,0,0,0,0,0,0
891f8d4ed0bffff,48.1002,11.466,muenchen,False,0,,0,False,0.461337,False,0,0.885067,0,0,0,0,0,0,0,0,0,0,0,0,0,0,0,0,0,0,0,0,0,0,0,0,0,0,0,0,0,0,0,0,0,0
891f8d4ed0fffff,48.1006,11.4707,muenchen,False,0,,0,False,0.461337,False,0,0.885067,0,0,0,0,0,0,0,0,0,0,0,0,0,0,0,0,0,0,0,0,0,0,0,0,0,0,0,0,0,0,0,0,0,0
891f8d4ed13ffff,48.1054,11.4655,muenchen,True,0,,0,False,0.461337,False,0,0.885067,0,0,0,0,0,0,0,0,0,0,0,0,0,0,0,0,0,0,0,0,0,0,0,0,0,0,0,0,0,0,0,0,0,0
891f8d4ed17ffff,48.1058,11.4702,muenchen,False,143,14.6689,38,False,0.448276,False,77,0.878049,0,0,0,0,0,0,0,0,0,0,0,0,0,0,0,0,0,0,0,0,0,0,0,0,0,0,0,0,0,0,0,0,0,0
891f8d4ed1bffff,48.1026,11.4634,muenchen,False,0,,0,False,0.461337,False,0,0.885067,0,0,0,0,0,0,0,0,0,0,0,0,0,0,0,0,0,0,0,0,0,0,0,0,0,0,0,0,0,0,0,0,0,0
891f8d4ed23ffff,48.1013,11.4801,muenchen,True,0,,0,False,0.461337,False,0,0.885067,0,0,0,0,0,0,0,0,0,0,0,0,0,0,0,0,0,0,0,0,0,0,0,0,0,0,0,0,0,0,0,0,0,0
891f8d4ed27ffff,48.1017,11.4848,muenchen,True,0,5.85,3,False,0.461337,False,3,1,0,0,0,0,0,0,0,0,0,0,0,0,0,0,0,0,0,0,0,0,0,0,0,0,0,0,0,0,0,0,0,0,0,0
891f8d4ed2bffff,48.0985,11.478,muenchen,True,0,,0,False,0.461337,False,0,0.885067,0,0,0,0,0,0,0,0,0,0,0,0,0,0,0,0,0,0,0,0,0,0,0,0,0,0,2,0,0,0,0,0,0,0
891f8d4ed2fffff,48.0989,11.4827,muenchen,True,0,,0,False,0.461337,False,0,0.885067,0,0,0,0,0,0,0,0,0,0,0,0,0,0,0,0,0,0,0,0,0,0,0,0,0,0,0,0,0,0,0,0,0,0
891f8d4ed33ffff,48.1037,11.4775,muenchen,True,735,10.1957,271,False,0.472149,False,429,0.875,0,0,0,0,0,0,0,0,0,0,0,0,0,0,1,0,0,0,0,0,0,0,0,0,0,0,0,0,0,0,0,0,0,0
891f8d4ed37ffff,48.1041,11.4822,muenchen,True,340,12.5335,74,False,0.319403,False,158,0.802548,0,0,0,0,0,0,0,0,0,0,0,0,0,0,0,0,0,0,0,0,0,0,0,0,0,0,0,0,0,0,0,0,0,0
891f8d4ed3bffff,48.1009,11.4754,muenchen,True,0,,0,False,0.461337,False,0,0.885067,0,0,0,0,0,0,0,0,0,0,0,0,0,0,0,0,0,0,0,0,0,0,0,0,0,0,0,0,0,0,0,0,0,0
891f8d4ed43ffff,48.0971,11.4592,muenchen,False,0,,0,False,0.461337,False,0,0.885067,0,0,0,0,0,0,0,0,0,0,0,0,0,0,0,0,0,0,0,0,0,0,0,0,0,0,0,0,0,0,0,0,0,0
891f8d4ed47ffff,48.0974,11.4639,muenchen,False,0,,0,False,0.461337,False,0,0.885067,0,0,0,0,0,0,0,0,0,0,0,0,0,0,0,0,0,0,0,0,0,0,0,0,0,0,0,0,0,0,0,0,0,0
891f8d4ed4bffff,48.0943,11.4571,muenchen,False,538,12.2561,79,False,0.296501,False,226,0.780269,0,0,0,0,0,0,0,0,0,0,0,0,0,0,0,0,0,0,0,0,0,0,0,0,0,0,0,0,0,0,0,0,0,0
891f8d4ed4fffff,48.0947,11.4618,muenchen,False,531,10.671,175,False,0.326996,False,211,0.809302,0,0,0,0,0,0,0,0,0,0,0,0,0,0,0,0,0,0,0,0,0,0,0,0,0,0,3,0,0,0,0,0,0,0
891f8d4ed53ffff,48.0995,11.4566,muenchen,False,0,,0,False,0.461337,False,0,0.885067,0,0,0,0,0,0,0,0,0,0,0,0,0,0,0,0,0,0,0,0,0,0,0,0,0,0,0,0,0,0,0,0,0,0
891f8d4ed57ffff,48.0999,11.4613,muenchen,False,0,,0,False,0.461337,False,0,0.885067,0,0,0,0,0,0,0,0,0,0,0,0,0,0,0,0,0,0,0,0,0,0,0,0,0,0,0,0,0,0,0,0,0,0
891f8d4ed5bffff,48.0967,11.4545,muenchen,False,0,,0,False,0.461337,False,0,0.885067,0,0,0,0,0,0,0,0,0,0,0,0,0,0,0,0,0,0,0,0,0,0,0,0,0,0,0,0,0,0,0,0,0,0
891f8d4ed63ffff,48.0954,11.4712,muenchen,False,389,11.8246,99,False,0.295,False,210,0.880952,0,0,0,0,0,0,0,0,0,0,0,0,0,0,0,0,0,0,0,0,0,0,0,0,0,0,2,0,0,0,0,0,0,0
891f8d4ed67ffff,48.0958,11.4759,muenchen,True,598,13.5003,327,False,0.373355,False,366,0.908847,0,0,0,0,0,0,0,0,0,0,0,0,0,1,0,0,0,0,0,0,0,0,0,0,0,0,1,0,0,0,0,0,0,0
891f8d4ed6bffff,48.0926,11.4691,muenchen,False,447,12.5348,110,False,0.362832,False,210,0.831633,0,0,0,0,0,0,0,0,0,0,0,0,0,0,0,0,0,0,0,0,0,0,0,0,0,0,0,0,2,0,0,0,0,0
891f8d4ed6fffff,48.093,11.4738,muenchen,True,1019,12.3463,482,False,0.386296,False,583,0.89966,0,0,0,0,0,0,0,0,0,0,0,0,0,0,0,0,0,0,0,0,0,0,0,0,0,0,3,0,0,0,0,0,0,0
891f8d4ed73ffff,48.0978,11.4686,muenchen,False,86,10.5491,11,False,0.1375,False,33,0.6875,0,0,0,0,0,0,0,0,0,0,0,0,0,0,0,0,0,0,0,0,0,0,0,0,0,0,0,0,0,0,0,0,0,0
891f8d4ed77ffff,48.0982,11.4733,muenchen,True,15,12.0195,0,True,0.333333,False,5,0.885067,0,0,0,0,0,0,0,0,0,0,0,0,0,0,0,0,0,0,0,0,0,0,0,0,0,0,0,0,0,0,0,0,0,0
891f8d4ed7bffff,48.095,11.4665,muenchen,False,809,10.9067,317,False,0.34625,False,359,0.810959,0,0,0,0,0,0,0,0,0,0,0,0,0,0,0,0,0,0,0,0,0,0,0,0,0,0,3,0,0,0,0,0,0,0
891f8d4ed83ffff,48.1106,11.465,muenchen,True,0,,0,False,0.461337,False,0,0.885067,0,0,0,0,0,0,0,0,0,0,0,0,0,0,0,0,0,0,0,0,0,0,0,0,0,0,0,0,0,0,0,0,0,0
891f8d4ed87ffff,48.111,11.4697,muenchen,True,0,,0,False,0.461337,False,0,0.885067,0,0,0,0,0,0,0,0,0,0,0,0,0,1,0,0,0,0,0,0,0,0,0,0,0,0,0,0,0,0,0,0,0,0
891f8d4ed8bffff,48.1078,11.4629,muenchen,False,0,,0,False,0.461337,False,0,0.885067,0,0,0,0,0,0,0,0,0,0,0,0,0,0,0,0,0,0,0,0,0,0,0,0,0,0,0,0,1,0,0,0,0,0
891f8d4ed8fffff,48.1082,11.4676,muenchen,True,18,26.4,10,False,0.7,False,15,1,0,0,0,0,0,0,0,0,0,0,0,0,0,0,0,0,0,0,0,0,0,0,0,0,0,0,0,0,0,0,0,0,0,0
891f8d4ed93ffff,48.113,11.4624,muenchen,False,0,,0,False,0.461337,False,0,0.885067,0,0,0,0,0,0,0,0,0,0,0,0,0,0,0,0,0,0,0,0,0,0,0,0,0,0,0,0,0,0,0,0,0,0
891f8d4ed97ffff,48.1134,11.4671,muenchen,True,8,12.3706,0,True,0.461337,True,0,0.885067,0,0,0,0,0,0,0,0,0,0,0,0,1,0,0,0,0,0,0,0,0,0,0,0,0,0,4,2,3,0,0,0,0,0
891f8d4ed9bffff,48.1102,11.4603,muenchen,False,0,,0,False,0.461337,False,0,0.885067,0,0,0,0,0,0,0,0,0,0,0,0,1,0,0,0,0,0,0,0,0,0,0,0,0,0,2,2,1,0,0,0,0,0
891f8d4eda3ffff,48.1089,11.477,muenchen,True,1171,10.57,529,False,0.614126,False,866,0.960603,0,0,0,0,0,0,0,1,0,0,1,0,0,0,0,0,0,0,0,0,0,0,0,0,0,0,1,0,0,0,0,0,0,0
891f8d4eda7ffff,48.1093,11.4817,muenchen,True,468,14.0375,104,False,0.337079,False,217,0.859091,0,0,0,0,0,0,0,0,0,0,0,0,0,0,0,0,0,0,0,0,0,0,0,0,0,0,0,0,1,0,0,0,0,0
891f8d4edabffff,48.1061,11.4749,muenchen,True,1835,10.4627,360,False,0.631494,False,1198,0.941077,0,0,0,0,0,0,0,0,0,0,0,0,0,0,0,0,0,0,0,0,0,0,0,0,0,0,1,0,0,0,0,0,0,0
891f8d4edafffff,48.1065,11.4796,muenchen,True,512,7.98107,197,False,0.370445,False,238,0.832653,0,0,0,0,0,0,0,0,0,0,0,0,0,0,0,0,0,0,0,0,0,0,0,0,0,0,0,0,1,0,0,0,0,0
891f8d4edb3ffff,48.1113,11.4744,muenchen,True,226,8.99172,58,False,0.353191,False,128,0.872,0,0,0,0,0,0,0,0,0,0,0,0,0,1,0,0,0,0,0,0,0,0,0,0,0,0,2,0,1,0,0,0,0,0
891f8d4edb7ffff,48.1117,11.4791,muenchen,True,526,14.6832,126,False,0.40625,False,286,0.885135,0,0,0,0,0,0,0,0,0,0,0,0,0,3,1,0,0,0,0,0,0,0,0,0,0,0,0,0,1,0,0,0,0,0
891f8d4edbbffff,48.1086,11.4723,muenchen,True,468,13.206,124,False,0.469298,False,235,0.860169,0,0,0,0,0,0,0,0,0,0,1,0,0,0,0,0,0,0,0,0,0,0,0,0,1,0,0,0,0,0,0,0,0,0
891f8d4edc3ffff,48.1047,11.4561,muenchen,False,125,11.9127,60,False,0.404959,False,70,0.942029,0,0,0,0,0,0,0,0,0,0,0,0,0,0,0,0,0,0,0,0,0,0,0,0,0,0,0,0,0,0,0,0,0,0
891f8d4edc7ffff,48.105,11.4608,muenchen,False,0,,0,False,0.461337,False,0,0.885067,0,0,0,0,0,0,0,0,0,0,0,0,0,0,0,0,0,0,0,0,0,0,0,0,0,0,0,0,0,0,0,0,0,0
891f8d4edcbffff,48.1019,11.454,muenchen,False,0,,0,False,0.461337,False,0,0.885067,0,0,0,0,0,0,0,0,0,0,0,0,0,0,0,0,0,0,0,0,0,0,0,0,0,0,0,0,0,0,0,0,0,0
891f8d4edcfffff,48.1023,11.4587,muenchen,False,0,,0,False,0.461337,False,0,0.885067,0,0,0,0,0,0,0,0,0,0,0,0,0,0,0,0,0,0,0,0,0,0,0,0,0,0,0,0,0,0,0,0,0,0
891f8d4edd3ffff,48.1071,11.4535,muenchen,False,447,12.7356,194,False,0.458947,False,241,0.848361,0,0,0,0,0,0,0,0,0,0,0,0,0,1,0,0,0,0,1,0,0,0,0,0,0,0,1,0,0,0,0,0,0,0
891f8d4edd7ffff,48.1075,11.4582,muenchen,False,0,,0,False,0.461337,False,0,0.885067,0,0,0,0,0,0,0,0,0,0,0,0,0,1,0,0,0,0,0,0,0,0,0,0,0,0,2,0,2,0,0,0,0,0
891f8d4eddbffff,48.1043,11.4514,muenchen,False,390,13.1319,62,False,0.2021,False,166,0.782609,0,0,0,0,0,0,0,0,0,0,0,0,0,0,0,0,0,0,0,0,0,0,0,0,0,0,0,0,0,0,0,0,0,0
891f8d55b6bffff,48.2159,11.4078,muenchen,False,0,,0,False,0.461337,False,0,0.885067,0,0,0,0,0,0,0,0,0,0,0,0,0,0,0,0,0,0,0,0,0,0,0,0,0,0,0,0,0,0,0,0,0,0
891f8d55b6fffff,48.2163,11.4125,muenchen,False,39,,0,False,0.321429,False,15,0.885067,0,0,0,0,0,0,0,0,0,0,0,0,0,0,0,0,0,0,0,0,0,0,0,0,0,0,0,0,0,0,0,0,0,0
891f8d634dbffff,48.1076,11.7332,muenchen,False,534,9.5764,125,False,0.400756,False,250,0.853175,0,0,1,0,0,0,0,1,0,1,1,0,1,2,0,1,0,0,1,0,0,0,0,0,0,0,3,0,2,0,0,0,0,0
891f8d70203ffff,48.1765,11.7104,muenchen,False,232,11.023,56,False,0.412017,False,97,0.775281,0,0,0,0,0,0,0,0,0,0,0,0,0,0,0,0,0,0,0,0,0,0,0,0,0,0,0,0,0,0,0,0,0,0
891f8d70207ffff,48.1769,11.7151,muenchen,False,393,13.4141,76,False,0.410256,False,179,0.858757,0,0,0,0,0,0,0,0,0,0,0,0,0,0,0,0,0,0,0,0,0,0,0,0,0,0,1,0,0,0,0,0,0,0
891f8d7020bffff,48.1737,11.7083,muenchen,False,0,,0,False,0.461337,False,0,0.885067,0,0,0,0,0,0,0,0,0,0,0,0,0,0,0,0,0,0,0,0,0,0,0,0,0,0,0,0,0,0,0,0,0,0
891f8d7020fffff,48.1741,11.713,muenchen,False,192,11.8976,34,False,0.432432,False,92,0.88,0,0,0,0,0,0,0,0,0,0,0,0,0,2,0,0,0,0,0,0,0,0,0,0,0,0,0,0,0,0,0,0,0,0
891f8d70213ffff,48.1789,11.7078,muenchen,False,197,12.3512,33,False,0.294118,False,73,0.790323,0,0,0,0,0,0,0,0,0,0,0,0,0,0,0,0,0,0,0,0,0,0,0,0,0,0,0,0,0,0,0,0,0,0
891f8d70217ffff,48.1793,11.7125,muenchen,False,408,13.2687,95,False,0.425837,False,165,0.770186,0,0,0,0,0,0,0,0,0,0,0,0,0,0,0,0,0,0,0,0,0,0,0,0,0,0,0,0,0,0,0,0,0,0
891f8d7021bffff,48.1761,11.7057,muenchen,False,0,,0,False,0.461337,False,0,0.885067,0,0,0,0,0,0,0,0,0,0,0,0,0,0,0,0,0,0,0,0,0,0,0,0,0,0,0,0,0,0,0,0,0,0
891f8d70243ffff,48.1706,11.7014,muenchen,False,0,,0,False,0.461337,False,0,0.885067,0,0,0,0,0,0,0,0,0,0,0,0,0,0,0,0,0,0,0,0,0,0,0,0,0,0,0,0,0,0,0,0,0,0
891f8d70247ffff,48.1709,11.7062,muenchen,False,21,11.9679,0,True,0.2,False,5,0.885067,0,0,0,0,0,0,0,0,0,0,0,0,0,0,0,0,0,0,0,0,0,0,0,0,0,0,0,0,0,0,0,0,0,0
891f8d7024bffff,48.1678,11.6993,muenchen,False,0,,0,False,0.461337,False,0,0.885067,0,0,0,0,0,0,0,0,0,0,0,0,0,0,0,0,0,0,0,0,0,0,0,0,0,0,0,0,0,0,0,0,0,0
891f8d7024fffff,48.1682,11.704,muenchen,False,0,,0,False,0.461337,False,0,0.885067,0,0,0,0,0,0,0,0,0,0,0,0,0,0,0,0,0,0,0,0,0,0,0,0,0,0,0,0,0,0,0,0,0,0
891f8d70253ffff,48.173,11.6989,muenchen,False,0,,0,False,0.461337,False,0,0.885067,0,0,0,0,0,0,0,0,0,0,0,0,0,0,0,0,0,0,0,0,0,0,0,0,0,0,0,0,0,0,0,0,0,0
891f8d70257ffff,48.1734,11.7036,muenchen,False,0,,0,False,0.461337,False,0,0.885067,0,0,0,0,0,0,0,0,0,0,0,0,0,0,0,0,0,0,0,0,0,0,0,0,0,0,0,0,0,0,0,0,0,0
891f8d7025bffff,48.1702,11.6967,muenchen,False,0,,0,False,0.461337,False,0,0.885067,0,0,0,0,0,0,0,0,0,0,0,0,0,0,0,0,0,0,0,0,0,0,0,0,0,0,0,0,0,0,0,0,0,0
891f8d70263ffff,48.1689,11.7135,muenchen,False,621,12.1917,93,False,0.333856,False,257,0.767528,0,0,0,0,0,0,0,0,0,0,0,0,0,0,0,0,0,0,0,0,0,0,0,0,0,0,1,0,1,0,0,0,0,0
891f8d7026bffff,48.1661,11.7113,muenchen,False,289,11.6721,42,False,0.33452,False,100,0.660194,0,0,0,0,0,0,0,0,0,0,0,0,0,0,0,0,0,0,0,0,0,0,0,0,0,0,1,0,0,0,0,0,0,0
891f8d70273ffff,48.1713,11.7109,muenchen,False,594,12.9509,106,False,0.386172,False,221,0.7125,0,0,0,0,0,0,0,0,0,0,0,0,0,0,0,0,0,0,0,0,0,0,0,0,0,0,0,0,0,0,0,0,0,0
891f8d70277ffff,48.1717,11.7156,muenchen,False,260,11.0753,79,False,0.504,False,124,0.845361,0,0,0,0,0,0,0,0,0,1,0,0,1,0,0,0,0,1,0,0,0,1,0,0,0,0,0,0,1,0,0,0,0,0
891f8d7027bffff,48.1685,11.7088,muenchen,False,149,12.44,28,False,0.243056,False,69,0.742857,0,0,0,0,0,0,0,0,0,0,0,0,0,0,0,0,0,0,0,0,0,0,0,0,0,0,0,0,0,0,0,0,0,0
891f8d70283ffff,48.1841,11.7074,muenchen,False,5,12.8103,0,True,0,False,3,0.885067,0,0,0,0,0,0,0,0,0,0,0,0,0,0,0,0,0,0,0,0,0,0,0,0,0,0,0,0,0,0,0,0,0,0
891f8d70287ffff,48.1845,11.7121,muenchen,False,0,,0,False,0.461337,False,0,0.885067,0,0,0,0,0,0,0,0,0,0,0,0,0,0,0,0,0,0,0,0,0,0,0,0,0,0,0,0,0,0,0,0,0,0
891f8d7028bffff,48.1813,11.7052,muenchen,False,5,13.39,3,False,1,False,3,0.885067,0,0,0,0,0,0,0,0,0,0,0,0,0,0,0,0,0,0,0,0,0,0,0,0,0,0,0,0,0,0,0,0,0,0
891f8d7028fffff,48.1817,11.7099,muenchen,False,0,,0,False,0.461337,False,0,0.885067,0,0,0,0,0,0,0,0,0,0,0,0,0,0,0,0,0,0,0,0,0,0,0,0,0,0,1,0,0,0,0,0,0,0
891f8d70293ffff,48.1865,11.7048,muenchen,False,24,10.36,9,False,0.52381,False,12,1,0,0,0,0,0,0,0,0,0,0,0,0,0,0,0,0,0,0,0,0,0,0,0,0,0,0,0,0,0,0,0,0,0,0
891f8d70297ffff,48.1869,11.7095,muenchen,False,0,,0,False,0.461337,False,0,0.885067,0,0,0,0,0,0,0,0,0,0,0,0,0,0,0,0,0,0,0,0,0,0,0,0,0,0,0,0,0,0,0,0,0,0
891f8d7029bffff,48.1838,11.7026,muenchen,False,0,,0,False,0.461337,False,0,0.885067,0,0,0,0,0,0,0,0,0,0,0,0,0,0,0,0,0,0,0,0,0,0,0,0,0,0,0,0,0,0,0,0,0,0
891f8d702bbffff,48.182,11.7147,muenchen,False,0,,0,False,0.461337,False,0,0.885067,0,0,0,0,0,0,0,0,0,0,0,0,0,0,0,0,0,0,0,0,0,0,0,0,0,0,0,0,0,0,0,0,0,0
891f8d702c3ffff,48.1782,11.6984,muenchen,False,0,,0,False,0.461337,False,0,0.885067,0,0,0,0,0,0,0,0,0,0,0,0,0,0,0,0,0,0,0,0,0,0,0,0,0,0,0,0,0,0,0,0,0,0
891f8d702c7ffff,48.1786,11.7031,muenchen,False,0,,0,False,0.461337,False,0,0.885067,0,0,0,0,0,0,0,0,0,0,0,0,0,0,0,0,0,0,0,0,0,0,0,0,0,0,0,0,0,0,0,0,0,0
891f8d702cbffff,48.1754,11.6963,muenchen,False,0,,0,False,0.461337,False,0,0.885067,0,0,0,0,0,0,0,0,0,0,0,0,0,0,0,0,0,0,0,0,0,0,0,0,0,0,0,0,0,0,0,0,0,0
891f8d702cfffff,48.1758,11.701,muenchen,False,0,,0,False,0.461337,False,0,0.885067,0,0,0,0,0,0,0,0,0,0,0,0,0,0,0,0,0,0,0,0,0,0,0,0,0,0,0,0,0,0,0,0,0,0
891f8d702d3ffff,48.1806,11.6958,muenchen,False,0,,0,False,0.461337,False,0,0.885067,0,0,0,0,0,0,0,0,0,0,0,0,0,0,0,0,0,0,0,0,0,0,0,0,0,0,0,0,0,0,0,0,0,0
891f8d702d7ffff,48.181,11.7005,muenchen,False,0,,0,False,0.461337,False,0,0.885067,0,0,0,0,0,0,0,0,0,0,0,0,0,0,0,0,0,0,0,0,0,0,0,0,0,0,0,0,0,0,0,0,0,0
891f8d702dbffff,48.1778,11.6937,muenchen,False,0,,0,False,0.461337,False,0,0.885067,0,0,0,0,0,0,0,0,0,0,0,0,0,0,0,0,0,0,0,0,0,0,0,0,0,0,0,0,0,0,0,0,0,0
891f8d70603ffff,48.1934,11.6923,muenchen,False,0,,0,False,0.461337,False,0,0.885067,0,0,0,0,0,0,0,0,0,0,0,0,0,0,0,0,0,0,0,0,0,0,0,0,0,0,0,0,0,0,0,0,0,0
891f8d70607ffff,48.1938,11.697,muenchen,False,0,,0,False,0.461337,False,0,0.885067,0,0,0,0,0,0,0,0,0,0,0,0,0,0,0,0,0,0,0,0,0,0,0,0,0,0,0,0,0,0,0,0,0,0
891f8d7060bffff,48.1906,11.6901,muenchen,False,0,,0,False,0.461337,False,0,0.885067,0,0,0,0,0,0,0,0,0,0,0,0,0,0,0,0,0,0,0,0,0,0,0,0,0,0,0,0,0,0,0,0,0,0
891f8d7060fffff,48.191,11.6949,muenchen,False,0,,0,False,0.461337,False,0,0.885067,0,0,0,0,0,0,0,0,0,0,0,0,0,0,0,0,0,0,0,0,0,0,0,0,0,0,0,0,0,0,0,0,0,0
891f8d70613ffff,48.1958,11.6897,muenchen,False,0,,0,False,0.461337,False,0,0.885067,0,0,0,0,0,0,0,0,0,0,0,0,0,0,0,0,0,0,0,0,0,0,0,0,0,0,0,0,0,0,0,0,0,0
891f8d7061bffff,48.1931,11.6876,muenchen,False,0,,0,False,0.461337,False,0,0.885067,0,0,0,0,0,0,0,0,0,0,0,0,0,0,0,0,0,0,0,0,0,0,0,0,0,0,0,0,0,0,0,0,0,0
891f8d70623ffff,48.1917,11.7043,muenchen,False,0,,0,False,0.461337,False,0,0.885067,0,0,0,0,0,0,0,0,0,0,0,0,0,0,0,0,0,0,0,0,0,0,0,0,0,0,0,0,0,0,0,0,0,0
891f8d7062bffff,48.1889,11.7022,muenchen,False,24,10.4356,0,True,0.318182,False,7,0.5,0,0,0,0,0,0,0,0,0,0,0,0,0,0,0,0,0,0,0,0,0,0,0,0,0,0,0,0,0,0,0,0,0,0
891f8d7062fffff,48.1893,11.7069,muenchen,False,17,10.79,4,False,0.4,False,5,1,0,0,0,0,0,0,0,0,0,0,0,0,0,0,0,0,0,0,0,0,0,0,0,0,0,0,0,0,0,0,0,0,0,0
891f8d70633ffff,48.1941,11.7017,muenchen,False,13,10.19,3,False,0.5,False,8,0.885067,0,0,0,0,0,0,0,0,0,0,0,0,0,0,0,0,0,0,0,0,0,0,0,0,0,0,0,0,0,0,0,0,0,0
891f8d7063bffff,48.1914,11.6996,muenchen,False,0,,0,False,0.461337,False,0,0.885067,0,0,0,0,0,0,0,0,0,0,0,0,0,0,0,0,0,0,0,0,0,0,0,0,0,0,0,0,0,0,0,0,0,0
891f8d70643ffff,48.1875,11.6833,muenchen,False,0,,0,False,0.461337,False,0,0.885067,0,0,0,0,0,0,0,0,0,0,0,0,0,0,0,0,0,0,0,0,0,0,0,0,0,0,0,0,0,0,0,0,0,0
891f8d70647ffff,48.1879,11.688,muenchen,False,0,,0,False,0.461337,False,0,0.885067,0,0,0,0,0,0,0,0,0,0,0,0,0,0,0,0,0,0,0,0,0,0,0,0,0,0,0,0,0,0,0,0,0,0
891f8d7064bffff,48.1847,11.6812,muenchen,False,0,,0,False,0.461337,False,0,0.885067,0,0,0,0,0,0,0,0,0,0,0,0,0,0,0,0,0,0,0,0,0,0,0,0,0,0,0,0,0,0,0,0,0,0
891f8d7064fffff,48.1851,11.6859,muenchen,False,0,,0,False,0.461337,False,0,0.885067,0,0,0,0,0,0,0,0,0,0,0,0,0,0,0,0,0,0,0,0,0,0,0,0,0,0,0,0,0,0,0,0,0,0
891f8d70653ffff,48.1899,11.6807,muenchen,False,0,,0,False,0.461337,False,0,0.885067,0,0,0,0,0,0,0,0,0,0,0,0,0,0,0,0,0,0,0,0,0,0,0,0,0,0,0,0,0,0,0,0,0,0
891f8d70657ffff,48.1903,11.6854,muenchen,False,0,,0,False,0.461337,False,0,0.885067,0,0,0,0,0,0,0,0,0,0,0,0,0,0,0,0,0,0,0,0,0,0,0,0,0,0,0,0,0,0,0,0,0,0
891f8d7065bffff,48.1872,11.6786,muenchen,False,0,,0,False,0.461337,False,0,0.885067,0,0,0,0,0,0,0,0,0,0,0,0,0,0,0,0,0,0,0,0,0,0,0,0,0,0,0,0,0,0,0,0,0,0
891f8d70663ffff,48.1858,11.6953,muenchen,False,0,,0,False,0.461337,False,0,0.885067,0,0,0,0,0,0,0,0,0,0,0,0,0,0,0,0,0,0,0,0,0,0,0,0,0,0,0,0,0,0,0,0,0,0
891f8d70667ffff,48.1862,11.7,muenchen,False,0,,0,False,0.461337,False,0,0.885067,0,0,0,0,0,0,0,0,0,0,0,0,0,0,0,0,0,0,0,0,0,0,0,0,0,0,0,0,0,0,0,0,0,0
891f8d7066bffff,48.183,11.6932,muenchen,False,0,,0,False,0.461337,False,0,0.885067,0,0,0,0,0,0,0,0,0,0,0,0,0,0,0,0,0,0,0,0,0,0,0,0,0,0,0,0,0,0,0,0,0,0
891f8d7066fffff,48.1834,11.6979,muenchen,False,0,,0,False,0.461337,False,0,0.885067,0,0,0,0,0,0,0,0,0,0,0,0,0,0,0,0,0,0,0,0,0,0,0,0,0,0,0,0,0,0,0,0,0,0
891f8d70673ffff,48.1882,11.6927,muenchen,False,0,,0,False,0.461337,False,0,0.885067,0,0,0,0,0,0,0,0,0,0,0,0,0,0,0,0,0,0,0,0,0,0,0,0,0,0,0,0,0,0,0,0,0,0
891f8d70677ffff,48.1886,11.6975,muenchen,False,0,,0,False,0.461337,False,0,0.885067,0,0,0,0,0,0,0,0,0,0,0,0,0,0,0,0,0,0,0,0,0,0,0,0,0,0,0,0,0,0,0,0,0,0
891f8d7067bffff,48.1855,11.6906,muenchen,False,0,,0,False,0.461337,False,0,0.885067,0,0,0,0,0,0,0,0,0,0,0,0,0,0,0,0,0,0,0,0,0,0,0,0,0,0,0,0,0,0,0,0,0,0
891f8d706c7ffff,48.1955,11.685,muenchen,False,0,,0,False,0.461337,False,0,0.885067,0,0,0,0,0,0,0,0,0,0,0,0,0,0,0,0,0,0,0,0,0,0,0,0,0,0,0,0,0,0,0,0,0,0
891f8d706cbffff,48.1923,11.6781,muenchen,False,0,,0,False,0.461337,False,0,0.885067,0,0,0,0,0,0,0,0,0,0,0,0,0,0,0,0,0,0,0,0,0,0,0,0,0,0,0,0,0,0,0,0,0,0
891f8d706cfffff,48.1927,11.6828,muenchen,False,0,,0,False,0.461337,False,0,0.885067,0,0,0,0,0,0,0,0,0,0,0,0,0,0,0,0,0,0,0,0,0,0,0,0,0,0,0,0,0,0,0,0,0,0
891f8d71003ffff,48.1546,11.6625,muenchen,True,0,,0,False,0.461337,False,0,0.885067,0,0,0,0,0,0,0,0,0,0,0,0,0,0,0,0,0,0,0,0,0,0,0,0,0,0,0,0,0,0,0,0,0,0
891f8d71007ffff,48.1549,11.6673,muenchen,True,0,,0,False,0.461337,False,0,0.885067,0,0,0,0,0,0,0,0,0,0,0,0,0,0,0,0,0,0,0,0,0,0,0,0,0,0,0,0,0,0,0,0,0,0
891f8d7100bffff,48.1518,11.6604,muenchen,True,129,14.3864,44,False,0.481203,False,69,0.924051,0,0,0,0,0,0,0,0,0,0,0,0,0,0,0,0,0,0,0,0,0,0,0,0,0,0,0,0,0,0,0,0,0,0
891f8d7100fffff,48.1521,11.6651,muenchen,True,6,13.3039,0,True,0.461337,True,0,0.885067,0,0,0,0,0,0,0,0,0,0,0,0,0,0,0,0,0,0,0,0,0,0,0,0,0,0,0,0,0,0,0,0,0,0
891f8d71013ffff,48.157,11.66,muenchen,True,0,,0,False,0.461337,False,0,0.885067,0,0,0,0,0,0,0,0,0,0,0,0,0,0,0,0,0,0,0,0,0,0,0,0,0,0,0,0,0,0,0,0,0,0
891f8d71017ffff,48.1573,11.6647,muenchen,True,0,,0,False,0.461337,False,0,0.885067,0,0,0,0,0,0,0,0,0,0,0,0,0,0,0,0,0,0,0,0,0,0,0,0,0,0,0,0,0,0,0,0,0,0
891f8d7101bffff,48.1542,11.6578,muenchen,True,67,10.7243,14,False,0.557377,False,23,0.52,0,0,0,0,0,0,0,0,0,0,0,0,0,0,0,0,0,0,0,0,0,0,0,0,0,0,0,0,0,0,0,0,0,0
891f8d71023ffff,48.1529,11.6746,muenchen,True,0,,0,False,0.461337,False,0,0.885067,0,0,0,0,0,0,0,0,0,0,0,0,0,0,0,0,0,0,0,0,0,0,0,0,0,0,0,0,0,0,0,0,0,0
891f8d71027ffff,48.1532,11.6793,muenchen,False,0,,0,False,0.461337,False,0,0.885067,0,0,0,0,0,0,0,0,0,0,0,0,0,0,0,0,0,0,0,0,0,0,0,0,0,0,0,0,1,0,0,0,0,0
891f8d7102bffff,48.1501,11.6724,muenchen,True,0,,0,False,0.461337,False,0,0.885067,0,0,0,0,0,0,0,0,0,0,0,0,0,0,0,0,0,0,0,0,0,0,0,0,0,0,0,0,1,0,0,0,0,0
891f8d7102fffff,48.1504,11.6772,muenchen,True,0,,0,False,0.461337,False,0,0.885067,0,0,0,0,0,0,0,0,0,0,0,0,0,0,0,0,0,0,0,0,0,0,0,0,0,0,0,0,0,0,0,0,0,0
891f8d71033ffff,48.1553,11.672,muenchen,True,0,,0,False,0.461337,False,0,0.885067,0,0,0,0,0,0,0,0,0,0,0,0,0,0,0,0,0,0,0,0,0,0,0,0,0,0,0,0,0,0,0,0,0,0
891f8d71037ffff,48.1556,11.6767,muenchen,False,0,,0,False,0.461337,False,0,0.885067,0,0,0,0,0,0,0,0,0,0,0,0,0,0,0,0,0,0,0,0,0,0,0,0,0,0,0,0,0,0,0,0,0,0
891f8d7103bffff,48.1525,11.6699,muenchen,True,0,,0,False,0.461337,False,0,0.885067,0,0,0,0,0,0,0,0,0,0,0,0,0,0,0,0,0,0,0,0,0,0,0,0,0,0,0,0,0,0,0,0,0,0
891f8d71043ffff,48.1487,11.6536,muenchen,True,562,13.0449,105,False,0.313274,False,255,0.81323,0,0,0,0,0,0,0,0,0,0,0,0,0,0,0,0,0,0,0,0,0,0,0,0,0,0,0,0,0,0,0,0,0,0
891f8d71047ffff,48.149,11.6583,muenchen,True,217,11.7112,25,False,0.266355,False,78,0.758065,0,0,0,0,0,0,0,1,0,0,0,0,0,1,0,0,0,0,0,0,0,0,0,1,0,0,1,0,0,0,0,0,0,0
891f8d7104bffff,48.1459,11.6515,muenchen,True,236,13.6079,78,False,0.39834,False,123,0.880734,0,0,0,0,0,0,0,0,0,0,0,0,0,0,0,0,0,0,0,0,0,0,0,0,0,0,0,0,0,0,0,0,0,0
891f8d7104fffff,48.1462,11.6562,muenchen,True,847,14.5236,157,False,0.382036,False,376,0.814621,0,0,0,0,0,0,0,0,0,0,0,0,0,0,0,0,0,0,0,0,0,0,0,0,0,0,1,0,1,0,0,0,0,0
891f8d71053ffff,48.1511,11.651,muenchen,True,36,19.44,3,False,0.326087,False,14,0.5,0,0,0,0,0,0,0,0,0,0,0,0,0,0,0,0,0,0,0,0,0,0,0,0,0,0,0,0,0,0,0,0,0,0
891f8d71057ffff,48.1514,11.6557,muenchen,True,164,13.8065,34,False,0.329545,False,70,0.907692,0,0,0,0,0,1,0,0,0,0,0,0,0,0,0,0,0,0,0,0,0,0,0,0,0,0,0,0,0,0,0,0,0,0
891f8d7105bffff,48.1483,11.6489,muenchen,True,324,14.2837,63,False,0.394495,False,140,0.804196,0,0,0,0,0,0,0,0,0,0,0,0,0,0,1,0,0,0,0,0,0,0,0,0,0,1,3,0,0,0,0,0,0,0
891f8d71063ffff,48.147,11.6656,muenchen,True,109,12.8209,0,True,0.180952,False,42,0.860465,0,0,0,0,0,0,0,0,0,0,0,0,0,0,0,0,0,0,0,0,0,0,0,0,0,0,0,0,0,0,0,0,0,0
891f8d71067ffff,48.1473,11.6703,muenchen,True,0,,0,False,0.461337,False,0,0.885067,0,0,0,0,0,0,0,0,0,0,0,0,0,0,0,0,0,0,0,0,0,0,0,0,0,0,0,0,0,0,0,0,0,0
891f8d7106bffff,48.1442,11.6635,muenchen,True,510,12.5965,129,False,0.402,False,248,0.860169,0,0,0,0,0,0,0,0,0,0,0,0,0,0,0,0,0,0,0,0,0,0,0,0,0,0,0,0,0,0,0,0,0,0
891f8d7106fffff,48.1445,11.6682,muenchen,True,0,,0,False,0.461337,False,0,0.885067,0,0,0,0,0,0,0,0,0,0,0,0,0,0,0,0,0,0,0,0,0,0,0,0,0,0,0,0,0,0,0,0,0,0
891f8d71073ffff,48.1494,11.663,muenchen,True,15,13.4147,0,True,0.166667,False,3,0.5,0,0,0,0,0,0,0,0,0,0,0,0,0,0,0,0,0,0,0,0,0,0,0,0,0,0,0,0,0,0,0,0,0,0
891f8d71077ffff,48.1497,11.6677,muenchen,True,0,,0,False,0.461337,False,0,0.885067,0,0,0,0,0,0,0,0,0,0,0,0,0,0,0,0,0,0,0,0,0,0,0,0,0,0,0,0,0,0,0,0,0,0
891f8d7107bffff,48.1466,11.6609,muenchen,True,491,13.5915,39,False,0.24477,False,214,0.810185,0,0,0,0,0,0,0,0,0,0,0,0,0,0,0,0,0,0,0,0,0,0,0,0,0,0,1,0,0,0,0,0,0,0
891f8d71083ffff,48.1622,11.6595,muenchen,True,103,10.77,6,False,0.330189,False,37,0.625,0,0,0,0,0,0,0,0,0,0,0,0,0,0,0,0,0,0,0,0,0,0,0,0,0,0,0,0,0,0,0,0,0,0
891f8d71087ffff,48.1625,11.6642,muenchen,True,10,17.99,3,False,0.25,False,6,1,0,0,0,0,0,0,0,0,0,0,0,0,0,0,0,0,0,0,0,0,0,0,0,0,0,0,1,0,0,0,0,0,0,0
891f8d7108bffff,48.1594,11.6574,muenchen,True,0,,0,False,0.461337,False,0,0.885067,0,0,0,0,0,0,0,0,0,0,0,0,0,0,0,0,0,0,0,0,0,0,0,0,0,0,0,0,0,0,0,0,0,0
891f8d7108fffff,48.1598,11.6621,muenchen,True,18,11.9982,0,True,0.142857,False,9,0.885067,0,0,0,0,0,0,0,0,0,0,0,0,0,0,0,0,0,0,0,0,0,0,0,0,0,0,0,0,0,0,0,0,0,0
891f8d71093ffff,48.1646,11.6569,muenchen,True,400,11.6272,54,False,0.258486,False,197,0.850515,0,0,0,0,0,0,0,0,0,0,0,0,0,0,0,0,0,0,0,0,0,0,0,0,0,0,0,0,0,0,0,0,0,0
891f8d71097ffff,48.165,11.6616,muenchen,True,190,11.7743,30,False,0.329609,False,79,0.730159,0,0,0,0,0,0,0,0,0,0,0,0,0,0,0,0,0,0,0,0,0,0,0,0,0,0,0,0,0,0,0,0,0,0
891f8d7109bffff,48.1618,11.6548,muenchen,True,0,,0,False,0.461337,False,0,0.885067,0,0,0,0,0,0,0,0,0,0,0,0,0,0,0,0,0,0,0,0,0,0,0,0,0,0,0,0,0,0,0,0,0,0
891f8d710a3ffff,48.1605,11.6715,muenchen,True,13,6.66,3,False,0.461337,True,11,1,0,0,0,0,0,0,0,0,0,0,0,0,0,0,0,0,0,0,0,0,0,0,0,0,0,0,0,0,0,0,0,0,0,0
891f8d710a7ffff,48.1608,11.6762,muenchen,True,0,,0,False,0.461337,False,0,0.885067,0,0,0,0,0,0,0,0,0,0,0,0,0,0,0,0,0,0,0,0,0,0,0,0,0,0,0,0,0,0,0,0,0,0
891f8d710abffff,48.1577,11.6694,muenchen,True,0,,0,False,0.461337,False,0,0.885067,0,0,0,0,0,0,0,0,0,0,0,0,0,0,0,0,0,0,0,0,0,0,0,0,0,0,0,0,0,0,0,0,0,0
891f8d710afffff,48.1581,11.6741,muenchen,True,4,9.24,3,False,0.5,False,3,0.885067,0,0,0,0,0,0,0,0,0,0,0,0,0,0,0,0,0,0,0,0,0,0,0,0,0,0,0,0,0,0,0,0,0,0
891f8d710b3ffff,48.1629,11.6689,muenchen,True,5,11.5449,0,True,0.333333,False,0,0.885067,0,0,0,0,0,0,0,0,0,0,0,0,0,0,0,0,0,0,0,0,0,0,0,0,0,0,0,0,0,0,0,0,0,0
891f8d710b7ffff,48.1633,11.6736,muenchen,True,0,,0,False,0.461337,False,0,0.885067,0,0,0,0,0,0,0,0,0,0,0,0,0,0,0,0,0,0,0,0,0,0,0,0,0,0,0,0,0,0,0,0,0,0
891f8d710bbffff,48.1601,11.6668,muenchen,True,0,,0,False,0.461337,False,0,0.885067,0,0,0,0,0,0,0,0,0,0,0,0,0,0,0,0,0,0,0,0,0,0,0,0,0,0,0,0,0,0,0,0,0,0
891f8d710c3ffff,48.1563,11.6505,muenchen,True,384,13.3906,48,False,0.293827,False,160,0.708861,0,0,0,0,0,0,0,0,0,0,0,0,0,0,0,0,0,0,0,0,0,0,0,0,0,1,0,0,0,0,0,0,0,0
891f8d710c7ffff,48.1566,11.6552,muenchen,True,226,13.5636,22,False,0.374449,False,96,0.806122,0,0,0,0,0,0,0,0,0,0,0,0,0,0,0,0,0,0,0,0,0,0,0,0,0,0,0,0,0,0,0,0,0,0
891f8d710cbffff,48.1535,11.6484,muenchen,True,160,14.6091,11,False,0.25974,False,74,0.811765,0,0,0,0,0,0,0,0,0,0,0,0,0,0,0,0,0,0,0,0,0,0,0,0,0,0,0,0,0,0,0,0,0,0
891f8d710cfffff,48.1538,11.6531,muenchen,True,320,12.654,45,False,0.504886,False,55,0.803922,0,0,0,0,0,0,0,0,0,0,0,0,0,0,0,0,0,0,0,0,0,0,0,0,0,0,0,0,0,0,0,0,0,0
891f8d710d3ffff,48.1587,11.6479,muenchen,True,544,13.5038,167,False,0.433145,False,272,0.867647,0,0,0,0,0,0,0,0,0,0,0,0,0,0,0,0,0,0,0,0,0,0,0,0,0,0,0,0,0,0,0,0,0,0
891f8d710d7ffff,48.159,11.6527,muenchen,True,214,12.7755,20,False,0.297674,False,93,0.914634,0,0,0,0,0,0,0,0,0,0,0,0,0,0,0,0,0,0,0,0,0,0,0,0,0,0,0,0,0,0,0,0,0,0
891f8d710dbffff,48.1559,11.6458,muenchen,True,423,13.5455,110,False,0.346793,False,198,0.806931,0,0,0,0,0,0,0,0,0,0,0,0,0,0,0,0,0,0,0,0,0,0,0,0,0,0,0,0,0,0,0,0,0,0
891f8d71103ffff,48.1571,11.6955,muenchen,False,0,,0,False,0.461337,False,0,0.885067,0,0,0,0,0,0,0,0,0,0,0,0,0,0,0,0,0,0,0,0,0,0,0,0,0,0,0,0,0,0,0,0,0,0
891f8d71107ffff,48.1574,11.7003,muenchen,False,0,,0,False,0.461337,False,0,0.885067,0,0,0,0,0,0,0,0,0,0,0,0,0,0,0,0,0,0,0,0,0,0,0,0,0,0,0,0,0,0,0,0,0,0
891f8d7110bffff,48.1543,11.6934,muenchen,False,190,13.0142,38,False,0.362694,False,90,0.857143,0,0,0,0,0,0,0,0,0,0,0,0,0,0,0,0,0,0,0,0,0,0,0,0,0,0,0,0,0,0,0,0,0,0
891f8d7110fffff,48.1546,11.6981,muenchen,False,0,,0,False,0.461337,False,0,0.885067,0,0,0,0,0,0,0,0,0,0,0,0,0,0,0,0,0,0,0,0,0,0,0,0,0,0,0,0,0,0,0,0,0,0
891f8d71113ffff,48.1595,11.693,muenchen,False,0,,0,False,0.461337,False,0,0.885067,0,0,0,0,0,0,0,0,0,0,0,0,0,0,0,0,0,0,0,0,0,0,0,0,0,0,0,0,0,0,0,0,0,0
891f8d71117ffff,48.1598,11.6977,muenchen,False,0,,0,False,0.461337,False,0,0.885067,0,0,0,0,0,0,0,0,0,0,0,0,0,0,0,0,0,0,0,0,0,0,0,0,0,0,0,0,0,0,0,0,0,0
891f8d7111bffff,48.1567,11.6908,muenchen,False,7,11.833,0,True,0.461337,True,0,0.885067,0,0,0,0,0,0,0,0,0,0,0,0,0,0,0,0,0,0,0,0,0,0,0,0,0,0,0,0,0,0,0,0,0,0
891f8d71123ffff,48.1554,11.7076,muenchen,False,0,,0,False,0.461337,False,0,0.885067,0,0,0,0,0,0,0,0,0,0,0,0,0,0,0,0,0,0,0,0,0,0,0,0,0,0,0,0,0,0,0,0,0,0
891f8d71127ffff,48.1557,11.7123,muenchen,False,0,,0,False,0.461337,False,0,0.885067,0,0,0,0,0,0,0,0,0,0,0,0,0,0,0,0,0,0,0,0,0,0,0,0,0,0,0,0,0,0,0,0,0,0
891f8d7112bffff,48.1526,11.7054,muenchen,False,0,,0,False,0.461337,False,0,0.885067,0,0,0,0,0,0,0,0,0,0,0,0,0,0,0,0,0,0,0,0,0,0,0,0,0,0,0,0,0,0,0,0,0,0
891f8d7112fffff,48.1529,11.7101,muenchen,False,0,,0,False,0.461337,False,0,0.885067,0,0,0,0,0,0,0,0,0,0,0,0,0,0,0,0,0,0,0,0,0,0,0,0,0,0,0,0,0,0,0,0,0,0
891f8d71133ffff,48.1578,11.705,muenchen,False,0,,0,False,0.461337,False,0,0.885067,0,0,0,0,0,0,0,0,0,0,0,0,0,0,0,0,0,0,0,0,0,0,0,0,0,0,0,0,0,0,0,0,0,0
891f8d71137ffff,48.1581,11.7097,muenchen,False,0,,0,False,0.461337,False,0,0.885067,0,0,0,0,0,0,0,0,0,0,0,0,0,0,0,0,0,0,0,0,0,0,0,0,0,0,0,0,0,0,0,0,0,0
891f8d7113bffff,48.155,11.7028,muenchen,False,0,,0,False,0.461337,False,0,0.885067,0,0,0,0,0,0,0,0,0,0,0,0,0,0,0,0,0,0,0,0,0,0,0,0,0,0,0,0,0,0,0,0,0,0
891f8d71143ffff,48.1512,11.6866,muenchen,False,3,11.9978,0,True,1,False,3,1,0,0,0,0,0,0,0,2,0,0,1,0,0,0,0,0,0,0,0,0,0,0,0,0,0,0,2,0,0,0,0,0,0,0
891f8d71147ffff,48.1515,11.6913,muenchen,False,236,11.9357,53,False,0.381743,False,107,0.82243,0,0,0,0,0,0,0,0,0,0,0,0,0,0,0,0,0,0,0,0,0,0,0,0,0,0,1,0,0,0,0,0,0,0
891f8d7114bffff,48.1484,11.6845,muenchen,False,62,10.2455,0,True,0.953846,False,3,1,0,0,0,0,0,0,0,0,0,0,0,0,0,1,0,0,0,0,0,1,0,0,0,0,0,0,5,0,1,0,0,0,0,0
891f8d7114fffff,48.1487,11.6892,muenchen,False,0,,0,False,0.461337,False,0,0.885067,0,0,0,0,0,0,0,0,0,0,0,0,0,0,0,0,0,0,0,0,0,0,0,0,0,0,0,0,2,0,0,0,0,0
891f8d71153ffff,48.1536,11.684,muenchen,False,107,12.115,12,False,0.247525,False,35,0.535714,0,0,0,0,0,0,0,0,0,0,0,0,0,0,0,0,0,0,0,0,0,0,0,0,0,0,0,0,0,0,0,0,0,0
891f8d71157ffff,48.1539,11.6887,muenchen,False,300,11.3636,78,False,0.39726,False,138,0.735537,0,0,0,0,0,0,0,0,0,0,0,0,0,1,0,0,0,0,0,0,0,0,0,0,0,0,2,0,0,0,0,0,0,0
891f8d7115bffff,48.1508,11.6819,muenchen,False,3,11.4662,0,True,1,False,0,0.885067,0,0,0,0,0,0,0,0,0,0,0,0,0,2,0,0,0,2,0,0,0,0,0,0,0,0,2,0,0,0,0,0,0,0
891f8d71163ffff,48.1495,11.6986,muenchen,False,0,,0,False,0.461337,False,0,0.885067,0,0,0,0,0,0,0,0,0,0,0,0,0,0,0,0,0,0,0,0,0,0,0,0,0,0,0,0,0,0,0,0,0,0
891f8d71167ffff,48.1498,11.7033,muenchen,False,0,,0,False,0.461337,False,0,0.885067,0,0,0,0,0,0,0,0,0,0,0,0,0,0,0,0,0,0,0,0,0,0,0,0,0,0,0,0,0,0,0,0,0,0
891f8d7116bffff,48.1467,11.6965,muenchen,True,0,,0,False,0.461337,False,0,0.885067,0,0,0,0,0,0,0,0,0,0,0,0,0,0,0,0,0,0,0,0,0,0,0,0,0,0,0,0,0,0,0,0,0,0
891f8d7116fffff,48.147,11.7012,muenchen,True,0,,0,False,0.461337,False,0,0.885067,0,0,0,0,0,0,0,0,0,0,0,0,0,0,0,0,0,0,0,0,0,0,0,0,0,0,0,0,0,0,0,0,0,0
891f8d71173ffff,48.1519,11.696,muenchen,False,154,11.0332,31,False,0.300654,False,56,0.694915,0,0,0,0,0,0,0,0,0,0,0,0,0,0,0,0,0,0,0,0,0,0,0,0,0,0,0,0,1,0,0,0,0,0
891f8d71177ffff,48.1522,11.7007,muenchen,False,0,,0,False,0.461337,False,0,0.885067,0,0,0,0,0,0,0,0,0,0,0,0,0,0,0,0,0,0,0,0,0,0,0,0,0,0,0,0,0,0,0,0,0,0
891f8d7117bffff,48.1491,11.6939,muenchen,False,98,10.0011,18,False,0.380952,False,34,0.622222,0,0,0,0,0,0,0,0,0,0,0,0,0,0,0,0,0,0,0,0,0,0,0,0,0,0,0,0,0,0,0,0,0,0
891f8d71183ffff,48.1647,11.6925,muenchen,False,0,,0,False,0.461337,False,0,0.885067,0,0,0,0,0,0,0,0,0,0,0,0,0,0,0,0,0,0,0,0,0,0,0,0,0,0,0,0,0,0,0,0,0,0
891f8d71187ffff,48.165,11.6972,muenchen,False,0,,0,False,0.461337,False,0,0.885067,0,0,0,0,0,0,0,0,0,0,0,0,0,0,0,0,0,0,0,0,1,0,0,0,0,0,0,0,0,0,0,0,0,0
891f8d7118bffff,48.1619,11.6904,muenchen,False,0,,0,False,0.461337,False,0,0.885067,0,0,0,0,0,0,0,0,0,0,0,0,0,0,0,0,0,0,0,0,0,0,0,0,0,0,0,0,0,0,0,0,0,0
891f8d7118fffff,48.1623,11.6951,muenchen,False,0,,0,False,0.461337,False,0,0.885067,0,0,0,0,0,0,0,0,0,0,0,0,0,0,0,0,0,0,0,0,1,0,0,0,0,0,0,0,0,0,0,0,0,0
891f8d71193ffff,48.1671,11.6899,muenchen,False,0,,0,False,0.461337,False,0,0.885067,0,0,0,0,0,0,0,0,0,0,0,0,0,0,0,0,0,0,0,0,0,0,0,0,0,0,0,0,0,0,0,0,0,0
891f8d71197ffff,48.1675,11.6946,muenchen,False,0,,0,False,0.461337,False,0,0.885067,0,0,0,0,0,0,0,0,0,0,0,0,0,0,0,0,0,0,0,0,0,0,0,0,0,0,0,0,0,0,0,0,0,0
891f8d7119bffff,48.1643,11.6878,muenchen,False,0,,0,False,0.461337,False,0,0.885067,0,0,0,0,0,0,0,0,0,0,0,0,0,0,0,0,0,0,0,0,0,0,0,0,0,0,0,0,0,0,0,0,0,0
891f8d711a3ffff,48.163,11.7045,muenchen,False,0,,0,False,0.461337,False,0,0.885067,0,0,0,0,0,0,0,0,0,0,0,0,0,0,0,0,0,0,0,0,0,0,0,0,0,0,0,0,0,0,0,0,0,0
891f8d711a7ffff,48.1633,11.7092,muenchen,False,0,,0,False,0.461337,False,0,0.885067,0,0,0,0,0,0,0,0,0,0,0,0,0,0,0,0,0,0,0,0,0,0,0,0,0,0,0,0,0,0,0,0,0,0
891f8d711abffff,48.1602,11.7024,muenchen,False,0,,0,False,0.461337,False,0,0.885067,0,0,0,0,0,0,0,0,0,0,0,0,0,0,0,0,0,0,0,0,0,0,0,0,0,0,0,0,0,0,0,0,0,0
891f8d711afffff,48.1606,11.7071,muenchen,False,0,,0,False,0.461337,False,0,0.885067,0,0,0,0,0,0,0,0,0,0,0,0,0,0,0,0,0,0,0,0,0,0,0,0,0,0,0,0,0,0,0,0,0,0
891f8d711b3ffff,48.1654,11.7019,muenchen,False,0,,0,False,0.461337,False,0,0.885067,0,0,0,0,0,0,0,0,0,0,0,0,0,0,0,0,0,0,0,0,0,0,0,0,0,0,0,0,0,0,0,0,0,0
891f8d711b7ffff,48.1658,11.7066,muenchen,False,0,,0,False,0.461337,False,0,0.885067,0,0,0,0,0,0,0,0,0,0,0,0,0,0,0,0,0,0,0,0,0,0,0,0,0,0,0,0,0,0,0,0,0,0
891f8d711bbffff,48.1626,11.6998,muenchen,False,0,,0,False,0.461337,False,0,0.885067,0,0,0,0,0,0,0,0,0,0,0,0,0,0,0,0,0,0,0,0,1,0,0,0,0,0,0,0,0,0,0,0,0,0
891f8d711c3ffff,48.1588,11.6835,muenchen,False,0,,0,False,0.461337,False,0,0.885067,0,0,0,0,0,0,0,0,0,0,0,0,0,0,0,0,0,0,0,0,0,0,0,0,0,0,0,0,0,0,0,0,0,0
891f8d711c7ffff,48.1591,11.6882,muenchen,False,0,,0,False,0.461337,False,0,0.885067,0,0,0,0,0,0,0,0,0,0,0,0,0,0,0,0,0,0,0,0,0,0,0,0,0,0,0,0,0,0,0,0,0,0
891f8d711cbffff,48.156,11.6814,muenchen,False,0,,0,False,0.461337,False,0,0.885067,0,0,0,0,0,0,0,0,0,0,0,0,0,0,0,0,0,0,0,0,0,0,0,0,0,0,0,0,0,0,0,0,0,0
891f8d711cfffff,48.1564,11.6861,muenchen,False,156,12.26,18,False,0.377358,False,58,0.697674,0,0,0,0,0,0,0,0,0,0,0,0,0,0,0,0,0,0,0,0,0,0,0,0,0,0,0,0,0,0,0,0,0,0
891f8d711d3ffff,48.1612,11.6809,muenchen,False,0,,0,False,0.461337,False,0,0.885067,0,0,0,0,0,0,0,0,0,0,0,0,0,0,0,0,0,0,0,0,0,0,0,0,0,0,0,0,0,0,0,0,0,0
891f8d711d7ffff,48.1615,11.6856,muenchen,False,0,,0,False,0.461337,False,0,0.885067,0,0,0,0,0,0,0,0,0,0,0,0,0,0,0,0,0,0,0,0,0,0,0,0,0,0,0,0,0,0,0,0,0,0
891f8d711dbffff,48.1584,11.6788,muenchen,False,0,,0,False,0.461337,False,0,0.885067,0,0,0,0,0,0,0,0,0,0,0,0,0,0,0,0,0,0,0,0,0,0,0,0,0,0,0,0,0,0,0,0,0,0
891f8d71203ffff,48.1351,11.6477,muenchen,True,0,,0,False,0.461337,False,0,0.885067,0,0,0,0,0,0,0,0,0,0,0,0,0,2,0,0,0,0,0,0,0,0,0,0,0,0,0,0,0,0,0,0,0,0
891f8d71207ffff,48.1355,11.6524,muenchen,True,0,,0,False,0.461337,False,0,0.885067,0,0,0,0,0,0,0,0,0,0,0,0,0,0,0,0,0,0,0,0,0,0,0,0,0,0,0,0,0,0,0,0,0,0
891f8d7120bffff,48.1324,11.6456,muenchen,True,121,12.9643,53,False,0.632,False,66,0.953125,0,0,0,0,0,0,0,0,0,0,0,0,0,0,0,0,0,0,0,0,0,0,0,0,0,0,2,0,1,0,0,0,0,0
891f8d7120fffff,48.1327,11.6503,muenchen,True,0,,0,False,0.461337,False,0,0.885067,0,0,0,0,0,0,0,0,0,0,0,0,0,0,0,0,0,0,0,0,0,0,0,0,0,0,0,0,0,0,0,0,0,0
891f8d71213ffff,48.1375,11.6451,muenchen,True,204,10.64,64,False,0.464646,False,64,1,0,0,0,0,0,0,0,0,0,0,0,0,0,0,0,0,0,0,0,0,0,0,0,0,0,0,0,0,3,0,0,0,0,0
891f8d71217ffff,48.1379,11.6498,muenchen,True,238,10.97,8,False,0.966245,False,8,1,0,0,0,0,0,0,0,0,0,0,0,0,0,1,0,0,0,0,0,0,0,0,0,0,0,0,0,0,1,0,0,0,0,0
891f8d7121bffff,48.1348,11.643,muenchen,True,0,,0,False,0.461337,False,0,0.885067,0,0,0,0,0,0,0,0,0,0,0,0,0,0,0,0,0,0,0,0,0,0,0,0,0,0,0,0,0,0,0,0,0,0
891f8d71223ffff,48.1334,11.6597,muenchen,True,533,12.3674,23,False,0.572,False,52,0.8,0,0,0,0,0,0,0,0,0,0,0,0,0,0,0,0,0,1,0,0,0,0,0,0,0,0,2,0,10,1,0,0,0,0
891f8d71227ffff,48.1338,11.6644,muenchen,True,141,17.8818,17,False,0.453237,False,23,1,0,0,0,0,0,0,0,0,0,0,0,0,0,0,0,0,0,1,0,0,0,0,0,0,0,0,2,0,5,0,0,0,0,0
891f8d7122bffff,48.1307,11.6576,muenchen,True,396,12.806,52,False,0.397403,False,166,0.751479,0,0,0,0,0,0,0,0,0,0,0,0,0,0,0,0,0,0,0,1,0,0,0,0,0,0,2,0,5,0,0,0,0,0
891f8d7122fffff,48.131,11.6623,muenchen,True,611,13.9042,105,False,0.384615,False,261,0.790076,0,0,0,0,0,1,0,0,0,0,0,0,0,1,0,0,0,0,0,0,0,0,0,0,0,0,0,0,2,0,0,0,0,0
891f8d71233ffff,48.1358,11.6571,muenchen,True,59,16.6,5,False,0.4375,False,22,0.266667,0,0,0,0,0,1,0,0,0,0,0,0,0,0,0,0,0,0,0,0,0,0,0,0,0,0,0,0,3,0,0,0,0,0
891f8d71237ffff,48.1362,11.6618,muenchen,True,53,20.8267,54,False,1,False,56,1,0,0,0,0,0,0,0,0,0,0,0,0,0,2,0,0,0,0,0,0,0,0,0,0,0,0,0,0,3,0,0,0,0,0
891f8d7123bffff,48.1331,11.655,muenchen,True,565,14.0156,54,False,0.340909,False,202,0.678049,0,0,0,0,0,0,0,0,0,0,0,0,0,0,0,0,0,0,0,0,0,0,0,0,0,0,0,0,1,0,0,0,0,0
891f8d71243ffff,48.1292,11.6387,muenchen,True,703,10.632,179,False,0.368268,False,301,0.787781,0,0,0,0,0,0,0,0,0,0,0,0,0,0,0,0,0,0,0,0,0,0,0,0,0,0,0,0,0,0,0,0,0,0
891f8d71247ffff,48.1296,11.6435,muenchen,True,1044,12.9274,415,False,0.525341,False,646,0.91311,0,0,0,0,0,0,0,0,0,0,0,0,0,0,0,0,0,0,0,0,0,0,0,0,0,0,0,0,0,0,0,0,0,0
891f8d7124bffff,48.1264,11.6366,muenchen,True,1431,13.7491,647,False,0.515259,False,860,0.937572,0,0,0,0,0,0,0,1,0,0,0,0,2,0,0,0,0,0,0,2,0,0,0,0,1,0,5,0,2,0,0,0,0,0
891f8d7124fffff,48.1268,11.6413,muenchen,True,996,13.4942,397,False,0.516966,False,545,0.861011,0,0,0,0,0,0,0,0,0,0,1,0,0,1,1,0,0,0,0,1,0,0,0,0,0,0,0,0,1,0,0,0,0,0
891f8d71253ffff,48.1316,11.6362,muenchen,True,667,9.55962,313,False,0.381166,False,352,0.891176,0,0,0,0,0,0,0,0,0,0,0,0,0,0,0,0,0,0,0,0,0,0,0,0,0,0,0,0,0,0,0,0,0,0
891f8d71257ffff,48.132,11.6409,muenchen,True,570,10.2827,322,False,0.42069,False,347,0.944767,0,0,0,0,0,0,0,0,0,0,0,0,0,0,0,0,0,0,0,0,0,0,0,0,0,0,0,0,1,0,0,0,0,0
891f8d7125bffff,48.1289,11.634,muenchen,True,901,11.7111,475,False,0.426049,False,535,0.922222,0,0,0,0,0,0,0,1,0,0,0,0,0,1,0,0,0,1,0,0,0,0,0,0,0,0,0,0,1,0,0,0,0,0
891f8d71263ffff,48.1275,11.6508,muenchen,True,861,13.4918,269,False,0.403263,False,459,0.898488,0,0,0,0,0,0,0,0,0,0,0,0,0,0,0,0,0,0,0,0,0,0,0,0,0,0,0,0,0,0,0,0,0,0
891f8d71267ffff,48.1279,11.6555,muenchen,True,159,10.978,75,False,0.43125,False,94,0.953488,0,0,0,0,0,0,0,1,0,0,0,0,0,0,0,0,0,0,0,0,0,0,0,0,0,0,2,0,0,0,0,0,0,0
891f8d7126bffff,48.1247,11.6486,muenchen,True,797,11.5614,177,False,0.38875,False,333,0.785714,0,0,0,0,0,0,0,0,0,0,0,0,0,0,0,0,0,0,0,0,0,0,0,0,0,0,0,0,0,0,0,0,0,0
891f8d7126fffff,48.1251,11.6533,muenchen,True,670,14.4507,174,False,0.494186,False,325,0.837278,0,0,0,0,0,0,0,1,0,0,1,0,0,0,0,0,0,0,0,0,0,0,0,0,0,0,1,0,0,0,0,0,0,0
891f8d71273ffff,48.1299,11.6482,muenchen,True,822,12.161,389,False,0.454433,False,484,0.930041,0,0,0,0,0,0,0,0,0,0,0,0,0,0,0,0,0,0,0,0,0,0,0,0,0,0,0,0,0,0,0,0,0,0
891f8d71277ffff,48.1303,11.6529,muenchen,True,184,14.2396,72,False,0.513228,False,82,0.802469,0,0,0,0,0,0,0,1,0,0,0,0,0,0,0,0,0,0,0,0,0,0,0,0,0,0,1,0,0,0,0,0,0,0
891f8d7127bffff,48.1272,11.646,muenchen,True,1528,10.9066,684,False,0.484748,False,749,0.839891,0,0,0,0,0,0,0,1,0,0,1,0,1,0,0,0,0,0,0,0,0,0,0,0,1,0,1,0,0,0,0,0,0,0
891f8d71283ffff,48.1427,11.6446,muenchen,True,595,13.1301,161,False,0.354622,False,293,0.855705,0,0,0,0,0,0,0,0,0,0,0,0,0,0,0,0,0,0,0,0,0,0,0,0,0,0,0,0,0,0,0,0,0,0
891f8d71287ffff,48.1431,11.6493,muenchen,True,241,14.5543,75,False,0.429719,False,139,0.878378,0,0,0,0,0,0,0,1,0,0,0,0,2,1,0,0,0,0,0,0,0,0,0,0,0,0,2,0,3,0,0,0,0,0
891f8d7128bffff,48.14,11.6425,muenchen,True,271,14.1193,68,False,0.38403,False,154,0.923077,0,0,0,0,0,0,0,0,0,0,0,0,0,1,0,0,0,0,0,0,0,0,0,0,0,0,2,0,0,0,0,0,0,0
891f8d7128fffff,48.1403,11.6472,muenchen,True,1240,13.0703,511,False,0.446878,False,674,0.90118,0,0,0,0,0,0,0,0,0,0,0,0,0,1,1,0,0,0,0,0,0,0,0,0,0,0,5,0,0,0,0,0,0,0
891f8d71293ffff,48.1452,11.642,muenchen,True,430,12.7906,153,False,0.425837,False,223,0.919048,0,0,0,0,0,0,0,0,0,0,0,0,0,0,0,0,0,0,1,0,0,0,0,0,0,0,0,0,1,0,0,0,0,0
891f8d71297ffff,48.1455,11.6468,muenchen,True,289,14.4132,68,False,0.385666,False,135,0.780142,0,0,0,0,0,0,0,0,0,0,0,0,0,1,0,0,0,0,0,0,0,0,0,0,0,0,0,0,0,0,0,0,0,0
891f8d7129bffff,48.1424,11.6399,muenchen,True,644,14.0953,101,False,0.341867,False,256,0.736,0,0,0,0,0,0,0,0,0,0,0,0,0,1,0,0,0,0,0,0,0,0,0,0,0,0,2,0,0,0,0,0,0,0
891f8d712a3ffff,48.141,11.6567,muenchen,True,58,11.8915,20,False,0.271186,False,29,0.76,1,0,0,0,0,0,0,0,0,0,0,0,0,0,0,0,0,0,1,0,0,0,0,0,0,0,0,0,0,0,0,0,0,0
891f8d712a7ffff,48.1414,11.6614,muenchen,True,337,10.2066,116,False,0.431548,False,150,0.846715,0,0,0,0,0,0,0,0,0,0,0,0,0,1,0,0,0,0,0,0,0,0,0,0,0,0,3,0,0,0,0,0,0,0
891f8d712abffff,48.1383,11.6545,muenchen,True,0,,0,False,0.461337,False,0,0.885067,0,0,0,0,0,0,0,0,0,0,0,0,0,0,0,0,0,0,0,0,0,0,0,0,0,0,1,0,3,0,0,0,0,0
891f8d712afffff,48.1386,11.6592,muenchen,True,0,,0,False,0.461337,False,0,0.885067,0,0,0,0,0,0,0,0,0,0,0,0,0,0,0,0,0,0,0,0,0,0,0,0,0,0,0,0,0,0,0,0,0,0
891f8d712b3ffff,48.1435,11.6541,muenchen,True,248,12.0344,16,False,0.401544,False,42,0.780488,0,0,0,0,0,0,0,0,0,0,0,0,0,0,0,0,0,0,0,0,0,0,0,0,0,0,0,0,0,0,0,0,0,0
891f8d712b7ffff,48.1438,11.6588,muenchen,True,89,12.85,22,False,0.274725,False,49,0.85,0,0,0,0,0,0,0,0,0,0,0,0,0,0,0,0,0,0,0,0,0,0,0,0,0,0,0,0,0,0,0,0,0,0
891f8d712bbffff,48.1407,11.6519,muenchen,True,63,12.9718,11,False,0.456522,False,17,1,0,0,0,0,0,0,0,0,0,0,0,0,0,0,0,0,0,0,0,0,0,0,0,0,0,0,0,0,0,0,0,0,0,0
891f8d712c3ffff,48.1368,11.6357,muenchen,True,0,,0,False,0.461337,False,0,0.885067,0,0,0,0,0,0,0,0,0,0,0,0,1,0,0,0,0,0,0,0,0,0,0,0,1,0,3,0,1,0,0,0,0,0
891f8d712c7ffff,48.1372,11.6404,muenchen,True,8,11.7272,0,True,0.727273,False,3,1,0,0,0,0,0,0,0,0,0,0,0,0,0,0,0,0,0,0,0,0,0,0,0,0,0,0,2,0,1,0,0,0,0,0
891f8d712cbffff,48.1341,11.6336,muenchen,True,309,10.1818,140,False,0.434343,False,152,0.832298,0,0,0,0,0,0,0,1,0,0,2,0,0,0,0,0,0,0,0,0,0,0,0,0,0,1,5,0,0,0,0,0,0,0
891f8d712cfffff,48.1344,11.6383,muenchen,True,19,8.82,13,False,0.363636,False,13,1,0,0,0,0,0,0,0,0,0,0,0,0,0,0,0,0,0,0,0,0,0,0,0,0,0,0,0,0,0,0,0,0,0,0
891f8d712d3ffff,48.1392,11.6331,muenchen,True,84,14.09,3,False,0.213333,False,34,0.75,0,0,0,0,0,0,0,0,0,0,0,0,0,0,0,0,0,0,0,0,0,0,0,0,0,0,0,0,0,0,0,0,0,0
891f8d712d7ffff,48.1396,11.6378,muenchen,True,158,13.1207,45,False,0.403846,False,89,0.916667,0,0,0,0,0,0,0,0,0,0,1,0,0,0,0,0,0,0,0,0,0,0,0,0,0,0,3,0,0,0,0,0,0,0
891f8d712dbffff,48.1365,11.631,muenchen,True,0,,0,False,0.461337,False,0,0.885067,0,0,0,0,0,0,0,0,0,0,0,0,0,1,0,0,0,0,0,0,0,0,0,0,0,0,0,0,0,0,0,0,0,0
891f8d71303ffff,48.1376,11.6807,muenchen,True,139,18.3423,73,False,0.616541,False,92,0.904255,0,0,0,0,0,0,0,0,0,0,0,0,0,0,0,0,0,0,0,0,0,0,0,0,0,0,0,0,0,0,0,0,0,0
891f8d71307ffff,48.138,11.6854,muenchen,True,30,8.45,15,False,0.333333,False,15,0.885067,0,0,0,0,0,0,0,0,0,0,0,0,0,0,0,0,0,0,0,0,0,0,0,0,0,0,0,0,2,0,0,0,0,0
891f8d7130bffff,48.1349,11.6786,muenchen,True,0,,0,False,0.461337,False,0,0.885067,0,0,0,0,0,0,0,0,0,0,0,0,0,0,0,0,0,0,0,0,0,0,0,0,0,0,0,0,0,0,0,0,0,0
891f8d7130fffff,48.1352,11.6833,muenchen,True,0,,0,False,0.461337,False,0,0.885067,0,0,0,0,0,0,0,0,0,0,0,0,0,0,0,0,0,0,0,0,0,0,0,0,0,0,1,0,2,0,0,0,0,0
891f8d71313ffff,48.1401,11.6781,muenchen,True,407,13.734,162,False,0.520101,False,248,0.918699,0,0,0,0,0,0,0,0,0,0,0,0,0,0,0,0,0,0,0,0,0,0,0,0,0,0,3,0,0,0,0,0,0,0
891f8d71317ffff,48.1404,11.6828,muenchen,True,809,11.6746,291,False,0.478207,False,362,0.856322,0,0,0,0,0,0,0,0,0,0,0,0,0,3,0,0,0,0,0,0,0,0,0,0,0,0,2,0,0,0,0,0,0,0
891f8d7131bffff,48.1373,11.676,muenchen,True,0,,0,False,0.461337,False,0,0.885067,0,0,0,0,0,0,0,0,0,0,0,0,0,0,0,0,0,0,0,0,0,0,0,0,0,0,0,0,0,0,0,0,0,0
891f8d71323ffff,48.1359,11.6927,muenchen,True,0,,0,False,0.461337,False,0,0.885067,0,0,0,0,0,0,0,0,0,0,0,0,0,0,0,0,0,0,0,0,0,0,0,0,0,0,1,0,0,0,0,0,0,0
891f8d71327ffff,48.1363,11.6974,muenchen,True,0,,0,False,0.461337,False,0,0.885067,0,0,0,0,0,0,0,0,0,0,0,0,0,0,0,0,0,0,0,0,0,0,0,0,0,0,0,0,1,0,0,0,0,0
891f8d7132bffff,48.1332,11.6906,muenchen,True,235,10.612,100,False,0.39749,False,113,0.785714,1,0,0,2,0,0,0,2,0,1,4,0,3,4,0,0,1,11,2,0,1,0,0,0,1,0,3,0,3,0,0,0,0,0
891f8d7132fffff,48.1335,11.6953,muenchen,True,528,14.85,154,False,0.622605,False,206,1,0,0,0,0,0,0,0,0,0,0,1,0,0,0,0,0,0,0,0,0,0,1,0,0,0,0,0,0,2,0,0,0,0,0
891f8d71333ffff,48.1384,11.6901,muenchen,True,0,,0,False,0.461337,False,0,0.885067,0,0,0,0,0,0,0,0,0,0,0,0,0,1,0,0,0,0,0,0,0,0,0,0,0,0,2,1,3,0,0,0,0,0
891f8d71337ffff,48.1387,11.6948,muenchen,True,0,,0,False,0.461337,False,0,0.885067,0,0,0,0,0,0,0,0,0,0,0,0,0,0,0,0,0,0,0,0,0,0,0,0,0,0,0,0,0,0,0,0,0,0
891f8d7133bffff,48.1356,11.688,muenchen,True,5,10.6422,0,True,0.428571,False,0,0.885067,0,0,0,0,0,0,0,0,0,0,0,0,0,0,0,0,0,0,0,0,1,0,0,0,0,0,2,0,5,0,0,0,0,0
891f8d71343ffff,48.1317,11.6717,muenchen,True,420,13.9299,84,False,0.380711,False,190,0.826531,0,0,0,0,0,0,0,0,0,0,0,0,0,0,0,0,0,0,0,0,0,0,0,0,1,0,0,0,0,0,0,0,0,0
891f8d71347ffff,48.1321,11.6764,muenchen,True,244,13.6658,36,False,0.325,False,117,0.878788,0,0,0,0,0,0,0,0,0,0,0,0,0,0,0,0,0,0,0,0,0,0,0,0,0,0,0,0,0,0,0,0,0,0
891f8d7134bffff,48.1289,11.6696,muenchen,True,407,13.7613,106,False,0.360526,False,197,0.849246,0,0,0,0,0,0,0,0,0,0,0,0,0,0,0,0,0,0,0,0,0,0,0,0,0,0,0,0,0,0,0,0,0,0
891f8d7134fffff,48.1293,11.6743,muenchen,True,604,13.7222,95,False,0.371429,False,243,0.768,0,0,0,0,0,0,0,0,0,0,0,0,0,0,0,0,0,0,0,0,0,0,0,0,0,0,1,0,0,0,0,0,0,0
891f8d71353ffff,48.1341,11.6691,muenchen,True,148,12.483,114,False,0.743243,False,132,0.978261,0,0,0,0,0,0,0,0,0,0,0,0,1,0,0,0,0,0,0,0,0,0,0,0,0,0,0,0,0,0,0,3,0,0
891f8d71357ffff,48.1345,11.6738,muenchen,True,86,13.0211,19,False,0.379747,False,44,1,0,0,0,0,0,0,0,0,0,0,0,0,0,0,1,0,0,0,0,0,0,0,0,0,0,0,0,0,0,0,0,0,0,0
891f8d7135bffff,48.1314,11.667,muenchen,True,177,12.4275,44,False,0.35,False,92,0.898876,0,0,0,0,0,0,0,0,0,0,0,0,0,1,0,0,0,0,0,0,0,0,0,0,0,0,1,0,2,0,0,1,0,0
891f8d71363ffff,48.13,11.6837,muenchen,True,684,15.4176,88,False,0.466763,False,240,0.644898,0,0,0,0,0,0,0,0,0,0,0,0,0,0,0,0,0,0,0,0,0,0,0,0,0,0,0,0,0,0,0,0,0,0
891f8d71367ffff,48.1304,11.6885,muenchen,True,2119,11.0838,692,False,0.411158,False,814,0.697842,0,0,0,0,0,0,0,0,0,0,0,0,1,0,0,0,0,0,0,0,0,0,0,0,0,0,1,0,0,0,0,0,0,0
891f8d7136bffff,48.1272,11.6816,muenchen,True,0,,0,False,0.461337,False,0,0.885067,0,0,0,0,0,0,0,0,0,0,0,0,0,0,0,0,0,0,0,0,0,0,0,0,0,0,0,0,0,0,0,0,0,0
891f8d7136fffff,48.1276,11.6863,muenchen,True,287,17.1304,52,False,0.47099,False,119,0.754098,0,0,0,0,0,0,0,0,0,0,0,0,0,0,0,0,0,0,0,0,0,0,0,0,0,0,0,0,1,0,0,0,0,0
891f8d71373ffff,48.1324,11.6811,muenchen,True,16,14.13,6,False,1,False,6,1,0,0,0,0,0,0,0,0,0,0,0,0,0,0,0,0,0,0,0,0,0,0,0,0,0,0,1,0,0,0,0,0,0,0
891f8d71377ffff,48.1328,11.6859,muenchen,True,1537,9.15983,462,False,0.458198,False,534,0.663024,0,0,0,0,0,0,0,0,0,0,1,0,0,0,0,0,0,0,0,0,0,0,0,0,0,0,0,0,1,0,0,0,0,0
891f8d7137bffff,48.1297,11.679,muenchen,True,45,13.9862,13,False,0.444444,False,16,0.631579,0,0,0,0,0,0,0,0,0,0,0,0,0,0,0,0,0,0,0,0,0,0,0,0,0,0,1,0,0,0,0,0,0,0
891f8d71383ffff,48.1452,11.6776,muenchen,True,49,7.05821,28,False,0.446809,False,31,0.884615,0,0,0,0,0,0,0,0,0,0,0,0,0,0,0,0,0,0,0,0,0,0,0,0,0,1,0,0,1,0,0,0,0,0
891f8d71387ffff,48.1456,11.6823,muenchen,False,59,15.69,20,False,0.72093,False,32,1,0,0,0,0,0,0,0,0,0,0,0,0,0,0,0,0,0,0,0,0,0,0,0,0,0,0,1,0,1,0,0,0,0,0
891f8d7138bffff,48.1425,11.6755,muenchen,True,523,11.3781,42,False,0.312381,False,153,0.717241,0,0,0,0,0,0,0,1,0,0,0,0,0,0,0,0,0,0,0,0,0,0,0,0,0,0,0,0,0,0,0,0,0,0
891f8d7138fffff,48.1428,11.6802,muenchen,True,434,12.2461,124,False,0.464789,False,229,0.885321,0,0,0,0,0,0,0,0,0,0,1,0,0,0,0,0,0,0,0,0,0,0,0,0,0,0,1,0,0,0,0,0,0,0
891f8d71393ffff,48.1477,11.675,muenchen,True,0,,0,False,0.461337,False,0,0.885067,0,0,0,0,0,0,0,0,0,0,0,0,0,0,0,0,0,0,0,0,0,0,0,0,0,0,0,0,0,0,0,0,0,0
891f8d71397ffff,48.148,11.6797,muenchen,False,4,10.2095,0,True,0.461337,True,0,0.885067,0,0,0,0,0,0,0,0,0,0,0,0,0,0,0,0,0,1,0,0,0,0,0,0,0,0,1,0,0,0,0,0,0,0
891f8d7139bffff,48.1449,11.6729,muenchen,True,97,12.6431,45,False,0.43956,False,52,0.892857,0,0,0,0,0,0,0,0,0,0,0,0,0,2,0,0,0,0,0,0,0,0,0,0,0,0,0,0,0,0,0,0,0,0
891f8d713a3ffff,48.1435,11.6896,muenchen,True,12,10.5941,0,True,0.222222,False,0,0.885067,0,0,0,0,0,0,0,0,0,0,0,0,0,0,0,0,0,0,0,0,0,0,0,0,0,0,0,0,0,0,0,0,0,0
891f8d713a7ffff,48.1439,11.6944,muenchen,True,0,,0,False,0.461337,False,0,0.885067,0,0,0,0,0,0,0,0,0,0,0,0,0,0,0,0,0,0,0,0,0,0,0,0,0,0,0,0,0,0,0,0,0,0
891f8d713abffff,48.1408,11.6875,muenchen,True,39,7.49867,15,False,0.392857,False,15,0.75,0,0,0,0,0,0,0,0,0,0,0,0,0,0,0,0,0,0,0,0,0,0,0,0,0,0,2,0,0,0,0,0,0,0
891f8d713afffff,48.1411,11.6922,muenchen,True,0,,0,False,0.461337,False,0,0.885067,0,0,0,0,0,0,0,0,0,0,0,0,0,0,0,0,0,0,0,0,0,0,0,0,0,0,0,0,0,0,0,0,0,0
891f8d713b3ffff,48.146,11.687,muenchen,True,0,,0,False,0.461337,False,0,0.885067,0,0,0,0,0,0,0,0,0,0,0,0,0,0,0,0,0,0,0,0,0,0,0,0,0,0,3,0,2,0,0,0,0,0
891f8d713b7ffff,48.1463,11.6918,muenchen,True,0,,0,False,0.461337,False,0,0.885067,0,0,0,0,0,0,0,0,0,0,0,0,0,0,0,0,0,0,0,0,0,0,0,0,0,0,0,0,2,0,0,0,0,0
891f8d713bbffff,48.1432,11.6849,muenchen,True,577,7.92111,199,False,0.411371,False,220,0.701835,0,0,0,0,0,0,0,0,0,0,0,0,0,0,0,0,0,0,0,0,0,0,0,0,0,0,0,0,0,0,0,0,0,0
891f8d713c3ffff,48.1393,11.6687,muenchen,True,35,13.0901,0,True,0.333333,False,15,1,0,0,0,0,0,0,0,0,0,0,0,0,0,0,0,0,0,0,0,0,0,0,0,0,0,0,3,0,1,0,0,0,0,0
891f8d713c7ffff,48.1397,11.6734,muenchen,True,96,11.8986,35,False,0.476744,False,43,0.782609,0,0,0,0,0,0,0,0,0,0,0,0,0,0,0,0,0,0,0,0,0,0,0,0,0,0,1,0,0,0,0,0,0,0
891f8d713cbffff,48.1366,11.6665,muenchen,True,0,,0,False,0.461337,False,0,0.885067,0,0,0,0,0,0,0,0,0,0,0,0,0,0,0,0,0,0,0,0,0,0,0,0,0,0,3,0,0,0,0,0,0,0
891f8d713cfffff,48.1369,11.6713,muenchen,True,0,,0,False,0.461337,False,0,0.885067,0,0,0,0,0,0,0,0,0,0,0,0,0,0,0,0,0,0,0,0,0,0,0,0,0,0,0,0,3,0,0,0,0,0
891f8d713d3ffff,48.1418,11.6661,muenchen,True,15,12.95,8,False,0.625,False,8,1,0,0,0,0,0,0,0,0,0,0,0,0,0,0,0,0,0,0,0,0,0,0,0,0,0,0,0,0,0,0,0,0,0,0
891f8d713d7ffff,48.1421,11.6708,muenchen,True,31,12.0709,0,True,0.322581,False,8,0.615385,0,0,0,0,0,0,0,0,0,0,0,0,0,0,0,0,0,0,0,0,0,0,0,0,0,0,0,0,0,0,0,0,0,0
891f8d713dbffff,48.139,11.664,muenchen,True,3,13.0178,0,True,0.571429,False,0,0.885067,0,0,0,0,0,0,0,0,0,0,0,0,0,0,0,0,0,0,0,0,0,0,0,0,0,0,0,0,0,0,0,0,0,0
891f8d71403ffff,48.1715,11.6444,muenchen,True,1547,12.1391,598,False,0.409794,False,822,0.889831,0,0,0,0,0,0,0,0,0,0,0,0,0,0,0,0,0,0,0,0,0,0,0,0,0,0,0,0,1,0,0,0,0,0
891f8d71407ffff,48.1718,11.6491,muenchen,True,111,12.15,12,False,0.453704,False,40,0.8125,0,0,0,0,0,0,0,0,0,0,0,0,0,0,0,0,0,0,0,0,0,0,0,0,0,0,0,0,0,0,0,0,0,0
891f8d7140bffff,48.1687,11.6423,muenchen,True,1177,11.7218,480,False,0.488812,False,649,0.914074,0,0,0,0,0,0,0,1,0,0,0,0,0,1,0,0,0,0,0,0,0,0,0,0,0,0,4,0,0,0,0,0,0,0
891f8d7140fffff,48.1691,11.647,muenchen,True,332,14.8774,91,False,0.385507,False,172,0.835227,0,0,0,0,0,0,0,0,0,0,0,0,0,1,1,0,0,0,0,0,0,0,0,0,0,0,2,0,0,0,0,0,0,0
891f8d71413ffff,48.1739,11.6418,muenchen,True,894,13.6254,330,False,0.609131,False,702,0.957687,0,0,0,0,0,0,0,0,0,0,0,0,0,0,0,0,0,0,0,0,0,0,0,0,0,0,0,0,0,0,0,0,0,0
891f8d71417ffff,48.1743,11.6465,muenchen,False,67,13.2313,0,True,0.615385,False,0,0.885067,0,0,0,0,0,0,0,0,0,0,0,0,0,0,0,0,0,0,0,0,0,0,0,0,0,0,0,0,0,0,0,0,0,0
891f8d7141bffff,48.1711,11.6397,muenchen,True,1594,13.7738,558,False,0.462164,False,912,0.923925,0,0,0,0,0,0,0,0,0,0,0,0,0,0,0,0,0,0,0,0,0,0,0,0,0,0,0,0,0,0,0,0,0,0
891f8d71423ffff,48.1698,11.6564,muenchen,True,33,12.0616,0,True,0.272727,False,7,0.692308,0,0,0,0,0,0,0,0,0,0,0,0,0,0,0,0,0,0,0,0,0,0,0,0,0,0,0,0,0,0,0,0,0,0
891f8d71427ffff,48.1701,11.6611,muenchen,True,0,,0,False,0.461337,False,0,0.885067,0,0,0,0,0,0,0,0,0,0,0,0,0,0,0,0,0,0,0,0,0,0,0,0,0,0,0,0,0,0,0,0,0,0
891f8d7142bffff,48.167,11.6543,muenchen,True,533,11.9636,114,False,0.334601,False,239,0.806584,0,0,0,0,0,0,0,0,0,0,0,0,0,0,0,0,0,0,0,0,0,0,0,0,0,0,0,0,0,0,0,0,0,0
891f8d7142fffff,48.1674,11.659,muenchen,True,373,8.18155,58,False,0.303571,False,165,0.882353,0,0,0,0,0,0,0,0,0,0,0,0,0,0,0,0,0,0,0,0,0,0,0,0,0,0,2,0,0,0,0,0,0,0
891f8d71433ffff,48.1722,11.6538,muenchen,True,0,,0,False,0.461337,False,0,0.885067,0,0,0,0,0,0,0,0,0,0,0,0,0,0,0,0,0,0,0,0,0,0,0,0,0,0,0,0,0,0,0,0,0,0
891f8d71437ffff,48.1726,11.6585,muenchen,True,8,11.2105,0,True,0.214286,False,0,0.885067,0,0,0,0,0,0,0,0,1,0,0,0,0,0,0,0,0,0,0,0,0,0,0,0,0,0,0,0,0,0,0,0,0,0
891f8d7143bffff,48.1694,11.6517,muenchen,True,314,12.2231,68,False,0.396285,False,140,0.703125,0,0,0,0,0,0,0,0,0,0,0,0,0,0,0,0,0,0,0,0,0,0,0,0,0,0,0,0,0,0,0,0,0,0
891f8d71443ffff,48.1656,11.6354,muenchen,True,1725,12.2186,729,False,0.458212,False,1010,0.921393,0,0,0,0,0,0,0,0,0,0,0,0,0,0,0,0,0,0,0,0,0,0,0,0,0,0,0,0,0,0,0,0,0,0
891f8d71447ffff,48.1659,11.6402,muenchen,True,304,13.3024,133,False,0.372549,False,183,0.927083,0,0,0,0,0,0,0,0,0,0,0,0,0,0,0,0,0,0,0,0,0,0,0,0,0,0,0,0,0,0,0,0,0,0
891f8d7144bffff,48.1628,11.6333,muenchen,True,1147,12.4931,287,False,0.500428,False,425,0.609813,0,0,0,0,0,0,0,0,0,0,0,0,0,0,0,0,0,0,0,0,0,0,0,0,0,0,0,0,0,0,0,0,0,0
891f8d7144fffff,48.1632,11.638,muenchen,True,944,11.9152,326,False,0.445043,False,381,0.708995,0,0,0,0,0,0,0,0,0,0,0,0,0,0,0,0,0,0,0,0,0,0,0,0,0,0,1,0,0,0,0,0,0,0
891f8d71453ffff,48.168,11.6329,muenchen,True,1674,13.4278,640,False,0.407784,False,855,0.868545,0,0,0,0,0,0,0,1,0,0,0,0,0,0,0,0,0,0,0,0,0,0,0,0,0,0,1,0,0,0,0,0,0,0
891f8d71457ffff,48.1684,11.6376,muenchen,True,269,13.9046,108,False,0.509363,False,162,0.950311,0,0,0,0,0,0,0,1,0,0,0,0,0,0,0,0,0,0,0,0,0,0,0,0,0,0,0,0,0,0,0,0,0,0
891f8d7145bffff,48.1652,11.6307,muenchen,True,1246,11.4606,433,False,0.477636,False,567,0.810193,0,0,0,0,0,0,0,0,0,0,0,0,0,1,0,0,0,0,0,0,0,0,0,0,1,0,1,0,2,0,0,0,0,0
891f8d71463ffff,48.1639,11.6475,muenchen,True,17,12.5147,0,True,0.5,False,6,0.885067,0,0,0,0,0,0,0,0,0,0,0,0,0,1,0,0,0,0,0,0,0,0,0,0,0,0,0,0,0,0,0,0,0,0
891f8d71467ffff,48.1642,11.6522,muenchen,True,0,,0,False,0.461337,False,0,0.885067,0,0,0,0,0,0,0,0,0,0,0,0,0,0,0,0,0,0,0,0,0,0,0,0,0,0,0,0,0,0,0,0,0,0
891f8d7146bffff,48.1611,11.6453,muenchen,True,1040,10.9038,415,False,0.437806,False,484,0.809935,0,0,0,0,0,0,0,0,0,0,0,0,0,0,0,0,0,0,0,0,0,0,0,0,0,0,1,0,1,0,0,0,0,0
891f8d7146fffff,48.1615,11.6501,muenchen,True,0,,0,False,0.461337,False,0,0.885067,0,0,0,0,0,0,0,0,0,0,0,0,1,0,0,0,0,0,0,0,0,0,0,0,0,0,0,0,0,0,0,0,0,0
891f8d71473ffff,48.1663,11.6449,muenchen,True,1251,14.2399,410,False,0.495568,False,681,0.929204,0,0,0,0,0,0,0,1,0,0,0,0,0,0,0,0,0,0,0,0,0,0,0,0,0,1,2,0,0,0,0,0,0,0
891f8d71477ffff,48.1667,11.6496,muenchen,True,15,12.3448,0,True,0.333333,False,4,1,0,0,0,0,0,0,0,0,0,0,0,0,0,0,0,0,0,0,0,0,0,0,0,0,0,0,0,0,0,0,0,0,0,0
891f8d7147bffff,48.1635,11.6428,muenchen,True,539,13.6369,170,False,0.386617,False,290,0.891228,0,0,0,0,0,0,0,0,0,0,0,0,0,0,0,0,0,0,0,0,0,0,0,0,0,0,0,0,0,0,0,0,0,0
891f8d71483ffff,48.1791,11.6413,muenchen,False,0,,0,False,0.461337,False,0,0.885067,0,0,0,0,0,0,0,0,0,0,0,0,0,0,0,0,0,0,0,0,0,0,0,0,0,0,0,0,0,0,0,0,0,0
891f8d71487ffff,48.1795,11.6461,muenchen,False,0,,0,False,0.461337,False,0,0.885067,0,0,0,0,0,0,0,0,0,0,0,0,0,0,0,0,0,0,0,0,0,0,0,0,0,0,0,0,0,0,0,0,0,0
891f8d7148bffff,48.1763,11.6392,muenchen,False,6,13.2159,0,True,0.666667,False,3,0.885067,0,0,0,0,0,0,0,0,0,0,0,0,0,0,0,0,0,0,0,0,0,0,0,0,0,0,2,0,0,0,0,0,0,0
891f8d7148fffff,48.1767,11.6439,muenchen,False,0,,0,False,0.461337,False,0,0.885067,0,0,0,0,0,0,0,0,0,0,0,0,0,0,0,0,0,0,0,0,0,0,0,0,0,0,0,0,0,0,0,0,0,0
891f8d71493ffff,48.1815,11.6387,muenchen,False,177,14.4,15,False,0.458101,False,71,0.736111,0,0,0,0,0,0,0,0,0,0,0,0,0,0,0,0,0,0,0,0,0,0,0,0,0,0,0,0,0,0,0,0,0,0
891f8d71497ffff,48.1819,11.6435,muenchen,False,0,,0,False,0.461337,False,0,0.885067,0,0,0,0,0,0,0,0,0,0,0,0,0,0,0,0,0,0,0,0,0,0,0,0,0,0,0,0,0,0,0,0,0,0
891f8d7149bffff,48.1787,11.6366,muenchen,False,0,,0,False,0.461337,False,0,0.885067,0,0,0,0,0,0,0,2,0,0,1,0,0,1,0,0,0,0,1,0,0,0,0,0,0,0,2,0,0,0,0,0,0,0
891f8d714a3ffff,48.1774,11.6534,muenchen,False,8,9.67,3,False,0.461337,True,4,0.885067,0,0,0,0,0,0,0,0,0,0,0,0,0,0,0,0,0,0,0,0,0,0,0,0,0,0,0,0,0,0,0,0,0,0
891f8d714a7ffff,48.1778,11.6581,muenchen,False,0,,0,False,0.461337,False,0,0.885067,0,0,0,0,0,0,0,0,0,0,0,0,0,0,0,0,0,0,0,0,0,0,0,0,0,0,0,0,0,0,0,0,0,0
891f8d714abffff,48.1746,11.6512,muenchen,True,8,12.8006,0,True,0.461337,True,3,0.885067,0,0,0,0,0,0,0,0,0,0,0,0,0,0,0,0,0,0,0,0,0,0,0,0,0,0,0,0,0,0,0,0,0,0
891f8d714afffff,48.175,11.656,muenchen,True,0,,0,False,0.461337,False,0,0.885067,0,0,0,0,0,0,0,0,0,0,0,0,0,0,0,0,0,0,0,0,0,0,0,0,0,0,0,0,0,0,0,0,0,0
891f8d714b3ffff,48.1798,11.6508,muenchen,False,0,,0,False,0.461337,False,0,0.885067,0,0,0,0,0,0,0,0,0,0,0,0,0,0,0,0,0,0,0,0,0,0,0,0,0,0,0,0,0,0,0,0,0,0
891f8d714b7ffff,48.1802,11.6555,muenchen,False,3,7.39,5,False,1,False,8,0.885067,0,0,0,0,0,0,0,0,0,0,0,0,0,0,0,0,0,0,1,0,0,0,0,0,0,0,0,0,0,0,0,0,0,0
891f8d714bbffff,48.177,11.6486,muenchen,False,4,18.78,3,False,0.461337,True,4,1,0,0,0,0,0,0,0,0,0,0,0,0,0,0,0,0,0,0,0,0,0,0,0,0,0,0,0,0,0,0,0,0,0,0
891f8d714c3ffff,48.1732,11.6324,muenchen,True,1300,12.1717,492,False,0.414708,False,646,0.874426,0,0,0,0,0,0,0,0,0,0,0,0,0,0,0,0,0,0,0,0,0,0,0,0,0,0,0,0,0,0,0,0,0,0
891f8d714c7ffff,48.1735,11.6371,muenchen,True,1081,14.6729,604,False,0.44222,False,793,0.957711,0,0,0,0,0,0,0,1,0,0,0,0,0,1,1,0,0,0,0,0,0,0,0,0,1,0,2,0,0,0,1,0,0,0
891f8d714cbffff,48.1704,11.6303,muenchen,True,983,13.6835,222,False,0.431211,False,422,0.806977,0,0,0,0,0,0,0,0,0,0,0,0,0,0,0,0,0,0,0,0,0,1,0,0,0,0,0,0,0,0,0,0,0,0
891f8d714cfffff,48.1708,11.635,muenchen,True,1201,11.7104,545,False,0.378469,False,637,0.88522,0,0,0,0,0,0,0,0,0,0,2,0,0,0,0,0,0,0,0,0,0,0,0,0,1,0,2,0,0,0,0,0,0,0
891f8d714d3ffff,48.1756,11.6298,muenchen,True,393,15.6671,159,False,0.426065,False,181,0.878613,0,0,0,0,0,0,0,0,0,0,0,0,0,1,1,0,0,0,0,0,0,0,0,0,1,0,3,0,0,0,0,0,0,0
891f8d714d7ffff,48.176,11.6345,muenchen,False,608,14.8395,148,False,0.450479,False,323,0.87037,0,0,0,0,0,0,0,0,0,0,0,0,0,0,0,0,0,0,0,1,0,0,0,0,0,0,0,0,0,0,0,0,0,0
891f8d714dbffff,48.1728,11.6277,muenchen,True,752,13.0972,274,False,0.45,False,388,0.873351,0,0,0,1,0,0,0,0,0,0,0,0,0,0,0,0,0,0,0,0,0,0,0,0,0,0,3,0,0,0,0,0,0,0
891f8d71503ffff,48.174,11.6774,muenchen,True,0,,0,False,0.461337,False,0,0.885067,0,0,0,0,0,0,0,0,0,0,0,0,0,0,0,0,0,0,0,0,0,0,0,0,0,0,0,0,0,0,0,0,0,0
891f8d71507ffff,48.1744,11.6821,muenchen,True,0,,0,False,0.461337,False,0,0.885067,0,0,0,0,0,0,0,0,0,0,0,0,0,0,0,0,0,0,0,0,0,0,0,0,0,0,0,0,0,0,0,0,0,0
891f8d7150bffff,48.1712,11.6753,muenchen,True,3,15.98,0,True,0.461337,True,0,0.885067,0,0,0,0,0,0,0,0,0,0,0,0,0,0,0,0,0,0,0,0,0,0,0,0,0,0,0,0,0,0,0,0,0,0
891f8d7150fffff,48.1716,11.68,muenchen,True,0,,0,False,0.461337,False,0,0.885067,0,0,0,0,0,0,0,0,0,0,0,0,0,0,0,0,0,0,0,0,0,0,0,0,0,0,0,0,0,0,0,0,0,0
891f8d71513ffff,48.1764,11.6748,muenchen,True,0,,0,False,0.461337,False,0,0.885067,0,0,0,0,0,0,0,0,0,0,0,0,0,0,0,0,0,0,0,0,0,0,0,0,0,0,0,0,0,0,0,0,0,0
891f8d71517ffff,48.1768,11.6795,muenchen,True,0,,0,False,0.461337,False,0,0.885067,0,0,0,0,0,0,0,0,0,0,0,0,0,0,0,0,0,0,0,0,0,0,0,0,0,0,0,0,0,0,0,0,0,0
891f8d7151bffff,48.1736,11.6727,muenchen,True,16,15.98,0,True,0.461337,True,6,0.885067,0,0,0,0,0,0,0,0,0,0,0,0,0,0,0,0,0,0,0,0,0,0,0,0,0,0,0,0,0,0,0,0,0,0
891f8d71523ffff,48.1723,11.6894,muenchen,True,0,,0,False,0.461337,False,0,0.885067,0,0,0,0,0,0,0,0,0,0,0,0,0,0,0,0,0,0,0,0,0,0,0,0,0,0,0,0,0,0,0,0,0,0
891f8d71527ffff,48.1727,11.6941,muenchen,True,3,16.17,3,False,0.5,False,3,1,0,0,0,0,0,0,0,0,0,0,0,0,0,0,0,0,0,0,0,0,0,0,0,0,0,0,0,0,0,0,0,0,0,0
891f8d7152bffff,48.1695,11.6873,muenchen,False,0,,0,False,0.461337,False,0,0.885067,0,0,0,0,0,0,0,0,0,0,0,0,0,0,0,0,0,0,0,0,0,0,0,0,0,0,0,0,0,0,0,0,0,0
891f8d7152fffff,48.1699,11.692,muenchen,False,4,16.17,0,True,0.461337,True,0,0.885067,0,0,0,0,0,0,0,0,0,0,0,0,0,0,0,0,0,0,0,0,0,0,0,0,0,0,0,0,0,0,0,0,0,0
891f8d71533ffff,48.1747,11.6868,muenchen,True,0,,0,False,0.461337,False,0,0.885067,0,0,0,0,0,0,0,0,0,0,0,0,0,0,0,0,0,0,0,0,0,0,0,0,0,0,0,0,0,0,0,0,0,0
891f8d71537ffff,48.1751,11.6915,muenchen,True,10,16.17,0,True,0.5,False,3,0.885067,0,0,0,0,0,0,0,0,0,0,0,0,0,0,0,0,0,0,0,0,0,0,0,0,0,0,0,0,0,0,0,0,0,0
891f8d7153bffff,48.1719,11.6847,muenchen,True,0,,0,False,0.461337,False,0,0.885067,0,0,0,0,0,0,0,0,0,0,0,0,0,0,0,0,0,0,0,0,0,0,0,0,0,0,0,0,0,0,0,0,0,0
891f8d71543ffff,48.1681,11.6684,muenchen,True,0,,0,False,0.461337,False,0,0.885067,0,0,0,0,0,0,0,0,0,0,0,0,0,0,0,0,0,0,0,0,0,0,0,0,0,0,0,0,0,0,0,0,0,0
891f8d71547ffff,48.1684,11.6732,muenchen,True,0,,0,False,0.461337,False,0,0.885067,0,0,0,0,0,0,0,0,0,0,0,0,0,0,0,0,0,0,0,0,0,0,0,0,0,0,0,0,0,0,0,0,0,0
891f8d7154bffff,48.1653,11.6663,muenchen,True,4,10.3519,0,True,0.5,False,4,0.885067,0,0,0,0,0,0,0,0,0,0,0,0,0,0,0,0,0,0,0,0,0,0,0,0,0,0,0,0,0,0,0,0,0,0
891f8d7154fffff,48.1657,11.671,muenchen,True,0,,0,False,0.461337,False,0,0.885067,0,0,0,0,0,0,0,0,0,0,0,0,0,0,0,0,0,0,0,0,0,0,0,0,0,0,0,0,0,0,0,0,0,0
891f8d71553ffff,48.1705,11.6659,muenchen,True,3,9.62308,0,True,0.461337,True,0,0.885067,0,0,0,0,0,0,0,0,0,0,0,0,0,0,0,0,0,0,0,0,0,0,0,0,0,0,0,0,0,0,0,0,0,0
891f8d71557ffff,48.1709,11.6706,muenchen,True,9,15.98,0,True,0.461337,True,3,0.885067,0,0,0,0,0,0,0,0,0,0,0,0,0,0,0,0,0,0,0,0,0,0,0,0,0,0,0,0,0,0,0,0,0,0
891f8d7155bffff,48.1677,11.6637,muenchen,True,0,,0,False,0.461337,False,0,0.885067,0,0,0,0,0,0,0,0,0,0,0,0,0,0,0,0,0,0,0,0,0,0,0,0,0,0,0,0,0,0,0,0,0,0
891f8d71563ffff,48.1664,11.6805,muenchen,True,0,,0,False,0.461337,False,0,0.885067,0,0,0,0,0,0,0,0,0,0,0,0,0,0,0,0,0,0,0,0,0,0,0,0,0,0,0,0,0,0,0,0,0,0
891f8d71567ffff,48.1667,11.6852,muenchen,False,0,,0,False,0.461337,False,0,0.885067,0,0,0,0,0,0,0,0,0,0,0,0,0,0,0,0,0,0,0,0,0,0,0,0,0,0,0,0,0,0,0,0,0,0
891f8d7156bffff,48.1636,11.6783,muenchen,True,0,,0,False,0.461337,False,0,0.885067,0,0,0,0,0,0,0,0,0,0,0,0,0,0,0,0,0,0,0,0,0,0,0,0,0,0,0,0,0,0,0,0,0,0
891f8d7156fffff,48.164,11.6831,muenchen,False,0,,0,False,0.461337,False,0,0.885067,0,0,0,0,0,0,0,0,0,0,0,0,0,0,0,0,0,0,0,0,0,0,0,0,0,0,0,0,0,0,0,0,0,0
891f8d71573ffff,48.1688,11.6779,muenchen,True,0,,0,False,0.461337,False,0,0.885067,0,0,0,0,0,0,0,0,0,0,0,0,0,0,0,0,0,0,0,0,0,0,0,0,0,0,0,0,0,0,0,0,0,0
891f8d71577ffff,48.1692,11.6826,muenchen,True,0,,0,False,0.461337,False,0,0.885067,0,0,0,0,0,0,0,0,0,0,0,0,0,0,0,0,0,0,0,0,0,0,0,0,0,0,0,0,0,0,0,0,0,0
891f8d7157bffff,48.166,11.6757,muenchen,True,0,,0,False,0.461337,False,0,0.885067,0,0,0,0,0,0,0,0,0,0,0,0,0,0,0,0,0,0,0,0,0,0,0,0,0,0,0,0,0,0,0,0,0,0
891f8d71583ffff,48.1816,11.6743,muenchen,False,0,,0,False,0.461337,False,0,0.885067,0,0,0,0,0,0,0,0,0,0,0,0,0,0,0,0,0,0,0,0,0,0,0,0,0,0,0,0,0,0,0,0,0,0
891f8d71587ffff,48.182,11.6791,muenchen,False,0,,0,False,0.461337,False,0,0.885067,0,0,0,0,0,0,0,0,0,0,0,0,0,0,0,0,0,0,0,0,0,0,0,0,0,0,0,0,0,0,0,0,0,0
891f8d7158bffff,48.1788,11.6722,muenchen,True,0,,0,False,0.461337,False,0,0.885067,0,0,0,0,0,0,0,0,0,0,0,0,0,0,0,0,0,0,0,0,0,0,0,0,0,0,0,0,0,0,0,0,0,0
891f8d7158fffff,48.1792,11.6769,muenchen,True,0,,0,False,0.461337,False,0,0.885067,0,0,0,0,0,0,0,0,0,0,0,0,0,0,0,0,0,0,0,0,0,0,0,0,0,0,0,0,0,0,0,0,0,0
891f8d71593ffff,48.184,11.6718,muenchen,False,0,,0,False,0.461337,False,0,0.885067,0,0,0,0,0,0,0,0,0,0,0,0,0,0,0,0,0,0,0,0,0,0,0,0,0,0,0,0,0,0,0,0,0,0
891f8d71597ffff,48.1844,11.6765,muenchen,False,0,,0,False,0.461337,False,0,0.885067,0,0,0,0,0,0,0,0,0,0,0,0,0,0,0,0,0,0,0,0,0,0,0,0,0,0,0,0,0,0,0,0,0,0
891f8d7159bffff,48.1812,11.6696,muenchen,True,0,,0,False,0.461337,False,0,0.885067,0,0,0,0,0,0,0,0,0,0,0,0,0,0,0,0,0,0,0,0,0,0,0,0,0,0,0,0,0,0,0,0,0,0
891f8d715a3ffff,48.1799,11.6864,muenchen,True,0,,0,False,0.461337,False,0,0.885067,0,0,0,0,0,0,0,0,0,0,0,0,0,0,0,0,0,0,0,0,0,0,0,0,0,0,0,0,0,0,0,0,0,0
891f8d715a7ffff,48.1803,11.6911,muenchen,True,0,,0,False,0.461337,False,0,0.885067,0,0,0,0,0,0,0,0,0,0,0,0,0,0,0,0,0,0,0,0,0,0,0,0,0,0,0,0,0,0,0,0,0,0
891f8d715abffff,48.1771,11.6842,muenchen,True,0,,0,False,0.461337,False,0,0.885067,0,0,0,0,0,0,0,0,0,0,0,0,0,0,0,0,0,0,0,0,0,0,0,0,0,0,0,0,0,0,0,0,0,0
891f8d715afffff,48.1775,11.689,muenchen,True,0,,0,False,0.461337,False,0,0.885067,0,0,0,0,0,0,0,0,0,0,0,0,0,0,0,0,0,0,0,0,0,0,0,0,0,0,0,0,0,0,0,0,0,0
891f8d715b3ffff,48.1823,11.6838,muenchen,False,0,,0,False,0.461337,False,0,0.885067,0,0,0,0,0,0,0,0,0,0,0,0,0,0,0,0,0,0,0,0,0,0,0,0,0,0,0,0,0,0,0,0,0,0
891f8d715b7ffff,48.1827,11.6885,muenchen,False,0,,0,False,0.461337,False,0,0.885067,0,0,0,0,0,0,0,0,0,0,0,0,0,0,0,0,0,0,0,0,0,0,0,0,0,0,0,0,0,0,0,0,0,0
891f8d715bbffff,48.1795,11.6816,muenchen,True,0,,0,False,0.461337,False,0,0.885067,0,0,0,0,0,0,0,0,0,0,0,0,0,0,0,0,0,0,0,0,0,0,0,0,0,0,0,0,0,0,0,0,0,0
891f8d715c3ffff,48.1757,11.6654,muenchen,True,7,15.98,0,True,0.461337,True,3,0.885067,0,0,0,0,0,0,0,0,0,0,0,0,0,0,0,0,0,0,0,0,0,0,0,0,0,0,0,0,0,0,0,0,0,0
891f8d715c7ffff,48.1761,11.6701,muenchen,True,0,,0,False,0.461337,False,0,0.885067,0,0,0,0,0,0,0,0,0,0,0,0,0,0,0,0,0,0,0,0,0,0,0,0,0,0,0,0,0,0,0,0,0,0
891f8d715cbffff,48.1729,11.6633,muenchen,True,0,,0,False,0.461337,False,0,0.885067,0,0,0,0,0,0,0,0,0,0,0,0,0,0,0,0,0,0,0,0,0,0,0,0,0,0,0,0,0,0,0,0,0,0
891f8d715cfffff,48.1733,11.668,muenchen,True,6,15.98,3,False,0,False,4,0.885067,0,0,0,0,0,0,0,0,0,0,0,0,0,0,0,0,0,0,0,0,0,0,0,0,0,0,0,0,0,0,0,0,0,0
891f8d715d3ffff,48.1781,11.6628,muenchen,False,16,12.2071,0,True,0.461337,True,3,0.885067,0,0,0,0,0,0,0,0,0,0,0,0,0,0,0,0,0,0,0,0,0,0,0,0,0,0,0,0,0,0,0,0,0,0
891f8d715d7ffff,48.1785,11.6675,muenchen,True,11,15.98,0,True,0.5,False,3,0.885067,0,0,0,0,0,0,0,0,0,0,0,0,0,0,0,0,0,0,0,0,0,0,0,0,0,0,0,0,0,0,0,0,0,0
891f8d715dbffff,48.1753,11.6607,muenchen,True,0,,0,False,0.461337,False,0,0.885067,0,0,0,0,0,0,0,0,0,0,0,0,0,0,0,0,0,0,0,0,0,0,0,0,0,0,0,0,0,0,0,0,0,0
891f8d71603ffff,48.1521,11.6296,muenchen,True,655,16.817,214,False,0.43349,False,363,0.887324,0,0,0,0,0,0,0,0,0,0,0,0,1,0,0,0,0,0,0,0,0,0,0,0,0,0,1,0,0,0,0,0,0,0
891f8d71607ffff,48.1524,11.6343,muenchen,True,234,14.9571,38,False,0.308696,False,98,0.823529,0,0,0,0,0,0,0,0,0,0,0,0,0,0,0,0,0,0,0,0,0,0,0,0,0,0,0,0,2,0,0,0,0,0
891f8d7160bffff,48.1493,11.6274,muenchen,True,693,16.811,294,False,0.525937,False,420,0.930456,0,0,0,0,0,0,0,0,0,0,0,0,0,0,0,0,0,0,0,0,0,0,0,0,0,0,1,0,1,0,0,0,0,0
891f8d7160fffff,48.1496,11.6322,muenchen,True,424,15.7489,83,False,0.33253,False,213,0.791045,0,0,0,0,0,0,0,0,0,0,0,0,0,0,0,0,0,0,0,0,0,0,0,0,0,0,0,0,0,0,0,0,0,0
891f8d71613ffff,48.1545,11.627,muenchen,True,44,15.72,15,False,0.277778,False,28,0.84,0,0,0,0,0,0,0,0,0,0,0,0,0,1,0,0,0,0,0,0,0,0,0,0,2,0,2,0,0,0,0,0,0,0
891f8d71617ffff,48.1548,11.6317,muenchen,True,1123,13.829,652,False,0.404996,False,811,0.946914,0,0,0,0,0,0,0,1,1,0,1,0,0,1,0,0,0,0,1,0,0,0,0,0,0,0,0,0,0,0,0,0,0,0
891f8d7161bffff,48.1517,11.6248,muenchen,True,1022,16.1476,352,False,0.416174,False,627,0.927066,0,0,0,0,0,0,0,0,0,0,0,0,0,0,0,0,0,0,0,0,0,0,0,0,0,0,2,0,0,0,0,0,0,0
891f8d71623ffff,48.1504,11.6416,muenchen,True,480,14.5691,87,False,0.396266,False,216,0.808824,0,0,0,1,0,0,0,0,0,1,0,0,1,2,1,0,0,1,1,1,0,0,0,1,0,0,2,0,0,0,0,0,0,0
891f8d71627ffff,48.1507,11.6463,muenchen,True,521,13.6353,78,False,0.380859,False,228,0.799127,0,0,0,0,0,0,0,0,0,0,0,0,0,1,0,0,0,0,0,0,0,0,0,0,0,0,0,0,0,0,0,0,0,0
891f8d7162bffff,48.1476,11.6395,muenchen,True,454,14.3487,104,False,0.356044,False,233,0.908696,0,0,0,0,0,0,0,1,1,0,1,0,0,2,0,0,0,1,0,1,0,0,0,0,0,0,5,0,2,0,0,0,0,0
891f8d7162fffff,48.1479,11.6442,muenchen,True,752,13.1941,271,False,0.375648,False,411,0.890777,0,0,0,0,0,0,0,0,0,0,0,0,0,0,0,0,0,0,0,0,0,0,0,0,0,0,2,0,0,0,0,0,0,0
891f8d71633ffff,48.1528,11.639,muenchen,True,535,14.1591,86,False,0.392336,False,219,0.765854,0,0,0,0,0,0,0,0,0,0,0,0,0,0,0,0,1,0,0,0,0,0,0,0,0,0,1,0,0,0,0,0,0,0
891f8d71637ffff,48.1531,11.6437,muenchen,True,413,13.35,67,False,0.344059,False,192,0.773684,0,0,0,0,0,0,0,0,0,0,0,0,0,0,0,0,0,0,0,0,0,0,0,0,0,0,0,0,0,0,0,0,0,0
891f8d7163bffff,48.15,11.6369,muenchen,True,638,15.154,94,False,0.307812,False,263,0.844106,0,0,0,0,0,0,0,0,0,0,0,0,0,0,0,0,0,0,0,0,0,0,0,0,0,0,0,0,0,0,0,0,0,0
891f8d71643ffff,48.1461,11.6206,muenchen,True,237,14.79,86,False,0.491597,False,142,0.875,0,0,0,0,0,0,0,0,0,0,0,0,0,0,1,0,0,0,0,0,0,0,0,0,0,0,0,0,0,0,0,0,0,0
891f8d71647ffff,48.1465,11.6253,muenchen,True,0,,0,False,0.461337,False,0,0.885067,0,0,0,0,0,0,0,0,0,0,0,0,0,1,0,0,0,0,0,0,0,0,0,0,0,0,1,0,0,0,0,0,0,0
891f8d7164bffff,48.1434,11.6185,muenchen,True,1753,15.9994,628,False,0.511239,False,1082,0.932719,0,0,0,0,0,0,0,1,0,0,0,0,0,0,0,0,0,1,0,0,0,0,0,0,0,0,0,0,1,0,0,0,0,0
891f8d7164fffff,48.1437,11.6232,muenchen,True,698,16.8103,216,False,0.457849,False,377,0.931217,0,0,0,0,0,0,0,0,0,0,0,0,0,0,0,0,0,0,0,0,0,0,0,0,0,0,0,0,0,0,0,0,0,0
891f8d71653ffff,48.1486,11.618,muenchen,True,60,14.1,55,False,0.436364,False,53,1,0,0,0,0,0,0,0,2,0,0,1,0,0,1,0,0,0,0,0,0,0,0,0,0,1,0,4,0,3,0,0,0,0,0
891f8d71657ffff,48.1489,11.6227,muenchen,True,624,13.2124,322,False,0.386777,False,334,0.882716,0,0,0,0,0,0,0,0,0,0,0,0,0,0,0,0,0,0,0,0,0,0,0,0,0,0,3,0,3,0,0,0,0,0
891f8d7165bffff,48.1458,11.6159,muenchen,True,498,15.784,197,False,0.49703,False,301,0.900958,0,0,0,0,0,0,0,0,0,0,0,0,0,0,0,0,0,0,0,0,0,0,0,0,0,0,0,0,0,0,0,0,0,0
891f8d71663ffff,48.1444,11.6326,muenchen,True,71,13.5079,29,False,0.34375,False,44,1,0,0,0,0,0,0,0,0,0,0,0,0,0,0,0,0,0,0,0,0,0,0,0,0,0,0,0,0,0,0,0,0,0,0
891f8d71667ffff,48.1448,11.6373,muenchen,True,500,14.0326,155,False,0.389635,False,243,0.849558,0,1,0,0,0,0,0,0,0,0,0,0,0,1,0,0,0,0,0,0,0,0,0,0,0,0,2,0,0,0,0,0,0,0
891f8d7166bffff,48.1417,11.6305,muenchen,True,278,14.8254,26,False,0.334459,False,109,0.714286,0,0,0,0,0,0,0,0,0,0,0,0,0,0,0,0,0,0,0,0,0,0,0,0,0,0,0,0,1,0,0,0,0,0
891f8d7166fffff,48.142,11.6352,muenchen,True,436,11.967,100,False,0.383908,False,183,0.72067,0,0,0,0,0,0,0,0,0,0,0,0,0,0,0,0,0,0,1,0,0,0,0,0,0,0,3,0,0,0,0,0,0,0
891f8d71673ffff,48.1469,11.63,muenchen,True,695,13.3037,241,False,0.388809,False,394,0.908861,0,0,0,0,0,0,0,0,0,0,0,0,0,0,0,0,0,0,0,0,0,0,0,0,0,0,6,0,2,0,0,0,0,0
891f8d71677ffff,48.1472,11.6347,muenchen,True,580,13.5816,155,False,0.392123,False,254,0.849421,0,0,0,0,0,0,0,0,0,0,0,0,0,0,0,0,0,0,0,0,0,0,0,0,0,0,0,0,0,0,0,0,0,0
891f8d7167bffff,48.1441,11.6279,muenchen,True,393,15.5991,90,False,0.469496,False,184,0.774725,0,0,0,0,0,0,0,0,0,0,0,0,0,1,0,0,0,0,0,0,0,0,0,0,0,0,0,0,0,0,0,0,0,0
891f8d71683ffff,48.1597,11.6265,muenchen,True,53,10.91,5,False,0.345455,False,27,1,0,0,0,0,0,0,0,0,0,0,0,0,0,0,0,0,0,0,0,0,0,0,0,0,0,0,0,0,0,0,0,0,0,0
891f8d71687ffff,48.16,11.6312,muenchen,True,674,13.3184,187,False,0.369985,False,341,0.867508,0,0,0,0,0,0,0,0,0,0,0,0,0,0,0,0,0,0,0,0,0,0,0,0,0,0,0,0,0,0,0,0,0,0
891f8d7168bffff,48.1569,11.6244,muenchen,True,63,9.35,9,False,0.3,False,33,0.875,0,0,0,0,0,0,0,0,0,0,0,0,0,0,0,0,0,0,0,0,0,0,0,0,0,0,0,0,0,0,0,0,0,0
891f8d7168fffff,48.1572,11.6291,muenchen,True,167,15.0885,53,False,0.46875,False,107,0.9,0,0,0,0,0,0,0,0,0,0,0,0,0,1,0,0,0,0,0,0,0,0,0,0,1,0,2,0,0,0,0,0,0,0
891f8d71693ffff,48.1621,11.6239,muenchen,True,334,12.026,63,False,0.331325,False,131,0.773438,0,0,0,0,0,0,0,0,0,0,0,0,0,1,0,0,0,0,0,0,0,0,0,0,0,0,2,0,1,0,0,0,0,0
891f8d71697ffff,48.1624,11.6286,muenchen,True,1529,10.7545,522,False,0.457105,False,627,0.746774,0,0,0,0,0,0,0,2,0,0,1,0,2,2,1,1,0,0,0,0,0,0,0,1,1,0,2,0,0,0,0,0,0,0
891f8d7169bffff,48.1593,11.6218,muenchen,True,853,8.84795,396,False,0.414576,False,489,0.922917,0,0,0,0,0,0,0,0,0,0,0,0,0,0,0,0,0,0,0,0,0,0,0,0,0,0,1,0,0,0,0,0,0,0
891f8d716a3ffff,48.158,11.6385,muenchen,True,769,15.4429,293,False,0.43389,False,465,0.909283,0,0,0,0,0,0,0,0,0,0,0,0,0,0,0,0,0,0,0,0,0,0,0,0,0,0,0,0,0,0,0,0,0,0
891f8d716a7ffff,48.1583,11.6432,muenchen,True,973,12.0256,363,False,0.427824,False,553,0.899824,0,0,0,0,0,0,0,1,1,0,2,0,0,0,0,0,0,0,0,0,0,0,0,0,0,0,4,0,1,0,0,0,0,0
891f8d716abffff,48.1552,11.6364,muenchen,True,767,15.1451,366,False,0.425703,False,498,0.925144,0,0,0,0,0,0,0,0,0,0,2,0,0,2,1,0,0,0,0,1,0,0,0,0,0,0,2,0,0,0,0,0,0,0
891f8d716afffff,48.1555,11.6411,muenchen,True,385,14.3783,161,False,0.496222,False,220,0.922374,0,0,0,0,0,0,0,0,0,0,0,0,0,0,0,0,0,0,0,0,0,0,0,0,0,0,3,0,0,0,0,0,0,0
891f8d716b3ffff,48.1604,11.6359,muenchen,True,562,14.8117,87,False,0.40388,False,221,0.722467,0,0,0,0,0,0,0,0,0,0,0,0,0,0,0,0,0,0,0,0,0,0,0,0,0,0,0,0,0,0,0,0,0,0
891f8d716b7ffff,48.1607,11.6406,muenchen,True,992,12.9972,341,False,0.39596,False,602,0.922559,0,0,0,0,0,0,0,0,0,0,0,0,0,0,0,0,0,0,0,0,0,0,0,0,0,0,2,0,0,0,0,0,0,0
891f8d716bbffff,48.1576,11.6338,muenchen,True,619,13.6727,191,False,0.361564,False,329,0.866667,0,0,0,0,0,0,0,0,0,0,0,0,0,0,0,0,0,0,0,1,0,0,0,0,0,0,0,0,0,0,0,0,0,0
891f8d716c3ffff,48.1537,11.6175,muenchen,True,374,12.7627,193,False,0.52514,False,254,0.983696,0,0,0,0,0,0,0,0,0,0,0,0,0,0,0,0,0,0,0,0,0,0,0,0,1,0,3,0,4,0,0,0,0,0
891f8d716c7ffff,48.1541,11.6223,muenchen,True,461,17.5101,224,False,0.464602,False,328,0.951768,0,0,0,0,0,0,0,0,0,0,1,0,0,0,0,0,0,1,0,0,0,0,0,0,2,0,8,0,0,0,0,0,0,0
891f8d716cbffff,48.151,11.6154,muenchen,True,927,11.8766,410,False,0.476138,False,423,0.87799,0,0,0,0,0,0,0,0,0,0,0,0,0,0,1,0,0,0,0,0,0,0,0,0,0,0,1,0,3,0,0,0,0,0
891f8d716cfffff,48.1513,11.6201,muenchen,True,960,15.5364,742,False,0.446219,False,710,0.977305,1,1,0,0,0,0,0,1,0,1,3,0,0,6,1,1,0,2,0,0,1,1,1,0,0,0,0,1,2,0,0,0,0,0
891f8d716d3ffff,48.1562,11.615,muenchen,True,367,15.9097,72,False,0.405028,False,173,0.928994,0,0,0,0,0,0,0,0,0,0,1,0,0,1,0,0,0,0,0,0,0,0,0,0,0,0,2,0,0,0,0,0,0,0
891f8d716d7ffff,48.1565,11.6197,muenchen,True,401,16.9208,77,False,0.387978,False,179,0.873418,0,0,0,0,0,0,0,0,0,0,0,0,0,0,0,0,0,0,0,0,0,0,0,0,0,0,2,0,0,0,0,0,0,0
891f8d716dbffff,48.1534,11.6128,muenchen,True,444,15.1022,131,False,0.428241,False,235,0.874477,0,0,0,0,0,0,0,0,0,0,0,0,0,1,0,0,0,0,0,0,0,0,0,0,1,0,5,0,0,0,0,0,0,0
891f8d71843ffff,48.1367,11.7377,muenchen,False,0,,0,False,0.461337,False,0,0.885067,0,0,0,0,0,0,0,0,0,0,0,0,0,0,0,0,0,0,0,0,0,0,0,0,0,0,0,0,0,0,0,0,0,0
891f8d71847ffff,48.1371,11.7424,muenchen,False,0,,0,False,0.461337,False,0,0.885067,0,0,0,0,0,0,0,0,0,0,0,0,0,0,0,0,0,0,0,0,0,0,0,0,0,0,0,0,0,0,0,0,0,0
891f8d7184bffff,48.1339,11.7356,muenchen,False,0,,0,False,0.461337,False,0,0.885067,0,0,0,0,0,0,0,0,0,0,0,0,0,0,0,0,0,0,0,0,0,0,0,0,0,0,0,0,0,0,0,0,0,0
891f8d7184fffff,48.1343,11.7403,muenchen,False,0,,0,False,0.461337,False,0,0.885067,0,0,0,0,0,0,0,0,0,0,0,0,0,0,0,0,0,0,0,0,0,0,0,0,0,0,0,0,0,0,0,0,0,0
891f8d71853ffff,48.1391,11.7351,muenchen,False,0,,0,False,0.461337,False,0,0.885067,0,0,0,0,0,0,0,0,0,0,0,0,0,0,0,0,0,0,0,0,0,0,0,0,0,0,0,0,0,0,0,0,0,0
891f8d71857ffff,48.1395,11.7398,muenchen,False,0,,0,False,0.461337,False,0,0.885067,0,0,0,0,0,0,0,0,0,0,0,0,0,0,0,0,0,0,0,0,0,0,0,0,0,0,1,0,1,0,0,0,0,0
891f8d7185bffff,48.1364,11.733,muenchen,False,0,,0,False,0.461337,False,0,0.885067,0,0,0,0,0,0,0,0,0,0,0,0,0,0,0,0,0,0,0,0,0,0,0,0,0,0,0,0,0,0,0,0,0,0
891f8d718c3ffff,48.1443,11.7347,muenchen,False,364,12.4584,79,False,0.370572,False,161,0.753086,0,0,0,0,0,0,0,0,0,0,0,0,0,0,0,0,0,0,0,0,0,0,0,0,0,0,0,0,0,0,0,0,0,0
891f8d718cbffff,48.1416,11.7325,muenchen,False,7,4.5,3,False,0,False,3,1,0,0,0,0,0,0,0,0,0,0,0,0,0,0,0,0,0,0,0,0,0,0,0,0,0,0,0,0,1,0,0,0,0,0
891f8d718cfffff,48.1419,11.7372,muenchen,False,0,,0,False,0.461337,False,0,0.885067,0,0,0,0,0,0,0,0,0,0,0,0,0,0,0,0,0,0,0,0,0,0,0,0,0,0,0,0,1,0,0,0,0,0
891f8d718d3ffff,48.1468,11.7321,muenchen,False,349,12.5394,98,False,0.354571,False,166,0.817143,0,0,0,0,0,0,0,0,0,1,0,0,0,0,0,0,0,0,0,0,0,0,0,1,0,0,2,0,0,0,0,0,0,0
891f8d718dbffff,48.144,11.7299,muenchen,False,375,10.9945,102,False,0.377309,False,185,0.878788,0,0,0,0,0,0,0,0,0,0,0,0,0,0,0,0,0,0,0,0,0,0,0,1,0,0,1,0,0,0,0,0,0,0
891f8d71a03ffff,48.1232,11.7318,muenchen,False,0,,0,False,0.461337,False,0,0.885067,0,0,0,0,0,0,0,0,0,0,0,0,0,0,0,0,0,0,0,0,0,0,0,0,0,0,0,0,0,0,0,0,0,0
891f8d71a0bffff,48.1204,11.7297,muenchen,False,0,,0,False,0.461337,False,0,0.885067,0,0,0,0,0,0,0,0,0,0,0,0,0,0,0,0,0,0,0,0,0,0,0,0,0,0,0,0,0,0,0,0,0,0
891f8d71a13ffff,48.1256,11.7292,muenchen,False,0,,0,False,0.461337,False,0,0.885067,0,0,0,0,0,0,0,0,0,0,0,0,0,0,0,0,0,0,0,0,0,0,0,0,0,0,0,0,0,0,0,0,0,0
891f8d71a17ffff,48.126,11.7339,muenchen,False,0,,0,False,0.461337,False,0,0.885067,0,0,0,0,0,0,0,0,0,0,0,0,0,0,0,0,0,0,0,0,0,0,0,0,0,0,0,0,0,0,0,0,0,0
891f8d71a1bffff,48.1228,11.7271,muenchen,False,0,,0,False,0.461337,False,0,0.885067,0,0,0,0,0,0,0,0,0,0,0,0,0,0,0,0,0,0,0,0,0,0,0,0,0,0,0,0,0,0,0,0,0,0
891f8d71a43ffff,48.1173,11.7228,muenchen,False,0,,0,False,0.461337,False,0,0.885067,0,0,0,0,0,0,0,0,0,0,0,0,0,0,0,0,0,0,0,0,0,0,0,0,0,0,0,0,0,0,0,0,0,0
891f8d71a47ffff,48.1176,11.7275,muenchen,False,0,,0,False,0.461337,False,0,0.885067,0,0,0,0,0,0,0,0,0,0,0,0,0,0,0,0,0,0,0,0,0,0,0,0,0,0,0,0,0,0,0,0,0,0
891f8d71a4bffff,48.1145,11.7207,muenchen,False,13,10.88,3,False,0.5,False,3,0.885067,0,0,0,0,0,0,0,0,0,0,0,0,0,0,0,0,0,0,0,0,0,0,0,0,0,0,0,0,0,0,0,0,0,0
891f8d71a4fffff,48.1149,11.7254,muenchen,False,0,,0,False,0.461337,False,0,0.885067,0,0,0,0,0,0,0,0,0,0,0,0,0,0,0,0,0,0,0,0,0,0,0,0,0,0,0,0,0,0,0,0,0,0
891f8d71a53ffff,48.1197,11.7202,muenchen,False,0,,0,False,0.461337,False,0,0.885067,0,0,0,0,0,0,0,0,0,0,0,0,0,0,0,0,0,0,0,0,0,0,0,0,0,0,0,0,0,0,0,0,0,0
891f8d71a57ffff,48.1201,11.725,muenchen,False,0,,0,False,0.461337,False,0,0.885067,0,0,0,0,0,0,0,0,0,0,0,0,0,0,0,0,0,0,0,0,0,0,0,0,0,0,0,0,0,0,0,0,0,0
891f8d71a5bffff,48.1169,11.7181,muenchen,False,0,,0,False,0.461337,False,0,0.885067,0,0,0,0,0,0,0,0,0,0,0,0,0,0,0,0,0,0,0,0,0,0,0,0,0,0,0,0,0,0,0,0,0,0
891f8d71a6bffff,48.1128,11.7327,muenchen,False,26,5.91429,14,False,0,False,14,1,0,0,0,0,0,0,0,0,0,0,0,0,0,0,0,0,0,0,0,0,0,1,0,0,0,0,0,0,3,0,0,0,0,0
891f8d71a7bffff,48.1152,11.7301,muenchen,False,272,10.5494,97,False,0.369863,False,139,0.87234,0,0,0,0,0,0,0,0,0,0,0,0,0,0,0,0,0,0,0,0,0,0,0,0,0,0,1,0,3,0,0,0,0,0
891f8d71a83ffff,48.1308,11.7287,muenchen,False,0,,0,False,0.461337,False,0,0.885067,0,0,0,0,0,0,0,0,0,0,0,0,0,0,0,0,0,0,0,0,0,0,0,0,0,0,0,0,0,0,0,0,0,0
891f8d71a87ffff,48.1312,11.7335,muenchen,False,73,11.2127,11,False,0.3375,False,34,0.833333,0,0,0,0,0,0,0,0,0,0,0,0,0,0,0,0,0,0,0,0,0,0,0,0,0,0,1,0,0,0,0,0,0,0
891f8d71a8bffff,48.128,11.7266,muenchen,False,0,,0,False,0.461337,False,0,0.885067,0,0,0,0,0,0,0,0,0,0,0,0,0,0,0,0,0,0,0,0,0,0,0,0,0,0,0,0,0,0,0,0,0,0
891f8d71a8fffff,48.1284,11.7313,muenchen,False,0,,0,False,0.461337,False,0,0.885067,0,0,0,0,0,0,0,0,0,0,0,0,0,0,0,0,0,0,0,0,0,0,0,0,0,0,0,0,0,0,0,0,0,0
891f8d71a93ffff,48.1332,11.7262,muenchen,False,0,,0,False,0.461337,False,0,0.885067,0,0,0,0,0,0,0,0,0,0,0,0,0,0,0,0,0,0,0,0,0,0,0,0,0,0,0,0,0,0,0,0,0,0
891f8d71a97ffff,48.1336,11.7309,muenchen,False,0,,0,False,0.461337,False,0,0.885067,0,0,0,0,0,0,0,0,0,0,0,0,0,0,0,0,0,0,0,0,0,0,0,0,0,0,0,0,0,0,0,0,0,0
891f8d71a9bffff,48.1305,11.724,muenchen,False,61,9.65714,7,False,0.32,False,21,1,0,0,0,0,0,0,0,0,0,0,0,0,0,0,0,0,0,0,0,0,0,0,0,0,0,0,2,0,0,0,0,0,0,0
891f8d71ab3ffff,48.1315,11.7382,muenchen,False,337,12.0809,34,False,0.367213,False,132,0.722222,0,0,0,0,0,0,0,0,0,0,0,0,0,0,0,0,0,0,0,0,0,0,0,0,0,0,2,0,0,0,0,0,0,0
891f8d71abbffff,48.1287,11.736,muenchen,False,150,10.32,17,False,0.324324,False,54,0.7,0,0,0,0,0,0,0,0,0,0,0,0,0,0,0,0,0,0,0,0,0,0,0,0,0,0,0,0,0,0,0,0,0,0
891f8d71ac3ffff,48.1249,11.7198,muenchen,False,0,,0,False,0.461337,False,0,0.885067,0,0,0,0,0,0,0,0,0,0,0,0,0,0,0,0,0,0,0,0,0,0,0,0,0,0,0,0,0,0,0,0,0,0
891f8d71ac7ffff,48.1253,11.7245,muenchen,False,0,,0,False,0.461337,False,0,0.885067,0,0,0,0,0,0,0,0,0,0,0,0,0,0,0,0,0,0,0,0,0,0,0,0,0,0,0,0,0,0,0,0,0,0
891f8d71acbffff,48.1221,11.7177,muenchen,False,0,,0,False,0.461337,False,0,0.885067,0,0,0,0,0,0,0,0,0,0,0,0,0,0,0,0,0,0,0,0,0,0,0,0,0,0,0,0,0,0,0,0,0,0
891f8d71acfffff,48.1225,11.7224,muenchen,False,0,,0,False,0.461337,False,0,0.885067,0,0,0,0,0,0,0,0,0,0,0,0,0,0,0,0,0,0,0,0,0,0,0,0,0,0,0,0,0,0,0,0,0,0
891f8d71ad3ffff,48.1273,11.7172,muenchen,False,12,12.8339,0,True,0,False,4,0,0,0,0,0,0,0,0,0,0,0,0,0,0,0,0,0,0,0,0,0,0,0,0,0,0,0,0,0,0,0,0,0,0,0
891f8d71ad7ffff,48.1277,11.7219,muenchen,False,0,,0,False,0.461337,False,0,0.885067,0,0,0,0,0,0,0,0,0,0,0,0,0,0,0,0,0,0,0,0,0,0,0,0,0,0,0,0,0,0,0,0,0,0
891f8d71adbffff,48.1245,11.7151,muenchen,False,0,,0,False,0.461337,False,0,0.885067,0,0,0,0,0,0,0,0,0,0,0,0,0,0,0,0,0,0,0,0,0,0,0,0,0,0,0,0,0,0,0,0,0,0
891f8d71c43ffff,48.1537,11.7196,muenchen,False,210,12.3907,14,False,0.389163,False,61,0.460317,0,0,0,0,0,0,0,0,0,0,0,0,0,0,0,0,0,0,0,0,0,0,0,0,0,0,0,0,0,0,0,0,0,0
891f8d71c47ffff,48.154,11.7243,muenchen,False,396,12.5605,79,False,0.362745,False,163,0.746753,0,0,0,0,0,0,0,1,0,0,0,0,0,1,0,0,0,0,0,0,0,0,0,0,0,0,0,0,0,0,0,0,0,0
891f8d71c4bffff,48.1509,11.7175,muenchen,False,0,,0,False,0.461337,False,0,0.885067,0,0,0,0,0,0,0,0,0,0,0,0,0,0,0,0,0,0,0,0,0,0,0,0,0,0,0,0,0,0,0,0,0,0
891f8d71c4fffff,48.1512,11.7222,muenchen,False,664,13.2339,168,False,0.39028,False,343,0.875354,0,0,0,0,0,0,0,0,0,0,0,0,0,0,0,0,0,0,0,0,0,0,0,0,0,0,1,0,7,0,0,0,0,0
891f8d71c53ffff,48.1561,11.717,muenchen,False,0,,0,False,0.461337,False,0,0.885067,0,0,0,0,0,0,0,0,0,0,0,0,0,0,0,0,0,0,0,0,0,0,0,0,0,0,0,0,0,0,0,0,0,0
891f8d71c57ffff,48.1564,11.7217,muenchen,False,0,,0,False,0.461337,False,0,0.885067,0,0,0,0,0,0,0,0,0,0,0,0,0,0,0,0,0,0,0,0,0,0,0,0,0,0,0,0,0,0,0,0,0,0
891f8d71c5bffff,48.1533,11.7149,muenchen,False,0,,0,False,0.461337,False,0,0.885067,0,0,0,0,0,0,0,0,0,0,0,0,0,0,0,0,0,0,0,0,0,0,0,0,0,0,0,0,0,0,0,0,0,0
891f8d71c6bffff,48.1492,11.7295,muenchen,False,317,12.7388,109,False,0.464646,False,157,0.837349,0,0,0,0,0,1,0,0,0,0,0,0,0,1,0,0,0,0,0,0,0,0,0,0,0,0,2,0,1,0,0,0,0,0
891f8d71c7bffff,48.1516,11.7269,muenchen,False,89,11.0322,18,False,0.406593,False,30,0.666667,0,0,0,0,0,0,0,0,0,0,0,0,0,0,0,0,0,0,0,0,0,0,0,0,0,0,2,0,1,0,0,0,0,0
891f8d71ccbffff,48.1585,11.7144,muenchen,False,0,,0,False,0.461337,False,0,0.885067,0,0,0,0,0,0,0,0,0,0,0,0,0,0,0,0,0,0,0,0,0,0,0,0,0,0,0,0,0,0,0,0,0,0
891f8d71ccfffff,48.1589,11.7191,muenchen,False,8,10.42,4,False,0.461337,True,4,0.885067,0,0,0,0,0,0,0,0,0,0,0,0,0,0,0,0,0,0,0,0,0,0,0,0,0,0,0,0,0,0,0,0,0,0
891f8d71cdbffff,48.1609,11.7118,muenchen,False,0,,0,False,0.461337,False,0,0.885067,0,0,0,0,0,0,0,0,0,0,0,0,0,0,0,0,0,0,0,0,0,0,0,0,0,0,0,0,0,0,0,0,0,0
891f8d71e03ffff,48.1401,11.7137,muenchen,True,0,,0,False,0.461337,False,0,0.885067,0,0,0,0,0,0,0,0,0,0,0,0,0,0,0,0,0,0,0,0,0,0,0,0,0,0,1,0,0,0,0,0,0,0
891f8d71e07ffff,48.1405,11.7184,muenchen,False,0,,0,False,0.461337,False,0,0.885067,0,0,0,0,0,0,0,0,0,0,0,0,0,0,0,0,0,0,0,0,0,0,0,0,0,0,0,0,0,0,0,0,0,0
891f8d71e0bffff,48.1374,11.7115,muenchen,True,0,,0,False,0.461337,False,0,0.885067,0,0,0,0,0,0,0,0,0,0,0,0,0,0,0,0,0,0,0,0,0,0,0,0,0,0,0,0,0,0,0,0,0,0
891f8d71e0fffff,48.1377,11.7163,muenchen,True,3,,0,False,0.461337,True,5,1,0,0,0,0,0,0,0,0,0,1,0,0,0,0,0,0,0,0,0,0,0,0,0,0,0,0,2,0,1,0,0,0,0,0
891f8d71e13ffff,48.1426,11.7111,muenchen,True,0,,0,False,0.461337,False,0,0.885067,0,0,0,0,0,0,0,0,0,0,0,0,0,0,0,0,0,0,0,0,0,0,0,0,0,0,0,0,0,0,0,0,0,0
891f8d71e17ffff,48.1429,11.7158,muenchen,False,0,,0,False,0.461337,False,0,0.885067,0,0,0,0,0,0,0,0,0,0,0,0,0,0,0,0,0,0,0,0,0,0,0,0,0,0,0,0,0,0,0,0,0,0
891f8d71e1bffff,48.1398,11.709,muenchen,True,0,,0,False,0.461337,False,0,0.885067,0,0,0,0,0,0,0,0,0,0,0,0,0,0,0,0,0,0,0,0,0,0,0,0,0,0,0,0,0,0,0,0,0,0
891f8d71e23ffff,48.1384,11.7257,muenchen,False,0,,0,False,0.461337,False,0,0.885067,0,0,0,0,0,0,0,0,0,0,0,0,0,0,0,0,0,0,0,0,0,0,0,0,0,0,0,0,0,0,0,0,0,0
891f8d71e27ffff,48.1388,11.7304,muenchen,False,0,,0,False,0.461337,False,0,0.885067,0,0,0,0,0,0,0,0,0,0,0,0,0,0,0,0,0,0,0,0,0,0,0,0,0,0,0,0,0,0,0,0,0,0
891f8d71e2bffff,48.1356,11.7236,muenchen,False,0,,0,False,0.461337,False,0,0.885067,0,0,0,0,0,0,0,0,0,0,0,0,0,0,0,0,0,0,0,0,0,0,0,0,0,0,0,0,0,0,0,0,0,0
891f8d71e2fffff,48.136,11.7283,muenchen,False,0,,0,False,0.461337,False,0,0.885067,0,0,0,0,0,0,0,0,0,0,0,0,0,0,0,0,0,0,0,0,0,0,0,0,0,0,0,0,0,0,0,0,0,0
891f8d71e33ffff,48.1408,11.7231,muenchen,False,0,,0,False,0.461337,False,0,0.885067,0,0,0,0,0,0,0,0,0,0,0,0,0,0,0,0,0,0,0,0,0,0,0,0,0,0,0,0,0,0,0,0,0,0
891f8d71e37ffff,48.1412,11.7278,muenchen,False,0,,0,False,0.461337,False,0,0.885067,0,0,0,0,0,0,0,0,0,0,0,0,0,0,0,0,0,0,0,0,0,0,0,0,0,0,0,0,0,0,0,0,0,0
891f8d71e3bffff,48.1381,11.721,muenchen,True,0,,0,False,0.461337,False,0,0.885067,0,0,0,0,0,0,0,0,0,0,0,0,0,0,0,0,0,0,0,0,0,0,0,0,0,0,0,0,0,0,0,0,0,0
891f8d71e43ffff,48.1342,11.7047,muenchen,True,326,15.6985,142,False,0.609756,False,138,0.805755,0,0,0,0,0,0,0,1,0,1,0,0,0,0,0,0,0,0,0,0,0,0,0,0,1,0,10,0,0,0,0,0,0,0
891f8d71e47ffff,48.1346,11.7094,muenchen,True,0,,0,False,0.461337,False,0,0.885067,0,0,0,0,0,0,0,0,0,0,0,0,0,0,0,0,0,0,0,0,0,0,0,0,0,0,0,0,0,0,0,0,0,0
891f8d71e4bffff,48.1314,11.7026,muenchen,True,2306,10.4826,777,False,0.420379,False,827,0.658088,0,0,0,0,0,0,0,0,0,0,1,0,0,0,0,0,0,0,0,0,0,0,0,0,0,0,1,0,0,0,0,0,0,0
891f8d71e4fffff,48.1318,11.7073,muenchen,True,0,,0,False,0.461337,False,0,0.885067,0,0,0,0,0,0,0,0,0,0,0,0,0,0,0,0,0,0,0,0,0,0,0,0,0,0,0,0,0,0,0,0,0,0
891f8d71e53ffff,48.1366,11.7021,muenchen,True,0,,0,False,0.461337,False,0,0.885067,0,0,0,0,0,0,0,0,0,0,0,0,0,0,0,0,0,0,0,0,0,0,0,0,0,0,0,0,0,0,0,0,0,0
891f8d71e57ffff,48.137,11.7068,muenchen,True,0,,0,False,0.461337,False,0,0.885067,0,0,0,0,0,0,0,0,0,0,0,0,0,0,0,0,0,0,0,0,0,0,0,0,0,0,0,0,0,0,0,0,0,0
891f8d71e5bffff,48.1339,11.7,muenchen,True,947,10.4795,327,False,0.402542,False,349,0.680352,0,0,0,0,0,0,0,0,0,0,0,0,0,0,0,0,0,0,0,0,0,0,0,0,0,0,0,0,0,0,0,0,0,0
891f8d71e63ffff,48.1325,11.7167,muenchen,False,151,12.8339,0,True,0.272152,False,47,0.395833,0,0,0,0,0,0,0,0,0,0,0,0,0,1,0,0,0,0,0,0,0,0,0,0,0,0,0,0,0,0,0,0,0,0
891f8d71e67ffff,48.1329,11.7214,muenchen,False,0,,0,False,0.461337,False,0,0.885067,0,0,0,0,0,0,0,0,0,0,0,0,0,0,0,0,0,0,0,0,0,0,0,0,0,0,0,0,0,0,0,0,0,0
891f8d71e6bffff,48.1297,11.7146,muenchen,False,204,13.3105,43,False,0.471503,False,79,0.691489,0,0,0,0,0,0,0,0,0,0,0,0,0,1,0,0,0,0,0,0,0,0,0,0,0,0,2,0,1,0,0,0,0,0
891f8d71e6fffff,48.1301,11.7193,muenchen,False,100,13.27,4,False,0.309524,False,37,0.742857,0,0,0,0,0,0,0,0,0,0,0,0,0,0,0,0,0,0,0,0,0,0,0,0,0,0,0,0,1,0,0,0,0,0
891f8d71e73ffff,48.1349,11.7141,muenchen,True,3,15.1038,0,True,0.461337,True,0,0.885067,0,0,0,0,0,0,0,0,0,0,0,0,0,0,0,0,0,0,0,0,0,0,0,0,0,0,0,0,1,0,0,0,0,0
891f8d71e77ffff,48.1353,11.7189,muenchen,True,0,,0,False,0.461337,False,0,0.885067,0,0,0,0,0,0,0,0,0,0,0,0,0,0,0,0,0,0,0,0,0,0,0,0,0,0,0,0,0,0,0,0,0,0
891f8d71e7bffff,48.1322,11.712,muenchen,True,8,11.2482,0,True,0,False,4,0.885067,0,0,0,0,0,0,0,0,0,0,0,0,0,0,0,0,0,0,0,0,0,0,0,0,0,0,0,0,0,0,0,0,0,0
891f8d71e83ffff,48.1477,11.7106,muenchen,True,0,,0,False,0.461337,False,0,0.885067,0,0,0,0,0,0,0,0,0,0,0,0,0,0,0,0,0,0,0,0,0,0,0,0,0,0,0,0,0,0,0,0,0,0
891f8d71e87ffff,48.1481,11.7153,muenchen,False,20,8.39,3,False,0.230769,False,5,0.333333,0,0,0,0,0,0,0,0,0,0,0,0,0,0,0,0,0,0,0,0,0,0,0,0,0,0,0,0,0,0,0,0,0,0
891f8d71e8bffff,48.145,11.7085,muenchen,True,0,,0,False,0.461337,False,0,0.885067,0,0,0,0,0,0,0,0,0,0,0,0,0,0,0,0,0,0,0,0,0,0,0,0,0,0,0,0,1,0,0,0,0,0
891f8d71e8fffff,48.1453,11.7132,muenchen,False,0,,0,False,0.461337,False,0,0.885067,0,0,0,0,0,0,0,0,0,0,0,0,0,0,0,0,0,0,0,0,0,0,0,0,0,0,0,0,0,0,0,0,0,0
891f8d71e93ffff,48.1502,11.708,muenchen,False,0,,0,False,0.461337,False,0,0.885067,0,0,0,0,0,0,0,0,0,0,0,0,0,0,0,0,0,0,0,0,0,0,0,0,0,0,0,0,0,0,0,0,0,0
891f8d71e97ffff,48.1505,11.7127,muenchen,False,0,,0,False,0.461337,False,0,0.885067,0,0,0,0,0,0,0,0,0,0,0,0,0,0,0,0,0,0,0,0,0,0,0,0,0,0,0,0,0,0,0,0,0,0
891f8d71e9bffff,48.1474,11.7059,muenchen,True,0,,0,False,0.461337,False,0,0.885067,0,0,0,0,0,0,0,0,0,0,0,0,0,0,0,0,0,0,0,0,0,0,0,0,0,0,0,0,0,0,0,0,0,0
891f8d71ea3ffff,48.146,11.7226,muenchen,False,458,9.72547,75,False,0.314655,False,174,0.675978,0,0,0,0,0,0,0,0,0,0,0,0,0,0,0,0,0,0,0,0,0,0,0,0,0,0,0,0,0,0,0,0,0,0
891f8d71ea7ffff,48.1464,11.7273,muenchen,False,526,11.6173,163,False,0.43254,False,259,0.861345,1,0,0,0,1,0,0,0,1,0,1,1,0,2,0,0,0,0,0,0,0,0,0,1,0,0,2,1,0,0,0,0,0,0
891f8d71eabffff,48.1433,11.7205,muenchen,False,49,11.2439,0,True,0.227273,False,19,0.692308,0,0,0,0,0,0,0,0,0,0,0,0,0,1,0,0,0,0,0,0,0,0,0,0,0,0,0,0,0,0,0,0,0,0
891f8d71eafffff,48.1436,11.7252,muenchen,False,151,11.7141,32,False,0.441176,False,71,0.868852,0,0,0,0,0,0,0,0,0,0,0,0,0,0,0,0,0,0,0,0,0,0,0,0,0,0,1,0,0,0,0,0,0,0
891f8d71eb3ffff,48.1485,11.72,muenchen,False,258,11.5796,70,False,0.388889,False,125,0.844262,0,0,0,0,0,0,0,0,0,0,0,0,0,0,0,0,0,0,0,0,0,0,0,0,0,0,0,0,0,0,0,0,0,0
891f8d71eb7ffff,48.1488,11.7248,muenchen,False,515,11.6983,103,False,0.383197,False,213,0.804651,0,0,0,0,0,0,0,0,0,0,0,0,0,0,0,0,0,0,0,0,0,0,0,0,0,0,0,0,0,0,0,0,0,0
891f8d71ebbffff,48.1457,11.7179,muenchen,False,108,11.3285,20,False,0.398148,False,41,0.860465,0,0,0,0,0,0,0,0,0,0,0,0,0,0,0,0,0,0,0,0,0,0,0,0,0,0,0,0,0,0,0,0,0,0
891f8d71ec3ffff,48.1418,11.7017,muenchen,True,0,,0,False,0.461337,False,0,0.885067,0,0,0,0,0,0,0,0,0,0,0,0,0,0,0,0,0,0,0,0,0,0,0,0,0,0,0,0,0,0,0,0,0,0
891f8d71ec7ffff,48.1422,11.7064,muenchen,True,0,,0,False,0.461337,False,0,0.885067,0,0,0,0,0,0,0,0,0,0,0,0,0,0,0,0,0,0,0,0,0,0,0,0,0,0,0,0,1,0,0,0,0,0
891f8d71ecbffff,48.1391,11.6995,muenchen,True,0,,0,False,0.461337,False,0,0.885067,0,0,0,0,0,0,0,0,0,0,0,0,0,0,0,0,0,0,0,0,0,0,0,0,0,0,0,0,0,0,0,0,0,0
891f8d71ecfffff,48.1394,11.7042,muenchen,True,0,,0,False,0.461337,False,0,0.885067,0,0,0,0,0,0,0,0,0,0,0,0,0,0,0,0,0,0,0,0,0,0,0,0,0,0,0,0,0,0,0,0,0,0
891f8d71ed3ffff,48.1443,11.6991,muenchen,True,0,,0,False,0.461337,False,0,0.885067,0,0,0,0,0,0,0,0,0,0,0,0,0,0,0,0,0,0,0,0,0,0,0,0,0,0,1,0,0,0,0,0,0,0
891f8d71ed7ffff,48.1446,11.7038,muenchen,True,0,,0,False,0.461337,False,0,0.885067,0,0,0,0,0,0,0,0,0,0,0,0,0,0,0,0,0,0,0,0,0,0,0,0,0,0,1,0,0,0,0,0,0,0
891f8d71edbffff,48.1415,11.6969,muenchen,True,0,,0,False,0.461337,False,0,0.885067,0,0,0,0,0,0,0,0,0,0,0,0,0,0,0,0,0,0,0,0,0,0,0,0,0,0,0,0,0,0,0,0,0,0
891f8d73003ffff,48.2078,11.6411,muenchen,True,0,,0,False,0.461337,False,0,0.885067,0,0,0,0,0,0,0,0,0,0,0,0,0,0,0,0,0,0,0,0,0,0,0,0,0,0,0,0,0,0,0,0,0,0
891f8d73007ffff,48.2082,11.6458,muenchen,False,0,,0,False,0.461337,False,0,0.885067,0,0,0,0,0,0,0,0,0,0,0,0,0,0,0,0,0,0,0,0,0,0,0,0,0,0,0,0,0,0,0,0,0,0
891f8d7300bffff,48.2051,11.639,muenchen,True,0,,0,False,0.461337,False,0,0.885067,0,0,0,0,0,0,0,0,0,0,0,0,0,0,0,0,0,0,0,0,0,0,0,0,0,0,0,0,0,0,0,0,0,0
891f8d7300fffff,48.2054,11.6437,muenchen,False,0,,0,False,0.461337,False,0,0.885067,0,0,0,0,0,0,0,0,0,0,0,0,0,0,0,0,0,0,0,0,0,0,0,0,0,0,0,0,0,0,0,0,0,0
891f8d73013ffff,48.2102,11.6385,muenchen,True,57,14.48,15,False,0.548387,False,21,0.863636,0,0,0,0,0,0,0,0,0,0,0,0,0,0,0,0,0,0,0,0,0,0,0,0,0,0,0,0,0,0,0,0,0,0
891f8d73017ffff,48.2106,11.6432,muenchen,True,0,,0,False,0.461337,False,0,0.885067,0,0,0,0,0,0,0,0,0,0,0,0,0,0,0,0,0,0,0,0,0,0,0,0,0,0,0,0,0,0,0,0,0,0
891f8d7301bffff,48.2075,11.6364,muenchen,True,0,,0,False,0.461337,False,0,0.885067,0,0,0,0,0,0,0,0,0,0,0,0,0,0,0,0,0,0,0,0,0,0,0,0,0,0,0,0,0,0,0,0,0,0
891f8d73023ffff,48.2061,11.6531,muenchen,False,0,,0,False,0.461337,False,0,0.885067,0,0,0,0,0,0,0,0,0,0,0,0,0,0,0,0,0,0,0,0,0,0,0,0,0,0,0,0,0,0,0,0,0,0
891f8d73027ffff,48.2065,11.6578,muenchen,False,0,,0,False,0.461337,False,0,0.885067,0,0,0,0,0,0,0,0,0,0,0,0,0,0,0,0,0,0,0,0,0,0,0,0,0,0,0,0,1,0,0,0,0,0
891f8d7302bffff,48.2034,11.651,muenchen,False,0,,0,False,0.461337,False,0,0.885067,0,0,0,0,0,0,0,0,0,0,0,0,0,0,0,0,0,0,0,0,0,0,0,0,0,0,0,0,0,0,0,0,0,0
891f8d7302fffff,48.2037,11.6557,muenchen,False,0,,0,False,0.461337,False,0,0.885067,0,0,0,0,0,0,0,0,0,0,0,0,0,0,0,0,0,0,0,0,0,0,0,0,0,0,0,0,0,0,0,0,0,0
891f8d73033ffff,48.2085,11.6505,muenchen,False,0,,0,False,0.461337,False,0,0.885067,0,0,0,0,0,0,0,0,0,0,0,0,0,0,0,0,0,0,0,0,0,0,0,0,0,0,0,0,0,0,0,0,0,0
891f8d73037ffff,48.2089,11.6553,muenchen,False,0,,0,False,0.461337,False,0,0.885067,0,0,0,0,0,0,0,0,0,0,0,0,0,0,0,0,0,0,0,0,0,0,0,0,0,0,0,0,4,0,0,0,0,0
891f8d7303bffff,48.2058,11.6484,muenchen,False,0,,0,False,0.461337,False,0,0.885067,0,0,0,0,0,0,0,0,0,0,0,0,0,0,0,0,0,0,0,0,0,0,0,0,0,0,0,0,0,0,0,0,0,0
891f8d73043ffff,48.2019,11.6321,muenchen,True,0,,0,False,0.461337,False,0,0.885067,0,0,0,0,0,0,0,0,0,0,0,0,0,0,0,0,0,0,0,0,0,0,0,0,0,0,0,0,0,0,0,0,0,0
891f8d73047ffff,48.2023,11.6369,muenchen,True,0,,0,False,0.461337,False,0,0.885067,0,0,0,0,0,0,0,0,0,0,0,0,0,0,0,0,0,0,0,0,0,0,0,0,0,0,0,0,0,0,0,0,0,0
891f8d7304bffff,48.1991,11.63,muenchen,True,72,15.31,16,False,0.637681,False,36,0.742857,0,0,0,0,0,0,0,0,0,0,0,0,0,0,0,0,0,0,0,0,0,0,0,0,0,0,0,0,0,0,0,0,0,0
891f8d7304fffff,48.1995,11.6347,muenchen,True,0,,0,False,0.461337,False,0,0.885067,0,0,0,0,0,0,0,0,0,0,0,0,0,0,0,0,0,0,0,0,0,0,0,0,0,0,0,0,0,0,0,0,0,0
891f8d73053ffff,48.2043,11.6296,muenchen,True,0,,0,False,0.461337,False,0,0.885067,0,0,0,0,0,0,0,0,0,0,0,0,0,0,0,0,0,0,0,0,0,0,0,0,0,0,2,0,0,0,0,0,0,0
891f8d73057ffff,48.2047,11.6343,muenchen,True,0,,0,False,0.461337,False,0,0.885067,0,0,0,0,0,0,0,0,0,0,0,0,0,0,0,0,0,0,0,0,0,0,0,0,0,0,0,0,0,0,0,0,0,0
891f8d7305bffff,48.2016,11.6274,muenchen,True,315,6.53,16,False,0.908795,False,300,1,0,0,0,0,0,0,0,0,0,0,0,0,0,0,0,0,0,0,0,0,0,0,0,0,0,0,0,0,0,0,0,0,0,0
891f8d73063ffff,48.2002,11.6442,muenchen,False,31,12.91,3,False,0.25,False,17,1,0,0,0,0,0,0,0,0,0,0,0,0,0,0,0,0,0,0,0,0,0,0,0,0,0,0,0,0,0,0,0,0,0,0
891f8d73067ffff,48.2006,11.6489,muenchen,False,306,10.6937,89,False,0.371025,False,146,0.865772,0,0,0,0,0,0,0,0,0,0,0,0,0,1,0,0,0,0,1,0,0,0,0,0,0,0,2,0,0,0,0,0,0,0
891f8d7306bffff,48.1974,11.642,muenchen,False,167,11.8631,32,False,0.439024,False,80,0.825397,0,0,0,0,0,0,0,0,0,0,0,0,0,1,0,0,0,0,0,0,0,0,0,0,0,0,0,0,0,0,0,0,0,0
891f8d7306fffff,48.1978,11.6468,muenchen,False,467,11.4782,167,False,0.422078,False,236,0.9,0,0,0,0,0,0,0,0,0,0,0,0,0,1,0,0,0,0,0,0,0,0,0,0,0,0,2,0,0,0,0,0,0,0
891f8d73073ffff,48.2026,11.6416,muenchen,False,0,,0,False,0.461337,False,0,0.885067,0,0,0,0,0,0,0,0,0,0,0,0,0,1,0,0,0,0,0,0,0,0,0,0,0,0,0,0,0,0,0,0,0,0
891f8d73077ffff,48.203,11.6463,muenchen,False,0,,0,False,0.461337,False,0,0.885067,0,0,0,0,0,0,0,0,0,0,0,0,0,0,0,0,0,0,0,0,0,0,0,0,0,0,0,0,0,0,0,0,0,0
891f8d7307bffff,48.1999,11.6395,muenchen,False,0,,0,False,0.461337,False,0,0.885067,0,0,0,0,0,0,0,0,0,0,0,0,0,0,0,0,0,0,0,0,0,0,0,0,0,0,0,0,0,0,0,0,0,0
891f8d73083ffff,48.2154,11.638,muenchen,True,22,11.99,3,False,0.136364,False,9,0.625,0,0,0,0,0,0,0,0,0,0,0,0,0,0,0,0,0,0,0,0,0,0,0,0,0,0,0,0,0,0,0,0,0,0
891f8d73087ffff,48.2158,11.6428,muenchen,True,0,,0,False,0.461337,False,0,0.885067,0,0,0,0,0,0,0,0,0,0,0,0,0,0,0,0,0,0,0,0,0,0,0,0,0,0,0,0,0,0,0,0,0,0
891f8d7308bffff,48.2127,11.6359,muenchen,True,208,13.5312,40,False,0.497537,False,84,0.736842,0,0,0,0,0,0,0,0,0,0,0,0,0,0,0,0,0,0,0,0,0,0,0,0,0,0,0,0,0,0,0,0,0,0
891f8d7308fffff,48.213,11.6406,muenchen,True,17,9.91,6,False,0.55,False,9,0.885067,0,0,0,0,0,0,0,0,0,0,0,0,0,0,0,0,0,0,0,0,0,0,0,0,0,0,0,0,0,0,0,0,0,0
891f8d73093ffff,48.2178,11.6354,muenchen,True,0,,0,False,0.461337,False,0,0.885067,0,0,0,0,0,0,0,0,0,0,0,0,0,0,0,0,0,0,0,0,0,0,0,0,0,0,0,0,0,0,0,0,0,0
891f8d73097ffff,48.2182,11.6402,muenchen,True,0,,0,False,0.461337,False,0,0.885067,0,0,0,0,0,0,0,0,0,0,0,0,0,0,0,0,0,0,0,0,0,0,0,0,0,0,0,0,0,0,0,0,0,0
891f8d7309bffff,48.2151,11.6333,muenchen,True,0,,0,False,0.461337,False,0,0.885067,0,0,0,0,0,0,0,0,0,0,0,0,0,0,0,0,0,0,0,0,0,0,0,0,0,0,1,0,0,0,0,0,0,0
891f8d730a3ffff,48.2137,11.6501,muenchen,False,0,,0,False,0.461337,False,0,0.885067,0,0,0,0,0,0,0,0,0,0,0,0,0,0,0,0,0,0,0,0,0,0,0,0,0,0,0,0,0,0,0,0,0,0
891f8d730a7ffff,48.2141,11.6548,muenchen,False,0,,0,False,0.461337,False,0,0.885067,0,0,0,0,0,0,0,0,0,0,0,0,0,0,0,0,0,0,0,0,0,0,0,0,0,0,0,0,0,0,0,0,0,0
891f8d730abffff,48.211,11.6479,muenchen,True,0,,0,False,0.461337,False,0,0.885067,0,0,0,0,0,0,0,0,0,0,0,0,0,0,0,0,0,0,0,0,0,0,0,0,0,0,0,0,0,0,0,0,0,0
891f8d730afffff,48.2113,11.6527,muenchen,False,0,,0,False,0.461337,False,0,0.885067,0,0,0,0,0,0,0,0,0,0,0,0,0,0,0,0,0,0,0,0,0,0,0,0,0,0,0,0,0,0,0,0,0,0
891f8d730b3ffff,48.2162,11.6475,muenchen,True,0,,0,False,0.461337,False,0,0.885067,0,0,0,0,0,0,0,0,0,0,0,0,0,0,0,0,0,0,0,0,0,0,0,0,0,0,0,0,0,0,0,0,0,0
891f8d730b7ffff,48.2165,11.6522,muenchen,False,0,,0,False,0.461337,False,0,0.885067,0,0,0,0,0,0,0,0,0,0,0,0,0,0,0,0,0,0,0,0,0,0,0,0,0,0,0,0,0,0,0,0,0,0
891f8d730bbffff,48.2134,11.6454,muenchen,True,0,,0,False,0.461337,False,0,0.885067,0,0,0,0,0,0,0,0,0,0,0,0,0,0,0,0,0,0,0,0,0,0,0,0,0,0,0,0,0,0,0,0,0,0
891f8d730c3ffff,48.2095,11.6291,muenchen,True,0,,0,False,0.461337,False,0,0.885067,0,0,0,0,0,0,0,0,0,0,0,0,0,0,0,0,0,0,0,0,0,0,0,0,0,0,0,0,0,0,0,0,0,0
891f8d730c7ffff,48.2099,11.6338,muenchen,True,66,15.25,35,False,0.507692,False,52,0.942308,0,0,0,0,0,0,0,0,0,0,0,0,0,0,0,0,0,0,0,0,0,0,0,0,0,0,2,0,0,0,0,0,0,0
891f8d730cbffff,48.2067,11.627,muenchen,True,0,,0,False,0.461337,False,0,0.885067,0,0,0,0,0,0,0,0,0,0,0,0,0,0,0,0,0,0,0,0,0,0,0,0,0,0,0,0,0,0,0,0,0,0
891f8d730cfffff,48.2071,11.6317,muenchen,True,0,,0,False,0.461337,False,0,0.885067,0,0,0,0,0,0,0,0,0,0,0,0,0,0,0,0,0,0,0,0,0,0,0,0,0,0,2,0,0,0,0,0,0,0
891f8d730d3ffff,48.2119,11.6265,muenchen,True,0,,0,False,0.461337,False,0,0.885067,0,0,0,0,0,0,0,0,0,0,0,0,0,0,0,0,0,0,0,0,0,0,0,0,0,0,0,0,0,0,0,0,0,0
891f8d730d7ffff,48.2123,11.6312,muenchen,True,0,,0,False,0.461337,False,0,0.885067,0,0,0,0,0,0,0,0,0,0,0,0,0,0,0,0,0,0,0,0,0,0,0,0,0,0,0,0,0,0,0,0,0,0
891f8d730dbffff,48.2092,11.6244,muenchen,True,0,,0,False,0.461337,False,0,0.885067,0,0,0,0,0,0,0,0,0,0,0,0,0,0,0,0,0,0,0,0,0,0,0,0,0,0,0,0,0,0,0,0,0,0
891f8d7311bffff,48.21,11.6694,muenchen,False,0,,0,False,0.461337,False,0,0.885067,0,0,0,0,0,0,0,0,0,0,0,0,0,0,0,0,0,0,0,0,0,0,0,0,0,0,0,0,0,0,0,0,0,0
891f8d73143ffff,48.2044,11.6652,muenchen,False,0,,0,False,0.461337,False,0,0.885067,0,0,0,0,0,0,0,0,0,0,0,0,0,0,0,0,0,0,0,0,0,0,0,0,0,0,0,0,0,0,0,0,0,0
891f8d7314bffff,48.2017,11.663,muenchen,False,3,3.26,3,False,0.461337,True,3,0.885067,0,0,0,0,0,0,0,0,0,0,0,0,0,0,0,0,0,0,0,0,0,0,0,0,0,0,0,0,0,0,0,0,0,0
891f8d73153ffff,48.2068,11.6626,muenchen,False,0,,0,False,0.461337,False,0,0.885067,0,0,0,0,0,0,0,0,0,0,0,0,0,0,0,0,0,0,0,0,0,0,0,0,0,0,0,0,0,0,0,0,0,0
891f8d73157ffff,48.2072,11.6673,muenchen,False,0,,0,False,0.461337,False,0,0.885067,0,0,0,0,0,0,0,0,0,0,0,0,0,0,0,0,0,0,0,0,0,0,0,0,0,0,0,0,0,0,0,0,0,0
891f8d7315bffff,48.2041,11.6604,muenchen,False,0,,0,False,0.461337,False,0,0.885067,0,0,0,0,0,0,0,0,0,0,0,0,0,0,0,0,0,0,0,0,0,0,0,0,0,0,0,0,0,0,0,0,0,0
891f8d7318bffff,48.2152,11.6689,muenchen,False,119,9.2,29,False,0.36,False,55,0.82,0,0,0,0,0,0,0,0,0,0,0,0,0,0,0,0,0,0,0,0,0,0,0,0,0,0,0,0,0,0,0,0,0,0
891f8d73193ffff,48.2204,11.6685,muenchen,False,494,11.8624,86,False,0.395161,False,224,0.809955,0,0,0,0,0,0,0,0,0,0,0,0,0,0,0,0,0,0,0,0,0,0,0,0,0,0,1,0,0,0,0,0,0,0
891f8d7319bffff,48.2176,11.6663,muenchen,False,409,11.7372,113,False,0.322892,False,194,0.825641,0,0,0,0,0,0,0,0,0,0,0,0,0,0,0,0,0,0,0,0,0,0,0,0,0,0,0,0,0,0,0,0,0,0
891f8d731c3ffff,48.212,11.6621,muenchen,False,0,,0,False,0.461337,False,0,0.885067,0,0,0,0,0,0,0,0,0,0,0,0,0,0,0,0,0,0,0,0,0,0,0,0,0,0,1,0,0,0,0,0,0,0
891f8d731c7ffff,48.2124,11.6668,muenchen,False,0,,0,False,0.461337,False,0,0.885067,0,0,0,0,0,0,0,0,0,0,0,0,0,0,0,0,0,0,0,0,0,0,0,0,0,0,0,0,0,0,0,0,0,0
891f8d731cbffff,48.2093,11.66,muenchen,False,0,,0,False,0.461337,False,0,0.885067,0,0,0,0,0,0,0,0,0,0,0,0,0,0,0,0,0,0,0,0,0,0,0,0,0,0,2,0,1,0,0,0,0,0
891f8d731cfffff,48.2096,11.6647,muenchen,False,0,,0,False,0.461337,False,0,0.885067,0,0,0,0,0,0,0,0,0,0,0,0,0,0,0,0,0,0,0,0,0,0,0,0,0,0,0,0,0,0,0,0,0,0
891f8d731d3ffff,48.2145,11.6595,muenchen,False,0,,0,False,0.461337,False,0,0.885067,0,0,0,0,0,0,0,0,0,0,0,0,0,0,0,0,0,0,0,0,0,0,0,0,0,0,0,0,0,0,0,0,0,0
891f8d731d7ffff,48.2148,11.6642,muenchen,False,0,,0,False,0.461337,False,0,0.885067,0,0,0,0,0,0,0,0,0,0,0,0,0,0,0,0,0,0,0,0,0,0,0,0,0,0,0,0,0,0,0,0,0,0
891f8d731dbffff,48.2117,11.6574,muenchen,False,0,,0,False,0.461337,False,0,0.885067,0,0,0,0,0,0,0,0,0,0,0,0,0,0,0,0,0,0,0,0,0,0,0,0,0,0,0,0,2,0,0,0,0,0
891f8d73203ffff,48.1884,11.6263,muenchen,True,0,,0,False,0.461337,False,0,0.885067,0,0,0,0,0,0,0,0,0,0,0,0,0,0,0,0,0,0,0,0,0,0,0,0,0,0,0,0,0,0,0,0,0,0
891f8d73207ffff,48.1888,11.631,muenchen,True,0,,0,False,0.461337,False,0,0.885067,0,0,0,0,0,0,0,0,0,0,0,0,0,0,0,0,0,0,0,0,0,0,0,0,0,0,0,0,0,0,0,0,0,0
891f8d7320bffff,48.1856,11.6241,muenchen,True,0,,0,False,0.461337,False,0,0.885067,0,0,0,0,0,0,0,0,0,0,0,0,0,0,0,0,0,0,0,0,0,0,0,0,0,0,0,0,0,0,0,0,0,0
891f8d7320fffff,48.186,11.6288,muenchen,True,0,,0,False,0.461337,False,0,0.885067,0,0,0,0,0,0,0,0,0,0,0,0,0,0,0,0,0,0,0,0,0,0,0,0,0,0,0,0,0,0,0,0,0,0
891f8d73213ffff,48.1908,11.6237,muenchen,True,35,13.8527,11,False,0.3125,False,16,0.818182,0,0,0,0,0,0,0,0,0,0,0,0,0,0,0,0,0,0,0,0,0,0,0,0,0,0,3,0,0,0,0,0,0,0
891f8d73217ffff,48.1912,11.6284,muenchen,True,127,11.6416,51,False,0.25,False,73,0.95,0,0,0,0,0,0,0,0,0,0,0,0,0,0,0,0,0,0,0,0,0,0,0,0,0,0,1,0,0,0,0,0,0,0
891f8d7321bffff,48.188,11.6215,muenchen,True,66,13.077,30,False,0.4375,False,38,1,0,0,0,0,0,0,0,0,0,0,0,0,0,0,0,0,0,0,0,0,0,0,0,0,0,0,0,0,0,0,0,0,0,0
891f8d73223ffff,48.1867,11.6383,muenchen,False,337,15.3026,89,False,0.46988,False,139,0.740741,0,0,0,0,0,0,0,0,0,0,0,0,0,0,0,0,0,0,0,0,0,0,0,0,0,0,5,0,0,0,0,0,0,0
891f8d73227ffff,48.1871,11.643,muenchen,False,1377,14.8153,450,False,0.427641,False,701,0.861777,0,0,0,0,0,0,0,0,0,0,0,0,0,0,0,0,0,0,0,0,0,0,0,0,0,0,0,0,0,0,0,0,0,0
891f8d7322bffff,48.1839,11.6362,muenchen,False,534,12.7905,102,False,0.383142,False,225,0.786026,0,0,0,0,0,0,0,1,0,0,0,0,0,0,0,0,0,0,0,0,0,0,0,0,0,0,0,0,3,0,0,0,0,0
891f8d7322fffff,48.1843,11.6409,muenchen,False,379,14.5715,80,False,0.497222,False,128,0.637097,0,0,0,0,0,0,0,0,0,0,0,0,0,0,0,0,0,1,0,0,0,0,0,0,0,0,0,0,0,0,0,0,0,0
891f8d73233ffff,48.1891,11.6357,muenchen,False,202,11.7454,48,False,0.385,False,85,0.841463,0,0,0,0,0,0,0,0,0,0,0,0,0,0,0,0,0,0,0,0,0,0,0,0,0,0,2,0,0,0,0,0,0,0
891f8d73237ffff,48.1895,11.6404,muenchen,False,1352,11.9534,307,False,0.383869,False,587,0.817717,0,0,0,0,0,0,0,0,0,0,0,0,1,0,0,0,0,0,0,0,0,0,0,0,0,0,1,0,0,0,0,0,0,0
891f8d7323bffff,48.1863,11.6336,muenchen,False,17,8.07,3,False,0.333333,False,8,1,0,0,0,0,0,0,0,0,0,0,0,0,0,0,0,0,0,0,0,0,0,0,0,0,0,0,0,0,0,0,0,0,0,0
891f8d73243ffff,48.1825,11.6173,muenchen,True,0,,0,False,0.461337,False,0,0.885067,0,0,0,0,0,0,0,0,0,0,0,0,0,0,0,0,0,0,0,0,0,0,0,0,0,0,0,0,0,0,0,0,0,0
891f8d73247ffff,48.1828,11.622,muenchen,True,0,,0,False,0.461337,False,0,0.885067,0,0,0,0,0,0,0,0,0,0,0,0,0,0,0,0,0,0,0,0,0,0,0,0,0,0,0,0,0,0,0,0,0,0
891f8d7324bffff,48.1797,11.6152,muenchen,True,0,,0,False,0.461337,False,0,0.885067,0,0,0,0,0,0,0,0,0,0,0,0,0,0,0,0,0,0,0,0,0,0,0,0,0,0,0,0,0,0,0,0,0,0
891f8d7324fffff,48.1801,11.6199,muenchen,True,0,,0,False,0.461337,False,0,0.885067,0,0,0,0,0,0,0,0,0,0,0,0,0,0,0,0,0,0,0,0,0,0,0,0,0,0,0,0,0,0,0,0,0,0
891f8d73253ffff,48.1849,11.6147,muenchen,True,0,,0,False,0.461337,False,0,0.885067,0,0,0,0,0,0,0,0,0,0,0,0,0,1,0,0,0,0,0,0,0,0,0,0,0,0,0,0,0,0,0,0,0,0
891f8d73257ffff,48.1853,11.6194,muenchen,True,0,,0,False,0.461337,False,0,0.885067,0,0,0,0,0,0,0,0,0,0,0,0,0,1,1,0,0,0,0,0,0,0,0,0,0,0,0,0,0,0,0,0,0,0
891f8d7325bffff,48.1821,11.6126,muenchen,True,663,15.3011,18,False,0.873512,False,640,0.972549,0,0,0,0,0,0,0,0,0,0,1,0,0,0,1,0,0,0,0,1,0,0,0,0,0,0,0,0,0,0,0,0,0,0
891f8d73263ffff,48.1808,11.6293,muenchen,False,3,14.3023,0,True,0.461337,True,0,0.885067,0,0,0,0,0,0,0,0,0,0,0,0,0,0,0,0,0,0,0,0,0,0,0,0,0,0,1,0,0,0,0,0,0,0
891f8d73267ffff,48.1812,11.634,muenchen,False,109,11.12,4,False,0.3,False,40,0.684211,0,0,0,0,0,0,0,0,0,0,0,0,0,0,0,0,0,0,0,0,0,0,0,0,0,0,0,0,1,0,0,0,0,0
891f8d7326bffff,48.178,11.6272,muenchen,True,46,19.24,3,False,0.177778,False,20,0.714286,0,0,0,0,0,0,0,0,0,0,0,0,0,0,0,0,0,0,0,0,0,0,0,0,0,0,0,0,0,0,0,0,0,0
891f8d7326fffff,48.1784,11.6319,muenchen,False,219,13.1773,113,False,0.523364,False,146,0.935484,0,0,0,0,0,1,0,2,0,0,1,0,1,0,0,0,0,1,0,0,0,0,0,0,0,0,2,0,3,0,0,0,0,0
891f8d73273ffff,48.1832,11.6267,muenchen,True,0,,0,False,0.461337,False,0,0.885067,0,0,0,0,0,0,0,0,0,0,0,0,0,0,0,0,0,0,0,0,0,0,0,0,0,0,0,0,0,0,0,0,0,0
891f8d73277ffff,48.1836,11.6314,muenchen,False,13,13.6269,0,True,0.666667,False,3,0.885067,0,0,0,0,0,0,0,0,0,0,0,0,0,0,0,0,0,0,0,0,0,0,0,0,0,0,2,0,0,0,0,0,0,0
891f8d7327bffff,48.1804,11.6246,muenchen,True,0,,0,False,0.461337,False,0,0.885067,0,0,0,0,0,0,0,0,0,0,0,0,0,0,0,0,0,0,0,0,0,0,0,0,0,0,0,0,0,0,0,0,0,0
891f8d73283ffff,48.196,11.6232,muenchen,True,236,11.8837,32,False,0.399177,False,114,0.888889,0,0,0,0,0,0,0,0,0,0,0,0,0,0,0,0,0,0,0,0,0,0,0,0,0,0,5,0,0,0,0,0,0,0
891f8d73287ffff,48.1964,11.6279,muenchen,True,117,14.3725,36,False,0.387931,False,52,0.807692,0,0,0,0,0,0,0,0,0,0,0,0,0,1,0,0,0,0,0,0,0,0,0,0,0,0,0,0,0,0,0,0,0,0
891f8d7328bffff,48.1932,11.6211,muenchen,True,628,13.8055,226,False,0.455717,False,353,0.893557,0,0,0,0,0,0,0,0,0,0,0,0,0,0,0,0,0,0,0,0,1,0,0,0,0,0,1,0,2,0,0,0,0,0
891f8d7328fffff,48.1936,11.6258,muenchen,True,126,14.2343,14,False,0.367521,False,48,0.703704,0,0,0,0,0,0,0,0,0,0,0,0,0,0,0,0,0,0,0,0,0,0,0,0,0,0,0,0,0,0,0,0,0,0
891f8d73293ffff,48.1984,11.6206,muenchen,True,383,13.9589,38,False,0.338798,False,156,0.86755,0,0,0,0,0,0,0,0,0,0,0,0,0,0,0,0,0,0,0,0,0,0,0,0,0,0,0,0,0,0,0,0,0,0
891f8d73297ffff,48.1988,11.6253,muenchen,True,1279,15.8115,397,False,0.701768,False,886,0.921962,0,0,0,0,0,0,0,1,0,0,1,0,0,1,0,0,0,0,0,0,0,0,0,0,0,0,1,0,0,0,0,0,0,0
891f8d7329bffff,48.1956,11.6185,muenchen,True,166,13.3742,40,False,0.372671,False,89,0.792683,0,0,0,0,0,0,0,0,0,0,0,0,0,1,0,0,0,0,0,0,0,0,0,0,0,0,0,0,0,0,0,0,0,0
891f8d732a3ffff,48.1943,11.6352,muenchen,True,4,12.6145,0,True,0.461337,True,0,0.885067,0,0,0,0,0,0,0,0,0,0,0,0,0,0,0,0,0,0,0,0,0,0,0,0,0,0,0,0,0,0,0,0,0,0
891f8d732a7ffff,48.1947,11.6399,muenchen,False,169,12.9183,36,False,0.440217,False,76,0.821429,0,0,0,0,0,0,0,0,0,0,0,0,0,3,0,0,0,0,0,0,0,0,0,0,0,0,0,0,0,0,0,0,0,0
891f8d732abffff,48.1915,11.6331,muenchen,True,78,12.2076,17,False,0.52459,False,20,0.885067,0,0,0,0,0,0,0,0,0,0,0,0,0,0,0,0,0,0,0,0,0,0,0,0,0,0,0,0,0,0,0,0,0,0
891f8d732afffff,48.1919,11.6378,muenchen,False,311,12.4852,110,False,0.417508,False,138,0.764706,0,0,0,0,0,1,0,0,0,0,0,0,0,1,0,0,0,0,0,0,0,0,0,0,0,0,1,0,1,0,0,0,0,0
891f8d732b3ffff,48.1967,11.6326,muenchen,True,61,15.63,10,False,0.277778,False,31,0.75,0,0,0,0,0,0,0,0,0,0,0,0,0,0,0,0,0,0,0,0,0,0,0,0,0,0,0,0,0,0,0,0,0,0
891f8d732b7ffff,48.1971,11.6373,muenchen,False,0,,0,False,0.461337,False,0,0.885067,0,0,0,0,0,0,0,0,0,0,0,0,0,0,0,0,0,0,0,0,0,0,0,0,0,0,0,0,0,0,0,0,0,0
891f8d732bbffff,48.194,11.6305,muenchen,True,378,15.7057,69,False,0.639037,False,241,0.973094,0,0,0,0,0,0,0,0,0,0,0,0,0,0,0,0,0,0,0,0,0,0,0,0,0,0,0,0,0,0,0,0,0,0
891f8d732c3ffff,48.1901,11.6142,muenchen,True,519,8.19069,334,False,0.508982,False,354,0.951429,0,0,0,0,0,0,0,0,0,0,0,0,0,1,0,0,0,0,0,0,0,0,0,0,0,0,2,0,1,0,0,0,0,0
891f8d732c7ffff,48.1905,11.6189,muenchen,True,1028,17.9875,585,False,0.582609,False,627,0.943128,0,0,0,0,0,0,0,1,0,0,1,0,1,0,0,0,0,0,0,0,0,0,0,0,0,0,1,0,0,0,0,0,0,0
891f8d732cbffff,48.1873,11.6121,muenchen,True,0,,0,False,0.461337,False,0,0.885067,0,0,0,0,0,0,0,0,0,0,0,0,0,0,0,0,0,0,0,0,0,0,0,0,0,0,0,0,0,0,0,0,0,0
891f8d732cfffff,48.1877,11.6168,muenchen,True,263,14.57,73,False,0.393701,False,137,0.876033,0,0,0,0,0,0,0,0,0,0,0,0,0,0,0,0,0,0,0,0,0,0,0,0,0,0,0,0,1,0,0,0,0,0
891f8d732d3ffff,48.1925,11.6116,muenchen,True,185,7.40522,113,False,0.325967,False,118,0.927419,0,0,0,0,0,0,0,0,0,0,0,0,0,1,0,0,0,0,0,0,0,0,0,0,0,0,0,0,1,0,0,0,0,0
891f8d732d7ffff,48.1929,11.6164,muenchen,True,1141,11.3122,505,False,0.540271,False,655,0.910741,0,0,0,0,0,0,0,1,0,0,1,0,1,1,0,0,0,0,1,0,1,0,0,0,1,0,0,0,0,0,0,0,0,0
891f8d732dbffff,48.1897,11.6095,muenchen,True,57,7.2149,49,False,0.516129,False,50,1,0,0,0,0,0,0,0,0,0,0,0,0,0,1,0,0,0,0,0,0,0,0,0,0,0,0,0,0,0,0,0,0,0,0
891f8d73303ffff,48.1909,11.6593,muenchen,False,0,,0,False,0.461337,False,0,0.885067,0,0,0,0,0,0,0,0,0,0,0,0,0,0,0,0,0,0,0,0,0,0,0,0,0,0,0,0,0,0,0,0,0,0
891f8d73307ffff,48.1913,11.664,muenchen,False,0,,0,False,0.461337,False,0,0.885067,0,0,0,0,0,0,0,0,0,0,0,0,0,0,0,0,0,0,0,0,0,0,0,0,0,0,0,0,0,0,0,0,0,0
891f8d7330bffff,48.1881,11.6571,muenchen,False,0,,0,False,0.461337,False,0,0.885067,0,0,0,0,0,0,0,0,0,0,0,0,0,0,0,0,0,0,0,0,0,0,0,0,0,0,1,0,0,0,0,0,0,0
891f8d7330fffff,48.1885,11.6619,muenchen,False,0,,0,False,0.461337,False,0,0.885067,0,0,0,0,0,0,0,0,0,0,0,0,0,0,0,0,0,0,0,0,0,0,0,0,0,0,0,0,0,0,0,0,0,0
891f8d73313ffff,48.1933,11.6567,muenchen,False,0,,0,False,0.461337,False,0,0.885067,0,0,0,0,0,0,0,0,0,0,0,0,0,0,0,0,0,0,0,0,0,0,0,0,0,0,0,0,0,0,0,0,0,0
891f8d73317ffff,48.1937,11.6614,muenchen,False,0,,0,False,0.461337,False,0,0.885067,0,0,0,0,0,0,0,0,0,0,0,0,0,0,0,0,0,0,0,0,0,0,0,0,0,0,0,0,0,0,0,0,0,0
891f8d7331bffff,48.1906,11.6545,muenchen,False,0,,0,False,0.461337,False,0,0.885067,0,0,0,0,0,0,0,0,0,0,0,0,0,1,0,0,0,0,0,0,0,0,0,0,0,0,2,0,0,0,0,0,0,0
891f8d73323ffff,48.1892,11.6713,muenchen,False,0,,0,False,0.461337,False,0,0.885067,0,0,0,0,0,0,0,0,0,0,0,0,0,0,0,0,0,0,0,0,0,0,0,0,0,0,0,0,0,0,0,0,0,0
891f8d73327ffff,48.1896,11.676,muenchen,False,0,,0,False,0.461337,False,0,0.885067,0,0,0,0,0,0,0,0,0,0,0,0,0,0,0,0,0,0,0,0,0,0,0,0,0,0,0,0,0,0,0,0,0,0
891f8d7332bffff,48.1864,11.6692,muenchen,False,0,,0,False,0.461337,False,0,0.885067,0,0,0,0,0,0,0,0,0,0,0,0,0,0,0,0,0,0,0,0,0,0,0,0,0,0,0,0,0,0,0,0,0,0
891f8d7332fffff,48.1868,11.6739,muenchen,False,0,,0,False,0.461337,False,0,0.885067,0,0,0,0,0,0,0,0,0,0,0,0,0,0,0,0,0,0,0,0,0,0,0,0,0,0,0,0,0,0,0,0,0,0
891f8d73333ffff,48.1916,11.6687,muenchen,False,0,,0,False,0.461337,False,0,0.885067,0,0,0,0,0,0,0,0,0,0,0,0,0,0,0,0,0,0,0,0,0,0,0,0,0,0,0,0,0,0,0,0,0,0
891f8d73337ffff,48.192,11.6734,muenchen,False,7,,0,False,0.461337,True,0,0.885067,0,0,0,0,0,0,0,0,0,0,0,0,0,1,1,0,0,0,0,0,0,0,0,0,0,0,0,0,0,0,0,0,0,0
891f8d7333bffff,48.1889,11.6666,muenchen,False,0,,0,False,0.461337,False,0,0.885067,0,0,0,0,0,0,0,0,0,0,0,0,0,0,0,0,0,0,0,0,0,0,0,0,0,0,0,0,0,0,0,0,0,0
891f8d73343ffff,48.185,11.6503,muenchen,False,3,14.7968,0,True,0.461337,True,0,0.885067,0,0,0,0,0,0,0,1,0,0,0,0,0,1,0,0,0,0,0,0,0,0,0,0,0,0,2,0,0,0,0,0,0,0
891f8d73347ffff,48.1854,11.655,muenchen,False,0,,0,False,0.461337,False,0,0.885067,0,0,0,0,0,0,0,0,0,0,0,0,0,0,0,0,0,0,0,0,0,0,0,0,0,0,0,0,1,0,0,0,0,0
891f8d7334bffff,48.1822,11.6482,muenchen,False,0,,0,False,0.461337,False,0,0.885067,0,0,0,0,0,0,0,0,0,0,0,0,0,0,0,0,0,0,0,0,0,0,0,0,0,0,0,0,0,0,0,0,0,0
891f8d7334fffff,48.1826,11.6529,muenchen,False,4,12.8071,0,True,0.5,False,3,1,0,0,0,0,0,0,0,0,0,0,0,0,0,0,0,0,0,0,0,0,0,0,0,0,0,0,2,0,1,0,0,0,0,0
891f8d73353ffff,48.1874,11.6477,muenchen,False,0,,0,False,0.461337,False,0,0.885067,0,0,0,0,0,0,0,0,0,0,0,0,0,0,0,0,0,0,0,0,0,0,0,0,0,0,0,0,0,0,0,0,0,0
891f8d73357ffff,48.1878,11.6524,muenchen,False,0,,0,False,0.461337,False,0,0.885067,0,0,0,0,0,0,0,0,0,0,0,0,0,2,0,0,0,0,0,0,0,0,0,0,0,0,2,0,4,0,0,0,0,0
891f8d7335bffff,48.1846,11.6456,muenchen,False,0,,0,False,0.461337,False,0,0.885067,0,0,0,0,0,0,0,0,0,0,0,0,0,0,0,0,0,0,0,0,0,0,0,0,0,0,0,0,0,0,0,0,0,0
891f8d73363ffff,48.1833,11.6623,muenchen,False,0,,0,False,0.461337,False,0,0.885067,0,0,0,0,0,0,0,0,0,0,0,0,0,0,0,0,0,0,0,0,0,0,0,0,0,0,0,0,0,0,0,0,0,0
891f8d73367ffff,48.1837,11.667,muenchen,False,0,,0,False,0.461337,False,0,0.885067,0,0,0,0,0,0,0,0,0,0,0,0,0,0,0,0,0,0,0,0,0,0,0,0,0,0,0,0,0,0,0,0,0,0
891f8d7336bffff,48.1805,11.6602,muenchen,False,10,11.1782,0,True,0,False,6,0.885067,0,0,0,0,0,0,0,0,0,0,0,0,0,0,0,0,0,0,0,0,0,0,0,0,0,0,0,0,0,0,0,0,0,0
891f8d7336fffff,48.1809,11.6649,muenchen,True,42,11.7437,0,True,0.461538,False,16,0.4,0,0,0,0,0,0,0,0,0,0,0,0,0,0,0,0,0,0,0,0,0,0,0,0,0,0,0,0,0,0,0,0,0,0
891f8d73373ffff,48.1857,11.6597,muenchen,False,0,,0,False,0.461337,False,0,0.885067,0,0,0,0,0,0,0,0,0,0,0,0,0,0,0,0,0,0,0,0,0,0,0,0,0,0,0,0,0,0,0,0,0,0
891f8d73377ffff,48.1861,11.6644,muenchen,False,0,,0,False,0.461337,False,0,0.885067,0,0,0,0,0,0,0,0,0,0,0,0,0,0,0,0,0,0,0,0,0,0,0,0,0,0,0,0,0,0,0,0,0,0
891f8d7337bffff,48.1829,11.6576,muenchen,False,5,19,3,False,0.461337,True,3,1,0,0,0,0,0,0,0,0,0,0,0,0,0,0,0,0,0,0,0,0,0,0,0,0,0,0,0,0,0,0,0,0,0,0
891f8d73383ffff,48.1985,11.6562,muenchen,False,220,8.5511,82,False,0.410714,False,99,0.757009,0,0,0,0,0,0,0,0,0,0,0,0,0,0,0,0,0,0,0,0,0,0,0,0,0,0,0,0,0,0,0,0,0,0
891f8d7338bffff,48.1957,11.6541,muenchen,False,114,9.7916,50,False,0.387931,False,56,0.741935,0,0,0,0,0,0,0,0,0,0,0,0,0,0,0,0,0,0,0,0,0,0,0,0,0,0,0,0,0,0,0,0,0,0
891f8d73393ffff,48.2009,11.6536,muenchen,False,204,10.6165,34,False,0.38806,False,81,0.73494,0,0,0,0,0,0,0,0,0,0,0,0,0,0,0,0,0,0,0,0,0,0,0,0,0,0,0,0,0,0,0,0,0,0
891f8d73397ffff,48.2013,11.6583,muenchen,False,150,7.51364,11,False,0.711409,False,17,1,0,0,0,0,0,0,0,0,0,0,0,0,0,0,0,0,0,0,0,0,0,0,0,1,0,0,0,0,0,0,0,0,0,0
891f8d7339bffff,48.1982,11.6515,muenchen,False,1337,9.44122,583,False,0.37223,False,738,0.91148,0,0,0,0,0,0,0,0,0,0,0,0,0,0,0,0,0,0,0,0,0,0,0,0,0,0,2,0,0,0,0,0,0,0
891f8d733abffff,48.194,11.6661,muenchen,False,0,,0,False,0.461337,False,0,0.885067,0,0,0,0,0,0,0,0,0,0,0,0,0,0,0,0,0,0,0,0,0,0,0,0,0,0,0,0,0,0,0,0,0,0
891f8d733afffff,48.1944,11.6708,muenchen,False,0,,0,False,0.461337,False,0,0.885067,0,0,0,0,0,0,0,0,0,0,0,0,0,0,0,0,0,0,0,0,0,0,0,0,0,0,0,0,0,0,0,0,0,0
891f8d733c3ffff,48.1926,11.6472,muenchen,False,540,11.2512,237,False,0.412613,False,343,0.924419,0,0,0,0,0,0,0,0,0,0,0,0,0,0,0,0,0,0,0,0,0,0,0,0,0,0,2,0,1,0,0,0,0,0
891f8d733c7ffff,48.193,11.652,muenchen,False,4,10.8954,0,True,0,False,0,0.885067,0,0,0,0,0,0,0,0,0,0,0,0,1,1,0,0,0,0,0,0,0,0,0,0,0,0,1,0,1,0,0,0,0,0
891f8d733cbffff,48.1898,11.6451,muenchen,False,201,16.3491,22,False,0.387435,False,75,0.8,0,0,0,0,0,0,0,2,0,0,1,0,0,2,0,0,0,0,0,0,0,0,0,0,0,1,1,1,1,0,0,0,0,0
891f8d733cfffff,48.1902,11.6498,muenchen,False,0,,0,False,0.461337,False,0,0.885067,0,0,0,0,0,0,0,0,0,0,0,0,0,0,0,0,0,0,0,0,0,0,0,0,0,0,3,0,1,0,0,0,0,0
891f8d733d3ffff,48.195,11.6446,muenchen,False,711,12.6257,232,False,0.406993,False,375,0.885714,0,0,0,0,0,0,0,0,0,0,0,0,0,0,0,0,0,0,0,0,0,0,0,0,0,0,3,0,0,0,0,0,0,0
891f8d733d7ffff,48.1954,11.6494,muenchen,False,631,11.3144,243,False,0.404839,False,321,0.879747,0,0,0,0,0,0,0,1,0,0,0,0,0,0,0,0,0,0,0,0,0,0,0,0,0,0,1,0,0,0,0,0,0,0
891f8d733dbffff,48.1923,11.6425,muenchen,False,494,12.377,196,False,0.456389,False,252,0.832669,0,0,0,1,0,0,0,0,0,1,1,0,0,1,0,0,0,0,0,0,0,1,0,0,0,0,4,0,1,0,0,0,0,0
891f8d73403ffff,48.2247,11.6229,muenchen,True,0,,0,False,0.461337,False,0,0.885067,0,0,0,0,0,0,0,0,0,0,0,0,0,0,0,0,0,0,0,0,0,0,0,0,0,0,0,0,0,0,0,0,0,0
891f8d73407ffff,48.2251,11.6277,muenchen,True,0,,0,False,0.461337,False,0,0.885067,0,0,0,0,0,0,0,0,0,0,0,0,0,0,0,0,0,0,0,0,0,0,0,0,0,0,0,0,0,0,0,0,0,0
891f8d7340bffff,48.222,11.6208,muenchen,True,0,,0,False,0.461337,False,0,0.885067,0,0,0,0,0,0,0,0,0,0,0,0,0,0,0,0,0,0,0,0,0,0,0,0,0,0,0,0,0,0,0,0,0,0
891f8d7340fffff,48.2223,11.6255,muenchen,True,0,,0,False,0.461337,False,0,0.885067,0,0,0,0,0,0,0,0,0,0,0,0,0,0,0,0,0,0,0,0,0,0,0,0,0,0,0,0,1,0,0,0,0,0
891f8d73413ffff,48.2271,11.6204,muenchen,True,0,,0,False,0.461337,False,0,0.885067,0,0,0,0,0,0,0,0,0,0,0,0,0,0,0,0,0,0,0,0,0,0,0,0,0,0,0,0,0,0,0,0,0,0
891f8d73417ffff,48.2275,11.6251,muenchen,True,0,,0,False,0.461337,False,0,0.885067,0,0,0,0,0,0,0,0,0,0,0,0,0,0,0,0,0,0,0,0,0,0,0,0,0,0,0,0,0,0,0,0,0,0
891f8d7341bffff,48.2244,11.6182,muenchen,True,0,,0,False,0.461337,False,0,0.885067,0,0,0,0,0,0,0,0,0,0,0,0,0,0,0,0,0,0,0,0,0,0,0,0,0,0,0,0,0,0,0,0,0,0
891f8d73423ffff,48.223,11.635,muenchen,True,0,,0,False,0.461337,False,0,0.885067,0,0,0,0,0,0,0,0,0,0,0,0,0,0,0,0,0,0,0,0,0,0,0,0,0,0,0,0,0,0,0,0,0,0
891f8d73427ffff,48.2234,11.6397,muenchen,False,0,,0,False,0.461337,False,0,0.885067,0,0,0,0,0,0,0,0,0,0,0,0,0,0,0,0,0,0,0,0,0,0,0,0,0,0,0,0,0,0,0,0,0,0
891f8d7342bffff,48.2203,11.6329,muenchen,True,0,,0,False,0.461337,False,0,0.885067,0,0,0,0,0,0,0,0,0,0,0,0,0,0,0,0,0,0,0,0,0,0,0,0,0,0,0,0,0,0,0,0,0,0
891f8d7342fffff,48.2206,11.6376,muenchen,True,4,11.99,0,True,0.461337,True,0,0.885067,0,0,0,0,0,0,0,0,0,0,0,0,0,0,0,0,0,0,0,0,0,0,0,0,0,0,0,0,0,0,0,0,0,0
891f8d73433ffff,48.2255,11.6324,muenchen,True,0,,0,False,0.461337,False,0,0.885067,0,0,0,0,0,0,0,0,0,0,0,0,0,0,0,0,0,0,0,0,0,0,0,0,0,0,0,0,0,0,0,0,0,0
891f8d73437ffff,48.2258,11.6371,muenchen,True,0,,0,False,0.461337,False,0,0.885067,0,0,0,0,0,0,0,0,0,0,0,0,0,0,0,0,0,0,0,0,0,0,0,0,0,0,0,0,0,0,0,0,0,0
891f8d7343bffff,48.2227,11.6303,muenchen,True,0,,0,False,0.461337,False,0,0.885067,0,0,0,0,0,0,0,0,0,0,0,0,0,0,0,0,0,0,0,0,0,0,0,0,0,0,0,0,0,0,0,0,0,0
891f8d73443ffff,48.2188,11.614,muenchen,True,0,,0,False,0.461337,False,0,0.885067,0,0,0,0,0,0,0,0,0,0,0,0,0,0,0,0,0,0,0,0,0,0,0,0,0,0,0,0,0,0,0,0,0,0
891f8d73447ffff,48.2192,11.6187,muenchen,True,0,,0,False,0.461337,False,0,0.885067,0,0,0,0,0,0,0,0,0,0,0,0,0,0,0,0,0,0,0,0,0,0,0,0,0,0,0,0,0,0,0,0,0,0
891f8d7344bffff,48.216,11.6119,muenchen,True,0,,0,False,0.461337,False,0,0.885067,0,0,0,0,0,0,0,0,0,0,0,0,0,0,0,0,0,0,0,0,0,0,0,0,0,0,0,0,0,0,0,0,0,0
891f8d7344fffff,48.2164,11.6166,muenchen,True,0,,0,False,0.461337,False,0,0.885067,0,0,0,0,0,0,0,0,0,0,0,0,0,0,0,0,0,0,0,0,0,0,0,0,0,0,0,0,0,0,0,0,0,0
891f8d73453ffff,48.2212,11.6114,muenchen,True,0,,0,False,0.461337,False,0,0.885067,0,0,0,0,0,0,0,0,0,0,0,0,0,0,0,0,0,0,0,0,0,0,0,0,0,0,0,0,0,0,0,0,0,0
891f8d73457ffff,48.2216,11.6161,muenchen,True,0,,0,False,0.461337,False,0,0.885067,0,0,0,0,0,0,0,0,0,0,0,0,0,0,0,0,0,0,0,0,0,0,0,0,0,0,0,0,0,0,0,0,0,0
891f8d7345bffff,48.2185,11.6093,muenchen,True,0,,0,False,0.461337,False,0,0.885067,0,0,0,0,0,0,0,0,0,0,0,0,0,0,0,0,0,0,0,0,0,0,0,0,0,0,0,0,0,0,0,0,0,0
891f8d73463ffff,48.2171,11.626,muenchen,True,0,,0,False,0.461337,False,0,0.885067,0,0,0,0,0,0,0,0,0,0,0,0,0,0,0,0,0,0,0,0,0,0,0,0,0,0,0,0,0,0,0,0,0,0
891f8d73467ffff,48.2175,11.6307,muenchen,True,0,,0,False,0.461337,False,0,0.885067,0,0,0,0,0,0,0,0,0,0,0,0,0,0,0,0,0,0,0,0,0,0,0,0,0,0,0,0,0,0,0,0,0,0
891f8d7346bffff,48.2144,11.6239,muenchen,True,0,,0,False,0.461337,False,0,0.885067,0,0,0,0,0,0,0,0,0,0,0,0,0,0,0,0,0,0,0,0,0,0,0,0,0,0,0,0,0,0,0,0,0,0
891f8d7346fffff,48.2147,11.6286,muenchen,True,0,,0,False,0.461337,False,0,0.885067,0,0,0,0,0,0,0,0,0,0,0,0,0,0,0,0,0,0,0,0,0,0,0,0,0,0,0,0,0,0,0,0,0,0
891f8d73473ffff,48.2195,11.6234,muenchen,True,0,,0,False,0.461337,False,0,0.885067,0,0,0,0,0,0,0,0,0,0,0,0,0,0,0,0,0,0,0,0,0,1,0,0,0,0,0,0,0,0,0,0,0,0
891f8d73477ffff,48.2199,11.6281,muenchen,True,0,,0,False,0.461337,False,0,0.885067,0,0,0,0,0,0,0,0,0,0,0,0,0,0,0,0,0,0,0,0,0,0,0,0,0,0,0,0,0,0,0,0,0,0
891f8d7347bffff,48.2168,11.6213,muenchen,True,0,,0,False,0.461337,False,0,0.885067,0,0,0,0,0,0,0,0,0,0,0,0,0,0,0,0,0,0,0,0,0,0,0,0,0,0,0,0,0,0,0,0,0,0
891f8d73483ffff,48.2323,11.6199,muenchen,False,0,,0,False,0.461337,False,0,0.885067,0,0,0,0,0,0,0,0,0,0,0,0,0,0,0,0,0,0,0,0,0,0,0,0,0,0,0,0,0,0,0,0,0,0
891f8d73487ffff,48.2327,11.6246,muenchen,False,0,,0,False,0.461337,False,0,0.885067,0,0,0,0,0,0,0,0,0,0,0,0,0,0,0,0,0,0,0,0,0,0,0,0,0,0,0,0,0,0,0,0,0,0
891f8d7348bffff,48.2296,11.6178,muenchen,False,0,,0,False,0.461337,False,0,0.885067,0,0,0,0,0,0,0,0,0,0,0,0,0,0,0,0,0,0,0,0,0,0,0,0,0,0,0,0,0,0,0,0,0,0
891f8d7348fffff,48.2299,11.6225,muenchen,False,0,,0,False,0.461337,False,0,0.885067,0,0,0,0,0,0,0,0,0,0,0,0,0,0,0,0,0,0,0,0,0,0,0,0,0,0,0,0,0,0,0,0,0,0
891f8d73493ffff,48.2347,11.6173,muenchen,False,0,,0,False,0.461337,False,0,0.885067,0,0,0,0,0,0,0,0,0,0,0,0,0,0,0,0,0,0,0,0,0,0,0,0,0,0,0,0,0,0,0,0,0,0
891f8d73497ffff,48.2351,11.622,muenchen,False,0,,0,False,0.461337,False,0,0.885067,0,0,0,0,0,0,0,0,0,0,0,0,0,0,0,0,0,0,0,0,0,0,0,0,0,0,0,0,0,0,0,0,0,0
891f8d7349bffff,48.232,11.6152,muenchen,False,0,,0,False,0.461337,False,0,0.885067,0,0,0,0,0,0,0,0,0,0,0,0,0,0,0,0,0,0,0,0,0,0,0,0,0,0,0,0,0,0,0,0,0,0
891f8d734a3ffff,48.2306,11.6319,muenchen,False,0,,0,False,0.461337,False,0,0.885067,0,0,0,0,0,0,0,0,0,0,0,0,0,0,0,0,0,0,0,0,0,0,0,0,0,0,0,0,0,0,0,0,0,0
891f8d734a7ffff,48.231,11.6366,muenchen,False,0,,0,False,0.461337,False,0,0.885067,0,0,0,0,0,0,0,0,0,0,0,0,0,0,0,0,0,1,0,0,0,0,0,0,0,0,0,0,0,0,0,0,0,0
891f8d734abffff,48.2279,11.6298,muenchen,False,0,,0,False,0.461337,False,0,0.885067,0,0,0,0,0,0,0,0,0,0,0,0,0,0,0,0,0,0,0,0,0,0,0,0,0,0,0,0,0,0,0,0,0,0
891f8d734afffff,48.2282,11.6345,muenchen,False,0,,0,False,0.461337,False,0,0.885067,0,0,0,0,0,0,0,0,0,0,0,0,0,0,0,0,0,0,0,0,0,0,0,0,0,0,0,0,0,0,0,0,0,0
891f8d734b3ffff,48.2331,11.6293,muenchen,False,0,,0,False,0.461337,False,0,0.885067,0,0,0,0,0,0,0,0,0,0,0,0,0,0,0,0,0,0,0,0,0,0,0,0,0,0,0,0,0,0,0,0,0,0
891f8d734b7ffff,48.2334,11.634,muenchen,False,0,,0,False,0.461337,False,0,0.885067,0,0,0,0,0,0,0,0,0,0,0,0,0,0,0,0,0,0,0,0,0,0,0,0,0,0,0,0,0,0,0,0,0,0
891f8d734bbffff,48.2303,11.6272,muenchen,False,0,,0,False,0.461337,False,0,0.885067,0,0,0,0,0,0,0,0,0,0,0,0,0,0,0,0,0,0,0,0,0,0,0,0,0,0,0,0,0,0,0,0,0,0
891f8d734c3ffff,48.2264,11.6109,muenchen,False,0,,0,False,0.461337,False,0,0.885067,0,0,0,0,0,0,0,0,0,0,0,0,0,0,0,0,0,0,0,0,0,0,0,0,0,0,0,0,0,0,0,0,0,0
891f8d734c7ffff,48.2268,11.6156,muenchen,True,0,,0,False,0.461337,False,0,0.885067,0,0,0,0,0,0,0,0,0,0,0,0,0,0,0,0,0,0,0,0,0,0,0,0,0,0,0,0,0,0,0,0,0,0
891f8d734cbffff,48.2236,11.6088,muenchen,True,0,,0,False,0.461337,False,0,0.885067,0,0,0,0,0,0,0,0,0,0,0,0,0,0,0,0,0,0,0,0,0,0,0,0,0,0,0,0,0,0,0,0,0,0
891f8d734cfffff,48.224,11.6135,muenchen,True,0,,0,False,0.461337,False,0,0.885067,0,0,0,0,0,0,0,0,0,0,0,0,0,0,0,0,0,0,0,0,0,0,0,0,0,0,0,0,0,0,0,0,0,0
891f8d734d3ffff,48.2288,11.6083,muenchen,True,0,,0,False,0.461337,False,0,0.885067,0,0,0,0,0,0,0,0,0,0,0,0,0,0,0,0,0,0,0,0,0,0,0,0,0,0,0,0,0,0,0,0,0,0
891f8d734d7ffff,48.2292,11.613,muenchen,False,0,,0,False,0.461337,False,0,0.885067,0,0,0,0,0,0,0,0,0,0,0,0,0,0,0,0,0,0,0,0,0,0,0,0,0,0,0,0,0,0,0,0,0,0
891f8d734dbffff,48.2261,11.6062,muenchen,False,0,,0,False,0.461337,False,0,0.885067,0,0,0,0,0,0,0,0,0,0,0,0,0,0,0,0,0,0,0,0,0,0,0,0,0,0,0,0,0,0,0,0,0,0
891f8d73503ffff,48.2272,11.656,muenchen,False,0,,0,False,0.461337,False,0,0.885067,0,0,0,0,0,0,0,0,0,0,0,0,0,0,0,0,0,0,0,0,0,0,0,0,0,0,0,0,0,0,0,0,0,0
891f8d73507ffff,48.2276,11.6607,muenchen,False,0,,0,False,0.461337,False,0,0.885067,0,0,0,0,0,0,0,0,0,0,0,0,0,0,0,0,0,0,0,0,0,0,0,0,0,0,0,0,0,0,0,0,0,0
891f8d7350bffff,48.2245,11.6538,muenchen,False,0,,0,False,0.461337,False,0,0.885067,0,0,0,0,0,0,0,0,0,0,0,0,0,0,0,0,0,0,0,0,0,0,0,0,0,0,0,0,0,0,0,0,0,0
891f8d7350fffff,48.2248,11.6586,muenchen,False,0,,0,False,0.461337,False,0,0.885067,0,0,0,0,0,0,0,0,0,0,0,0,0,0,0,0,0,0,0,0,0,0,0,0,0,0,0,0,0,0,0,0,0,0
891f8d73513ffff,48.2297,11.6534,muenchen,False,0,,0,False,0.461337,False,0,0.885067,0,0,0,0,0,0,0,0,0,0,0,0,0,0,0,0,0,0,0,0,0,0,0,0,0,0,0,0,0,0,0,0,0,0
891f8d7351bffff,48.2269,11.6513,muenchen,False,0,,0,False,0.461337,False,0,0.885067,0,0,0,0,0,0,0,0,0,0,0,0,0,0,0,0,0,0,0,0,0,0,0,0,0,0,0,0,0,0,0,0,0,0
891f8d7352bffff,48.2228,11.6659,muenchen,False,511,13.73,144,False,0.449248,False,251,0.866071,1,0,0,0,0,0,0,0,0,0,1,0,0,0,0,0,0,0,0,0,0,0,0,0,0,0,0,0,0,0,0,0,0,0
891f8d7353bffff,48.2252,11.6633,muenchen,False,229,12.7536,28,False,0.385787,False,94,0.822917,0,0,0,0,0,0,0,0,0,0,0,0,0,0,0,0,0,0,0,0,0,0,0,0,0,0,0,0,0,0,0,0,0,0
891f8d73543ffff,48.2213,11.647,muenchen,False,0,,0,False,0.461337,False,0,0.885067,0,0,0,0,0,0,0,0,0,0,0,0,0,0,0,0,0,0,0,0,0,0,0,0,0,0,0,0,0,0,0,0,0,0
891f8d73547ffff,48.2217,11.6517,muenchen,False,0,,0,False,0.461337,False,0,0.885067,0,0,0,0,0,0,0,0,0,0,0,0,0,0,0,0,0,0,0,0,0,0,0,0,0,0,0,0,0,0,0,0,0,0
891f8d7354bffff,48.2186,11.6449,muenchen,True,0,,0,False,0.461337,False,0,0.885067,0,0,0,0,0,0,0,0,0,0,0,0,0,0,0,0,0,0,0,0,0,0,0,0,0,0,0,0,0,0,0,0,0,0
891f8d7354fffff,48.2189,11.6496,muenchen,False,0,,0,False,0.461337,False,0,0.885067,0,0,0,0,0,0,0,0,0,0,0,0,0,0,0,0,0,0,0,0,0,0,0,0,0,0,0,0,0,0,0,0,0,0
891f8d73553ffff,48.2238,11.6444,muenchen,False,0,,0,False,0.461337,False,0,0.885067,0,0,0,0,0,0,0,0,0,0,0,0,0,0,0,0,0,0,0,0,0,0,0,0,0,0,0,0,0,0,0,0,0,0
891f8d73557ffff,48.2241,11.6491,muenchen,False,0,,0,False,0.461337,False,0,0.885067,0,0,0,0,0,0,0,0,0,0,0,0,0,0,0,0,0,0,0,0,0,0,0,0,0,0,0,0,0,0,0,0,0,0
891f8d7355bffff,48.221,11.6423,muenchen,False,0,,0,False,0.461337,False,0,0.885067,0,0,0,0,0,0,0,0,0,0,0,0,0,0,0,0,0,0,0,0,0,0,0,0,0,0,0,0,0,0,0,0,0,0
891f8d73563ffff,48.2196,11.659,muenchen,False,396,9.18,66,False,0.304,False,176,0.740331,0,0,0,0,0,0,0,0,0,0,0,0,0,0,0,0,0,0,0,0,0,0,0,0,0,0,0,0,0,0,0,0,0,0
891f8d73567ffff,48.22,11.6637,muenchen,False,1295,12.3099,552,False,0.475323,False,672,0.849772,0,0,0,0,0,0,0,0,0,0,0,0,0,0,0,0,0,0,0,0,0,0,0,0,0,0,1,0,0,0,0,0,0,0
891f8d7356bffff,48.2169,11.6569,muenchen,False,39,12.252,0,True,0.148148,False,13,0.823529,0,0,0,0,0,0,0,0,0,0,0,0,0,0,0,0,0,0,0,0,0,0,0,0,0,0,0,0,0,0,0,0,0,0
891f8d7356fffff,48.2172,11.6616,muenchen,False,345,14.8231,65,False,0.309816,False,157,0.842105,0,0,0,0,0,0,0,0,0,0,0,0,0,0,0,0,0,0,0,0,0,0,0,0,0,0,0,0,0,0,0,0,0,0
891f8d73573ffff,48.2221,11.6564,muenchen,False,0,,0,False,0.461337,False,0,0.885067,0,0,0,0,0,0,0,0,0,0,0,0,0,0,0,0,0,0,0,0,0,0,0,0,0,0,0,0,0,0,0,0,0,0
891f8d73577ffff,48.2224,11.6612,muenchen,False,369,12.7356,128,False,0.365497,False,196,0.890547,0,0,0,0,0,0,0,0,0,0,0,0,0,0,0,0,0,0,0,0,0,0,0,0,0,0,0,0,0,0,0,0,0,0
891f8d7357bffff,48.2193,11.6543,muenchen,False,0,,0,False,0.461337,False,0,0.885067,0,0,0,0,0,0,0,0,0,0,0,0,0,0,0,0,0,0,0,0,0,0,0,0,0,0,0,0,0,0,0,0,0,0
891f8d73583ffff,48.2349,11.6529,muenchen,False,0,,0,False,0.461337,False,0,0.885067,0,0,0,0,0,0,0,0,0,0,0,0,0,0,0,0,0,0,0,0,0,0,0,0,0,0,0,0,0,0,0,0,0,0
891f8d7358bffff,48.2321,11.6508,muenchen,False,0,,0,False,0.461337,False,0,0.885067,0,0,0,0,0,0,0,0,0,0,0,0,0,0,0,0,0,0,0,0,0,0,0,0,0,0,0,0,0,0,0,0,0,0
891f8d7358fffff,48.2324,11.6555,muenchen,False,0,,0,False,0.461337,False,0,0.885067,0,0,0,0,0,0,0,0,0,0,0,0,0,0,0,0,0,0,0,0,0,0,0,0,0,0,0,0,0,0,0,0,0,0
891f8d7359bffff,48.2345,11.6482,muenchen,False,5,12.2343,0,True,0.461337,True,0,0.885067,0,0,0,0,0,0,0,0,0,0,0,0,0,0,0,0,0,0,0,0,0,0,0,0,0,0,0,0,0,0,0,0,0,0
891f8d735c3ffff,48.2289,11.6439,muenchen,False,3,16.3,3,False,1,False,3,0.885067,0,0,0,0,0,0,0,0,0,0,0,0,0,1,0,0,0,0,0,0,0,0,0,0,0,0,0,0,0,0,0,0,0,0
891f8d735c7ffff,48.2293,11.6487,muenchen,False,0,,0,False,0.461337,False,0,0.885067,0,0,0,0,0,0,0,0,0,0,0,0,0,0,0,0,0,0,0,0,0,0,0,0,0,0,0,0,0,0,0,0,0,0
891f8d735cbffff,48.2262,11.6418,muenchen,False,0,,0,False,0.461337,False,0,0.885067,0,0,0,0,0,0,0,0,0,0,0,0,1,0,0,0,0,0,0,0,0,0,0,0,0,0,1,0,0,0,0,0,0,0
891f8d735cfffff,48.2265,11.6465,muenchen,False,0,,0,False,0.461337,False,0,0.885067,0,0,0,0,0,0,0,0,0,0,0,0,0,0,0,0,0,0,0,0,0,0,0,0,0,0,0,0,0,0,0,0,0,0
891f8d735d3ffff,48.2314,11.6413,muenchen,False,107,10.2969,35,False,0.454545,False,47,0.707317,0,0,0,0,0,0,0,0,0,0,0,0,0,0,0,0,0,1,0,0,0,0,0,0,0,0,2,0,1,0,0,0,0,0
891f8d735d7ffff,48.2317,11.6461,muenchen,False,0,,0,False,0.461337,False,0,0.885067,0,0,0,0,0,0,0,0,0,0,0,0,0,0,0,0,0,0,0,0,0,0,0,0,0,0,0,0,0,0,0,0,0,0
891f8d735dbffff,48.2286,11.6392,muenchen,False,0,,0,False,0.461337,False,0,0.885067,0,0,0,0,0,0,0,0,0,0,0,0,0,0,0,0,0,0,0,0,0,0,0,0,0,0,1,0,0,0,0,0,0,0
891f8d73603ffff,48.2053,11.6081,muenchen,True,1358,8.07796,480,False,0.362903,False,649,0.838811,0,0,0,0,0,0,0,0,0,0,0,0,0,0,0,0,0,0,0,0,0,0,0,0,0,0,0,0,0,0,0,0,0,0
891f8d73607ffff,48.2057,11.6128,muenchen,True,524,12.9915,89,False,0.414,False,224,0.831169,0,0,0,0,0,0,0,0,0,0,0,0,0,0,0,0,0,0,0,0,0,0,0,0,0,0,0,0,0,0,0,0,0,0
891f8d7360bffff,48.2025,11.606,muenchen,True,981,7.20579,390,False,0.361336,False,532,0.894834,1,0,0,0,0,0,0,1,0,0,1,0,0,2,0,0,0,0,0,0,0,0,0,0,0,0,0,0,1,0,0,0,0,0
891f8d7360fffff,48.2029,11.6107,muenchen,True,735,13.2522,117,False,0.311902,False,431,0.910755,0,0,0,0,0,0,0,0,1,0,0,0,0,1,0,0,0,0,0,0,0,0,0,0,0,0,3,0,0,0,0,0,0,0
891f8d73613ffff,48.2077,11.6055,muenchen,True,793,6.49262,290,False,0.383354,False,343,0.787172,0,0,0,0,0,0,0,0,0,0,0,0,0,0,0,0,0,0,0,0,0,0,0,0,0,0,0,0,0,0,0,0,0,0
891f8d73617ffff,48.2081,11.6102,muenchen,True,465,15.6515,39,False,0.348018,False,184,0.719577,0,0,0,0,0,0,0,0,0,0,0,0,0,0,0,0,1,0,0,0,0,0,0,0,0,0,0,0,0,0,0,0,0,0
891f8d7361bffff,48.2049,11.6034,muenchen,True,457,8.7266,159,False,0.383817,False,239,0.875519,0,0,0,0,0,0,0,0,0,0,0,0,0,0,0,0,0,0,0,0,0,0,0,0,0,0,0,0,0,0,0,0,0,0
891f8d73623ffff,48.2036,11.6201,muenchen,True,3,11.218,0,True,0.461337,True,0,0.885067,0,0,0,0,0,0,0,0,0,0,0,0,0,0,0,0,0,0,0,0,0,0,0,0,0,0,0,0,0,0,0,0,0,0
891f8d73627ffff,48.204,11.6248,muenchen,True,0,,0,False,0.461337,False,0,0.885067,0,0,0,0,0,0,0,0,0,0,0,0,0,0,0,0,0,0,0,0,0,0,0,0,0,0,0,0,0,0,0,0,0,0
891f8d7362bffff,48.2008,11.618,muenchen,True,153,5.68234,64,False,0.326667,False,67,0.866667,0,0,0,0,0,0,0,0,0,0,0,0,0,0,0,0,0,0,0,0,0,0,0,0,0,0,0,0,0,0,0,0,0,0
891f8d7362fffff,48.2012,11.6227,muenchen,True,200,7.55824,68,False,0.42132,False,85,0.831325,0,0,0,0,0,0,0,0,0,0,0,0,0,0,0,0,0,0,0,0,0,0,0,0,0,0,0,0,0,0,0,0,0,0
891f8d73633ffff,48.206,11.6175,muenchen,True,0,,0,False,0.461337,False,0,0.885067,0,0,0,0,0,0,0,0,0,0,0,0,0,1,0,0,0,0,0,0,0,0,0,0,0,0,0,0,0,0,0,0,0,0
891f8d73637ffff,48.2064,11.6222,muenchen,True,110,8.8425,32,False,0.551402,False,49,0.777778,0,0,0,0,0,0,0,0,0,0,0,0,0,0,0,0,0,0,0,0,0,0,0,0,0,0,0,0,0,0,0,0,0,0
891f8d7363bffff,48.2033,11.6154,muenchen,True,1031,5.66086,197,False,0.267647,False,574,0.939024,0,0,0,0,0,0,0,0,0,0,0,0,1,0,0,0,0,0,0,0,0,0,0,0,1,0,0,0,1,0,0,0,0,0
891f8d73643ffff,48.1994,11.5991,muenchen,True,0,,0,False,0.461337,False,0,0.885067,0,0,0,0,0,0,0,0,0,0,0,0,0,0,0,0,0,0,0,0,0,0,0,0,0,0,1,0,0,0,0,0,0,0
891f8d73647ffff,48.1998,11.6039,muenchen,True,0,,0,False,0.461337,False,0,0.885067,0,0,0,1,0,0,0,0,1,0,0,0,0,0,0,0,0,0,0,0,0,0,0,0,0,0,5,0,2,0,0,0,0,0
891f8d7364bffff,48.1966,11.597,muenchen,True,0,,0,False,0.461337,False,0,0.885067,0,0,0,0,0,0,0,0,0,0,0,0,0,0,0,0,0,0,0,0,0,0,0,0,0,0,0,0,0,0,0,0,0,0
891f8d7364fffff,48.197,11.6017,muenchen,True,0,,0,False,0.461337,False,0,0.885067,0,0,0,0,0,0,0,0,0,0,0,0,0,0,0,0,0,0,0,0,0,0,0,0,0,0,1,0,0,0,0,1,0,0
891f8d73653ffff,48.2018,11.5966,muenchen,True,536,7.01591,88,False,0.40678,False,124,0.704545,0,0,0,0,0,0,0,0,0,0,0,0,0,0,0,0,0,0,0,0,0,0,0,0,0,0,4,0,0,0,0,0,0,0
891f8d73657ffff,48.2022,11.6013,muenchen,True,1635,5.76208,660,False,0.384848,False,660,0.724088,0,0,0,0,0,0,0,0,0,0,0,0,0,0,0,0,0,0,0,0,0,0,0,0,0,0,3,0,0,0,0,0,0,0
891f8d7365bffff,48.199,11.5944,muenchen,True,0,,0,False,0.461337,False,0,0.885067,0,0,0,0,0,0,0,0,0,0,0,0,0,0,0,0,0,0,0,0,0,0,0,0,0,0,0,0,0,0,0,0,0,0
891f8d73663ffff,48.1977,11.6112,muenchen,True,85,4.54,35,False,0.397849,False,35,0.714286,0,0,0,0,0,0,0,0,0,0,0,0,0,1,0,0,0,0,0,0,0,0,0,0,0,0,0,0,0,0,0,0,0,0
891f8d73667ffff,48.1981,11.6159,muenchen,True,672,11.3701,262,False,0.43906,False,379,0.901857,0,0,0,0,0,0,0,0,0,0,0,0,0,0,0,0,0,0,0,0,0,0,0,0,0,0,0,0,1,0,0,0,0,0
891f8d7366bffff,48.1949,11.609,muenchen,True,0,,0,False,0.461337,False,0,0.885067,0,0,0,0,0,0,0,0,0,0,0,0,1,2,0,0,0,0,0,0,1,0,0,0,0,0,3,0,1,0,0,0,0,0
891f8d7366fffff,48.1953,11.6138,muenchen,True,849,8.63157,477,False,0.446429,False,508,0.898,0,0,0,0,0,0,0,0,0,0,0,0,0,0,1,0,0,0,0,0,0,0,0,0,0,0,0,0,1,0,0,0,0,0
891f8d73673ffff,48.2001,11.6086,muenchen,True,532,8.88122,41,False,0.676157,False,366,0.909091,0,0,0,0,0,0,0,0,0,0,0,0,0,0,0,0,0,0,0,0,0,0,0,0,0,0,0,0,1,0,0,0,0,0
891f8d73677ffff,48.2005,11.6133,muenchen,True,655,8.11477,237,False,0.465649,False,415,0.908451,0,0,0,0,0,0,0,0,0,0,0,0,0,0,0,0,0,0,0,0,0,0,0,0,0,0,4,0,0,0,0,0,0,0
891f8d7367bffff,48.1973,11.6065,muenchen,True,3,7.94607,0,True,1,False,3,1,0,0,0,0,0,0,0,0,0,0,1,0,0,1,0,0,0,0,0,0,0,0,0,0,0,0,0,0,1,0,0,0,0,0
891f8d73683ffff,48.2129,11.605,muenchen,True,0,,0,False,0.461337,False,0,0.885067,0,0,0,0,0,0,0,0,0,0,0,0,0,0,0,0,0,0,0,0,0,0,0,0,0,0,0,0,0,0,0,0,0,0
891f8d73687ffff,48.2133,11.6097,muenchen,True,0,,0,False,0.461337,False,0,0.885067,0,0,0,0,0,0,0,0,0,0,0,0,0,0,0,0,0,0,0,0,0,0,0,0,0,0,0,0,0,0,0,0,0,0
891f8d7368bffff,48.2101,11.6029,muenchen,True,0,,0,False,0.461337,False,0,0.885067,0,0,0,0,0,0,0,0,0,0,0,0,0,0,0,0,0,0,0,0,0,0,0,0,0,0,0,0,0,0,0,0,0,0
891f8d7368fffff,48.2105,11.6076,muenchen,True,0,,0,False,0.461337,False,0,0.885067,0,0,0,0,0,0,0,0,0,0,0,0,0,0,0,0,0,0,0,0,0,0,0,0,0,0,0,0,0,0,0,0,0,0
891f8d73693ffff,48.2153,11.6024,muenchen,True,0,,0,False,0.461337,False,0,0.885067,0,0,0,0,0,0,0,0,0,0,0,0,0,0,0,0,0,0,0,0,0,0,0,0,0,0,0,0,0,0,0,0,0,0
891f8d73697ffff,48.2157,11.6072,muenchen,True,0,,0,False,0.461337,False,0,0.885067,0,0,0,0,0,0,0,0,0,0,0,0,0,0,0,0,0,0,0,0,0,0,0,0,0,0,0,0,0,0,0,0,0,0
891f8d7369bffff,48.2125,11.6003,muenchen,True,0,,0,False,0.461337,False,0,0.885067,0,0,0,0,0,0,0,0,0,0,0,0,0,0,0,0,0,0,0,0,0,0,0,0,0,0,0,0,0,0,0,0,0,0
891f8d736a3ffff,48.2112,11.6171,muenchen,True,0,,0,False,0.461337,False,0,0.885067,0,0,0,0,0,0,0,0,0,0,0,0,1,0,0,0,0,0,0,0,0,0,0,0,1,0,0,0,0,0,0,0,0,0
891f8d736a7ffff,48.2116,11.6218,muenchen,True,5,7.83,5,False,1,False,5,1,0,0,0,0,0,0,0,0,0,0,0,0,0,0,0,0,0,0,0,0,0,0,0,0,0,0,1,0,0,0,0,0,0,0
891f8d736abffff,48.2084,11.6149,muenchen,True,547,12.5736,163,False,0.411232,False,195,0.674286,0,0,0,0,0,0,0,0,0,0,0,0,0,0,0,0,0,0,0,0,0,0,0,0,0,0,0,0,0,0,0,0,0,0
891f8d736afffff,48.2088,11.6197,muenchen,True,0,,0,False,0.461337,False,0,0.885067,0,0,0,0,0,0,0,0,0,0,0,0,0,0,0,0,0,0,0,0,1,0,0,0,0,0,0,0,0,0,0,0,0,0
891f8d736b3ffff,48.2136,11.6145,muenchen,True,0,,0,False,0.461337,False,0,0.885067,0,0,0,0,0,0,0,0,0,0,0,0,0,0,0,0,0,0,0,0,0,0,0,0,0,0,0,0,0,0,0,0,0,0
891f8d736b7ffff,48.214,11.6192,muenchen,True,0,,0,False,0.461337,False,0,0.885067,0,0,0,0,0,0,0,0,0,0,0,0,0,0,0,0,0,0,0,0,0,0,0,0,0,0,0,0,0,0,0,0,0,0
891f8d736bbffff,48.2109,11.6123,muenchen,True,814,12.4513,251,False,0.512195,False,372,0.77591,0,0,0,0,0,0,0,0,0,0,0,0,0,0,0,0,0,0,0,0,0,0,0,0,0,0,0,0,0,0,0,0,0,0
891f8d736c3ffff,48.207,11.5961,muenchen,True,536,13.363,64,False,0.36553,False,213,0.737374,0,0,0,0,0,0,0,0,0,0,0,0,0,0,0,0,0,0,0,0,0,0,0,0,0,0,1,0,0,0,0,0,0,0
891f8d736c7ffff,48.2074,11.6008,muenchen,True,1063,14.6683,331,False,0.480383,False,663,0.94487,0,0,0,0,0,0,0,0,0,0,0,0,0,0,0,0,0,0,0,0,0,0,0,0,0,0,0,0,0,0,0,0,0,0
891f8d736cbffff,48.2042,11.594,muenchen,True,532,10.1615,150,False,0.41527,False,248,0.818868,0,0,0,0,0,0,0,0,0,0,0,0,0,0,1,0,0,0,0,0,0,0,0,0,0,0,1,0,0,0,0,0,0,0
891f8d736cfffff,48.2046,11.5987,muenchen,True,720,8.75255,220,False,0.409152,False,313,0.810559,0,0,0,0,0,0,0,1,0,0,0,0,1,0,0,0,0,0,0,0,0,0,0,0,0,0,2,1,0,0,0,0,0,0
891f8d736d3ffff,48.2094,11.5935,muenchen,True,86,14.09,12,False,0.452381,False,28,0.7,0,0,0,0,0,0,0,0,0,0,0,0,0,0,0,0,0,0,0,0,0,0,0,0,0,0,0,0,0,0,0,0,0,0
891f8d736d7ffff,48.2098,11.5982,muenchen,True,121,14.413,23,False,0.401786,False,56,0.854167,0,0,0,0,0,0,0,0,0,0,0,0,0,0,0,0,0,0,0,0,0,0,0,0,0,0,0,0,0,0,0,0,0,0
891f8d736dbffff,48.2066,11.5914,muenchen,True,0,,0,False,0.461337,False,0,0.885067,0,0,0,0,0,0,0,0,0,0,0,0,0,0,0,0,0,0,0,0,0,0,0,0,0,0,0,0,0,0,0,0,0,0
891f8d78183ffff,48.07,11.6512,muenchen,False,37,15.13,7,False,0.487805,False,15,0.85,0,0,0,0,0,0,0,0,0,0,0,0,0,0,0,0,0,0,0,0,0,0,0,0,0,0,0,0,2,0,0,0,0,0
891f8d78187ffff,48.0703,11.6559,muenchen,False,452,9.96528,123,False,0.404598,False,207,0.84434,0,0,0,0,0,0,0,0,0,0,0,0,0,1,0,0,0,0,0,0,0,0,0,0,0,0,2,0,2,0,0,0,0,0
891f8d7818fffff,48.0676,11.6538,muenchen,False,509,12.9818,170,False,0.380198,False,251,0.846774,0,0,0,0,0,0,0,0,0,0,0,0,0,0,0,0,0,0,0,0,0,0,0,0,0,0,0,0,0,0,0,0,0,0
891f8d78193ffff,48.0724,11.6486,muenchen,False,0,,0,False,0.461337,False,0,0.885067,0,0,0,0,0,0,0,0,0,0,0,0,0,0,0,0,0,0,0,0,0,0,0,0,0,0,0,0,4,0,0,0,0,0
891f8d78197ffff,48.0728,11.6533,muenchen,False,170,12.08,24,False,0.497143,False,69,0.868852,0,0,0,0,0,0,0,0,0,0,0,0,0,0,0,0,0,0,0,0,0,0,0,0,0,0,2,0,4,0,0,0,0,0
891f8d7819bffff,48.0696,11.6465,muenchen,False,0,,0,False,0.461337,False,0,0.885067,0,0,0,0,0,0,0,0,0,0,0,0,0,0,0,0,0,0,0,0,0,0,0,0,0,0,0,0,0,0,0,0,0,0
891f8d781a3ffff,48.0683,11.6632,muenchen,False,437,11.8669,52,False,0.342342,False,185,0.787879,0,0,0,0,0,0,0,0,0,0,0,0,0,0,0,0,0,0,0,0,0,0,0,0,0,0,0,0,0,0,0,0,0,0
891f8d781a7ffff,48.0686,11.6679,muenchen,False,469,14.6256,84,False,0.343158,False,195,0.746032,0,0,0,0,0,0,0,0,0,0,0,0,0,1,0,0,0,0,0,0,0,0,0,0,0,0,1,0,1,0,0,0,0,0
891f8d781abffff,48.0655,11.6611,muenchen,False,619,13.4973,230,False,0.458472,False,323,0.8875,0,0,0,0,0,0,0,0,0,0,1,0,0,1,0,0,0,0,1,0,0,0,0,0,0,0,2,0,0,0,0,0,0,0
891f8d781afffff,48.0659,11.6658,muenchen,False,542,11.983,187,False,0.42155,False,299,0.909091,0,1,0,0,0,0,0,1,1,0,2,0,0,3,1,0,0,0,0,1,1,0,0,0,0,0,1,0,4,0,0,0,0,0
891f8d781b3ffff,48.0707,11.6606,muenchen,False,520,12.6006,50,False,0.325758,False,197,0.71,0,0,0,0,0,0,0,0,0,0,0,0,0,0,0,0,0,0,0,0,0,0,0,0,0,0,0,0,0,0,0,0,0,0
891f8d781b7ffff,48.0711,11.6653,muenchen,False,173,11.6819,16,False,0.318182,False,66,0.681818,0,0,0,0,0,0,0,0,0,0,0,0,0,0,0,0,0,1,0,0,0,0,0,0,0,0,0,0,2,0,0,0,0,0
891f8d781bbffff,48.0679,11.6585,muenchen,False,637,12.2759,202,False,0.388199,False,332,0.881789,0,0,0,0,0,0,0,0,0,0,0,0,1,2,0,0,0,0,0,0,0,0,0,0,0,0,2,0,2,0,0,0,0,0
891f8d78403ffff,48.0768,11.6032,muenchen,False,495,12.6166,86,False,0.35743,False,228,0.834746,0,0,0,0,0,0,0,0,0,0,0,0,0,1,0,0,0,0,0,0,0,0,0,0,0,0,1,0,1,0,0,0,0,0
891f8d78407ffff,48.0771,11.6079,muenchen,False,1036,13.5574,230,False,0.420332,False,473,0.797009,0,0,0,0,0,0,0,0,0,0,0,0,0,0,0,0,0,0,0,0,0,0,0,0,0,0,0,0,0,0,0,0,0,0
891f8d7840bffff,48.074,11.6011,muenchen,False,237,13.7439,44,False,0.336134,False,104,0.802198,0,0,0,0,0,0,0,0,0,0,0,0,0,0,0,0,0,0,0,0,0,0,0,0,0,0,1,0,0,0,0,0,0,0
891f8d7840fffff,48.0744,11.6058,muenchen,False,979,13.541,312,False,0.387652,False,531,0.871508,0,0,0,0,0,0,0,0,0,1,0,0,0,1,0,0,0,0,0,0,0,0,0,0,0,0,1,0,4,0,0,0,0,0
891f8d78413ffff,48.0792,11.6006,muenchen,False,342,14.8336,44,False,0.334311,False,145,0.756098,0,0,0,0,0,0,0,0,0,0,0,0,0,0,0,0,0,0,0,0,0,0,0,0,0,0,2,0,0,0,0,0,0,0
891f8d78417ffff,48.0796,11.6053,muenchen,False,619,12.7513,225,False,0.367742,False,296,0.8,0,0,0,0,0,0,0,1,0,0,1,0,0,2,0,0,0,0,0,0,0,0,0,0,0,0,2,0,0,0,0,0,0,0
891f8d7841bffff,48.0764,11.5985,muenchen,False,0,,0,False,0.461337,False,0,0.885067,0,0,0,0,0,0,0,0,0,0,0,0,0,0,0,0,0,0,0,0,0,0,0,0,0,0,0,0,0,0,0,0,0,0
891f8d78423ffff,48.0751,11.6152,muenchen,False,0,,0,False,0.461337,False,0,0.885067,0,0,0,0,0,0,0,0,0,0,0,0,0,1,0,0,0,0,0,0,0,0,0,0,0,0,0,0,1,0,0,0,0,0
891f8d78427ffff,48.0754,11.6199,muenchen,False,0,,0,False,0.461337,False,0,0.885067,0,0,0,0,0,0,0,0,0,0,0,0,0,0,0,0,0,0,0,0,0,0,0,0,0,0,0,0,0,0,0,0,0,0
891f8d78433ffff,48.0775,11.6126,muenchen,False,0,,0,False,0.461337,False,0,0.885067,0,0,0,0,0,0,0,0,0,0,0,0,0,0,0,0,0,0,0,0,0,0,0,0,0,0,0,0,2,0,0,0,0,0
891f8d78437ffff,48.0779,11.6173,muenchen,False,0,,0,False,0.461337,False,0,0.885067,0,0,0,0,0,0,0,0,0,0,0,0,1,0,0,0,0,0,0,0,0,0,0,0,0,0,0,0,5,0,0,0,0,0
891f8d7843bffff,48.0747,11.6105,muenchen,False,586,10.4519,158,False,0.341216,False,300,0.878289,0,0,0,0,0,0,0,0,0,0,0,0,0,0,0,0,0,0,0,0,0,0,0,0,0,0,0,0,1,0,0,0,0,0
891f8d78453ffff,48.0733,11.5917,muenchen,False,0,,0,False,0.461337,False,0,0.885067,0,0,0,0,0,0,0,0,0,0,0,0,0,0,0,0,0,0,0,0,0,0,0,0,0,0,0,0,0,0,0,0,0,0
891f8d78457ffff,48.0736,11.5964,muenchen,False,0,,0,False,0.461337,False,0,0.885067,0,0,0,0,0,0,0,0,0,0,0,0,0,0,0,0,0,0,0,0,0,0,0,0,0,0,0,0,0,0,0,0,0,0
891f8d78483ffff,48.0844,11.6001,muenchen,False,0,,0,False,0.461337,False,0,0.885067,0,0,0,0,0,0,0,0,0,0,0,0,0,0,0,0,0,0,0,0,0,0,0,0,0,0,0,0,0,0,0,0,0,0
891f8d78487ffff,48.0848,11.6049,muenchen,False,0,,0,False,0.461337,False,0,0.885067,0,0,0,0,0,0,0,0,0,0,0,0,0,0,0,0,0,0,0,0,0,0,0,0,0,0,0,0,0,0,0,0,0,0
891f8d7848bffff,48.0816,11.598,muenchen,False,51,15.32,9,False,0.339623,False,21,0.65,0,0,0,0,0,0,0,0,0,0,0,0,0,0,0,0,0,0,0,0,0,0,0,0,0,0,0,0,0,0,0,0,0,0
891f8d7848fffff,48.082,11.6027,muenchen,False,436,12.2002,91,False,0.328704,False,214,0.848341,0,0,0,0,0,0,0,0,0,0,0,0,0,0,0,0,0,0,0,0,0,0,0,0,0,0,2,0,0,0,0,0,0,0
891f8d78493ffff,48.0868,11.5976,muenchen,True,455,12.2527,160,False,0.430493,False,215,0.820276,0,0,0,0,0,0,0,0,0,0,0,0,0,0,0,0,0,0,0,0,0,0,0,0,0,0,2,0,0,0,0,0,0,0
891f8d78497ffff,48.0872,11.6023,muenchen,True,169,9.75667,27,False,0.348066,False,77,0.82,0,0,0,0,0,0,0,1,0,0,1,0,0,0,0,0,0,0,0,0,0,0,0,0,0,0,0,0,0,0,0,0,0,0
891f8d7849bffff,48.084,11.5954,muenchen,False,0,,0,False,0.461337,False,0,0.885067,0,0,0,0,0,0,0,0,0,0,0,0,0,0,0,0,0,0,0,0,0,0,0,0,0,0,0,0,0,0,0,0,0,0
891f8d784a3ffff,48.0827,11.6121,muenchen,False,0,,0,False,0.461337,False,0,0.885067,0,0,0,0,0,0,0,0,0,0,0,0,0,0,0,0,0,0,0,0,0,0,0,0,0,0,0,0,0,0,0,0,0,0
891f8d784a7ffff,48.0831,11.6169,muenchen,False,0,,0,False,0.461337,False,0,0.885067,0,0,0,0,0,0,0,0,0,0,0,0,0,0,0,0,0,0,0,0,0,0,0,0,0,0,0,0,0,0,0,0,0,0
891f8d784abffff,48.0799,11.61,muenchen,False,523,12.0085,237,False,0.440154,False,328,0.947368,0,0,0,0,0,0,0,0,0,0,0,0,0,0,0,0,0,0,0,0,0,0,0,0,0,1,1,0,0,0,0,0,0,0
891f8d784afffff,48.0803,11.6147,muenchen,False,0,,0,False,0.461337,False,0,0.885067,0,0,0,0,0,0,0,0,0,0,0,0,0,0,0,0,0,0,0,0,0,0,0,0,0,0,0,0,4,0,0,0,0,0
891f8d784b3ffff,48.0851,11.6096,muenchen,False,0,,0,False,0.461337,False,0,0.885067,0,0,0,0,0,0,0,0,0,0,0,0,0,0,0,0,0,0,0,0,0,0,0,0,0,0,0,0,0,0,0,0,0,0
891f8d784b7ffff,48.0855,11.6143,muenchen,False,0,,0,False,0.461337,False,0,0.885067,0,0,0,0,0,0,0,0,0,0,0,0,0,0,0,0,0,0,0,0,0,0,0,0,0,0,0,0,0,0,0,0,0,0
891f8d784bbffff,48.0823,11.6074,muenchen,False,888,11.6716,364,False,0.390817,False,437,0.848758,0,0,0,0,0,0,0,0,0,0,0,0,0,0,0,0,0,0,0,0,0,0,0,0,0,0,1,0,0,0,0,0,0,0
891f8d784c3ffff,48.0785,11.5912,muenchen,False,0,,0,False,0.461337,False,0,0.885067,0,0,0,0,0,0,0,0,0,0,0,0,0,0,0,0,0,0,0,0,0,0,0,0,0,0,0,0,0,0,0,0,0,0
891f8d784c7ffff,48.0788,11.5959,muenchen,False,0,,0,False,0.461337,False,0,0.885067,0,0,0,0,0,0,0,0,0,0,0,0,0,0,0,0,0,0,0,0,0,0,0,0,0,0,0,0,0,0,0,0,0,0
891f8d784cbffff,48.0757,11.5891,muenchen,False,0,,0,False,0.461337,False,0,0.885067,0,0,0,0,0,0,0,0,0,0,0,0,0,0,0,0,0,0,0,0,0,0,0,0,0,0,0,0,0,0,0,0,0,0
891f8d784cfffff,48.0761,11.5938,muenchen,False,0,,0,False,0.461337,False,0,0.885067,0,0,0,0,0,0,0,0,0,0,0,0,0,0,0,0,0,0,0,0,0,0,0,0,0,0,0,0,0,0,0,0,0,0
891f8d784d3ffff,48.0809,11.5886,muenchen,False,0,,0,False,0.461337,False,0,0.885067,0,0,0,0,0,0,0,0,0,0,0,0,0,0,0,0,0,0,0,0,0,0,0,0,0,0,0,0,0,0,0,0,0,0
891f8d784d7ffff,48.0813,11.5933,muenchen,False,0,,0,False,0.461337,False,0,0.885067,0,0,0,0,0,0,0,0,0,0,0,0,0,0,0,0,0,0,0,0,0,0,0,0,0,0,0,0,0,0,0,0,0,0
891f8d784dbffff,48.0781,11.5865,muenchen,False,0,,0,False,0.461337,False,0,0.885067,0,0,0,0,0,0,0,0,0,0,0,0,0,0,0,0,0,0,0,0,0,0,0,0,0,0,0,0,0,0,0,0,0,0
891f8d78503ffff,48.0793,11.6362,muenchen,False,0,,0,False,0.461337,False,0,0.885067,0,0,0,0,0,0,0,0,0,0,0,0,0,0,0,0,0,0,0,0,0,0,0,0,0,0,0,1,0,0,0,0,0,0
891f8d78507ffff,48.0797,11.6409,muenchen,False,1727,11.2338,0,True,0.974508,False,0,0.885067,0,0,0,0,0,0,0,0,0,0,0,0,0,1,1,0,0,0,0,0,0,0,0,0,0,0,0,0,0,0,0,0,0,0
891f8d7850bffff,48.0765,11.634,muenchen,False,0,,0,False,0.461337,False,0,0.885067,0,0,0,0,0,0,0,0,0,0,0,0,0,0,0,0,0,0,0,0,0,0,0,0,0,0,0,1,0,0,0,0,0,0
891f8d7850fffff,48.0769,11.6387,muenchen,False,0,,0,False,0.461337,False,0,0.885067,0,0,0,0,0,0,0,0,0,0,0,0,0,0,0,0,0,0,0,0,0,0,0,0,0,0,0,0,0,0,0,0,0,0
891f8d78513ffff,48.0817,11.6336,muenchen,False,721,13.8559,181,False,0.519391,False,354,0.837912,0,0,0,0,0,0,0,0,0,0,0,0,0,0,0,0,0,1,0,0,0,0,0,0,0,0,2,2,0,0,0,0,0,0
891f8d78517ffff,48.0821,11.6383,muenchen,False,7,11.8133,0,True,0,False,3,0.885067,0,0,0,0,0,0,0,0,0,0,0,0,0,0,0,0,0,0,0,0,0,0,0,0,0,0,2,0,3,0,0,0,0,0
891f8d7851bffff,48.0789,11.6314,muenchen,False,0,,0,False,0.461337,False,0,0.885067,0,0,0,0,0,0,0,0,0,0,0,0,0,1,1,0,0,0,0,0,0,0,0,0,0,0,0,0,0,0,0,0,0,0
891f8d78523ffff,48.0776,11.6482,muenchen,False,0,,0,False,0.461337,False,0,0.885067,0,0,0,0,0,0,0,0,0,0,0,0,0,0,0,0,0,0,0,0,0,0,0,0,0,0,0,0,1,0,0,0,0,0
891f8d78527ffff,48.078,11.6529,muenchen,False,802,11.1886,199,False,0.373283,False,351,0.783862,0,0,0,0,0,0,0,0,0,0,1,0,0,2,0,0,0,0,0,0,0,0,0,0,0,0,3,0,1,0,0,0,0,0
891f8d7852bffff,48.0748,11.646,muenchen,False,0,,0,False,0.461337,False,0,0.885067,0,0,0,0,0,0,0,0,0,0,0,0,0,0,0,0,0,0,0,0,0,0,0,0,0,0,0,0,0,0,0,0,0,0
891f8d7852fffff,48.0752,11.6507,muenchen,False,0,,0,False,0.461337,False,0,0.885067,0,0,0,0,0,0,0,0,0,0,0,0,1,0,0,0,0,0,0,0,0,0,0,0,0,0,0,0,2,0,0,0,0,0
891f8d78533ffff,48.08,11.6456,muenchen,False,20,10.713,0,True,0.4375,False,10,0.666667,0,0,0,0,0,0,0,0,0,0,0,0,0,2,0,0,0,0,1,0,0,0,0,0,0,0,0,0,0,0,0,0,0,0
891f8d78537ffff,48.0804,11.6503,muenchen,False,46,11.34,3,False,0.465116,False,24,1,0,0,0,0,0,0,0,0,0,0,0,0,0,1,0,0,0,0,0,0,0,0,0,0,0,0,0,0,0,0,0,0,0,0
891f8d7853bffff,48.0772,11.6435,muenchen,False,0,,0,False,0.461337,False,0,0.885067,0,0,0,0,0,0,0,0,0,0,0,0,0,0,0,0,0,0,0,0,0,0,0,0,0,0,0,0,0,0,0,0,0,0
891f8d78543ffff,48.0734,11.6272,muenchen,False,0,,0,False,0.461337,False,0,0.885067,0,0,0,0,0,0,0,0,0,0,0,0,0,0,0,0,0,0,0,0,0,0,0,0,0,0,0,3,0,0,0,0,0,0
891f8d78547ffff,48.0737,11.6319,muenchen,False,0,,0,False,0.461337,False,0,0.885067,0,0,0,0,0,0,0,0,0,0,0,0,0,0,0,0,0,0,0,0,0,0,0,0,0,0,0,0,0,0,0,0,0,0
891f8d78553ffff,48.0758,11.6246,muenchen,False,0,,0,False,0.461337,False,0,0.885067,0,0,0,0,0,0,0,0,0,0,0,0,0,0,0,0,0,0,0,0,0,0,0,0,0,0,0,0,0,0,0,0,0,0
891f8d78557ffff,48.0762,11.6293,muenchen,False,0,,0,False,0.461337,False,0,0.885067,0,0,0,0,0,0,0,0,0,0,0,0,0,0,0,0,0,0,0,0,0,0,0,0,0,0,0,2,0,0,0,0,0,0
891f8d7855bffff,48.073,11.6225,muenchen,False,0,,0,False,0.461337,False,0,0.885067,0,0,0,0,0,0,0,0,0,0,0,0,0,0,0,0,0,0,0,0,0,0,0,0,0,0,0,0,0,0,0,0,0,0
891f8d78563ffff,48.0717,11.6392,muenchen,False,0,,0,False,0.461337,False,0,0.885067,0,0,0,0,0,0,0,0,0,0,0,0,0,0,0,0,0,0,0,0,0,0,0,0,0,0,0,0,0,0,0,0,0,0
891f8d78567ffff,48.072,11.6439,muenchen,False,0,,0,False,0.461337,False,0,0.885067,0,0,0,0,0,0,0,0,0,0,0,0,0,0,0,0,0,0,0,0,0,0,0,0,0,0,0,0,0,0,0,0,0,0
891f8d78573ffff,48.0741,11.6366,muenchen,False,0,,0,False,0.461337,False,0,0.885067,0,0,0,0,0,0,0,0,0,0,0,0,0,0,0,0,0,0,0,0,0,0,0,0,0,0,0,0,0,0,0,0,0,0
891f8d78577ffff,48.0745,11.6413,muenchen,False,0,,0,False,0.461337,False,0,0.885067,0,0,0,0,0,0,0,0,0,0,0,0,0,0,0,0,0,0,0,0,0,0,0,0,0,0,0,0,0,0,0,0,0,0
891f8d7857bffff,48.0713,11.6345,muenchen,False,0,,0,False,0.461337,False,0,0.885067,0,0,0,0,0,0,0,0,0,0,0,0,0,0,0,0,0,0,0,0,0,0,0,0,0,0,0,0,0,0,0,0,0,0
891f8d78583ffff,48.0869,11.6331,muenchen,True,404,13.0334,41,False,0.335802,False,186,0.844828,0,0,0,0,0,0,0,0,0,0,0,0,0,0,0,0,0,0,0,0,0,0,0,0,0,0,3,0,0,0,0,0,0,0
891f8d78587ffff,48.0873,11.6378,muenchen,True,553,13.3159,137,False,0.341328,False,309,0.919355,0,0,0,0,0,0,0,1,0,0,1,0,0,0,0,0,0,0,0,0,0,0,0,0,0,0,0,0,0,0,0,0,0,0
891f8d7858bffff,48.0841,11.631,muenchen,False,629,13.7291,11,False,0.260802,False,193,0.57754,0,0,0,0,0,0,0,0,0,0,0,0,0,0,0,0,0,0,0,0,0,0,0,0,0,0,0,0,0,0,0,0,0,0
891f8d7858fffff,48.0845,11.6357,muenchen,True,600,12.8053,152,False,0.39531,False,298,0.858621,0,0,0,0,0,0,0,0,0,0,0,0,0,0,0,0,0,0,0,0,0,0,0,0,0,0,0,0,2,0,0,0,0,0
891f8d78593ffff,48.0893,11.6305,muenchen,True,267,12.7742,55,False,0.503731,False,76,0.763889,0,0,0,0,0,0,0,0,0,0,1,0,0,0,0,0,0,0,0,0,0,0,0,0,0,0,1,0,1,0,0,0,0,0
891f8d78597ffff,48.0897,11.6352,muenchen,True,648,10.5227,213,False,0.312024,False,357,0.889535,0,0,0,0,0,0,0,1,0,0,0,0,0,0,0,0,0,0,0,0,0,0,0,0,0,0,5,0,0,0,0,0,0,0
891f8d7859bffff,48.0866,11.6284,muenchen,True,278,12.9257,47,False,0.388462,False,130,0.895161,0,0,0,0,0,0,0,0,0,0,0,0,0,0,0,0,0,0,0,0,0,0,0,0,0,0,1,0,1,0,0,0,0,0
891f8d785a3ffff,48.0852,11.6451,muenchen,True,2017,9.34805,698,False,0.402695,False,930,0.819369,0,0,0,0,0,0,0,0,0,0,0,0,0,0,0,0,0,0,0,0,0,0,0,0,0,0,2,0,0,0,0,0,0,0
891f8d785a7ffff,48.0856,11.6498,muenchen,True,14,10.9695,0,True,0.461337,True,3,1,0,0,0,0,0,0,0,0,0,0,0,0,0,0,0,0,0,0,0,0,0,0,0,0,0,0,0,0,0,0,0,0,0,0
891f8d785abffff,48.0824,11.643,muenchen,False,90,12.23,7,False,0.247191,False,45,0.904762,0,0,0,0,0,0,0,0,0,0,0,0,0,0,1,0,0,0,0,0,0,0,0,0,0,0,0,0,0,0,0,0,0,0
891f8d785afffff,48.0828,11.6477,muenchen,True,328,11.5014,137,False,0.520376,False,140,0.758865,0,0,0,0,0,0,0,0,0,0,0,0,0,0,0,0,0,0,0,0,0,0,0,0,0,0,2,0,0,0,0,0,0,0
891f8d785b3ffff,48.0876,11.6425,muenchen,True,981,13.4558,262,False,0.389058,False,523,0.88764,0,0,0,0,0,0,0,1,0,0,2,0,1,1,1,0,0,0,0,0,0,0,0,0,0,0,0,0,6,1,0,0,0,0
891f8d785b7ffff,48.088,11.6472,muenchen,True,0,,0,False,0.461337,False,0,0.885067,0,0,0,0,0,0,0,1,0,1,2,0,0,1,0,0,0,0,0,1,0,0,0,0,1,0,0,0,0,0,0,0,0,0
891f8d785bbffff,48.0849,11.6404,muenchen,True,1132,13.3669,262,False,0.364853,False,580,0.867893,0,0,0,0,0,0,0,0,0,0,0,0,0,0,0,0,0,0,0,0,0,0,0,0,0,0,2,0,0,0,0,0,0,0
891f8d785c3ffff,48.081,11.6242,muenchen,False,13,13.4505,0,True,0.428571,False,4,0.885067,0,0,0,0,0,0,0,0,0,0,0,0,0,1,0,0,0,0,0,0,0,0,0,0,0,0,0,0,1,0,0,0,0,0
891f8d785c7ffff,48.0814,11.6289,muenchen,False,337,13.384,80,False,0.501548,False,156,0.862069,0,0,0,0,0,0,0,0,0,0,0,0,0,0,0,0,0,0,1,0,0,0,0,0,0,0,2,0,1,0,0,0,0,0
891f8d785cbffff,48.0782,11.622,muenchen,False,0,,0,False,0.461337,False,0,0.885067,0,0,0,0,0,0,0,0,0,0,0,0,0,0,0,0,0,0,0,0,0,0,0,0,0,0,0,0,0,0,0,0,0,0
891f8d785cfffff,48.0786,11.6267,muenchen,False,0,,0,False,0.461337,False,3,0.885067,0,0,0,0,0,0,0,0,0,0,0,0,0,0,0,0,0,0,0,0,0,0,0,0,0,0,0,1,0,0,0,0,0,0
891f8d785d3ffff,48.0834,11.6216,muenchen,False,0,,0,False,0.461337,False,0,0.885067,0,0,0,0,0,0,0,1,0,0,1,0,0,0,0,0,0,0,0,0,0,0,0,0,0,0,0,0,0,0,0,0,0,0
891f8d785d7ffff,48.0838,11.6263,muenchen,False,546,12.9343,90,False,0.340502,False,240,0.810345,0,0,0,0,0,0,0,0,0,0,0,0,0,0,0,0,0,0,0,0,0,0,0,0,0,0,2,0,0,0,0,0,0,0
891f8d785dbffff,48.0806,11.6194,muenchen,False,0,,0,False,0.461337,False,0,0.885067,0,0,0,0,0,0,0,0,0,0,0,0,0,0,0,0,0,0,0,0,0,0,0,0,0,0,1,0,0,0,0,0,0,0
891f8d78c03ffff,48.0649,11.6872,muenchen,False,812,12.7793,256,False,0.382244,False,389,0.840314,0,0,0,0,0,0,0,0,0,0,0,0,0,0,0,0,0,0,0,0,0,0,0,0,0,0,1,0,1,0,0,0,0,0
891f8d78c07ffff,48.0652,11.6919,muenchen,False,517,13.6934,125,False,0.382298,False,214,0.817259,0,0,0,0,0,0,0,0,0,0,0,0,0,0,0,0,1,0,0,0,0,0,0,0,0,0,1,0,0,0,0,0,0,0
891f8d78c13ffff,48.0673,11.6846,muenchen,False,704,13.0799,161,False,0.341844,False,297,0.796552,0,0,0,0,0,0,0,0,0,0,0,0,0,0,0,0,0,0,0,0,0,0,0,0,0,0,1,0,1,0,0,0,0,0
891f8d78c17ffff,48.0676,11.6893,muenchen,False,535,12.3309,91,False,0.356,False,230,0.756881,0,0,0,0,0,0,0,0,0,0,0,0,0,1,0,0,0,0,0,0,0,0,0,0,0,0,0,0,0,0,0,0,0,0
891f8d78c1bffff,48.0645,11.6825,muenchen,False,81,13.5536,11,False,0.185714,False,24,0.689655,0,0,0,0,0,0,0,0,0,0,0,0,0,0,0,0,0,0,0,0,0,0,0,0,0,0,0,0,0,0,0,0,0,0
891f8d78c83ffff,48.0725,11.6842,muenchen,False,350,12.5811,72,False,0.349432,False,158,0.817568,0,0,0,0,0,0,0,0,0,0,0,0,0,0,0,0,0,0,0,0,0,0,0,0,0,0,0,0,0,0,0,0,0,0
891f8d78c87ffff,48.0728,11.6889,muenchen,False,693,11.1616,141,False,0.341991,False,276,0.763889,0,0,0,0,0,0,0,0,0,0,0,0,0,0,0,0,0,0,0,0,0,0,0,0,0,0,2,0,0,0,0,0,0,0
891f8d78c8bffff,48.0697,11.6821,muenchen,False,554,11.7476,147,False,0.427273,False,269,0.848921,0,0,0,0,0,0,0,1,0,0,0,0,0,0,0,0,0,0,0,0,0,0,0,0,0,0,4,0,0,0,0,0,0,0
891f8d78c8fffff,48.0701,11.6868,muenchen,False,846,11.7433,203,False,0.363208,False,395,0.83812,0,0,0,0,0,0,0,0,0,0,0,0,0,0,0,0,0,0,0,0,0,0,0,0,0,0,1,0,1,0,0,0,0,0
891f8d78c93ffff,48.0749,11.6816,muenchen,False,565,12.9896,75,False,0.226937,False,190,0.776596,0,0,0,0,0,0,0,0,0,0,0,0,0,0,0,0,0,0,0,0,0,1,0,0,0,0,1,0,1,0,0,0,0,0
891f8d78c97ffff,48.0753,11.6863,muenchen,False,342,12.8076,37,False,0.28169,False,147,0.777778,0,0,0,0,0,0,0,0,0,0,0,0,0,0,0,0,0,0,0,0,0,0,0,0,0,0,2,0,0,0,0,0,0,0
891f8d78c9bffff,48.0721,11.6795,muenchen,False,441,11.9578,55,False,0.279018,False,176,0.662577,0,0,0,0,0,0,0,0,0,0,0,0,0,0,0,0,0,0,0,0,0,0,0,0,0,0,1,0,0,0,0,0,0,0
891f8d78ca3ffff,48.0708,11.6962,muenchen,False,0,,0,False,0.461337,False,0,0.885067,0,0,0,0,0,0,0,0,0,0,0,0,0,0,0,0,0,0,0,0,0,0,0,0,0,0,0,0,0,0,0,0,0,0
891f8d78ca7ffff,48.0711,11.7009,muenchen,False,0,,0,False,0.461337,False,0,0.885067,0,0,0,0,0,0,0,0,0,0,0,0,0,0,0,0,0,0,0,0,0,0,0,0,0,0,0,0,0,0,0,0,0,0
891f8d78cabffff,48.068,11.6941,muenchen,False,119,12.2495,20,False,0.132231,False,21,0.789474,0,0,0,0,0,0,0,0,0,0,0,0,0,0,0,0,0,0,0,0,0,0,0,0,0,0,0,0,0,0,0,0,0,0
891f8d78cafffff,48.0684,11.6988,muenchen,False,0,,0,False,0.461337,False,0,0.885067,0,0,0,0,0,0,0,0,0,0,0,0,0,0,0,0,0,0,0,0,0,0,0,0,0,0,0,0,0,0,0,0,0,0
891f8d78cb3ffff,48.0732,11.6936,muenchen,False,421,11.7921,85,False,0.34279,False,214,0.869767,0,0,0,0,0,0,0,0,0,0,1,0,0,1,0,0,0,0,0,0,0,0,0,0,0,0,1,0,0,0,0,0,0,0
891f8d78cb7ffff,48.0736,11.6983,muenchen,False,307,11.1082,22,False,0.3,False,128,0.80916,0,0,0,0,0,0,0,0,0,0,0,0,0,0,0,0,0,0,0,0,0,0,0,0,0,0,0,0,0,0,0,0,0,0
891f8d78cbbffff,48.0704,11.6915,muenchen,False,466,12.5799,175,False,0.322072,False,200,0.873171,0,0,0,0,0,0,0,0,0,0,0,0,0,1,0,0,0,0,0,0,0,0,0,0,0,0,1,0,0,0,0,0,0,0
891f8d78cc3ffff,48.0666,11.6752,muenchen,False,677,10.6572,127,False,0.334337,False,261,0.643154,0,0,0,0,0,0,0,0,0,0,0,0,0,0,0,0,0,0,0,0,0,0,0,0,0,0,0,0,1,0,0,0,0,0
891f8d78cc7ffff,48.0669,11.6799,muenchen,False,294,11.4536,50,False,0.302405,False,112,0.709402,0,0,0,0,0,0,0,0,0,0,0,0,0,0,0,0,0,0,0,0,0,0,0,0,0,0,0,0,1,0,0,0,0,0
891f8d78cd3ffff,48.069,11.6726,muenchen,False,688,10.9403,180,False,0.382228,False,304,0.785942,0,0,0,0,0,0,0,0,0,0,1,0,0,0,0,0,0,0,0,0,0,0,0,0,0,0,0,0,0,0,0,0,0,0
891f8d78cd7ffff,48.0694,11.6773,muenchen,False,687,11.9556,241,False,0.354839,False,361,0.841667,0,0,0,0,0,0,0,1,0,0,1,0,0,1,0,0,1,0,0,0,0,0,0,0,0,0,5,0,0,0,0,0,0,0
891f8d78cdbffff,48.0662,11.6705,muenchen,False,448,11.9647,55,False,0.336188,False,189,0.740541,0,0,0,0,0,0,0,0,0,0,0,0,0,0,0,0,0,0,0,0,0,0,0,1,0,0,0,0,0,0,0,0,0,0
891f8d7a003ffff,48.1132,11.5999,muenchen,True,425,12.8929,166,False,0.447796,False,243,0.909836,0,0,0,0,0,0,0,0,0,0,0,0,0,0,0,0,0,0,0,0,0,0,0,0,0,0,0,0,0,0,0,0,0,0
891f8d7a007ffff,48.1135,11.6046,muenchen,True,1127,15.7046,479,False,0.554367,False,718,0.956835,0,0,0,0,0,0,0,0,0,0,0,0,0,0,0,0,0,0,0,0,0,0,0,0,0,0,2,0,1,0,0,0,0,0
891f8d7a00bffff,48.1104,11.5978,muenchen,True,345,14.1994,202,False,0.549858,False,219,0.95,1,0,0,0,0,0,0,1,0,0,3,0,0,1,0,0,0,0,0,0,0,0,0,0,1,1,3,1,5,0,0,0,0,0
891f8d7a00fffff,48.1107,11.6025,muenchen,True,1128,12.64,476,False,0.507476,False,641,0.892456,0,0,0,0,0,0,0,0,0,0,0,0,0,0,0,0,0,0,0,0,0,0,0,0,0,0,0,0,1,0,0,0,0,0
891f8d7a013ffff,48.1156,11.5973,muenchen,True,1163,11.9337,391,False,0.454308,False,500,0.875,0,0,0,0,0,0,0,0,0,0,1,0,1,0,0,0,0,0,0,0,0,0,0,0,0,0,2,0,7,0,0,0,0,0
891f8d7a017ffff,48.1159,11.602,muenchen,True,956,13.15,471,False,0.538302,False,585,0.918261,0,0,0,0,0,0,0,1,0,0,1,0,0,2,0,0,0,0,0,0,0,0,0,0,0,0,4,1,3,0,0,0,0,0
891f8d7a01bffff,48.1128,11.5952,muenchen,True,945,10.5709,447,False,0.475584,False,552,0.919021,0,0,0,0,0,0,0,0,0,0,0,0,1,1,0,0,0,0,0,0,0,0,0,0,0,0,1,1,0,0,1,0,0,0
891f8d7a023ffff,48.1115,11.6119,muenchen,True,171,14.4,5,False,0.25,False,75,0.679487,0,0,0,0,0,0,0,0,0,0,0,0,0,0,0,0,0,0,0,0,0,0,0,0,0,0,2,0,0,0,0,0,0,0
891f8d7a027ffff,48.1118,11.6166,muenchen,True,733,14.5683,309,False,0.577808,False,446,0.919643,0,0,0,0,0,0,0,0,0,0,1,0,0,2,1,0,0,0,0,0,0,0,0,0,0,0,2,0,1,0,0,0,0,0
891f8d7a02bffff,48.1087,11.6098,muenchen,True,256,11.4937,116,False,0.433198,False,119,0.817391,0,0,0,0,0,0,0,0,0,0,0,0,0,1,0,0,0,0,0,0,0,0,0,0,0,0,0,0,0,0,0,0,0,0
891f8d7a02fffff,48.1091,11.6145,muenchen,True,1013,8.89303,479,False,0.425469,False,486,0.841683,0,0,0,0,0,0,0,0,0,0,0,0,0,0,0,0,0,1,0,0,0,0,0,0,0,0,0,0,0,0,0,0,0,0
891f8d7a033ffff,48.1139,11.6093,muenchen,True,361,10.6765,37,False,0.292225,False,122,0.645669,0,0,0,0,0,0,0,0,0,0,0,0,0,0,0,0,0,0,0,0,0,0,0,0,0,0,0,0,0,0,0,0,0,0
891f8d7a037ffff,48.1142,11.614,muenchen,True,176,13.3034,47,False,0.494118,False,90,0.938776,0,0,0,0,0,0,0,0,0,0,0,0,0,1,2,0,0,0,0,0,0,0,0,0,0,0,3,0,1,0,0,0,0,0
891f8d7a03bffff,48.1111,11.6072,muenchen,True,444,13.8319,75,False,0.296128,False,198,0.781095,0,0,0,0,0,0,0,0,0,0,0,0,0,0,0,0,0,0,0,0,0,0,0,0,0,0,0,0,0,0,0,0,0,0
891f8d7a043ffff,48.1073,11.591,muenchen,True,1766,9.35122,907,False,0.468555,False,924,0.868478,0,0,0,0,0,0,0,0,0,0,0,0,0,0,0,0,0,0,0,0,0,0,0,0,0,0,0,0,0,0,0,0,0,0
891f8d7a047ffff,48.1076,11.5957,muenchen,True,1906,10.0074,877,False,0.45605,False,955,0.879274,0,0,0,0,0,0,0,0,0,0,0,0,2,1,0,0,0,0,0,0,0,0,0,0,1,0,4,0,2,0,0,0,0,0
891f8d7a04bffff,48.1045,11.5888,muenchen,True,1299,12.8877,450,False,0.643288,False,839,0.934503,0,0,0,0,0,0,0,0,0,0,0,0,0,0,0,0,0,0,0,0,0,0,0,0,0,0,3,0,1,0,0,0,0,0
891f8d7a04fffff,48.1048,11.5935,muenchen,True,1713,11.7899,1007,False,0.564809,False,1032,0.920156,0,0,0,0,0,0,0,1,0,0,2,0,2,1,0,0,0,0,0,0,0,0,0,0,0,0,0,0,1,0,0,0,0,0
891f8d7a053ffff,48.1097,11.5884,muenchen,True,1913,10.7309,1096,False,0.474816,False,1176,0.924749,0,0,0,0,0,0,0,0,0,0,1,0,0,0,0,0,0,0,0,0,0,0,0,0,0,0,2,0,1,0,0,0,0,0
891f8d7a057ffff,48.11,11.5931,muenchen,True,2058,11.4135,1074,False,0.470164,False,1216,0.92798,0,1,0,0,0,0,0,4,1,0,1,0,1,1,1,0,1,1,0,0,0,0,0,0,1,0,2,0,0,1,0,0,0,0
891f8d7a05bffff,48.1069,11.5862,muenchen,True,378,9.38407,123,False,0.652062,False,247,0.910931,0,0,0,0,0,0,0,0,0,0,0,0,0,0,0,0,0,0,0,0,0,0,0,0,0,0,0,0,0,0,0,0,0,0
891f8d7a063ffff,48.1056,11.603,muenchen,True,419,11.6621,195,False,0.426506,False,256,0.934615,0,0,0,0,0,0,0,1,0,0,1,0,0,1,0,0,0,0,0,0,0,0,0,0,0,0,2,0,2,0,0,0,0,0
891f8d7a067ffff,48.1059,11.6077,muenchen,True,798,9.09178,445,False,0.401487,False,493,0.91502,0,0,0,0,0,0,0,0,0,0,0,0,0,0,0,0,0,0,0,0,0,0,0,0,0,0,0,0,0,0,0,0,0,0
891f8d7a06bffff,48.1028,11.6008,muenchen,True,430,12.9821,42,False,0.614833,False,67,0.896552,0,0,0,0,0,0,0,0,0,0,0,0,0,0,0,0,0,0,0,0,0,1,0,0,1,0,1,0,4,0,0,0,0,0
891f8d7a06fffff,48.1031,11.6055,muenchen,True,1064,12.4268,532,False,0.504225,False,593,0.902439,0,0,0,0,0,0,0,0,0,0,0,0,0,0,1,0,0,0,0,0,0,0,0,0,0,0,1,0,0,0,0,0,0,0
891f8d7a073ffff,48.108,11.6004,muenchen,True,1048,16.606,435,False,0.587018,False,662,0.922849,0,0,0,0,0,0,0,0,0,0,0,0,1,1,0,0,0,0,0,1,0,0,0,0,0,0,0,0,4,0,0,0,0,0
891f8d7a077ffff,48.1083,11.6051,muenchen,True,1824,11.8086,780,False,0.490337,False,886,0.826835,0,0,0,0,0,0,0,2,0,0,1,0,0,1,1,0,0,0,1,1,0,0,0,1,0,0,4,0,0,0,0,0,0,0
891f8d7a07bffff,48.1052,11.5983,muenchen,True,605,14.4727,233,False,0.554295,False,327,0.909657,0,0,0,0,0,0,0,1,1,0,0,0,1,1,0,0,0,0,1,0,0,0,0,0,0,0,0,0,3,0,1,1,0,0
891f8d7a083ffff,48.1208,11.5968,muenchen,True,0,,0,False,0.461337,False,0,0.885067,0,0,0,0,0,0,0,0,0,1,1,0,0,0,0,0,0,0,1,0,0,0,0,0,0,0,2,0,2,0,0,0,0,0
891f8d7a087ffff,48.1211,11.6015,muenchen,True,2022,16.971,855,False,0.500741,False,1160,0.914286,0,0,0,0,0,0,0,1,0,0,1,0,2,2,0,0,0,0,0,0,0,0,0,0,0,0,0,0,7,0,0,0,0,0
891f8d7a08bffff,48.118,11.5947,muenchen,True,978,13.9751,504,False,0.517526,False,667,0.963077,0,0,0,0,0,0,0,0,0,0,0,0,1,1,0,0,0,0,0,1,0,0,0,0,0,1,1,1,5,0,0,0,0,0
891f8d7a08fffff,48.1184,11.5994,muenchen,True,705,13.4631,288,False,0.553846,False,361,0.883191,0,0,0,0,0,0,0,0,0,0,0,0,0,2,0,0,0,0,0,0,0,0,0,1,0,0,2,1,3,0,0,0,0,0
891f8d7a093ffff,48.1232,11.5942,muenchen,True,1082,16.0218,476,False,0.590786,False,686,0.918919,0,0,0,0,0,0,0,0,0,0,0,0,1,5,2,1,0,0,0,1,0,0,0,0,0,0,4,0,2,0,0,0,0,0
891f8d7a097ffff,48.1236,11.5989,muenchen,True,1214,15.7051,605,False,0.607377,False,739,0.912752,0,0,0,0,0,0,0,0,0,1,0,0,1,1,0,0,0,0,0,0,0,0,0,0,0,0,1,0,4,0,0,0,0,0
891f8d7a09bffff,48.1204,11.5921,muenchen,True,173,13.51,43,False,0.505882,False,73,0.826087,0,0,0,0,0,0,0,0,0,0,0,0,0,0,0,0,0,0,0,0,0,0,0,0,0,0,0,0,0,0,0,0,0,0
891f8d7a0a3ffff,48.1191,11.6088,muenchen,True,1030,7.86045,494,False,0.402737,False,506,0.866667,0,0,0,0,0,0,0,0,0,1,1,0,2,3,1,0,0,0,1,0,0,0,0,0,1,0,4,0,0,1,0,0,0,0
891f8d7a0a7ffff,48.1194,11.6135,muenchen,True,1714,8.53638,847,False,0.434397,False,850,0.860277,0,0,0,0,0,0,0,0,0,0,0,0,1,0,1,1,0,0,1,0,0,0,0,0,0,0,1,0,1,0,0,0,0,0
891f8d7a0abffff,48.1163,11.6067,muenchen,True,1034,7.59108,481,False,0.35249,False,489,0.834061,0,0,0,0,0,0,0,0,0,0,0,0,0,0,0,0,0,0,0,1,0,0,0,0,0,0,0,0,0,0,0,0,0,0
891f8d7a0afffff,48.1167,11.6114,muenchen,True,1916,10.478,1006,False,0.452219,False,1106,0.904418,0,0,0,0,0,0,0,1,0,0,0,0,1,1,0,0,0,0,0,0,1,0,0,0,0,0,0,0,2,0,0,0,0,0
891f8d7a0b3ffff,48.1215,11.6062,muenchen,True,407,7.49592,125,False,0.255422,False,125,0.837607,0,0,0,0,0,0,0,0,0,0,0,0,0,1,1,0,0,0,0,0,0,0,0,1,0,0,1,0,2,0,0,0,0,0
891f8d7a0b7ffff,48.1219,11.611,muenchen,True,441,8.26038,210,False,0.458716,False,223,0.854626,0,0,0,0,0,0,0,1,0,0,0,0,0,3,0,0,0,0,0,0,0,0,0,0,0,0,1,0,1,0,0,0,0,0
891f8d7a0bbffff,48.1187,11.6041,muenchen,True,0,,0,False,0.461337,False,0,0.885067,0,0,0,0,0,0,0,0,0,0,0,0,0,0,0,0,0,1,0,1,0,0,0,0,0,0,0,0,4,0,0,0,0,0
891f8d7a0c3ffff,48.1149,11.5879,muenchen,True,1561,12.7104,760,False,0.486399,False,812,0.89875,0,0,0,0,0,0,0,0,0,0,0,0,1,2,1,0,0,0,0,0,0,0,0,0,0,0,0,0,1,0,0,0,0,0
891f8d7a0c7ffff,48.1152,11.5926,muenchen,True,1827,15.2876,800,False,0.551499,False,1083,0.916821,0,0,0,0,0,0,0,2,0,0,1,0,3,1,0,0,0,1,0,1,0,0,0,1,1,0,2,0,0,0,0,0,0,0
891f8d7a0cbffff,48.1121,11.5858,muenchen,True,2243,10.135,1005,False,0.479397,False,1052,0.8577,0,1,0,1,0,0,0,0,0,1,1,0,2,3,1,0,0,0,1,0,0,0,0,0,1,0,2,0,0,0,0,0,0,0
891f8d7a0cfffff,48.1124,11.5905,muenchen,True,1226,10.977,695,False,0.453651,False,801,0.950633,0,0,0,0,0,0,0,2,0,0,0,0,0,2,0,0,0,0,0,0,0,0,0,0,0,0,0,0,4,0,0,0,0,0
891f8d7a0d3ffff,48.1173,11.5853,muenchen,True,1529,12.4993,783,False,0.531496,False,892,0.925926,0,0,0,0,0,0,0,0,0,0,0,0,0,1,3,0,0,2,0,0,0,1,0,0,0,0,0,0,0,0,0,0,0,0
891f8d7a0d7ffff,48.1176,11.59,muenchen,True,1019,16.2697,657,False,0.609375,False,728,0.951989,0,0,0,0,0,0,0,0,0,0,0,0,1,2,2,0,1,0,1,0,0,0,0,0,1,0,0,0,2,1,1,0,0,0
891f8d7a0dbffff,48.1145,11.5832,muenchen,True,1749,11.7404,931,False,0.5,False,1028,0.925144,0,0,0,0,0,0,0,2,0,0,0,0,0,4,0,0,0,0,0,0,0,0,1,0,0,0,0,0,0,0,0,0,0,0
891f8d7a103ffff,48.1157,11.6329,muenchen,True,0,,0,False,0.461337,False,0,0.885067,0,0,0,0,0,0,0,0,0,0,0,0,0,0,0,0,0,0,0,0,0,0,0,0,0,0,0,0,0,0,0,0,0,0
891f8d7a107ffff,48.116,11.6376,muenchen,True,203,15.6882,61,False,0.532338,False,118,0.915966,0,0,0,0,0,0,0,0,0,0,0,0,0,1,1,0,0,0,0,0,0,0,0,0,0,0,0,0,0,0,0,0,0,0
891f8d7a10bffff,48.1129,11.6307,muenchen,True,334,14.2566,74,False,0.39521,False,176,0.901163,0,0,0,0,0,0,0,0,0,0,0,0,1,1,1,0,0,0,0,0,0,0,0,0,0,0,0,0,0,0,0,0,0,0
891f8d7a10fffff,48.1133,11.6354,muenchen,True,0,,0,False,0.461337,False,0,0.885067,0,0,0,0,0,0,0,0,0,0,0,0,0,0,0,0,0,0,0,0,0,0,0,0,0,0,0,0,0,0,0,0,0,0
891f8d7a113ffff,48.1181,11.6303,muenchen,True,598,12.2971,237,False,0.471452,False,320,0.840764,0,0,0,0,0,0,0,0,0,0,0,0,0,1,1,0,0,0,0,0,0,0,0,0,1,0,4,0,1,0,0,0,0,0
891f8d7a117ffff,48.1185,11.635,muenchen,True,646,16.5726,200,False,0.440994,False,328,0.863905,0,0,0,0,0,0,0,0,0,0,0,0,0,1,1,0,0,0,0,0,0,0,0,0,0,0,0,0,0,0,0,0,0,0
891f8d7a11bffff,48.1153,11.6281,muenchen,True,685,14.3798,172,False,0.444099,False,352,0.88604,0,0,0,0,0,0,0,0,0,0,0,0,0,0,0,0,0,0,0,0,0,0,0,0,0,0,0,0,0,0,0,0,0,0
891f8d7a123ffff,48.114,11.6449,muenchen,True,171,15.3302,42,False,0.36747,False,87,0.862069,0,0,0,0,0,0,0,0,0,0,0,0,0,1,0,0,0,0,0,0,0,0,0,0,0,0,0,0,1,0,0,0,0,0
891f8d7a127ffff,48.1143,11.6496,muenchen,True,480,14.7835,127,False,0.407115,False,241,0.897872,0,0,0,0,0,0,0,0,0,0,0,0,0,0,0,0,0,0,0,0,0,0,0,0,0,0,1,0,1,0,0,0,0,0
891f8d7a12bffff,48.1112,11.6427,muenchen,True,531,10.0413,183,False,0.367942,False,258,0.863636,0,0,0,0,0,0,0,0,0,0,0,0,0,0,0,0,0,0,0,0,1,0,0,0,0,0,0,0,0,0,0,0,0,0
891f8d7a12fffff,48.1116,11.6475,muenchen,True,80,14.1525,12,False,0.295775,False,33,1,0,0,0,0,0,0,0,0,0,0,0,0,0,0,0,0,0,0,0,0,0,0,0,0,0,0,1,0,0,0,0,0,0,0
891f8d7a133ffff,48.1164,11.6423,muenchen,True,409,13.8364,99,False,0.407317,False,173,0.844311,0,0,0,0,0,0,0,0,0,0,0,0,0,0,0,0,0,0,0,0,0,0,0,0,0,0,1,0,0,0,0,0,0,0
891f8d7a137ffff,48.1168,11.647,muenchen,True,654,13.2248,166,False,0.410938,False,326,0.859281,0,0,0,0,0,0,0,0,0,0,0,0,0,0,0,0,0,0,0,0,0,0,0,0,0,0,0,0,0,0,0,0,0,0
891f8d7a13bffff,48.1136,11.6402,muenchen,True,0,,0,False,0.461337,False,0,0.885067,0,0,0,0,0,0,0,0,0,0,0,0,0,0,0,0,0,0,0,0,0,0,0,0,0,0,0,0,0,0,0,0,0,0
891f8d7a143ffff,48.1098,11.6239,muenchen,True,613,14.9501,120,False,0.330537,False,277,0.807087,0,0,0,0,0,0,0,0,0,0,0,0,0,0,0,0,0,0,0,0,0,0,0,0,0,0,0,0,0,0,0,0,0,0
891f8d7a147ffff,48.1101,11.6286,muenchen,True,742,13.4739,147,False,0.394809,False,323,0.813333,0,0,0,0,0,0,0,1,0,0,0,0,0,0,0,0,0,0,0,1,0,0,0,0,0,0,2,0,1,0,0,0,0,0
891f8d7a14bffff,48.107,11.6218,muenchen,True,577,13.4538,164,False,0.452421,False,269,0.872727,0,0,0,0,0,0,0,0,0,0,0,0,1,0,0,0,0,0,0,0,0,0,0,0,0,0,1,0,0,0,0,0,0,0
891f8d7a14fffff,48.1074,11.6265,muenchen,True,867,11.557,145,False,0.323632,False,397,0.859296,0,0,0,0,0,0,0,0,0,0,0,0,0,0,0,0,0,0,0,0,0,0,0,0,0,0,1,0,0,0,0,0,0,0
891f8d7a153ffff,48.1122,11.6213,muenchen,True,382,15.008,131,False,0.479012,False,205,0.877273,0,0,0,0,0,0,0,0,0,0,0,0,0,0,0,0,0,0,0,0,0,0,0,0,0,0,0,0,0,0,0,0,0,0
891f8d7a157ffff,48.1125,11.626,muenchen,True,720,14.149,110,False,0.38102,False,301,0.732203,0,0,0,0,0,0,0,0,0,1,0,0,0,0,0,0,0,0,0,0,0,0,0,0,0,0,2,0,0,0,0,0,0,0
891f8d7a15bffff,48.1094,11.6192,muenchen,True,1244,14.9877,394,False,0.552,False,546,0.888268,0,0,0,0,0,0,0,1,0,0,1,0,1,0,0,0,0,0,1,0,0,0,0,0,0,0,2,0,1,0,0,0,0,0
891f8d7a163ffff,48.1081,11.6359,muenchen,True,1451,11.8224,507,False,0.365599,False,745,0.870748,0,0,0,0,0,0,0,0,0,0,0,0,0,0,0,0,0,0,0,0,0,0,0,0,0,0,2,0,1,0,0,0,0,0
891f8d7a167ffff,48.1084,11.6406,muenchen,True,1222,9.3496,477,False,0.382281,False,477,0.72,0,0,0,0,0,0,0,1,0,0,0,0,0,0,0,0,0,0,0,0,0,0,0,0,0,0,3,0,0,0,0,0,0,0
891f8d7a16bffff,48.1053,11.6338,muenchen,True,479,10.9829,154,False,0.434599,False,196,0.796954,0,0,0,0,0,0,0,1,0,0,0,0,0,1,0,0,0,0,0,0,0,0,0,0,0,0,0,0,0,0,0,0,0,0
891f8d7a16fffff,48.1057,11.6385,muenchen,True,347,10.2218,154,False,0.433048,False,154,0.732026,0,0,0,0,0,0,0,0,0,0,0,0,0,0,0,0,0,0,0,0,0,0,0,0,0,0,0,0,1,0,0,0,0,0
891f8d7a173ffff,48.1105,11.6333,muenchen,True,392,11.5632,136,False,0.360775,False,200,0.883249,0,0,0,0,0,0,0,0,0,0,0,0,0,1,0,0,0,0,0,0,0,0,0,0,0,0,2,0,0,0,0,0,0,0
891f8d7a177ffff,48.1109,11.638,muenchen,True,750,12.0774,322,False,0.407895,False,457,0.904139,0,0,0,0,0,0,0,0,0,0,0,0,0,0,0,0,0,0,0,0,0,0,0,0,0,0,2,0,0,0,0,0,0,0
891f8d7a17bffff,48.1077,11.6312,muenchen,True,896,13.1707,362,False,0.487528,False,490,0.930612,0,0,0,0,0,0,0,0,0,0,0,0,0,0,0,0,0,0,0,0,0,0,0,0,0,0,0,0,0,0,0,0,0,0
891f8d7a183ffff,48.1233,11.6298,muenchen,True,436,9.87222,180,False,0.328018,False,215,0.857143,0,0,0,0,0,0,0,0,0,0,0,0,0,0,0,0,0,0,0,0,0,0,0,0,0,0,0,0,0,0,0,0,0,0
891f8d7a187ffff,48.1237,11.6345,muenchen,True,653,12.4527,354,False,0.442963,False,436,0.954545,0,0,0,0,0,0,0,0,0,0,0,0,0,0,0,0,0,0,0,0,0,0,0,0,0,0,1,0,0,0,0,0,0,0
891f8d7a18bffff,48.1205,11.6277,muenchen,True,1234,7.97849,431,False,0.394481,False,516,0.776471,0,0,0,0,0,0,0,0,0,0,0,0,0,1,0,0,0,0,0,0,0,0,0,0,0,0,0,0,0,0,0,0,0,0
891f8d7a18fffff,48.1209,11.6324,muenchen,True,778,8.15498,287,False,0.395257,False,370,0.849727,0,0,0,0,0,0,0,0,0,0,0,0,0,0,0,0,0,0,0,0,0,0,0,0,0,0,0,0,0,0,0,0,0,0
891f8d7a193ffff,48.1257,11.6272,muenchen,True,48,13.24,29,False,0.44,False,38,0.925,0,0,0,0,0,0,0,0,0,0,0,0,0,0,1,0,0,0,0,0,0,0,0,0,0,0,0,0,0,0,0,0,0,0
891f8d7a197ffff,48.1261,11.6319,muenchen,True,1454,10.9035,508,False,0.396999,False,654,0.87931,0,0,0,0,0,0,0,1,0,0,0,0,0,0,0,0,0,0,0,0,0,0,0,1,1,0,0,0,1,0,0,0,0,0
891f8d7a19bffff,48.1229,11.6251,muenchen,True,558,9.55522,230,False,0.379004,False,252,0.74717,0,0,0,0,0,0,0,0,0,0,0,0,0,0,0,0,0,0,0,0,0,0,0,0,0,0,0,0,1,0,0,0,0,0
891f8d7a1a3ffff,48.1216,11.6418,muenchen,True,562,9.18383,222,False,0.361664,False,263,0.837456,0,0,0,0,0,0,0,0,0,0,0,0,0,0,0,0,0,0,0,0,0,0,0,0,1,0,0,0,0,0,0,0,0,0
891f8d7a1a7ffff,48.122,11.6465,muenchen,True,456,13.3049,90,False,0.328704,False,213,0.828431,0,0,0,0,0,0,0,0,0,0,0,0,0,0,0,0,0,0,0,0,0,0,0,0,0,0,0,0,0,0,0,0,0,0
891f8d7a1abffff,48.1188,11.6397,muenchen,True,604,13.9523,161,False,0.445705,False,323,0.891089,0,0,0,0,0,0,0,0,0,0,0,0,0,0,1,0,0,0,0,0,0,0,0,0,0,0,1,0,0,0,0,0,0,0
891f8d7a1afffff,48.1192,11.6444,muenchen,True,515,13.2525,88,False,0.34749,False,236,0.819742,0,0,0,0,0,0,0,0,0,0,0,0,0,0,0,0,0,0,0,0,0,0,0,0,0,0,0,0,0,0,0,0,0,0
891f8d7a1b3ffff,48.124,11.6392,muenchen,True,1656,12.3533,782,False,0.421243,False,905,0.902247,0,0,0,0,0,0,0,0,0,0,0,0,1,1,0,0,0,0,0,0,0,0,0,0,0,0,0,0,1,0,0,0,0,0
891f8d7a1b7ffff,48.1244,11.6439,muenchen,True,1053,11.2978,456,False,0.451552,False,600,0.886513,0,0,0,0,0,0,0,0,0,0,0,0,0,0,0,0,0,0,0,0,0,0,0,0,1,0,1,0,0,0,0,0,0,0
891f8d7a1bbffff,48.1212,11.6371,muenchen,True,105,13.7292,37,False,0.514851,False,54,1,0,0,0,0,0,0,0,0,0,0,0,0,0,0,0,0,0,0,0,0,0,0,0,0,0,0,0,0,0,0,0,0,0,0
891f8d7a1c3ffff,48.1174,11.6208,muenchen,True,517,13.2944,117,False,0.367886,False,252,0.837398,0,0,0,0,0,0,0,0,0,0,0,0,0,0,0,0,0,0,0,0,0,0,0,0,0,0,1,0,2,0,0,0,0,0
891f8d7a1c7ffff,48.1177,11.6256,muenchen,True,873,8.73462,338,False,0.430751,False,447,0.883562,0,0,0,0,0,0,0,0,0,0,0,0,0,0,0,0,0,1,0,0,0,0,0,0,0,0,2,0,0,0,0,0,0,0
891f8d7a1cbffff,48.1146,11.6187,muenchen,True,604,13.2387,222,False,0.418212,False,329,0.895349,0,0,0,0,0,0,0,0,0,0,0,0,0,0,0,0,0,0,0,0,0,0,0,0,0,0,0,0,0,0,0,0,0,0
891f8d7a1cfffff,48.115,11.6234,muenchen,True,688,12.7958,224,False,0.423631,False,371,0.887671,0,0,0,0,0,0,0,0,0,0,0,0,0,1,0,0,0,0,1,0,0,0,0,0,0,0,0,0,0,0,0,0,0,0
891f8d7a1d3ffff,48.1198,11.6183,muenchen,True,1251,8.4949,608,False,0.401906,False,633,0.856911,0,0,0,0,0,0,0,0,0,0,0,0,0,0,0,0,0,0,0,0,0,0,0,0,1,0,0,0,0,0,0,0,0,0
891f8d7a1d7ffff,48.1202,11.623,muenchen,True,964,10.6024,368,False,0.408624,False,418,0.767386,0,0,0,0,0,0,0,1,0,1,1,0,0,0,0,0,0,0,0,0,0,0,0,0,0,0,2,0,2,0,0,0,0,0
891f8d7a1dbffff,48.117,11.6161,muenchen,True,1701,7.32213,799,False,0.394534,False,808,0.826415,0,0,0,0,0,0,0,0,0,0,1,0,0,1,0,0,0,0,0,0,0,0,0,0,0,0,1,0,1,0,0,0,0,0
891f8d7a203ffff,48.0937,11.5851,muenchen,True,294,14.4692,74,False,0.317073,False,144,0.836735,0,0,0,0,0,0,0,0,0,0,0,0,0,0,0,0,0,0,0,0,0,0,0,0,0,0,0,0,0,0,0,0,0,0
891f8d7a207ffff,48.0941,11.5898,muenchen,True,352,10.2823,86,False,0.428161,False,147,0.803922,0,0,0,0,0,0,0,0,0,0,0,0,0,0,0,0,0,0,0,0,0,0,0,0,0,0,1,0,0,0,0,0,0,0
891f8d7a20bffff,48.0909,11.583,muenchen,False,0,,0,False,0.461337,False,0,0.885067,0,0,0,0,0,0,0,0,0,0,0,0,0,0,0,0,0,0,0,0,0,0,0,0,0,0,0,0,0,0,0,0,0,0
891f8d7a20fffff,48.0913,11.5877,muenchen,True,0,,0,False,0.461337,False,0,0.885067,0,0,0,0,0,0,0,0,0,0,0,0,0,0,0,0,0,0,0,0,0,0,0,0,0,0,0,0,0,0,0,0,0,0
891f8d7a213ffff,48.0961,11.5825,muenchen,True,673,15.9085,213,False,0.432314,False,345,0.887931,0,0,0,0,0,0,0,1,1,0,2,0,2,0,0,0,0,1,0,0,0,0,0,0,0,0,0,0,1,0,0,0,0,0
891f8d7a217ffff,48.0965,11.5872,muenchen,True,793,12.3909,229,False,0.480888,False,341,0.782477,0,0,0,0,0,0,0,0,0,0,0,0,0,1,0,0,0,0,0,0,0,0,0,0,0,0,2,0,0,0,0,0,0,0
891f8d7a21bffff,48.0934,11.5804,muenchen,True,377,16.7285,87,False,0.309783,False,179,0.795699,0,0,0,0,0,0,0,0,0,0,0,0,0,0,0,0,0,0,0,0,0,0,0,0,0,0,0,0,0,0,0,0,0,0
891f8d7a223ffff,48.092,11.5971,muenchen,True,543,8.82295,254,False,0.38961,False,247,0.775424,0,0,0,0,0,0,0,0,0,0,0,0,0,0,0,0,0,0,0,0,0,0,0,0,0,0,3,0,0,0,0,0,0,0
891f8d7a227ffff,48.0924,11.6018,muenchen,True,76,10.0484,37,False,0.571429,False,43,0.928571,0,0,0,0,0,0,0,0,0,0,0,0,0,1,0,0,0,0,0,0,0,0,0,0,0,0,3,0,0,0,0,0,0,0
891f8d7a22bffff,48.0892,11.595,muenchen,True,652,10.3023,171,False,0.410526,False,288,0.859107,0,0,0,0,0,0,0,0,0,0,0,0,0,0,0,0,0,0,0,0,0,0,0,0,0,0,0,0,0,0,0,0,0,0
891f8d7a22fffff,48.0896,11.5997,muenchen,True,532,9.22385,221,False,0.334545,False,233,0.789916,0,0,0,0,0,0,0,0,0,0,0,0,0,0,0,0,0,0,0,0,0,0,0,0,0,0,0,0,0,0,0,0,0,0
891f8d7a233ffff,48.0944,11.5945,muenchen,True,526,9.23363,237,False,0.354902,False,234,0.825,0,0,0,0,0,0,0,0,0,0,0,0,0,0,0,0,0,0,0,0,0,0,0,0,0,0,0,0,0,0,0,0,0,0
891f8d7a237ffff,48.0948,11.5992,muenchen,True,228,10.6835,117,False,0.43578,False,117,0.877193,0,0,0,0,0,0,0,0,0,0,0,0,0,0,0,0,0,0,0,0,0,0,0,0,0,0,0,0,0,0,0,0,0,0
891f8d7a23bffff,48.0917,11.5924,muenchen,True,359,9.78116,95,False,0.42515,False,146,0.812081,0,0,0,0,0,0,0,0,0,0,0,0,0,0,0,0,0,0,0,0,1,0,0,0,0,0,1,0,0,0,0,0,0,0
891f8d7a243ffff,48.0878,11.5761,muenchen,False,0,,0,False,0.461337,False,0,0.885067,0,0,0,0,0,0,0,0,0,0,0,0,0,0,0,0,0,0,0,0,0,0,0,0,0,0,0,0,0,0,0,0,0,0
891f8d7a247ffff,48.0882,11.5808,muenchen,False,0,,0,False,0.461337,False,0,0.885067,0,0,0,0,0,0,0,0,0,0,0,0,0,0,0,0,0,0,0,0,0,0,0,0,0,0,0,0,0,0,0,0,0,0
891f8d7a24bffff,48.085,11.574,muenchen,False,0,,0,False,0.461337,False,0,0.885067,0,0,0,0,0,0,0,0,0,0,0,0,0,0,0,0,0,0,0,0,0,0,0,0,0,0,0,0,0,0,0,0,0,0
891f8d7a24fffff,48.0854,11.5787,muenchen,False,0,,0,False,0.461337,False,0,0.885067,0,0,0,0,0,0,0,0,0,0,0,0,0,0,0,0,0,0,0,0,0,0,0,0,0,0,0,0,0,0,0,0,0,0
891f8d7a253ffff,48.0902,11.5735,muenchen,True,287,13.4518,71,False,0.295374,False,137,0.840278,0,0,0,0,0,0,0,0,0,0,0,0,0,1,0,0,0,0,0,0,0,0,0,0,0,0,0,0,0,0,0,0,0,0
891f8d7a257ffff,48.0906,11.5783,muenchen,False,81,17.3933,9,False,0.242718,False,16,0.885067,0,0,0,0,0,0,0,0,0,0,0,0,0,0,0,0,0,0,0,0,0,0,0,0,0,0,0,0,1,0,0,0,0,0
891f8d7a25bffff,48.0874,11.5714,muenchen,False,193,14.2944,41,False,0.284884,False,101,0.867347,0,0,0,0,0,0,0,0,0,0,0,0,0,0,0,0,0,0,0,0,0,0,0,0,0,0,0,0,0,0,0,0,0,0
891f8d7a263ffff,48.0861,11.5881,muenchen,False,0,,0,False,0.461337,False,0,0.885067,0,0,0,0,0,0,0,0,0,0,0,0,0,0,0,0,0,0,0,0,0,0,0,0,0,0,0,0,0,0,0,0,0,0
891f8d7a267ffff,48.0865,11.5928,muenchen,True,53,10.4845,22,False,0.46,False,25,0.8,0,0,0,0,0,0,0,0,0,0,0,0,0,0,0,0,0,0,0,0,0,0,0,0,0,0,0,0,0,0,0,0,0,0
891f8d7a26bffff,48.0833,11.586,muenchen,False,0,,0,False,0.461337,False,0,0.885067,0,0,0,0,0,0,0,0,0,0,0,0,0,0,0,0,0,0,0,0,0,0,0,0,0,0,0,0,0,0,0,0,0,0
891f8d7a26fffff,48.0837,11.5907,muenchen,False,0,,0,False,0.461337,False,0,0.885067,0,0,0,0,0,0,0,0,0,0,0,0,0,0,0,0,0,0,0,0,0,0,0,0,0,0,0,0,0,0,0,0,0,0
891f8d7a273ffff,48.0885,11.5855,muenchen,False,0,,0,False,0.461337,False,0,0.885067,0,0,0,0,0,0,0,0,0,0,0,0,0,0,0,0,0,0,0,0,0,0,0,0,0,0,0,0,0,0,0,0,0,0
891f8d7a277ffff,48.0889,11.5903,muenchen,True,0,,0,False,0.461337,False,0,0.885067,0,0,0,0,0,0,0,0,0,0,0,0,0,0,0,0,0,0,0,0,0,0,0,0,0,0,0,0,0,0,0,0,0,0
891f8d7a27bffff,48.0857,11.5834,muenchen,False,0,,0,False,0.461337,False,0,0.885067,0,0,0,0,0,0,0,0,0,0,0,0,0,0,0,0,0,0,0,0,0,0,0,0,0,0,0,0,0,0,0,0,0,0
891f8d7a283ffff,48.1013,11.582,muenchen,True,1075,10.0229,493,False,0.431925,False,529,0.865169,0,0,0,0,0,0,0,0,0,0,0,0,1,1,0,0,0,0,0,0,0,0,0,0,0,0,2,0,1,0,0,0,0,0
891f8d7a287ffff,48.1017,11.5867,muenchen,True,720,12.075,266,False,0.48103,False,417,0.937046,0,0,0,0,0,0,0,0,0,0,0,0,0,0,1,0,0,0,0,0,0,0,0,0,0,0,0,0,0,0,0,0,0,0
891f8d7a28bffff,48.0986,11.5799,muenchen,True,798,10.3149,405,False,0.463384,False,410,0.898263,1,0,0,0,0,0,0,0,0,0,1,0,0,2,0,0,1,0,0,0,0,0,0,0,0,0,2,0,1,0,0,0,0,0
891f8d7a28fffff,48.0989,11.5846,muenchen,True,732,9.97082,341,False,0.506008,False,389,0.846753,0,0,0,0,0,0,0,0,0,0,0,0,0,0,1,0,1,0,0,0,0,0,0,0,0,0,4,0,3,0,0,0,0,0
891f8d7a293ffff,48.1037,11.5794,muenchen,True,1007,12.2233,484,False,0.433464,False,592,0.916667,0,0,0,0,0,0,0,0,0,0,0,0,0,0,0,0,0,0,0,0,0,0,0,0,1,0,1,0,1,0,0,0,0,0
891f8d7a297ffff,48.1041,11.5841,muenchen,True,824,11.1682,307,False,0.52657,False,388,0.874346,0,0,0,0,0,0,0,0,0,0,1,0,1,0,0,0,0,0,0,0,0,0,0,0,0,0,1,0,1,0,0,0,0,0
891f8d7a29bffff,48.101,11.5773,muenchen,True,714,7.65303,436,False,0.287535,False,467,0.934461,0,0,0,0,0,0,0,0,0,0,0,0,0,1,0,0,0,0,0,0,0,0,0,0,0,0,0,0,0,0,0,0,0,0
891f8d7a2a3ffff,48.0996,11.594,muenchen,True,0,,0,False,0.461337,False,0,0.885067,0,0,0,0,0,0,0,0,0,0,0,0,0,0,0,0,0,0,0,0,0,0,0,0,0,0,0,0,0,0,0,0,0,0
891f8d7a2a7ffff,48.1,11.5987,muenchen,True,0,,0,False,0.461337,False,0,0.885067,0,0,0,0,0,0,0,0,0,0,0,0,0,0,0,0,0,0,0,0,0,0,0,0,0,0,0,0,1,0,0,0,0,0
891f8d7a2abffff,48.0969,11.5919,muenchen,True,326,13.3352,58,False,0.354938,False,150,0.810606,0,0,0,0,0,0,0,0,0,0,0,0,0,0,0,0,0,0,0,0,0,0,0,0,0,0,0,0,0,0,0,0,0,0
891f8d7a2afffff,48.0972,11.5966,muenchen,True,0,,0,False,0.461337,False,0,0.885067,0,0,0,0,0,0,0,0,0,0,0,0,0,0,0,0,0,0,0,0,0,0,0,0,0,0,0,0,0,0,0,0,0,0
891f8d7a2b3ffff,48.1021,11.5914,muenchen,True,1601,11.8514,503,False,0.61825,False,666,0.930197,0,0,0,0,0,0,0,0,0,0,0,0,0,2,0,0,0,0,0,0,0,0,0,0,0,0,2,0,0,0,0,0,0,0
891f8d7a2b7ffff,48.1024,11.5961,muenchen,True,1026,13.2396,458,False,0.526112,False,567,0.911871,0,0,0,1,0,0,0,1,0,0,0,0,0,1,1,0,0,0,0,0,0,0,0,0,1,0,2,0,1,0,1,0,0,0
891f8d7a2bbffff,48.0993,11.5893,muenchen,True,524,9.91343,134,False,0.467433,False,201,0.857143,0,0,0,0,0,0,0,0,0,0,0,0,0,1,0,0,0,0,0,0,0,0,0,0,0,0,0,0,1,0,0,0,0,0
891f8d7a2c3ffff,48.0954,11.5731,muenchen,True,658,12.1848,277,False,0.414596,False,357,0.857923,0,0,0,1,0,0,0,0,0,0,0,0,0,0,1,0,0,0,0,0,0,0,0,1,0,0,2,0,0,0,0,0,0,0
891f8d7a2c7ffff,48.0958,11.5778,muenchen,True,823,13.7306,324,False,0.487893,False,431,0.867925,0,0,0,0,0,0,0,0,0,0,0,0,0,0,1,0,0,0,0,0,0,0,0,0,1,0,1,0,0,0,0,0,0,0
891f8d7a2cbffff,48.0926,11.571,muenchen,True,722,14.7498,175,False,0.37274,False,370,0.853261,0,0,0,0,0,0,0,0,0,1,1,0,0,0,0,0,0,1,0,0,0,0,0,0,0,0,2,0,0,0,0,0,0,0
891f8d7a2cfffff,48.093,11.5757,muenchen,True,527,10.2259,190,False,0.269962,False,273,0.874525,0,0,0,0,0,0,0,0,0,0,0,0,0,0,0,0,0,0,0,0,0,0,0,0,0,0,0,0,0,0,0,0,0,0
891f8d7a2d3ffff,48.0978,11.5705,muenchen,True,353,13.9671,98,False,0.361345,False,180,0.834254,0,0,0,0,0,0,0,0,0,0,0,0,0,0,0,0,0,0,0,0,0,0,0,0,0,0,0,0,1,0,0,0,0,0
891f8d7a2d7ffff,48.0982,11.5752,muenchen,True,334,10.4998,81,False,0.322785,False,152,0.824324,0,0,0,0,0,0,0,0,0,0,0,0,0,0,0,0,0,0,0,0,0,0,0,0,0,0,1,0,0,0,0,0,0,0
891f8d7a2dbffff,48.0951,11.5684,muenchen,True,772,14.6463,232,False,0.43433,False,384,0.884817,0,0,0,0,0,0,0,1,0,0,0,0,0,0,1,0,0,0,0,0,0,0,0,0,0,0,0,0,0,0,0,0,0,0
891f8d7a303ffff,48.0962,11.618,muenchen,True,0,,0,False,0.461337,False,0,0.885067,0,0,0,0,0,0,0,0,0,0,0,0,0,0,0,0,0,0,0,0,0,0,0,0,0,0,0,0,0,0,0,0,0,0
891f8d7a307ffff,48.0966,11.6227,muenchen,True,3,12.5011,0,True,0.461337,True,3,1,0,0,0,0,0,0,0,0,0,0,0,0,0,0,0,0,0,0,0,0,0,0,0,0,0,0,0,0,0,0,0,0,0,0
891f8d7a30bffff,48.0935,11.6159,muenchen,True,14,13.7162,0,True,0.333333,False,4,0,0,0,0,0,0,0,0,0,0,0,0,0,0,0,0,0,0,0,0,0,0,0,0,0,0,0,0,0,0,0,0,0,0,0
891f8d7a30fffff,48.0938,11.6206,muenchen,True,30,13.21,6,False,0.458333,False,13,1,0,0,0,0,0,0,0,0,0,0,0,0,0,0,0,0,0,0,0,0,0,0,0,0,0,0,0,0,0,0,0,0,0,0
891f8d7a313ffff,48.0987,11.6154,muenchen,True,0,,0,False,0.461337,False,0,0.885067,0,0,0,0,0,0,0,0,0,0,0,0,0,0,0,0,0,0,0,0,0,0,0,0,0,0,0,0,0,0,0,0,0,0
891f8d7a317ffff,48.099,11.6201,muenchen,True,0,,0,False,0.461337,False,0,0.885067,0,0,0,0,0,0,0,0,0,0,0,0,0,0,0,0,0,0,0,0,0,0,0,0,0,0,0,0,0,0,0,0,0,0
891f8d7a31bffff,48.0959,11.6133,muenchen,True,16,10.87,12,False,0.25,False,12,0.8,0,0,0,0,0,0,0,0,0,0,0,0,0,0,0,0,0,0,0,0,0,0,0,0,0,0,0,0,0,0,0,0,0,0
891f8d7a323ffff,48.0945,11.63,muenchen,True,620,13.5422,167,False,0.361111,False,301,0.88141,0,0,0,0,0,0,0,0,0,0,0,0,0,1,0,0,0,0,0,0,0,0,0,0,0,0,1,0,0,0,0,0,0,0
891f8d7a327ffff,48.0949,11.6347,muenchen,True,619,14.0302,103,False,0.310289,False,257,0.796935,0,0,0,0,0,0,0,0,0,0,0,0,0,0,0,0,0,0,0,0,0,0,0,0,0,0,2,0,1,0,0,0,0,0
891f8d7a32bffff,48.0918,11.6279,muenchen,True,930,12.4899,372,False,0.41342,False,502,0.896414,0,0,0,0,0,0,0,0,0,0,0,0,0,0,0,0,0,0,0,0,0,0,0,0,0,0,1,0,0,0,0,0,0,0
891f8d7a32fffff,48.0921,11.6326,muenchen,True,43,16.6186,14,False,0.727273,False,29,1,0,0,0,0,0,0,0,0,0,0,0,0,0,0,0,0,0,1,0,0,0,0,0,0,0,1,0,0,3,0,0,1,0,0
891f8d7a333ffff,48.097,11.6274,muenchen,True,712,12.8952,291,False,0.400281,False,405,0.87963,0,0,0,0,0,0,0,0,0,0,0,0,0,0,0,0,0,0,0,0,0,0,0,0,0,0,0,0,2,0,0,0,0,0
891f8d7a337ffff,48.0973,11.6322,muenchen,True,853,12.8453,302,False,0.366029,False,449,0.861364,0,0,0,0,0,0,0,0,0,0,0,0,0,0,0,0,0,0,0,0,0,0,0,0,0,0,0,0,0,0,0,0,0,0
891f8d7a33bffff,48.0942,11.6253,muenchen,True,425,11.8906,180,False,0.430913,False,214,0.827434,0,0,0,0,0,0,0,0,0,0,0,0,0,1,1,0,0,0,0,0,0,0,0,0,0,0,0,0,2,0,0,0,0,0
891f8d7a343ffff,48.0903,11.6091,muenchen,True,599,13.7568,120,False,0.392447,False,283,0.850694,0,0,0,0,0,0,0,0,0,0,0,0,0,1,0,0,0,0,0,0,0,0,0,0,0,0,1,0,1,0,0,0,0,0
891f8d7a347ffff,48.0907,11.6138,muenchen,True,577,16.973,178,False,0.461538,False,305,0.882943,0,0,0,0,0,0,0,0,0,0,0,0,0,0,0,0,0,0,0,0,0,0,0,0,0,0,0,0,1,0,0,0,0,0
891f8d7a34bffff,48.0875,11.607,muenchen,True,203,13.7729,42,False,0.441624,False,90,0.831461,0,0,0,0,0,0,0,0,0,0,0,0,0,1,0,0,0,0,1,0,0,0,0,0,0,0,2,0,0,0,0,0,0,0
891f8d7a34fffff,48.0879,11.6117,muenchen,True,448,14.4627,89,False,0.43018,False,222,0.867925,0,0,0,0,0,0,0,0,0,0,0,0,1,1,0,0,0,0,0,0,0,0,0,0,0,0,0,0,1,0,0,0,0,0
891f8d7a353ffff,48.0927,11.6065,muenchen,True,541,12.0407,210,False,0.442344,False,278,0.868613,1,0,0,0,0,0,0,1,0,1,1,0,0,0,0,0,0,0,0,0,0,0,0,0,0,1,0,0,1,0,0,0,0,0
891f8d7a357ffff,48.0931,11.6112,muenchen,True,447,13.8905,82,False,0.382831,False,208,0.886486,0,0,0,0,0,0,0,0,0,0,1,0,0,0,0,0,0,0,0,0,0,0,0,0,0,0,2,0,0,0,0,0,0,0
891f8d7a35bffff,48.09,11.6044,muenchen,True,142,10.8933,21,False,0.228814,False,48,0.558824,0,0,0,0,0,0,0,0,0,0,0,0,0,0,0,0,0,0,0,0,0,0,0,0,0,0,0,0,0,0,0,0,0,0
891f8d7a363ffff,48.0886,11.6211,muenchen,True,0,,0,False,0.461337,False,0,0.885067,0,0,0,0,0,0,0,0,0,0,0,0,0,0,0,0,0,0,0,0,0,0,0,0,0,0,0,0,0,0,0,0,0,0
891f8d7a367ffff,48.089,11.6258,muenchen,True,100,12.28,22,False,0.4,False,47,0.926829,0,0,0,0,0,0,0,0,0,0,0,0,0,0,0,0,0,0,0,0,0,0,0,0,0,0,0,0,0,0,0,0,0,0
891f8d7a36bffff,48.0858,11.619,muenchen,False,0,,0,False,0.461337,False,0,0.885067,0,0,0,0,0,0,0,0,0,0,0,0,0,0,0,0,0,0,0,0,0,0,0,0,0,0,0,0,0,0,0,0,0,0
891f8d7a36fffff,48.0862,11.6237,muenchen,False,0,,0,False,0.461337,False,0,0.885067,0,0,0,0,0,0,0,0,0,0,0,0,0,0,0,0,0,0,0,0,0,0,0,0,0,0,0,0,0,0,0,0,0,0
891f8d7a373ffff,48.091,11.6185,muenchen,True,0,,0,False,0.461337,False,0,0.885067,0,0,0,0,0,0,0,0,0,0,0,0,0,0,0,0,0,0,0,0,0,0,0,0,0,0,0,0,0,0,0,0,0,0
891f8d7a377ffff,48.0914,11.6232,muenchen,True,89,12.0316,38,False,0.532609,False,38,0.771429,0,0,0,0,0,0,0,0,0,0,0,0,0,0,0,0,0,0,0,0,0,0,0,0,0,0,0,0,0,0,0,0,0,0
891f8d7a37bffff,48.0883,11.6164,muenchen,False,148,13.209,42,False,0.401408,False,76,0.815789,0,0,0,0,0,0,0,0,0,0,0,0,0,0,0,0,0,0,0,0,0,0,0,0,0,0,0,0,0,0,0,0,0,0
891f8d7a383ffff,48.1039,11.615,muenchen,True,822,11.024,198,False,0.454771,False,307,0.706485,0,0,0,0,0,0,0,0,0,0,0,0,0,0,0,0,0,0,0,0,0,0,0,0,0,0,0,0,0,0,0,0,0,0
891f8d7a387ffff,48.1042,11.6197,muenchen,True,1057,15.7732,249,False,0.449953,False,509,0.829026,0,0,0,0,0,0,0,0,0,0,0,0,0,0,0,0,0,0,0,0,0,0,0,0,0,0,0,0,0,0,0,0,0,0
891f8d7a38bffff,48.1011,11.6128,muenchen,True,347,7.84059,102,False,0.394659,False,102,0.490196,0,0,0,0,0,0,0,0,0,0,0,0,0,0,0,0,0,0,0,0,0,0,0,0,0,0,1,0,0,0,0,0,0,0
891f8d7a38fffff,48.1014,11.6176,muenchen,True,920,14.0704,279,False,0.550054,False,412,0.788969,0,0,0,0,0,0,0,0,0,0,0,0,0,0,0,0,0,0,0,0,0,0,0,0,0,0,1,0,0,0,0,0,0,0
891f8d7a393ffff,48.1063,11.6124,muenchen,True,242,12.6382,62,False,0.466667,False,107,0.859813,0,0,0,0,0,0,0,0,0,0,0,0,0,0,0,0,0,0,0,0,0,0,0,0,0,0,0,0,0,0,0,0,0,0
891f8d7a397ffff,48.1066,11.6171,muenchen,True,349,12.1746,102,False,0.415205,False,163,0.857143,0,0,0,0,0,0,0,0,0,0,0,0,0,0,0,0,0,0,0,0,0,0,0,0,0,0,0,0,0,0,0,0,0,0
891f8d7a39bffff,48.1035,11.6103,muenchen,True,887,9.60043,461,False,0.413991,False,482,0.906383,0,0,0,0,0,0,0,0,0,0,0,0,0,0,0,0,0,0,0,0,0,0,0,0,0,0,1,0,0,0,0,0,0,0
891f8d7a3a3ffff,48.1022,11.627,muenchen,True,1057,8.62641,398,False,0.437921,False,473,0.772152,0,1,0,0,0,0,0,0,0,0,0,0,1,1,0,0,0,0,0,0,0,0,0,0,0,0,0,0,0,0,0,0,0,0
891f8d7a3a7ffff,48.1025,11.6317,muenchen,True,810,11.7288,302,False,0.336574,False,357,0.818182,0,0,0,0,0,0,0,0,0,0,0,0,1,0,0,0,0,0,0,0,0,0,0,0,0,0,0,0,2,0,0,0,0,0
891f8d7a3abffff,48.0994,11.6249,muenchen,True,142,10.4855,55,False,0.428571,False,76,0.917808,0,0,0,0,0,0,0,0,0,0,0,0,1,1,0,0,0,0,1,0,0,0,0,0,0,0,0,0,2,0,0,0,0,0
891f8d7a3afffff,48.0997,11.6296,muenchen,True,553,13.962,179,False,0.408503,False,282,0.865942,1,0,0,0,0,1,0,0,1,1,2,0,0,3,1,0,1,0,0,0,0,0,0,1,0,0,2,0,3,0,1,0,0,0
891f8d7a3b3ffff,48.1046,11.6244,muenchen,True,946,12.7025,499,False,0.478571,False,569,0.910035,0,0,0,0,0,0,0,1,0,1,1,0,0,0,0,0,0,0,0,0,0,0,0,0,0,0,2,0,1,0,0,0,0,0
891f8d7a3b7ffff,48.1049,11.6291,muenchen,True,266,6.05232,125,False,0.380228,False,143,0.926471,0,0,0,0,0,0,0,0,0,0,0,0,0,0,0,0,0,0,0,0,0,0,0,0,0,0,0,0,0,0,0,0,0,0
891f8d7a3bbffff,48.1018,11.6223,muenchen,True,860,16.1914,192,False,0.590476,False,408,0.822165,0,0,0,0,0,0,0,1,0,0,1,0,0,0,0,0,0,0,0,0,0,0,0,0,0,0,1,0,0,0,0,0,0,0
891f8d7a3c3ffff,48.0979,11.606,muenchen,True,254,14.9123,66,False,0.408397,False,131,0.856115,0,0,0,0,0,0,0,0,0,0,0,0,0,0,0,0,0,0,0,0,0,0,0,0,0,0,2,0,1,0,0,0,0,0
891f8d7a3c7ffff,48.0983,11.6107,muenchen,True,342,14.6173,73,False,0.343558,False,170,0.909605,0,0,0,0,0,0,0,0,0,0,0,0,0,1,0,0,0,0,0,0,0,0,0,0,0,0,0,0,0,0,0,0,0,0
891f8d7a3cbffff,48.0952,11.6039,muenchen,True,209,11.4407,45,False,0.424242,False,98,0.819149,0,0,0,0,0,0,0,0,0,0,0,0,0,0,0,0,0,0,0,0,0,0,0,0,0,0,0,0,0,0,0,0,0,0
891f8d7a3cfffff,48.0955,11.6086,muenchen,True,544,14.1602,162,False,0.534749,False,284,0.915385,0,0,0,0,0,0,0,0,0,0,0,0,0,0,0,0,0,0,0,0,0,0,0,0,0,0,1,0,1,0,0,0,0,0
891f8d7a3d3ffff,48.1004,11.6034,muenchen,True,87,12.2,12,False,0.388889,False,51,0.816327,0,0,0,0,0,0,0,0,0,0,0,0,0,0,1,0,0,0,0,0,0,0,0,0,0,0,0,0,0,0,0,0,0,0
891f8d7a3d7ffff,48.1007,11.6081,muenchen,True,793,10.3048,264,False,0.401506,False,395,0.862245,0,0,0,0,0,0,0,0,0,0,0,0,0,0,0,0,0,0,0,0,0,0,0,0,0,0,3,0,1,0,0,0,0,0
891f8d7a3dbffff,48.0976,11.6013,muenchen,True,132,14.11,4,False,0.0378788,False,25,1,0,0,0,0,0,0,0,0,0,0,0,0,0,0,0,0,0,0,0,0,0,0,0,0,0,0,0,0,0,0,0,0,0,0
891f8d7a403ffff,48.1301,11.5818,muenchen,True,120,14.59,48,False,0.75,False,56,0.941176,0,0,0,0,0,0,0,0,0,0,0,0,2,0,1,0,0,0,0,0,0,1,0,0,0,0,3,0,2,0,0,0,0,0
891f8d7a407ffff,48.1304,11.5865,muenchen,True,1111,12.7199,595,False,0.495154,False,647,0.904615,0,0,0,0,0,0,0,0,0,0,1,0,2,4,2,0,0,0,0,0,2,1,0,0,1,0,0,1,2,0,0,0,0,0
891f8d7a40bffff,48.1273,11.5796,muenchen,True,1454,14.3633,797,False,0.524949,False,917,0.928105,0,0,0,0,0,1,0,0,1,0,1,0,1,0,2,0,1,1,0,0,0,1,0,0,1,0,0,0,2,0,0,0,0,0
891f8d7a40fffff,48.1277,11.5843,muenchen,True,1601,12.0471,787,False,0.444931,False,935,0.90812,0,0,0,0,0,0,0,0,0,0,0,0,1,2,0,0,0,0,0,0,0,0,0,0,0,0,2,0,1,0,0,0,0,0
891f8d7a413ffff,48.1325,11.5792,muenchen,True,2150,15.7371,1093,False,0.566574,False,1360,0.932403,0,0,0,2,0,0,0,0,0,0,1,0,5,12,6,0,0,4,0,3,1,4,0,0,0,0,0,0,7,1,0,0,0,0
891f8d7a417ffff,48.1329,11.5839,muenchen,True,1063,14.4579,563,False,0.569392,False,663,0.929448,0,1,0,1,0,1,0,2,0,0,4,0,2,9,2,1,2,3,0,0,0,1,0,1,4,1,3,0,8,1,0,0,0,0
891f8d7a41bffff,48.1297,11.577,muenchen,True,2457,15.0747,1299,False,0.560575,False,1569,0.933123,0,0,0,0,0,1,0,0,0,0,2,0,5,5,9,1,2,13,0,1,0,4,0,0,0,0,3,0,5,0,0,0,0,0
891f8d7a423ffff,48.1284,11.5938,muenchen,True,2787,14.1193,1431,False,0.538241,False,1624,0.916101,1,1,0,1,0,1,0,1,0,2,4,0,6,16,0,0,0,4,1,1,1,0,0,0,1,1,1,0,4,1,1,0,0,1
891f8d7a427ffff,48.1288,11.5985,muenchen,True,2506,14.1446,1186,False,0.507552,False,1504,0.913302,0,1,1,1,0,0,0,1,1,1,5,0,8,12,3,4,2,6,2,1,1,3,0,2,0,0,0,0,7,1,0,0,0,1
891f8d7a42bffff,48.1256,11.5916,muenchen,True,1404,12.3367,746,False,0.463029,False,942,0.935037,0,0,0,0,0,0,0,1,0,0,1,0,0,3,0,0,0,0,1,1,0,0,0,0,0,0,0,0,3,0,0,0,0,0
891f8d7a42fffff,48.126,11.5964,muenchen,True,2276,12.789,1101,False,0.498476,False,1242,0.897764,0,0,0,0,0,0,0,0,0,0,1,0,3,6,6,1,0,3,0,0,1,1,0,0,0,0,0,0,8,1,0,1,0,0
891f8d7a433ffff,48.1308,11.5912,muenchen,True,862,14.9578,281,False,0.525822,False,489,0.94206,0,0,0,0,0,0,0,2,0,0,1,0,4,7,3,1,0,1,0,1,4,0,0,0,0,0,0,0,3,0,0,0,0,0
891f8d7a437ffff,48.1312,11.5959,muenchen,True,2775,13.1011,1222,False,0.44798,False,1495,0.898068,0,0,0,1,0,1,0,1,0,1,2,0,4,3,5,0,0,3,0,0,0,1,0,1,1,0,0,0,8,0,0,0,0,0
891f8d7a43bffff,48.128,11.5891,muenchen,True,1187,18.7394,805,False,0.57203,False,1062,0.988658,0,0,0,0,0,0,0,0,0,0,0,0,0,2,0,0,0,0,0,0,0,0,0,0,0,0,0,0,1,0,0,0,0,0
891f8d7a443ffff,48.1242,11.5728,muenchen,True,4,14.4924,0,True,1,False,0,0.885067,0,0,0,0,0,0,0,0,0,0,0,0,0,0,0,0,0,0,0,0,0,0,0,0,0,0,1,0,0,0,0,0,0,0
891f8d7a447ffff,48.1245,11.5775,muenchen,True,2901,13.7924,1427,False,0.520401,False,1703,0.914994,0,0,0,0,0,0,0,0,0,1,1,0,1,3,0,0,0,0,1,0,0,0,0,0,0,0,0,0,1,0,0,0,0,0
891f8d7a44bffff,48.1214,11.5707,muenchen,True,1299,16.5481,761,False,0.571975,False,881,0.952489,0,0,0,0,0,0,0,0,0,0,2,0,0,3,0,0,0,0,0,0,0,0,0,1,0,0,1,0,1,0,1,1,0,0
891f8d7a44fffff,48.1218,11.5754,muenchen,True,2617,13.9827,1397,False,0.531286,False,1674,0.931284,0,0,0,0,0,0,0,1,0,0,1,0,1,2,0,0,0,0,0,0,1,0,0,0,0,0,1,0,1,0,0,0,0,0
891f8d7a453ffff,48.1266,11.5702,muenchen,True,2610,15.1229,1295,False,0.522692,False,1625,0.931415,0,0,0,0,0,0,0,0,0,0,0,0,3,8,2,0,1,0,0,2,1,0,0,0,0,0,1,0,1,0,0,0,0,0
891f8d7a457ffff,48.1269,11.5749,muenchen,True,941,16.5935,506,False,0.6258,False,639,0.949843,0,0,0,0,0,0,0,0,0,0,1,0,2,4,0,0,0,3,0,1,0,0,0,1,1,0,1,0,2,0,0,0,0,0
891f8d7a45bffff,48.1238,11.5681,muenchen,True,1597,14.9172,763,False,0.565053,False,886,0.942792,0,0,0,1,0,0,0,0,0,0,1,0,1,3,1,0,0,1,1,1,0,0,0,1,0,0,4,0,4,0,0,0,0,0
891f8d7a463ffff,48.1225,11.5848,muenchen,True,1233,12.1424,564,False,0.538898,False,618,0.863708,0,0,0,0,0,0,0,1,0,0,1,0,0,0,0,0,0,0,0,0,0,0,0,1,2,0,1,0,1,0,0,0,0,0
891f8d7a467ffff,48.1228,11.5895,muenchen,True,2923,13.547,1288,False,0.49949,False,1549,0.858974,0,0,0,0,0,0,0,1,0,0,2,0,1,1,0,0,0,0,0,1,0,1,0,0,0,0,2,0,3,0,0,0,0,0
891f8d7a46bffff,48.1197,11.5827,muenchen,True,1041,13.877,496,False,0.561069,False,646,0.938583,0,0,0,0,0,0,0,0,1,1,2,0,3,3,2,1,0,0,2,0,0,0,1,0,3,0,2,0,1,0,1,0,0,0
891f8d7a46fffff,48.1201,11.5874,muenchen,True,518,19.8358,239,False,0.684512,False,239,0.85124,0,0,0,0,0,0,0,0,0,0,0,0,0,1,0,0,0,0,0,0,0,0,0,0,0,0,0,0,0,0,0,0,0,0
891f8d7a473ffff,48.1249,11.5822,muenchen,True,897,10.7486,513,False,0.510989,False,541,0.910615,3,0,0,0,0,1,0,2,0,0,2,0,1,4,0,1,0,0,0,1,0,0,0,1,1,0,3,0,6,0,0,0,0,0
891f8d7a477ffff,48.1253,11.5869,muenchen,True,1168,13.3895,509,False,0.500425,False,619,0.903846,0,0,0,0,0,0,0,0,0,0,0,0,1,2,0,0,0,1,0,0,0,1,0,0,1,0,1,0,4,0,0,0,0,0
891f8d7a47bffff,48.1221,11.5801,muenchen,True,1540,14.35,686,False,0.52439,False,827,0.909314,0,0,0,0,0,0,0,1,0,1,1,0,1,3,2,0,0,1,0,0,0,0,0,1,0,0,2,0,2,0,0,0,0,0
891f8d7a483ffff,48.1377,11.5787,muenchen,True,613,17.6383,281,False,0.592346,False,480,0.978947,0,0,0,1,1,1,0,1,0,1,4,0,14,27,9,1,1,18,1,1,3,3,0,0,1,0,2,0,6,0,0,0,0,0
891f8d7a487ffff,48.1381,11.5834,muenchen,True,605,16.6312,288,False,0.518395,False,426,0.937947,0,0,0,0,0,0,0,0,0,0,0,0,1,8,4,0,0,12,0,0,7,5,0,0,1,0,0,0,2,0,0,0,0,0
891f8d7a48bffff,48.1349,11.5766,muenchen,True,1678,16.5174,887,False,0.57574,False,1072,0.928037,1,0,2,10,2,2,0,0,10,8,7,2,15,25,14,0,2,12,3,1,0,1,1,1,1,0,2,0,6,0,0,1,0,2
891f8d7a48fffff,48.1353,11.5813,muenchen,True,1008,17.3003,581,False,0.6,False,712,0.971631,0,1,1,1,0,0,0,1,0,0,2,0,4,19,4,0,3,8,1,1,1,3,0,1,0,0,1,0,8,0,1,0,0,0
891f8d7a493ffff,48.1401,11.5761,muenchen,True,165,16.2648,44,False,0.485075,False,101,0.885714,0,0,0,0,0,0,0,1,0,0,3,0,8,11,3,1,3,42,0,0,1,3,0,0,1,0,0,0,13,0,0,0,0,0
891f8d7a497ffff,48.1405,11.5808,muenchen,True,131,16.58,61,False,0.573643,False,115,0.974576,0,0,0,0,0,0,0,0,0,0,0,0,0,3,0,0,0,4,0,0,7,2,1,0,0,0,0,1,5,0,0,0,0,0
891f8d7a49bffff,48.1373,11.574,muenchen,True,216,20.0173,91,False,0.599034,False,177,0.949153,0,0,0,2,0,1,0,0,0,2,4,0,11,16,5,6,5,24,1,0,1,2,1,0,1,1,0,0,7,0,0,0,0,0
891f8d7a4a3ffff,48.136,11.5907,muenchen,True,25,10.08,7,False,0.166667,False,7,0.885067,0,0,0,0,0,0,0,0,0,0,0,0,1,0,1,0,0,0,0,0,0,1,0,0,0,0,0,0,3,0,0,0,0,0
891f8d7a4a7ffff,48.1364,11.5954,muenchen,True,739,13.8348,416,False,0.519841,False,507,0.920792,0,0,0,0,0,0,0,0,1,0,0,0,0,1,0,0,0,0,0,0,0,0,0,0,1,0,2,0,1,0,0,0,0,0
891f8d7a4abffff,48.1332,11.5886,muenchen,True,47,16.9356,16,False,0.725,False,32,1,0,0,0,0,0,0,0,0,0,0,0,0,0,1,2,0,0,0,0,0,0,0,0,0,0,0,0,0,0,0,0,0,0,0
891f8d7a4afffff,48.1336,11.5933,muenchen,True,1376,14.9662,721,False,0.492679,False,917,0.946095,0,0,0,0,0,0,0,0,0,0,0,0,2,3,2,0,0,0,0,1,0,0,0,1,1,0,0,0,5,0,0,0,0,0
891f8d7a4b3ffff,48.1384,11.5881,muenchen,True,855,18.3515,450,False,0.461171,False,561,0.925267,0,0,0,2,0,0,0,0,0,0,1,0,1,7,1,0,1,0,0,0,1,5,0,1,3,0,2,0,3,0,0,0,0,0
891f8d7a4b7ffff,48.1388,11.5928,muenchen,True,943,13.5828,485,False,0.542261,False,580,0.909408,0,0,0,0,0,0,0,0,0,0,0,0,0,2,1,0,0,0,0,2,1,0,0,0,0,0,0,0,4,0,0,0,0,0
891f8d7a4bbffff,48.1356,11.586,muenchen,True,2139,15.6777,971,False,0.482276,False,1300,0.936533,0,0,0,1,0,0,0,0,0,0,0,0,1,5,0,1,5,2,1,0,0,2,0,1,1,0,0,0,4,0,0,0,0,0
891f8d7a4c3ffff,48.1318,11.5697,muenchen,True,1730,13.9245,814,False,0.561018,False,1014,0.910331,0,0,0,0,0,1,0,2,0,0,2,0,9,8,10,0,0,4,2,2,1,3,1,0,1,0,1,1,6,1,0,0,0,0
891f8d7a4c7ffff,48.1321,11.5745,muenchen,True,1466,15.0422,685,False,0.532291,False,855,0.911935,0,0,0,2,0,0,0,4,0,0,1,0,4,12,7,2,2,7,0,2,3,1,0,1,1,0,4,0,5,1,0,0,0,0
891f8d7a4cbffff,48.129,11.5676,muenchen,True,2154,15.2659,1045,False,0.506353,False,1300,0.927132,0,0,0,0,0,0,0,1,0,0,3,0,6,8,5,0,1,4,0,0,0,2,0,0,0,0,0,0,1,0,0,0,0,0
891f8d7a4cfffff,48.1294,11.5723,muenchen,True,3424,14.937,1920,False,0.568829,False,2200,0.931444,1,0,0,0,0,2,0,2,0,0,3,0,7,11,8,1,2,8,0,1,2,4,0,2,1,0,1,0,8,0,0,0,0,0
891f8d7a4d3ffff,48.1342,11.5672,muenchen,True,604,16.0735,248,False,0.523569,False,358,0.927746,0,0,0,0,0,1,0,1,0,1,8,0,6,9,6,0,4,8,1,0,2,0,0,0,2,0,2,0,13,0,0,0,0,0
891f8d7a4d7ffff,48.1346,11.5719,muenchen,True,658,14.7147,274,False,0.586262,False,418,0.970803,0,0,0,0,0,0,0,0,0,0,0,0,9,11,1,1,5,14,0,0,2,3,0,0,0,0,3,0,7,0,0,0,0,0
891f8d7a4dbffff,48.1314,11.565,muenchen,True,1851,15.9085,932,False,0.573955,False,1143,0.937719,0,0,0,0,0,0,0,0,0,0,4,0,4,11,5,1,0,4,1,1,1,0,0,1,0,0,2,2,3,0,0,3,0,0
891f8d7a503ffff,48.1326,11.6147,muenchen,True,239,11.3017,130,False,0.510638,False,130,0.927419,0,0,0,0,0,0,0,0,0,0,0,0,1,0,0,0,0,0,0,1,0,0,0,0,0,0,1,1,0,0,0,0,0,0
891f8d7a507ffff,48.133,11.6194,muenchen,True,744,11.9814,298,False,0.542595,False,321,0.91746,0,0,0,0,0,0,0,0,0,0,0,0,0,0,0,0,0,0,0,0,0,0,0,1,0,0,0,0,7,0,0,0,0,0
891f8d7a50bffff,48.1298,11.6126,muenchen,True,1165,11.314,647,False,0.443869,False,743,0.94513,0,0,0,0,0,0,0,0,0,0,0,0,4,3,0,0,0,0,0,0,0,0,0,0,0,0,0,0,5,0,0,0,0,0
891f8d7a50fffff,48.1302,11.6173,muenchen,True,1827,13.0381,884,False,0.528322,False,1086,0.924004,0,0,0,0,0,0,0,1,1,0,0,0,2,4,1,0,0,0,0,0,0,0,0,0,1,0,3,0,2,1,1,0,0,0
891f8d7a513ffff,48.135,11.6121,muenchen,True,94,12.39,55,False,0.546392,False,55,0.884615,0,0,0,0,0,0,0,0,0,0,0,0,0,0,0,0,0,0,0,0,0,0,0,1,1,0,1,0,4,0,0,0,0,0
891f8d7a517ffff,48.1354,11.6168,muenchen,True,0,,0,False,0.461337,False,0,0.885067,0,0,0,0,0,0,0,0,0,0,0,0,0,0,0,0,0,0,0,0,0,0,0,0,0,1,0,0,0,0,0,0,0,0
891f8d7a51bffff,48.1323,11.61,muenchen,True,883,13.9517,440,False,0.548724,False,537,0.909427,0,0,0,0,0,0,0,1,0,0,0,0,0,2,0,0,0,0,0,1,0,0,0,0,1,0,4,1,1,0,0,0,0,0
891f8d7a523ffff,48.1309,11.6267,muenchen,True,493,16.0243,76,False,0.569038,False,99,1,0,0,0,0,0,0,0,2,0,0,0,0,1,0,0,0,0,0,0,0,0,0,0,0,0,0,1,0,3,0,0,0,0,0
891f8d7a527ffff,48.1313,11.6314,muenchen,True,871,13.5991,260,False,0.458716,False,390,0.825843,0,0,0,0,0,0,0,0,0,0,0,0,0,2,0,0,0,0,0,0,0,0,0,0,0,0,1,0,1,0,0,0,0,0
891f8d7a52bffff,48.1281,11.6246,muenchen,True,937,10.2359,362,False,0.433514,False,404,0.796526,0,0,0,0,0,0,0,1,0,0,0,0,0,0,0,0,0,0,0,1,0,0,0,0,0,0,0,0,0,0,0,0,0,0
891f8d7a52fffff,48.1285,11.6293,muenchen,True,1213,12.9712,497,False,0.446862,False,707,0.916084,1,0,0,0,0,0,0,0,0,1,2,0,0,3,1,0,0,0,0,1,0,0,0,0,1,0,2,0,2,0,0,0,0,0
891f8d7a533ffff,48.1333,11.6241,muenchen,True,3,13.0541,0,True,0.461337,True,0,0.885067,0,0,0,0,0,0,0,0,0,0,1,0,1,0,0,0,0,0,0,0,0,0,0,0,0,0,0,0,0,0,0,0,0,0
891f8d7a537ffff,48.1337,11.6289,muenchen,True,865,16.5487,214,False,0.581315,False,407,0.799492,0,0,0,0,0,0,0,0,0,0,0,0,0,0,0,0,0,0,0,0,0,0,0,0,0,0,0,1,0,0,0,0,0,0
891f8d7a53bffff,48.1306,11.622,muenchen,True,1404,14.5638,872,False,0.550355,False,968,0.960581,0,0,0,0,0,0,0,2,0,0,0,0,1,1,2,0,0,1,0,1,0,0,1,0,1,0,3,0,7,1,0,0,0,0
891f8d7a543ffff,48.1267,11.6058,muenchen,True,4,13.385,0,True,0.461337,True,3,0.885067,0,0,0,1,0,0,0,1,0,0,4,0,2,3,1,1,0,1,2,0,1,1,0,2,0,1,3,1,4,0,0,0,0,0
891f8d7a547ffff,48.1271,11.6105,muenchen,True,4,11.3384,0,True,0.461337,True,0,0.885067,0,0,0,0,0,0,0,1,0,1,1,0,0,2,1,0,0,0,0,0,0,0,1,1,0,0,1,0,12,0,0,0,0,0
891f8d7a54bffff,48.1239,11.6037,muenchen,True,208,9.97897,87,False,0.504808,False,95,0.847826,0,0,0,0,0,0,0,0,0,0,1,0,2,3,1,0,0,0,0,1,0,0,1,0,0,0,1,0,9,0,0,0,0,0
891f8d7a54fffff,48.1243,11.6084,muenchen,True,24,15.19,24,False,0.611111,False,29,1,0,0,0,0,0,0,0,0,0,0,0,0,3,5,3,0,0,0,0,0,3,0,2,1,0,0,1,0,2,0,0,0,0,0
891f8d7a553ffff,48.1291,11.6032,muenchen,True,2148,14.5675,900,False,0.503533,False,1137,0.907706,0,0,0,1,0,2,0,2,1,2,5,0,6,9,1,1,1,2,1,2,0,0,0,3,2,0,5,0,8,0,1,0,0,0
891f8d7a557ffff,48.1295,11.6079,muenchen,True,269,11.6895,169,False,0.486692,False,171,0.912281,0,0,0,0,0,0,0,0,0,0,0,0,0,2,1,0,0,0,0,0,0,0,0,0,0,0,1,0,1,0,0,0,0,0
891f8d7a55bffff,48.1263,11.6011,muenchen,True,895,13.8298,402,False,0.52381,False,436,0.912844,0,0,0,0,0,0,0,0,0,0,0,0,0,1,4,0,0,0,0,1,0,0,0,0,0,0,5,0,0,0,1,0,0,0
891f8d7a563ffff,48.125,11.6178,muenchen,True,1285,8.90049,772,False,0.471338,False,777,0.908974,0,0,0,0,0,0,0,0,0,0,0,0,0,0,0,0,0,0,0,0,0,0,0,0,0,0,1,0,1,0,0,0,0,0
891f8d7a567ffff,48.1254,11.6225,muenchen,True,1040,9.77296,517,False,0.438409,False,557,0.880651,0,0,0,0,0,0,0,0,0,0,1,0,0,0,0,0,0,0,0,0,0,0,0,1,0,0,2,0,1,0,0,0,0,0
891f8d7a56bffff,48.1222,11.6157,muenchen,True,1288,8.09254,779,False,0.434079,False,781,0.911652,0,0,0,0,0,0,0,0,0,0,1,0,0,0,1,0,0,0,0,0,0,0,0,0,0,0,0,0,0,0,0,0,0,0
891f8d7a56fffff,48.1226,11.6204,muenchen,True,1071,11.5228,552,False,0.448659,False,522,0.796512,0,0,0,0,0,0,0,1,0,0,0,0,0,0,0,0,0,0,0,0,0,0,0,0,0,0,0,0,0,0,0,0,0,0
891f8d7a573ffff,48.1274,11.6152,muenchen,True,1227,11.3817,723,False,0.491843,False,762,0.925631,0,0,0,0,0,0,0,0,1,0,0,0,0,0,1,0,0,0,0,0,0,0,0,0,0,0,2,0,2,0,0,0,0,0
891f8d7a577ffff,48.1278,11.6199,muenchen,True,1885,9.18817,936,False,0.417501,False,1016,0.860534,0,0,0,0,0,0,0,0,1,0,0,0,0,1,1,0,0,0,0,0,0,0,0,0,0,0,0,0,1,0,0,0,0,0
891f8d7a57bffff,48.1246,11.6131,muenchen,True,1278,8.65882,509,False,0.417255,False,585,0.814879,0,0,0,0,0,0,0,1,0,0,1,0,1,1,0,0,0,0,0,1,0,0,0,0,0,0,4,0,1,0,0,0,0,0
891f8d7a583ffff,48.1402,11.6117,muenchen,True,1949,12.963,1120,False,0.490556,False,1163,0.911612,0,0,0,0,0,0,0,1,0,0,0,0,1,0,0,0,0,0,0,0,0,0,0,0,0,0,0,0,1,0,0,0,0,0
891f8d7a587ffff,48.1406,11.6164,muenchen,True,1603,12.9255,874,False,0.534077,False,1041,0.94129,0,0,0,0,0,1,0,2,0,0,1,0,0,1,1,0,0,0,0,0,0,0,0,0,0,0,1,0,0,0,0,0,0,0
891f8d7a58bffff,48.1374,11.6095,muenchen,True,2177,12.2596,1092,False,0.490592,False,1190,0.923534,0,0,0,0,1,0,0,0,0,0,2,0,0,4,0,0,1,0,0,1,0,0,0,0,2,0,2,0,2,0,0,0,0,0
891f8d7a58fffff,48.1378,11.6142,muenchen,True,2412,15.6312,1252,False,0.502687,False,1422,0.909027,0,0,0,1,0,0,0,2,1,0,1,0,1,2,0,0,0,1,0,1,0,0,0,0,2,0,4,0,1,0,0,0,0,0
891f8d7a593ffff,48.1426,11.6091,muenchen,True,395,14.7742,122,False,0.282443,False,199,0.888325,0,0,0,0,0,0,0,0,0,0,0,0,0,0,0,0,0,0,0,0,0,0,0,0,0,0,0,0,1,0,0,0,0,0
891f8d7a597ffff,48.143,11.6138,muenchen,True,432,14.3671,146,False,0.516588,False,224,0.895238,0,0,0,0,0,0,0,0,0,0,0,0,1,2,0,0,0,0,0,0,0,0,0,0,1,0,2,0,0,0,0,0,0,0
891f8d7a59bffff,48.1399,11.6069,muenchen,True,859,12.9823,404,False,0.454653,False,466,0.921109,0,0,0,0,0,0,0,1,0,0,1,0,0,4,0,0,0,0,0,0,1,1,0,0,1,0,2,0,3,0,0,0,0,0
891f8d7a5a3ffff,48.1385,11.6237,muenchen,True,39,11.0136,14,False,0.53125,False,16,1,0,0,0,0,0,0,0,0,0,0,0,0,0,0,0,0,0,0,0,0,0,0,1,0,0,0,0,0,2,0,0,0,0,0
891f8d7a5a7ffff,48.1389,11.6284,muenchen,True,123,13.8023,30,False,0.392157,False,58,0.770833,0,0,0,0,0,0,0,0,0,0,0,0,0,1,0,0,0,0,0,0,0,0,0,0,0,0,1,0,0,0,0,0,0,0
891f8d7a5abffff,48.1357,11.6216,muenchen,True,202,14.3497,0,True,0.479381,False,0,0.885067,0,0,0,0,0,0,0,0,0,0,0,0,0,0,0,0,0,0,0,0,0,0,0,0,1,0,0,0,0,0,0,0,0,0
891f8d7a5afffff,48.1361,11.6263,muenchen,True,82,19.6761,77,False,0.68,False,77,1,0,0,0,0,0,0,0,0,0,0,0,0,0,0,0,0,0,0,0,0,0,0,0,0,1,0,1,0,5,0,0,0,0,0
891f8d7a5b3ffff,48.1409,11.6211,muenchen,True,1318,13.8293,428,False,0.436033,False,641,0.831776,0,0,0,0,0,0,0,0,0,0,1,0,0,1,0,0,0,0,0,0,0,0,0,0,0,0,0,0,0,0,0,0,0,0
891f8d7a5b7ffff,48.1413,11.6258,muenchen,True,502,13.3227,121,False,0.420168,False,232,0.809955,0,0,0,0,0,0,0,0,0,0,0,0,1,0,0,0,0,1,0,1,0,0,0,0,0,0,1,0,0,0,0,0,0,0
891f8d7a5bbffff,48.1382,11.619,muenchen,True,2028,15.4193,1145,False,0.616067,False,1320,0.943524,0,0,0,0,0,0,0,1,0,0,0,0,0,3,3,0,0,0,0,1,0,0,0,0,2,0,1,0,1,0,0,0,0,0
891f8d7a5c3ffff,48.1343,11.6027,muenchen,True,1663,8.87446,888,False,0.418367,False,959,0.908517,0,0,0,0,0,0,0,0,0,0,0,0,1,4,3,0,0,0,0,1,0,2,0,0,0,0,0,0,0,0,0,0,0,0
891f8d7a5c7ffff,48.1347,11.6074,muenchen,True,1527,15.9004,979,False,0.626561,False,1113,0.976959,0,0,0,0,0,0,0,0,0,0,3,0,3,6,0,0,0,0,1,2,0,0,0,1,1,0,1,0,2,0,0,0,0,0
891f8d7a5cbffff,48.1315,11.6006,muenchen,True,1803,13.8685,833,False,0.462942,False,1052,0.920304,0,0,0,1,0,0,0,0,0,0,1,0,3,6,0,0,3,5,1,0,2,1,0,2,0,0,0,1,1,0,0,0,0,0
891f8d7a5cfffff,48.1319,11.6053,muenchen,True,1871,14.7804,671,False,0.460096,False,1002,0.870936,0,0,0,0,0,0,0,0,0,0,0,0,0,4,1,0,0,0,0,0,0,0,0,0,0,0,2,1,0,0,0,0,0,0
891f8d7a5d3ffff,48.1367,11.6001,muenchen,True,303,11.9978,115,False,0.476341,False,141,0.839161,0,0,0,0,0,0,0,0,0,0,1,0,2,1,0,0,0,0,0,1,1,0,0,0,1,0,4,2,0,0,0,0,0,0
891f8d7a5d7ffff,48.1371,11.6048,muenchen,True,1675,10.9679,895,False,0.409856,False,1026,0.918651,0,0,0,0,0,0,0,0,0,1,0,0,0,1,1,0,0,0,0,1,0,0,0,0,2,0,2,0,1,0,0,0,0,0
891f8d7a5dbffff,48.1339,11.598,muenchen,True,1856,13.9679,907,False,0.485885,False,1119,0.916742,0,1,0,1,0,3,0,0,2,2,2,0,10,8,1,1,1,7,2,0,0,0,1,1,3,0,0,0,3,0,0,0,0,0
891f8d7a603ffff,48.1106,11.5669,muenchen,True,1264,16.0597,436,False,0.550633,False,715,0.919107,0,0,0,0,0,0,0,0,0,0,0,0,0,2,3,0,0,0,0,0,0,0,0,0,0,0,1,0,3,0,0,0,0,0
891f8d7a607ffff,48.111,11.5716,muenchen,True,256,11.022,94,False,0.436782,False,134,0.850746,0,0,0,0,0,0,0,0,0,0,1,0,0,1,1,0,0,0,0,0,1,0,0,0,0,0,4,0,0,0,0,0,0,0
891f8d7a60bffff,48.1079,11.5648,muenchen,True,1188,12.9489,616,False,0.513582,False,696,0.922965,0,0,0,0,0,0,0,0,0,0,0,0,0,0,0,0,0,0,0,0,0,0,0,0,0,0,1,0,0,0,0,0,0,0
891f8d7a60fffff,48.1082,11.5695,muenchen,True,767,16.6649,447,False,0.513193,False,519,0.957009,0,0,0,0,0,0,0,0,0,0,0,0,0,0,0,0,0,0,0,0,0,0,0,0,0,0,0,0,0,0,0,0,0,0
891f8d7a613ffff,48.1131,11.5643,muenchen,True,524,10.5377,107,False,0.558994,False,301,0.898026,0,0,0,0,0,0,0,0,0,0,0,0,0,0,0,0,0,0,0,0,0,0,0,0,0,0,2,0,0,0,0,0,0,0
891f8d7a617ffff,48.1134,11.5691,muenchen,True,2604,12.0895,1321,False,0.48946,False,1490,0.919728,0,0,0,0,0,0,0,2,0,0,2,0,0,2,1,0,0,0,0,0,0,0,0,0,0,0,0,0,2,0,1,0,0,0
891f8d7a61bffff,48.1103,11.5622,muenchen,True,0,,0,False,0.461337,False,0,0.885067,0,0,0,0,0,0,0,0,0,0,0,0,0,0,0,0,0,0,0,0,0,0,0,0,0,0,0,0,0,0,0,0,0,0
891f8d7a623ffff,48.1089,11.5789,muenchen,True,1471,13.1502,719,False,0.534774,False,920,0.93051,0,0,0,0,0,0,0,1,0,0,0,0,0,2,1,0,0,1,1,1,0,0,0,0,0,0,0,0,4,0,0,0,0,0
891f8d7a627ffff,48.1093,11.5837,muenchen,True,1890,13.0973,656,False,0.507345,False,910,0.836048,0,0,0,0,0,0,0,0,0,0,0,0,0,0,0,0,0,0,0,0,0,0,0,0,0,0,0,0,1,0,0,0,0,0
891f8d7a62bffff,48.1062,11.5768,muenchen,True,2114,12.3176,914,False,0.46592,False,1273,0.915094,0,0,0,0,0,0,0,2,0,1,0,0,0,1,0,0,0,0,0,0,0,0,0,1,0,0,0,0,0,0,0,0,0,0
891f8d7a62fffff,48.1065,11.5815,muenchen,True,1570,13.2611,794,False,0.507405,False,826,0.903941,0,0,0,0,0,0,0,0,0,0,0,0,0,0,1,0,0,0,0,0,0,0,0,0,0,0,0,0,1,0,0,0,0,0
891f8d7a633ffff,48.1114,11.5764,muenchen,True,1561,12.8196,805,False,0.563987,False,917,0.922826,0,0,0,1,0,0,0,1,0,0,1,0,0,4,4,0,0,0,0,1,0,0,0,0,1,0,3,0,1,1,0,0,0,0
891f8d7a637ffff,48.1117,11.5811,muenchen,True,2146,12.0552,896,False,0.520696,False,1109,0.881555,0,0,0,0,0,0,0,2,0,0,1,0,0,1,0,1,0,0,0,0,0,1,0,0,0,0,2,0,1,0,0,0,0,0
891f8d7a63bffff,48.1086,11.5742,muenchen,True,1582,13.0858,771,False,0.44871,False,1011,0.936634,0,0,1,0,0,0,0,1,0,0,2,0,1,3,1,1,0,0,0,0,0,1,0,0,2,0,1,0,1,0,0,0,0,0
891f8d7a643ffff,48.1047,11.558,muenchen,True,499,11.0437,213,False,0.39265,False,253,0.882353,0,0,0,0,0,0,0,0,0,0,0,0,0,0,0,0,0,0,0,0,0,0,0,0,0,0,0,0,1,0,0,0,0,0
891f8d7a647ffff,48.1051,11.5627,muenchen,True,830,13.3903,271,False,0.382282,False,494,0.931535,0,0,0,0,0,0,0,0,0,0,0,0,0,1,0,0,0,0,0,0,0,0,0,0,0,0,1,0,4,0,0,0,0,0
891f8d7a64bffff,48.1019,11.5559,muenchen,True,266,12.6733,156,False,0.575092,False,172,0.885714,0,0,0,0,0,0,0,0,0,0,0,0,0,0,1,0,0,0,0,0,0,0,0,0,0,0,0,0,0,0,0,0,0,0
891f8d7a64fffff,48.1023,11.5606,muenchen,True,802,13.4764,376,False,0.553191,False,428,0.904988,0,0,0,0,0,0,0,1,0,0,0,0,0,0,0,0,0,0,0,0,0,0,0,0,0,0,1,0,0,0,0,0,0,0
891f8d7a653ffff,48.1071,11.5554,muenchen,True,0,,0,False,0.461337,False,0,0.885067,0,0,0,0,0,0,0,0,0,0,0,0,0,0,0,0,0,0,0,0,0,0,0,0,0,0,0,0,0,0,0,0,0,0
891f8d7a657ffff,48.1075,11.5601,muenchen,True,73,16.45,9,False,0.260274,False,36,0.837838,0,0,0,0,0,0,0,0,0,0,0,0,0,0,0,0,0,0,0,0,0,0,0,0,0,0,0,0,0,0,0,0,0,0
891f8d7a65bffff,48.1044,11.5533,muenchen,True,0,,0,False,0.461337,False,0,0.885067,0,0,0,0,0,0,0,0,0,0,0,0,0,0,0,0,0,0,0,0,0,0,0,0,0,0,0,0,0,0,0,0,0,0
891f8d7a663ffff,48.103,11.57,muenchen,True,632,14.3253,234,False,0.438185,False,335,0.873065,0,0,0,0,0,0,0,0,0,0,1,0,0,1,0,0,0,0,0,0,0,0,0,0,1,0,1,0,0,0,0,0,0,0
891f8d7a667ffff,48.1034,11.5747,muenchen,True,583,12.6776,176,False,0.383607,False,289,0.827586,0,0,0,0,0,0,0,0,0,0,0,0,0,1,0,0,0,0,0,0,0,0,0,0,0,0,0,0,0,0,0,0,0,0
891f8d7a66bffff,48.1002,11.5679,muenchen,True,1045,15.9306,405,False,0.461248,False,572,0.897133,0,0,0,0,0,0,0,0,0,0,0,0,0,0,0,0,0,0,0,0,0,0,0,0,1,0,2,0,0,0,0,0,0,0
891f8d7a66fffff,48.1006,11.5726,muenchen,True,185,14.2804,25,False,0.264045,False,75,0.735294,0,0,0,0,0,0,0,0,0,0,0,0,0,0,0,0,0,0,0,0,0,0,0,0,0,0,0,0,0,0,0,0,0,0
891f8d7a673ffff,48.1054,11.5674,muenchen,True,294,15.6853,166,False,0.506849,False,192,0.896373,0,0,0,0,0,0,0,0,0,0,0,0,1,0,0,0,0,0,0,0,0,0,0,0,0,0,0,0,2,0,0,0,0,0
891f8d7a677ffff,48.1058,11.5721,muenchen,True,1667,13.5839,795,False,0.532044,False,1057,0.943503,0,0,0,0,0,1,0,0,1,0,0,0,1,0,0,0,1,0,0,0,0,0,0,0,0,0,1,0,2,0,0,0,0,0
891f8d7a67bffff,48.1027,11.5653,muenchen,True,143,13.8,44,False,0.442177,False,76,0.817073,0,0,0,0,0,0,0,0,0,0,0,0,0,1,0,0,0,0,0,0,0,0,0,1,0,0,0,0,0,0,0,0,0,0
891f8d7a683ffff,48.1183,11.5639,muenchen,True,5,13.7061,0,True,0.461337,True,5,1,0,0,0,0,0,0,0,0,0,0,0,0,0,0,0,0,0,0,0,0,0,0,0,0,0,0,0,0,0,0,0,0,0,0
891f8d7a687ffff,48.1186,11.5686,muenchen,True,416,15.1205,171,False,0.606436,False,218,0.912037,0,0,0,0,0,0,0,0,0,0,0,0,0,0,0,0,0,0,0,0,1,0,0,0,0,0,0,0,1,0,0,0,0,0
891f8d7a68bffff,48.1155,11.5618,muenchen,True,0,,0,False,0.461337,False,0,0.885067,0,0,0,0,0,0,0,0,0,0,0,0,0,0,0,0,0,0,0,0,0,0,0,0,0,0,0,0,0,0,0,0,0,0
891f8d7a68fffff,48.1158,11.5665,muenchen,True,1309,11.927,734,False,0.544428,False,837,0.951422,0,0,0,0,0,0,0,0,0,0,0,0,0,2,0,0,0,0,0,0,0,0,0,0,0,0,0,0,0,0,0,0,0,0
891f8d7a693ffff,48.1207,11.5613,muenchen,True,2788,13.95,1296,False,0.512482,False,1554,0.908915,0,0,0,0,0,1,0,0,0,0,3,0,3,7,1,0,0,0,0,1,0,0,0,0,0,0,2,0,1,0,0,0,0,0
891f8d7a697ffff,48.121,11.566,muenchen,True,141,16.59,49,False,0.577778,False,70,0.904762,0,0,0,0,0,0,0,0,0,0,0,0,0,1,0,0,0,0,0,0,0,0,0,0,0,0,0,0,0,0,0,0,0,0
891f8d7a69bffff,48.1179,11.5592,muenchen,True,102,14.86,50,False,0.67033,False,54,0.875,0,0,0,0,0,0,0,0,0,0,0,0,0,0,0,0,0,0,0,0,0,0,0,0,0,0,0,0,0,0,0,0,0,0
891f8d7a6a3ffff,48.1166,11.5759,muenchen,True,1639,12.7054,863,False,0.494814,False,958,0.914433,0,0,0,0,0,0,0,0,0,0,0,0,0,1,0,0,0,0,0,0,0,0,0,0,0,0,0,0,2,0,0,0,0,0
891f8d7a6a7ffff,48.1169,11.5806,muenchen,True,2353,12.8192,1123,False,0.544949,False,1411,0.924595,0,1,0,0,0,0,0,1,1,2,6,0,3,5,3,0,0,2,0,1,0,0,0,1,1,0,3,0,9,0,1,0,0,1
891f8d7a6abffff,48.1138,11.5738,muenchen,True,1463,10.7918,787,False,0.485424,False,887,0.935811,0,0,0,0,0,0,0,0,0,0,1,0,1,1,0,0,0,1,1,0,0,0,0,0,1,0,2,0,2,0,0,0,0,0
891f8d7a6afffff,48.1141,11.5785,muenchen,True,2212,12.4127,1071,False,0.559891,False,1280,0.904872,0,0,0,0,0,0,0,0,0,0,1,0,3,2,6,0,1,2,0,2,0,0,0,0,1,0,2,0,2,0,1,0,0,0
891f8d7a6b3ffff,48.119,11.5733,muenchen,True,2594,13.6457,1302,False,0.578968,False,1507,0.92323,0,1,0,0,0,0,0,0,1,0,2,0,4,3,6,1,0,0,2,3,0,0,0,4,0,0,3,0,4,0,0,0,0,0
891f8d7a6b7ffff,48.1193,11.578,muenchen,True,1559,12.0006,809,False,0.449174,False,995,0.932406,0,0,0,0,0,1,0,0,0,0,0,0,0,1,2,0,0,0,0,2,0,0,0,0,1,0,3,0,0,0,0,0,0,0
891f8d7a6bbffff,48.1162,11.5712,muenchen,True,1537,13.7613,838,False,0.531311,False,924,0.943376,1,0,0,0,0,0,0,2,1,1,3,0,1,4,1,0,0,1,0,0,1,0,0,0,0,0,2,0,3,0,0,0,0,0
891f8d7a6c3ffff,48.1123,11.5549,muenchen,True,52,10.39,22,False,0.471698,False,22,0.785714,0,0,0,0,0,0,0,0,0,0,0,0,1,3,2,0,0,1,0,0,2,0,0,0,0,0,2,1,1,0,0,0,0,0
891f8d7a6c7ffff,48.1127,11.5596,muenchen,True,0,,0,False,0.461337,False,0,0.885067,0,0,0,0,0,0,0,0,0,0,0,0,0,0,0,0,0,0,0,0,0,0,0,0,0,0,0,0,0,0,0,0,0,0
891f8d7a6cbffff,48.1096,11.5528,muenchen,True,967,12.1445,464,False,0.53299,False,574,0.922942,0,0,0,0,0,0,0,0,0,0,0,0,0,0,0,0,0,0,0,0,0,0,0,0,0,0,0,1,4,0,0,0,0,0
891f8d7a6cfffff,48.1099,11.5575,muenchen,True,3,12.5448,0,True,1,False,4,1,0,0,0,0,0,0,0,0,0,0,0,0,0,1,1,0,0,0,0,0,0,0,0,0,0,0,0,0,0,0,0,0,0,0
891f8d7a6d3ffff,48.1147,11.5523,muenchen,True,554,9.67397,348,False,0.445471,False,369,0.959239,0,0,0,0,0,0,0,0,0,0,0,0,0,0,0,0,0,0,0,0,0,0,0,0,0,0,0,0,1,0,0,0,0,0
891f8d7a6d7ffff,48.1151,11.557,muenchen,True,0,,0,False,0.461337,False,0,0.885067,0,0,0,0,0,0,0,0,0,0,0,0,0,0,0,0,0,0,0,0,0,0,0,0,0,0,0,0,0,0,0,0,0,0
891f8d7a6dbffff,48.112,11.5502,muenchen,True,3309,12.7226,1353,False,0.542996,False,1968,0.920782,1,1,1,0,0,1,0,1,1,1,2,0,2,6,0,0,0,1,0,0,0,0,0,3,1,0,2,0,4,0,0,0,0,0
891f8d7a803ffff,48.1013,11.684,muenchen,True,0,,0,False,0.461337,False,0,0.885067,0,0,0,0,0,0,0,0,0,0,0,0,0,0,0,0,0,0,0,0,0,0,0,0,0,0,0,0,0,0,0,0,0,0
891f8d7a807ffff,48.1016,11.6887,muenchen,True,184,15.9813,39,False,0.342105,False,72,0.851852,0,0,0,0,0,0,0,0,0,0,0,0,0,0,0,0,0,0,0,0,0,0,0,0,0,0,0,0,0,0,0,0,0,0
891f8d7a80bffff,48.0985,11.6818,muenchen,True,299,11.9143,74,False,0.320946,False,142,0.813333,0,0,0,0,0,0,0,0,0,0,0,0,0,0,0,0,0,0,0,0,0,0,0,0,0,0,0,0,0,0,0,0,0,0
891f8d7a80fffff,48.0988,11.6865,muenchen,True,192,13.8655,22,False,0.39645,False,81,0.746667,0,0,0,0,0,0,0,0,0,0,0,0,0,0,0,0,0,0,0,0,0,0,0,0,0,0,0,0,0,0,0,0,0,0
891f8d7a813ffff,48.1037,11.6814,muenchen,True,0,,0,False,0.461337,False,0,0.885067,0,0,0,0,0,0,0,0,0,0,0,0,0,0,0,0,0,0,0,0,0,0,0,0,0,0,0,0,0,0,0,0,0,0
891f8d7a817ffff,48.104,11.6861,muenchen,True,0,,0,False,0.461337,False,0,0.885067,0,0,0,0,0,0,0,0,0,0,0,0,0,0,0,0,0,0,0,0,0,0,0,0,0,0,0,0,0,0,0,0,0,0
891f8d7a81bffff,48.1009,11.6792,muenchen,True,164,14.6932,44,False,0.4375,False,72,0.731707,0,0,0,0,0,0,0,0,0,0,0,0,0,0,0,0,0,0,0,0,0,0,0,0,0,0,0,0,0,0,0,0,0,0
891f8d7a823ffff,48.0996,11.696,muenchen,True,0,,0,False,0.461337,False,0,0.885067,0,0,0,0,0,0,0,0,0,0,0,0,0,0,0,0,0,0,0,0,0,0,0,0,0,0,0,0,0,0,0,0,0,0
891f8d7a827ffff,48.0999,11.7007,muenchen,True,76,15.845,10,False,0.213333,False,35,0.763158,0,0,0,0,0,0,0,0,0,0,0,0,0,0,0,0,0,0,0,0,0,0,0,0,0,0,0,0,0,0,0,0,0,0
891f8d7a82bffff,48.0968,11.6938,muenchen,False,0,,0,False,0.461337,False,0,0.885067,0,0,0,0,0,0,0,0,0,0,0,0,0,0,0,0,0,0,0,0,0,0,0,0,0,0,0,0,0,0,0,0,0,0
891f8d7a82fffff,48.0971,11.6986,muenchen,False,0,,0,False,0.461337,False,0,0.885067,0,0,0,0,0,0,0,0,0,0,0,0,0,0,0,0,0,0,0,0,0,0,0,0,0,0,0,0,0,0,0,0,0,0
891f8d7a833ffff,48.102,11.6934,muenchen,True,182,14.8694,32,False,0.356757,False,88,0.931034,0,0,0,0,0,0,0,0,0,0,0,0,0,0,0,0,0,0,0,0,0,0,0,0,0,0,0,0,0,0,0,0,0,0
891f8d7a837ffff,48.1023,11.6981,muenchen,True,105,13.81,15,False,0.361702,False,40,0.717949,0,0,0,0,0,0,0,0,0,0,0,0,0,0,0,0,0,0,0,0,0,0,0,0,0,0,0,0,0,0,0,0,0,0
891f8d7a83bffff,48.0992,11.6913,muenchen,True,63,14.96,3,False,0.208333,False,29,0.878788,0,0,0,0,0,0,0,0,0,0,0,0,0,0,0,0,0,0,0,0,0,0,0,0,0,0,0,0,0,0,0,0,0,0
891f8d7a843ffff,48.0953,11.675,muenchen,True,0,,0,False,0.461337,False,0,0.885067,0,0,0,0,0,0,0,0,0,0,0,0,0,0,0,0,0,0,0,0,0,0,0,0,0,0,0,0,0,0,0,0,0,0
891f8d7a847ffff,48.0957,11.6797,muenchen,True,0,,0,False,0.461337,False,0,0.885067,0,0,0,0,0,0,0,0,0,0,0,0,0,0,0,0,0,0,0,0,0,0,0,0,0,0,0,0,0,0,0,0,0,0
891f8d7a84bffff,48.0926,11.6729,muenchen,True,0,,0,False,0.461337,False,0,0.885067,0,0,0,0,0,0,0,0,0,0,0,0,0,0,0,0,0,0,0,0,0,0,0,0,0,0,0,0,0,0,0,0,0,0
891f8d7a84fffff,48.0929,11.6776,muenchen,True,0,,0,False,0.461337,False,0,0.885067,0,0,0,0,0,0,0,0,0,0,0,0,0,0,0,0,0,0,0,0,0,0,0,0,0,0,0,0,0,0,0,0,0,0
891f8d7a853ffff,48.0978,11.6724,muenchen,True,18,11.5841,0,True,0.136364,False,5,0.885067,0,0,0,0,0,0,0,0,0,0,0,0,0,0,0,0,0,0,0,0,0,0,0,0,0,0,0,0,0,0,0,0,0,0
891f8d7a857ffff,48.0981,11.6771,muenchen,True,209,12.83,30,False,0.408654,False,93,0.766355,0,0,0,0,0,0,0,0,0,0,0,0,0,0,0,0,0,0,0,0,0,0,0,0,0,0,1,0,0,0,0,0,0,0
891f8d7a85bffff,48.095,11.6703,muenchen,True,0,,0,False,0.461337,False,0,0.885067,0,0,0,0,0,0,0,0,0,0,0,0,0,0,0,0,0,0,0,0,0,0,0,0,0,0,0,0,0,0,0,0,0,0
891f8d7a863ffff,48.0936,11.687,muenchen,True,0,,0,False,0.461337,False,0,0.885067,0,0,0,0,0,0,0,0,0,0,0,0,0,0,0,0,0,0,0,0,0,0,0,0,0,0,0,0,0,0,0,0,0,0
891f8d7a867ffff,48.094,11.6917,muenchen,False,0,,0,False,0.461337,False,0,0.885067,0,0,0,0,0,0,0,0,0,0,0,0,0,0,0,0,0,0,0,0,0,0,0,0,0,0,0,0,0,0,0,0,0,0
891f8d7a86bffff,48.0909,11.6849,muenchen,False,0,,0,False,0.461337,False,0,0.885067,0,0,0,0,0,0,0,0,0,0,0,0,0,0,0,0,0,0,0,0,0,0,0,0,0,0,0,0,0,0,0,0,0,0
891f8d7a86fffff,48.0912,11.6896,muenchen,False,0,,0,False,0.461337,False,0,0.885067,0,0,0,0,0,0,0,0,0,0,0,0,0,0,0,0,0,0,0,0,0,0,0,0,0,0,0,0,0,0,0,0,0,0
891f8d7a873ffff,48.0961,11.6844,muenchen,True,32,15.95,4,False,0.448276,False,13,1,0,0,0,0,0,0,0,0,0,0,0,0,0,0,0,0,0,0,0,0,0,0,0,0,0,0,0,0,0,0,0,0,0,0
891f8d7a877ffff,48.0964,11.6891,muenchen,True,3,13.7613,0,True,1,False,0,0.885067,0,0,0,0,0,0,0,0,0,0,0,0,0,0,0,0,0,0,0,0,0,0,0,0,0,0,0,0,0,0,0,0,0,0
891f8d7a87bffff,48.0933,11.6823,muenchen,True,0,,0,False,0.461337,False,0,0.885067,0,0,0,0,0,0,0,0,0,0,0,0,0,0,0,0,0,0,0,0,0,0,0,0,0,0,0,0,0,0,0,0,0,0
891f8d7a883ffff,48.1089,11.6809,muenchen,True,73,17.17,15,False,0.283784,False,33,0.85,0,0,0,0,0,0,0,0,0,0,0,0,0,0,0,0,0,0,0,0,0,0,0,0,0,0,0,0,1,0,0,0,0,0
891f8d7a887ffff,48.1092,11.6856,muenchen,True,223,13.9188,58,False,0.391111,False,110,0.915094,0,0,0,0,0,0,0,0,0,0,0,0,0,0,0,0,0,0,0,0,0,0,0,0,0,0,0,0,1,0,0,0,0,0
891f8d7a88bffff,48.1061,11.6788,muenchen,True,128,12.0471,28,False,0.304688,False,52,0.945455,0,0,0,0,0,0,0,0,0,0,0,0,0,0,0,0,0,0,0,0,0,0,0,0,0,0,0,0,0,0,0,0,0,0
891f8d7a88fffff,48.1065,11.6835,muenchen,True,0,,0,False,0.461337,False,0,0.885067,0,0,0,0,0,0,0,0,0,0,0,0,0,0,0,0,0,0,0,0,0,0,0,0,0,0,0,0,0,0,0,0,0,0
891f8d7a893ffff,48.1113,11.6783,muenchen,True,1528,12.3211,447,False,0.379221,False,716,0.820334,0,0,0,0,0,0,0,0,0,0,0,0,0,0,0,0,0,0,0,0,0,0,0,0,0,0,0,0,0,0,0,0,0,0
891f8d7a897ffff,48.1117,11.683,muenchen,True,680,14.0989,141,False,0.337192,False,319,0.816129,0,0,0,0,0,0,0,0,0,0,0,0,0,0,0,0,0,0,0,0,0,0,0,0,0,0,0,0,0,0,0,0,0,0
891f8d7a89bffff,48.1085,11.6762,muenchen,True,214,13.247,23,False,0.325359,False,79,0.714286,0,0,0,0,0,0,0,0,0,0,0,0,0,0,0,0,0,0,0,0,0,0,0,0,0,0,0,0,0,0,0,0,0,0
891f8d7a8a3ffff,48.1072,11.6929,muenchen,True,180,13.4506,49,False,0.411765,False,89,0.920455,0,0,0,0,0,0,0,0,0,0,0,0,0,0,0,0,0,0,0,0,0,0,0,0,0,0,0,0,0,0,0,0,0,0
891f8d7a8a7ffff,48.1075,11.6976,muenchen,True,449,15.172,120,False,0.331858,False,233,0.880184,0,0,0,0,0,0,0,0,0,0,0,0,0,0,0,0,0,0,0,0,0,0,0,0,0,0,2,0,0,0,0,0,0,0
891f8d7a8abffff,48.1044,11.6908,muenchen,True,257,13.8151,65,False,0.398524,False,116,0.768595,0,0,0,0,0,0,0,0,0,0,0,0,0,0,0,0,0,0,0,0,0,0,0,0,0,0,0,0,0,0,0,0,0,0
891f8d7a8afffff,48.1048,11.6955,muenchen,True,498,14.4915,117,False,0.38171,False,240,0.875556,0,0,0,0,0,0,0,0,0,0,0,0,0,0,0,0,0,0,0,0,0,0,0,0,0,0,0,0,0,0,0,0,0,0
891f8d7a8b3ffff,48.1096,11.6903,muenchen,True,112,13.75,6,False,0.245283,False,44,0.763158,0,0,0,0,0,0,0,0,0,0,0,0,0,0,0,0,0,0,0,0,0,0,0,0,0,0,0,0,0,0,0,0,0,0
891f8d7a8b7ffff,48.1099,11.695,muenchen,True,452,13.9612,85,False,0.350538,False,200,0.772947,0,0,0,0,0,0,0,0,0,0,0,0,0,0,0,0,0,0,0,0,0,0,0,0,0,0,1,0,0,0,0,0,0,0
891f8d7a8bbffff,48.1068,11.6882,muenchen,True,0,,0,False,0.461337,False,0,0.885067,0,0,0,0,0,0,0,0,0,0,0,0,0,0,0,0,0,0,0,0,0,0,0,0,0,0,0,0,0,0,0,0,0,0
891f8d7a8c3ffff,48.103,11.6719,muenchen,True,117,13.2087,16,False,0.27907,False,46,0.772727,0,0,0,0,0,0,0,0,0,0,0,0,0,0,0,0,0,0,0,0,0,0,0,0,0,0,0,0,0,0,0,0,0,0
891f8d7a8c7ffff,48.1033,11.6767,muenchen,True,0,,0,False,0.461337,False,0,0.885067,0,0,0,0,0,0,0,0,0,0,0,0,0,0,0,0,0,0,0,0,0,0,0,0,0,0,0,0,0,0,0,0,0,0
891f8d7a8cbffff,48.1002,11.6698,muenchen,True,330,13.6355,80,False,0.348485,False,148,0.766234,0,0,0,0,0,0,0,0,0,0,0,0,0,0,0,0,0,0,0,0,0,0,0,0,0,0,2,0,0,0,0,0,0,0
891f8d7a8cfffff,48.1005,11.6745,muenchen,True,336,14.0205,96,False,0.348485,False,162,0.846154,0,0,0,0,0,0,0,0,0,0,0,0,0,0,0,0,0,0,0,0,0,0,0,0,0,0,2,0,0,0,0,0,0,0
891f8d7a8d3ffff,48.1054,11.6694,muenchen,True,314,14.2582,71,False,0.41196,False,156,0.846154,0,0,0,0,0,0,0,0,0,0,0,0,0,0,0,0,0,0,0,0,0,0,0,0,0,0,4,0,0,0,0,0,0,0
891f8d7a8d7ffff,48.1057,11.6741,muenchen,True,401,15.5479,123,False,0.421429,False,187,0.860104,0,0,0,0,0,0,0,0,0,0,0,0,0,0,0,0,0,0,0,0,0,0,0,0,0,0,0,0,0,0,0,0,0,0
891f8d7a8dbffff,48.1026,11.6672,muenchen,True,432,13.5235,75,False,0.355056,False,179,0.784615,0,0,0,0,0,0,0,0,0,0,0,0,0,0,0,0,0,0,0,0,0,0,0,0,0,0,2,0,0,0,0,0,0,0
891f8d7a903ffff,48.1038,11.7169,muenchen,False,85,11.04,10,False,0.0921053,False,53,0.945455,0,0,0,0,0,0,0,0,0,0,0,0,0,0,0,0,0,0,0,0,0,0,0,0,0,0,0,0,0,0,0,0,0,0
891f8d7a907ffff,48.1041,11.7216,muenchen,False,1331,10.2434,554,False,0.334575,False,646,0.872274,0,0,0,0,0,0,0,0,0,0,0,0,0,0,0,0,0,0,0,0,0,0,0,0,0,0,2,0,1,0,0,0,0,0
891f8d7a90bffff,48.101,11.7148,muenchen,False,0,,0,False,0.461337,False,0,0.885067,0,0,0,0,0,0,0,0,0,0,0,0,0,0,0,0,0,0,0,0,0,0,0,0,0,0,0,0,0,0,0,0,0,0
891f8d7a90fffff,48.1013,11.7195,muenchen,False,92,10.81,28,False,0.265957,False,43,0.885714,0,0,0,0,0,0,0,0,0,0,0,0,0,0,0,0,0,0,0,0,0,0,0,0,0,0,0,0,0,0,0,0,0,0
891f8d7a913ffff,48.1062,11.7143,muenchen,False,174,7.9785,60,False,0.319588,False,85,0.84127,0,0,0,0,0,0,0,0,0,0,0,0,0,0,0,0,0,0,0,0,0,0,0,0,0,0,0,0,0,0,0,0,0,0
891f8d7a917ffff,48.1065,11.7191,muenchen,False,1048,11.4651,245,False,0.297246,False,553,0.894928,0,0,0,0,0,0,0,0,0,0,0,0,0,0,0,0,0,0,0,0,0,0,0,0,0,0,3,0,0,0,0,0,0,0
891f8d7a91bffff,48.1034,11.7122,muenchen,False,27,11.06,5,False,0.272727,False,9,0.727273,0,0,0,0,0,0,0,0,0,0,0,0,0,0,0,0,0,0,0,0,0,0,0,0,0,0,0,0,0,0,0,0,0,0
891f8d7a923ffff,48.102,11.7289,muenchen,False,336,13.2094,48,False,0.346386,False,149,0.855346,0,0,0,0,0,0,0,0,0,0,0,0,0,0,0,0,0,0,0,0,0,0,0,0,0,0,0,0,1,0,0,0,0,0
891f8d7a92bffff,48.0993,11.7268,muenchen,False,0,,0,False,0.461337,False,0,0.885067,0,0,0,0,0,0,0,0,0,0,0,0,0,0,0,0,0,0,0,0,0,0,0,0,0,0,0,0,0,0,0,0,0,0
891f8d7a92fffff,48.0996,11.7315,muenchen,False,0,,0,False,0.461337,False,0,0.885067,0,0,0,0,0,0,0,0,0,0,0,0,0,0,0,0,0,0,0,0,0,0,0,0,0,0,0,0,0,0,0,0,0,0
891f8d7a933ffff,48.1045,11.7264,muenchen,False,824,9.76511,221,False,0.356886,False,366,0.823699,0,0,0,0,0,0,0,0,0,0,0,0,0,0,0,0,0,0,0,0,0,0,0,0,0,0,0,0,1,0,0,0,0,0
891f8d7a937ffff,48.1048,11.7311,muenchen,False,542,9.99677,158,False,0.305147,False,262,0.852713,0,0,0,0,0,0,0,1,0,0,0,0,0,0,0,0,0,1,0,0,0,0,0,0,0,0,2,0,2,0,0,0,0,0
891f8d7a93bffff,48.1017,11.7242,muenchen,False,551,9.89556,187,False,0.327273,False,278,0.875887,0,0,0,0,0,0,0,0,0,0,0,0,0,0,0,0,0,0,0,0,0,0,0,0,0,0,0,0,1,0,0,0,0,0
891f8d7a943ffff,48.0978,11.708,muenchen,False,0,,0,False,0.461337,False,0,0.885067,0,0,0,0,0,0,0,0,0,0,0,0,0,0,0,0,0,0,0,0,0,0,0,0,0,0,0,0,0,0,0,0,0,0
891f8d7a947ffff,48.0982,11.7127,muenchen,False,0,,0,False,0.461337,False,0,0.885067,0,0,0,0,0,0,0,0,0,0,0,0,0,0,0,0,0,0,0,0,0,0,0,0,0,0,0,0,0,0,0,0,0,0
891f8d7a94bffff,48.0951,11.7059,muenchen,False,0,,0,False,0.461337,False,0,0.885067,0,0,0,0,0,0,0,0,0,0,0,0,0,0,0,0,0,0,0,0,0,0,0,0,0,0,0,0,0,0,0,0,0,0
891f8d7a94fffff,48.0954,11.7106,muenchen,False,0,,0,False,0.461337,False,0,0.885067,0,0,0,0,0,0,0,0,0,0,0,0,0,0,0,0,0,0,0,0,0,0,0,0,0,0,0,0,0,0,0,0,0,0
891f8d7a953ffff,48.1003,11.7054,muenchen,False,91,14.482,0,True,0.240506,False,39,0.90625,0,0,0,0,0,0,0,0,0,0,0,0,0,0,0,0,0,0,0,0,0,0,0,0,0,0,0,0,0,0,0,0,0,0
891f8d7a957ffff,48.1006,11.7101,muenchen,False,0,,0,False,0.461337,False,0,0.885067,0,0,0,0,0,0,0,0,0,0,0,0,0,0,0,0,0,0,0,0,0,0,0,0,0,0,0,0,0,0,0,0,0,0
891f8d7a95bffff,48.0975,11.7033,muenchen,False,0,,0,False,0.461337,False,0,0.885067,0,0,0,0,0,0,0,0,0,0,0,0,0,0,0,0,0,0,0,0,0,0,0,0,0,0,0,0,0,0,0,0,0,0
891f8d7a963ffff,48.0961,11.72,muenchen,False,0,,0,False,0.461337,False,0,0.885067,0,0,0,0,0,0,0,0,0,0,0,0,0,0,0,0,0,0,0,0,0,0,0,0,0,0,0,0,0,0,0,0,0,0
891f8d7a967ffff,48.0965,11.7247,muenchen,False,9,12.81,7,False,1,False,3,1,0,0,0,0,0,0,0,0,0,0,0,0,0,0,0,0,0,0,0,0,0,0,0,0,0,0,0,0,0,0,0,0,0,0
891f8d7a96bffff,48.0934,11.7179,muenchen,False,0,,0,False,0.461337,False,0,0.885067,0,0,0,0,0,0,0,0,0,0,0,0,0,0,0,0,0,0,0,0,0,0,0,0,0,0,0,0,0,0,0,0,0,0
891f8d7a96fffff,48.0937,11.7226,muenchen,False,0,,0,False,0.461337,False,0,0.885067,0,0,0,0,0,0,0,0,0,0,0,0,0,0,0,0,0,0,0,0,0,0,0,0,0,0,0,0,0,0,0,0,0,0
891f8d7a973ffff,48.0986,11.7174,muenchen,False,0,,0,False,0.461337,False,0,0.885067,0,0,0,0,0,0,0,0,0,0,0,0,0,0,0,0,0,0,0,0,0,0,0,0,0,0,0,0,0,0,0,0,0,0
891f8d7a977ffff,48.0989,11.7221,muenchen,False,0,,0,False,0.461337,False,0,0.885067,0,0,0,0,0,0,0,0,0,0,0,0,0,0,0,0,0,0,0,0,0,0,0,0,0,0,0,0,0,0,0,0,0,0
891f8d7a97bffff,48.0958,11.7153,muenchen,False,0,,0,False,0.461337,False,0,0.885067,0,0,0,0,0,0,0,0,0,0,0,0,0,0,0,0,0,0,0,0,0,0,0,0,0,0,0,0,0,0,0,0,0,0
891f8d7a983ffff,48.1114,11.7139,muenchen,False,447,11.6191,82,False,0.366812,False,191,0.755208,0,0,0,0,0,0,0,1,0,0,1,0,0,0,0,0,0,0,0,0,0,0,0,0,0,0,2,0,0,0,0,0,0,0
891f8d7a987ffff,48.1117,11.7186,muenchen,False,753,11.532,249,False,0.462351,False,350,0.839542,0,0,0,0,0,0,0,0,0,0,0,0,0,1,0,0,0,0,0,0,0,0,0,0,0,0,2,0,0,0,0,0,0,0
891f8d7a98bffff,48.1086,11.7118,muenchen,True,626,14.8918,146,False,0.342949,False,279,0.813725,0,0,0,0,0,0,0,0,0,0,0,0,0,0,0,0,0,0,0,0,0,0,0,0,0,0,0,0,0,0,0,0,0,0
891f8d7a98fffff,48.109,11.7165,muenchen,False,501,9.78651,189,False,0.582834,False,210,0.860465,0,0,0,0,0,0,0,1,0,0,0,0,1,1,0,0,0,0,0,1,0,0,0,1,0,0,3,0,2,0,1,0,0,0
891f8d7a993ffff,48.1138,11.7113,muenchen,False,696,12.7181,79,False,0.29454,False,304,0.801282,0,0,0,0,0,0,0,0,0,0,0,0,0,0,0,0,0,0,0,0,0,0,0,0,0,0,0,0,0,0,0,0,0,0
891f8d7a997ffff,48.1142,11.716,muenchen,False,166,13.197,23,False,0.263158,False,75,0.756098,0,0,0,0,0,0,0,0,0,0,0,0,0,0,0,0,0,0,0,0,0,0,0,0,0,0,0,0,1,0,0,0,0,0
891f8d7a99bffff,48.111,11.7092,muenchen,True,458,13.6816,140,False,0.461874,False,217,0.858447,0,0,0,0,0,0,0,1,0,0,1,0,0,2,1,0,2,3,0,0,0,0,0,1,0,0,2,0,1,0,0,0,0,0
891f8d7a9a3ffff,48.1097,11.7259,muenchen,False,278,13.0148,116,False,0.410256,False,149,0.922156,1,0,0,0,0,0,0,0,1,1,1,0,0,2,1,0,0,0,0,0,0,0,0,0,0,0,2,1,4,0,0,0,0,0
891f8d7a9a7ffff,48.11,11.7306,muenchen,False,464,10.1547,200,False,0.441423,False,258,0.870588,0,0,0,1,0,0,0,0,2,0,1,0,2,1,0,0,0,1,0,1,0,0,0,0,0,1,6,0,5,0,0,0,0,0
891f8d7a9abffff,48.1069,11.7238,muenchen,False,1049,11.0037,416,False,0.408068,False,529,0.896422,0,0,0,0,0,0,0,1,0,0,1,0,0,2,0,0,0,1,0,1,0,0,0,0,0,0,4,0,1,0,0,0,0,0
891f8d7a9afffff,48.1072,11.7285,muenchen,False,881,8.49422,412,False,0.410974,False,436,0.877647,0,0,0,0,0,0,0,0,0,0,0,0,0,0,1,0,0,0,0,0,0,0,0,0,0,0,1,0,1,0,0,0,0,0
891f8d7a9b3ffff,48.1121,11.7233,muenchen,False,643,12.4435,223,False,0.404762,False,391,0.923664,0,0,0,0,0,0,0,0,0,0,0,0,0,1,0,0,0,0,0,0,0,0,0,0,0,0,0,0,0,0,0,0,0,0
891f8d7a9b7ffff,48.1124,11.728,muenchen,False,121,13.4185,55,False,0.409449,False,82,0.925926,0,0,0,0,0,0,0,0,0,0,0,0,0,2,1,0,0,0,0,0,0,0,0,0,0,0,0,0,0,0,0,0,0,0
891f8d7a9bbffff,48.1093,11.7212,muenchen,False,980,11.3561,351,False,0.438356,False,497,0.857143,0,0,0,0,0,0,0,1,0,0,0,0,1,2,0,0,1,1,0,0,1,0,0,2,0,0,2,0,3,0,0,0,0,0
891f8d7a9c3ffff,48.1055,11.7049,muenchen,True,405,14.2287,68,False,0.279805,False,190,0.878453,0,0,0,0,0,0,0,0,0,0,0,0,0,0,0,0,0,0,0,0,0,0,0,0,0,0,0,0,0,0,0,0,0,0
891f8d7a9c7ffff,48.1058,11.7096,muenchen,True,570,14.6572,121,False,0.343636,False,273,0.859155,0,0,0,0,0,0,0,0,0,0,0,0,0,0,0,0,0,0,0,0,0,0,0,0,0,0,0,0,0,0,0,0,0,0
891f8d7a9cbffff,48.1027,11.7028,muenchen,True,351,14.2733,69,False,0.30659,False,157,0.8,0,0,0,0,0,0,0,0,0,0,0,0,0,0,0,0,0,0,0,0,0,0,0,0,0,0,1,0,0,0,0,0,0,0
891f8d7a9cfffff,48.103,11.7075,muenchen,True,321,14.6235,46,False,0.25,False,156,0.873333,0,0,0,0,0,0,0,0,0,0,0,0,0,0,0,0,0,0,0,0,0,0,0,0,0,0,0,0,0,0,0,0,0,0
891f8d7a9d3ffff,48.1079,11.7023,muenchen,True,496,13.9418,102,False,0.293763,False,233,0.847162,0,0,0,0,0,0,0,0,0,0,0,0,0,0,0,0,0,0,0,0,0,0,0,0,0,0,1,0,0,0,0,0,0,0
891f8d7a9d7ffff,48.1082,11.707,muenchen,True,634,14.4694,190,False,0.409236,False,356,0.930556,0,0,0,0,0,0,0,0,0,0,0,0,0,0,0,0,0,0,0,0,0,0,0,0,0,0,0,0,0,0,0,0,0,0
891f8d7a9dbffff,48.1051,11.7002,muenchen,True,511,14.6484,105,False,0.347409,False,243,0.89823,0,0,0,0,0,0,0,0,0,0,0,0,0,0,0,0,0,0,0,0,0,0,0,0,0,0,0,0,0,0,0,0,0,0
891f8d7aa03ffff,48.0818,11.6691,muenchen,True,595,13.7297,118,False,0.330465,False,282,0.852113,0,0,0,0,0,0,0,0,0,0,0,0,0,0,0,0,0,0,0,0,0,0,0,0,0,0,0,0,0,0,0,0,0,0
891f8d7aa07ffff,48.0822,11.6738,muenchen,True,407,12.8637,78,False,0.340206,False,183,0.862857,0,0,0,0,0,0,0,0,0,0,1,0,0,0,0,0,0,0,0,0,0,0,0,0,0,0,3,0,0,0,0,0,0,0
891f8d7aa0bffff,48.079,11.667,muenchen,True,398,13.9315,54,False,0.338422,False,186,0.814433,0,0,0,0,0,0,0,0,0,0,0,0,0,0,0,0,0,0,0,0,0,0,0,0,0,0,0,0,0,0,0,0,0,0
891f8d7aa0fffff,48.0794,11.6717,muenchen,True,392,13.907,66,False,0.281863,False,183,0.858586,0,0,0,0,0,0,0,1,0,0,0,0,0,1,1,0,0,0,0,0,0,0,0,0,0,0,0,0,1,0,0,0,0,0
891f8d7aa13ffff,48.0842,11.6665,muenchen,True,666,15.0992,72,False,0.288235,False,273,0.791209,0,0,0,0,0,0,0,0,0,0,0,0,0,0,0,0,0,0,0,0,0,0,0,0,0,0,0,0,1,0,0,0,0,0
891f8d7aa17ffff,48.0846,11.6712,muenchen,True,679,13.419,111,False,0.337681,False,301,0.791096,0,0,0,0,0,0,0,0,0,0,0,0,0,0,0,0,0,0,0,0,0,0,0,0,0,0,0,0,0,0,0,0,0,0
891f8d7aa1bffff,48.0815,11.6644,muenchen,True,530,13.3267,79,False,0.349705,False,240,0.820833,0,0,0,0,0,0,0,0,0,0,0,0,0,0,0,0,0,0,0,0,0,0,0,0,0,0,0,0,0,0,0,0,0,0
891f8d7aa23ffff,48.0801,11.6811,muenchen,True,538,13.7771,75,False,0.339383,False,228,0.786026,0,0,0,0,0,0,0,0,0,0,0,0,0,0,0,0,0,0,0,0,0,0,0,0,0,0,0,0,0,0,0,0,0,0
891f8d7aa27ffff,48.0805,11.6858,muenchen,False,12,13.0778,0,True,0.352941,False,6,0.885067,0,0,0,0,0,0,0,0,0,0,0,0,0,0,0,0,0,0,0,0,0,0,0,0,0,0,0,0,0,0,0,0,0,0
891f8d7aa2bffff,48.0773,11.679,muenchen,False,479,12.5161,70,False,0.30621,False,207,0.763033,0,0,0,0,0,0,0,0,0,0,0,0,0,0,0,0,0,0,0,0,0,0,0,0,0,0,1,0,0,0,0,0,0,0
891f8d7aa2fffff,48.0777,11.6837,muenchen,False,437,11.9349,47,False,0.301587,False,185,0.810526,0,0,0,0,0,0,0,0,0,0,0,0,0,0,0,0,0,0,0,0,0,0,0,0,0,0,0,0,0,0,0,0,0,0
891f8d7aa33ffff,48.0825,11.6785,muenchen,True,502,13.4429,106,False,0.325866,False,241,0.823529,0,0,0,0,0,0,0,0,0,0,0,0,0,0,0,0,0,0,0,0,0,0,0,0,0,0,1,0,0,0,0,0,0,0
891f8d7aa37ffff,48.0829,11.6832,muenchen,False,61,13.71,4,False,0.327869,False,17,0.538462,0,0,0,0,0,0,0,0,0,0,0,0,0,0,0,0,0,0,0,0,0,0,0,0,0,0,0,0,0,0,0,0,0,0
891f8d7aa3bffff,48.0798,11.6764,muenchen,True,386,14.3387,70,False,0.348189,False,185,0.810526,0,0,0,0,0,0,0,0,0,0,0,0,0,0,0,0,0,0,0,0,0,0,0,0,0,0,1,0,1,0,0,0,0,0
891f8d7aa43ffff,48.0759,11.6602,muenchen,False,134,14.1621,48,False,0.44186,False,65,0.818182,0,0,0,0,0,0,0,2,0,1,3,1,2,1,0,0,0,0,1,0,0,0,0,0,0,1,4,0,6,0,0,0,0,0
891f8d7aa47ffff,48.0763,11.6649,muenchen,False,575,12.6883,184,False,0.422735,False,295,0.852349,0,1,0,1,0,0,0,0,1,2,1,0,1,0,1,1,0,0,0,0,0,0,0,1,0,0,1,0,4,0,0,0,0,0
891f8d7aa4bffff,48.0731,11.658,muenchen,False,232,14.8879,67,False,0.484305,False,120,0.879032,0,0,0,0,0,0,0,0,0,0,0,0,0,0,0,0,0,0,0,0,0,0,0,0,0,0,0,0,0,0,0,0,0,0
891f8d7aa4fffff,48.0735,11.6628,muenchen,False,400,23.5933,238,False,0.498741,False,242,0.929825,0,0,0,0,0,0,0,0,0,0,0,0,0,0,0,0,0,0,0,0,0,0,0,0,0,0,0,0,1,0,0,0,0,0
891f8d7aa53ffff,48.0783,11.6576,muenchen,False,276,12.3374,90,False,0.426523,False,138,0.837209,1,0,0,0,0,0,0,0,0,0,0,0,0,0,0,0,0,0,0,0,0,0,0,0,0,0,0,0,1,0,0,0,0,0
891f8d7aa57ffff,48.0787,11.6623,muenchen,True,493,13.326,108,False,0.312629,False,235,0.843602,0,0,0,0,0,0,0,0,0,0,0,0,0,0,0,0,0,0,0,0,0,0,0,0,0,0,0,1,0,0,0,0,0,0
891f8d7aa5bffff,48.0755,11.6555,muenchen,False,690,13.6573,125,False,0.377358,False,296,0.806122,0,0,0,0,0,0,0,0,0,0,0,0,0,1,0,0,0,0,0,0,0,0,0,0,0,0,0,0,4,0,0,0,0,0
891f8d7aa63ffff,48.0742,11.6722,muenchen,False,628,12.8016,135,False,0.340532,False,305,0.858586,0,0,0,0,0,0,0,0,0,0,1,0,0,1,0,0,0,1,0,0,0,0,0,0,0,0,2,0,3,0,0,0,0,0
891f8d7aa67ffff,48.0746,11.6769,muenchen,False,628,11.8562,127,False,0.335975,False,299,0.875862,0,0,0,0,0,0,0,0,0,0,0,0,0,0,0,0,0,0,0,0,0,0,0,0,0,0,4,0,0,0,0,0,0,0
891f8d7aa6bffff,48.0714,11.67,muenchen,False,477,13.7622,58,False,0.282609,False,196,0.765306,0,0,0,0,0,0,0,0,0,0,0,0,0,0,0,0,0,0,0,0,0,0,0,0,0,0,0,0,2,0,0,0,0,0
891f8d7aa6fffff,48.0718,11.6748,muenchen,False,241,13.034,20,False,0.236,False,68,0.785714,0,0,0,0,0,0,0,0,0,0,0,0,0,0,0,0,0,0,0,0,0,0,0,0,0,0,1,0,0,0,0,0,0,0
891f8d7aa73ffff,48.0766,11.6696,muenchen,False,296,12.9442,83,False,0.385666,False,153,0.808383,0,0,0,0,0,0,0,0,0,0,0,0,0,2,0,0,0,0,0,0,0,0,0,0,0,0,0,0,4,0,0,0,0,0
891f8d7aa77ffff,48.077,11.6743,muenchen,False,396,12.0737,65,False,0.306733,False,187,0.772727,0,0,0,0,0,0,0,0,0,0,0,0,0,0,0,0,0,0,0,0,0,0,0,0,0,0,0,0,0,0,0,0,0,0
891f8d7aa7bffff,48.0738,11.6675,muenchen,False,452,13.5556,73,False,0.272727,False,198,0.76652,0,0,0,0,0,0,0,0,0,0,0,0,0,0,0,0,0,0,0,0,0,1,0,0,0,0,1,0,2,0,0,0,0,0
891f8d7aa83ffff,48.0894,11.6661,muenchen,True,161,15.063,30,False,0.398649,False,67,0.863636,0,0,0,0,0,0,0,0,0,0,0,0,0,1,0,0,0,0,0,0,0,0,0,0,0,0,0,0,1,0,0,0,0,0
891f8d7aa87ffff,48.0898,11.6708,muenchen,True,0,,0,False,0.461337,False,0,0.885067,0,0,0,0,0,0,0,0,0,0,0,0,0,0,0,0,0,0,0,0,0,0,0,0,0,0,0,0,0,0,0,0,0,0
891f8d7aa8bffff,48.0867,11.6639,muenchen,True,541,13.0269,77,False,0.315118,False,208,0.683673,0,0,0,0,0,0,0,0,0,0,0,0,0,0,0,0,0,0,0,0,0,0,0,0,0,0,1,0,0,0,0,0,0,0
891f8d7aa8fffff,48.087,11.6686,muenchen,True,366,12.9619,62,False,0.305177,False,177,0.84472,0,0,0,0,0,0,0,0,0,0,0,0,0,0,0,0,0,0,0,0,0,0,0,0,0,0,1,0,0,0,0,0,0,0
891f8d7aa93ffff,48.0919,11.6635,muenchen,True,0,,0,False,0.461337,False,0,0.885067,0,0,0,0,0,0,0,0,0,0,0,0,0,0,0,0,0,0,0,0,0,0,0,0,0,0,1,0,0,0,0,0,0,0
891f8d7aa97ffff,48.0922,11.6682,muenchen,True,0,,0,False,0.461337,False,0,0.885067,0,0,0,0,0,0,0,0,0,0,0,0,0,0,0,0,0,0,0,0,0,0,0,0,0,0,0,0,0,0,0,0,0,0
891f8d7aa9bffff,48.0891,11.6613,muenchen,True,168,14.0138,53,False,0.349112,False,84,0.929412,0,0,0,0,0,0,0,0,0,0,0,0,0,0,0,0,0,0,0,0,0,0,0,0,0,0,0,0,0,0,0,0,0,0
891f8d7aaa3ffff,48.0877,11.6781,muenchen,True,119,12.8045,11,False,0.288136,False,44,0.704545,0,0,0,0,0,0,0,0,0,0,0,0,0,0,0,0,0,0,0,0,0,0,0,0,0,0,0,0,0,0,0,0,0,0
891f8d7aaa7ffff,48.0881,11.6828,muenchen,False,7,16.6,5,False,0.571429,False,6,1,0,0,0,0,0,0,0,0,0,0,0,0,0,0,0,0,0,0,0,0,0,0,0,0,0,0,0,0,0,0,0,0,0,0
891f8d7aaabffff,48.0849,11.6759,muenchen,True,551,12.8931,101,False,0.347751,False,230,0.798206,0,0,0,0,0,0,0,0,0,0,0,0,0,1,0,0,0,0,0,0,0,0,0,0,0,0,3,0,0,0,0,0,0,0
891f8d7aaafffff,48.0853,11.6807,muenchen,True,258,12.7339,51,False,0.33935,False,129,0.861538,0,0,0,0,0,0,0,0,0,0,0,0,0,0,0,0,0,0,0,0,0,0,0,0,0,0,0,0,0,0,0,0,0,0
891f8d7aab3ffff,48.0901,11.6755,muenchen,True,0,,0,False,0.461337,False,0,0.885067,0,0,0,0,0,0,0,0,0,0,0,0,0,0,0,0,0,0,0,0,0,0,0,0,0,0,0,0,0,0,0,0,0,0
891f8d7aab7ffff,48.0905,11.6802,muenchen,True,0,,0,False,0.461337,False,0,0.885067,0,0,0,0,0,0,0,0,0,0,0,0,0,0,0,0,0,0,0,0,0,0,0,0,0,0,0,0,0,0,0,0,0,0
891f8d7aabbffff,48.0874,11.6734,muenchen,True,372,13.2515,68,False,0.381868,False,164,0.869281,0,0,0,0,0,0,0,0,0,0,0,0,0,0,0,0,0,0,0,0,0,0,0,0,0,0,0,0,0,0,0,0,0,0
891f8d7aac3ffff,48.0835,11.6571,muenchen,True,532,11.1902,57,False,0.297445,False,191,0.664894,0,0,0,0,0,0,0,0,0,0,0,0,0,0,0,0,0,0,0,0,0,0,0,0,0,0,0,0,0,0,0,0,0,0
891f8d7aac7ffff,48.0839,11.6618,muenchen,True,891,9.36949,158,False,0.344671,False,342,0.754335,0,0,0,0,0,0,0,1,0,0,0,0,0,0,0,0,0,0,0,0,0,0,0,0,0,0,1,0,0,0,0,0,0,0
891f8d7aacbffff,48.0807,11.655,muenchen,True,115,12.9353,19,False,0.333333,False,40,0.775,0,0,0,0,0,0,0,0,0,0,0,0,0,0,0,0,0,0,0,0,0,0,0,0,0,0,0,0,0,0,0,0,0,0
891f8d7aacfffff,48.0811,11.6597,muenchen,True,378,12.521,61,False,0.34072,False,172,0.83237,0,0,0,0,0,0,0,0,0,0,0,0,0,0,0,0,0,0,0,0,0,0,0,0,0,0,0,0,1,0,0,0,0,0
891f8d7aad3ffff,48.0859,11.6545,muenchen,True,0,,0,False,0.461337,False,0,0.885067,0,0,0,0,0,0,0,0,0,0,0,0,0,0,0,0,0,0,0,0,0,0,0,0,0,0,0,0,0,0,0,0,0,0
891f8d7aad7ffff,48.0863,11.6592,muenchen,True,838,9.87036,222,False,0.402395,False,316,0.695364,0,0,0,0,0,0,0,0,0,0,0,0,0,0,0,0,0,0,0,0,0,0,0,0,0,0,0,0,0,0,0,0,0,0
891f8d7aadbffff,48.0832,11.6524,muenchen,True,8,10.2218,0,True,0.666667,False,3,1,0,0,0,0,0,0,0,0,0,0,0,0,0,0,0,0,0,0,0,0,0,0,0,0,0,0,0,0,0,0,0,0,0,0
891f8d7ab03ffff,48.0843,11.7021,muenchen,False,63,12.0864,14,False,0.375,False,26,0.6875,0,0,0,0,0,0,0,0,0,0,0,0,0,0,0,0,0,0,0,0,0,0,0,0,0,0,0,0,0,0,0,0,0,0
891f8d7ab0bffff,48.0815,11.7,muenchen,False,5,10.7883,0,True,0.461337,True,3,1,0,0,0,0,0,0,0,0,0,0,0,0,0,0,0,0,0,0,0,0,0,0,0,0,0,0,0,0,0,0,0,0,0,0
891f8d7ab0fffff,48.0819,11.7047,muenchen,False,0,,0,False,0.461337,False,0,0.885067,0,0,0,0,0,0,0,0,0,0,0,0,0,0,0,0,0,0,0,0,0,0,0,0,0,0,0,0,0,0,0,0,0,0
891f8d7ab13ffff,48.0867,11.6995,muenchen,False,38,12.606,0,True,0.384615,False,14,0.833333,0,0,0,0,0,0,0,0,0,0,0,0,0,0,0,0,0,0,0,0,0,0,0,0,0,0,0,0,0,0,0,0,0,0
891f8d7ab17ffff,48.0871,11.7042,muenchen,False,5,12.4996,0,True,0.5,False,0,0.885067,0,0,0,0,0,0,0,0,0,0,0,0,0,0,0,0,0,0,0,0,0,0,0,0,0,0,0,0,0,0,0,0,0,0
891f8d7ab1bffff,48.084,11.6974,muenchen,False,187,12.5286,44,False,0.38191,False,95,0.847826,0,0,0,0,0,0,0,0,0,0,0,0,0,0,0,0,0,0,0,0,0,0,0,0,0,0,1,0,0,0,0,0,0,0
891f8d7ab43ffff,48.0784,11.6931,muenchen,False,14,11.1577,0,True,0.461337,True,4,1,0,0,0,0,0,0,0,0,0,0,0,0,0,0,0,0,0,0,0,0,0,0,0,0,0,0,0,0,2,0,0,0,0,0
891f8d7ab47ffff,48.0788,11.6978,muenchen,False,173,10.9114,0,True,0.248649,False,73,0.772727,0,0,0,0,0,0,0,0,0,0,0,0,0,0,0,0,0,0,0,0,0,0,0,0,0,0,0,0,0,0,0,0,0,0
891f8d7ab4bffff,48.0756,11.691,muenchen,False,213,9.24,10,False,0.202703,False,105,0.808511,0,0,0,0,0,0,0,0,0,0,0,0,0,0,0,0,0,0,0,0,0,0,0,0,0,0,3,0,0,0,0,0,0,0
891f8d7ab4fffff,48.076,11.6957,muenchen,False,673,9.16491,114,False,0.28264,False,348,0.908555,0,0,0,0,0,0,0,0,0,0,0,0,0,0,0,0,0,0,0,0,0,0,0,0,0,0,0,0,0,0,0,0,0,0
891f8d7ab53ffff,48.0808,11.6905,muenchen,False,62,8.98,4,False,0.321429,False,23,0.684211,0,0,0,0,0,0,0,2,0,0,0,0,0,0,0,0,0,0,0,0,0,0,0,0,0,0,1,0,1,0,0,0,0,0
891f8d7ab57ffff,48.0812,11.6952,muenchen,False,11,10.6925,0,True,0.785714,False,5,0.885067,0,0,0,0,0,0,0,1,0,1,1,0,0,0,0,0,1,0,0,0,0,0,0,0,0,0,3,0,0,0,0,0,0,0
891f8d7ab5bffff,48.078,11.6884,muenchen,False,0,,0,False,0.461337,False,0,0.885067,0,0,0,0,0,0,0,0,0,0,0,0,0,0,0,0,0,0,0,0,0,0,0,0,0,0,0,0,0,0,0,0,0,0
891f8d7ab63ffff,48.0767,11.7051,muenchen,False,161,13.1,3,False,0.356688,False,49,0.510638,0,0,0,0,0,0,0,0,0,0,0,0,0,0,0,0,0,0,0,0,0,0,0,0,0,0,0,0,0,0,0,0,0,0
891f8d7ab6bffff,48.0739,11.703,muenchen,False,35,10.6587,0,True,0.268293,False,10,0.75,0,0,0,0,0,0,0,0,0,0,0,0,0,0,0,0,0,0,0,0,0,0,0,0,0,0,0,0,0,0,0,0,0,0
891f8d7ab73ffff,48.0791,11.7025,muenchen,False,208,10.6852,0,True,0.299517,False,69,0.694915,0,0,0,0,0,0,0,0,0,0,0,0,0,0,0,0,0,0,0,0,0,0,0,0,0,0,1,0,0,0,0,0,0,0
891f8d7ab7bffff,48.0763,11.7004,muenchen,False,323,12.8408,26,False,0.28483,False,132,0.825397,0,0,0,0,0,0,0,0,0,0,0,0,0,0,0,0,0,0,0,0,0,0,0,0,0,0,2,0,0,0,0,0,0,0
891f8d7ab83ffff,48.0919,11.699,muenchen,False,0,,0,False,0.461337,False,0,0.885067,0,0,0,0,0,0,0,0,0,0,0,0,0,0,0,0,0,0,0,0,0,0,0,0,0,0,0,0,0,0,0,0,0,0
891f8d7ab87ffff,48.0923,11.7037,muenchen,False,0,,0,False,0.461337,False,3,1,0,0,0,0,0,0,0,0,0,0,0,0,0,0,0,0,0,0,0,0,0,0,0,0,0,0,0,0,0,0,0,0,0,0
891f8d7ab8bffff,48.0892,11.6969,muenchen,False,0,,0,False,0.461337,False,0,0.885067,0,0,0,0,0,0,0,0,0,0,0,0,0,0,0,0,0,0,0,0,0,0,0,0,0,0,0,0,0,0,0,0,0,0
891f8d7ab8fffff,48.0895,11.7016,muenchen,False,0,,0,False,0.461337,False,0,0.885067,0,0,0,0,0,0,0,0,0,0,0,0,0,0,0,0,0,0,0,0,0,0,0,0,0,0,0,0,0,0,0,0,0,0
891f8d7ab93ffff,48.0944,11.6964,muenchen,False,0,,0,False,0.461337,False,0,0.885067,0,0,0,0,0,0,0,0,0,0,0,0,0,0,0,0,0,0,0,0,0,0,0,0,0,0,0,0,0,0,0,0,0,0
891f8d7ab97ffff,48.0947,11.7011,muenchen,False,0,,0,False,0.461337,False,0,0.885067,0,0,0,0,0,0,0,0,0,0,0,0,0,0,0,0,0,0,0,0,0,0,0,0,0,0,0,0,0,0,0,0,0,0
891f8d7ab9bffff,48.0916,11.6943,muenchen,False,0,,0,False,0.461337,False,0,0.885067,0,0,0,0,0,0,0,0,0,0,0,0,0,0,0,0,0,0,0,0,0,0,0,0,0,0,0,0,0,0,0,0,0,0
891f8d7aba3ffff,48.0902,11.711,muenchen,False,3,12.6811,0,True,0.461337,True,3,0.885067,0,0,0,0,0,0,0,0,0,0,0,0,0,0,0,0,0,0,0,0,0,0,0,0,0,0,0,0,0,0,0,0,0,0
891f8d7aba7ffff,48.0906,11.7157,muenchen,False,0,,0,False,0.461337,False,0,0.885067,0,0,0,0,0,0,0,0,0,0,0,0,0,0,0,0,0,0,0,0,0,0,0,0,0,0,0,0,0,0,0,0,0,0
891f8d7ababffff,48.0874,11.7089,muenchen,False,171,13.4087,15,False,0.248447,False,77,0.815789,0,0,0,0,0,0,0,0,0,0,0,0,0,0,0,0,0,0,0,0,0,0,0,0,0,0,2,0,0,0,0,0,0,0
891f8d7abb3ffff,48.0926,11.7084,muenchen,False,82,10.33,5,False,0.469697,False,30,0.842105,0,0,0,0,0,0,0,0,0,0,0,0,0,0,0,0,0,0,0,0,0,0,0,0,0,0,0,0,0,0,0,0,0,0
891f8d7abb7ffff,48.093,11.7132,muenchen,False,0,,0,False,0.461337,False,0,0.885067,0,0,0,0,0,0,0,0,0,0,0,0,0,0,0,0,0,0,0,0,0,0,0,0,0,0,0,0,0,0,0,0,0,0
891f8d7abbbffff,48.0899,11.7063,muenchen,False,110,12.8014,7,False,0.4,False,43,0.666667,0,0,0,0,0,0,0,0,0,0,0,0,0,0,0,0,0,0,0,0,0,0,0,0,0,0,2,0,0,0,0,0,0,0
891f8d7abc3ffff,48.086,11.6901,muenchen,False,0,,0,False,0.461337,False,0,0.885067,0,0,0,0,0,0,0,0,0,0,0,0,0,0,0,0,0,0,0,0,0,0,0,0,0,0,0,0,0,0,0,0,0,0
891f8d7abc7ffff,48.0864,11.6948,muenchen,False,138,12.4818,22,False,0.271186,False,52,0.641791,0,0,0,0,0,0,0,0,0,0,0,0,0,0,0,0,0,0,0,0,0,0,0,0,0,0,0,0,0,0,0,0,0,0
891f8d7abcbffff,48.0832,11.6879,muenchen,False,0,,0,False,0.461337,False,0,0.885067,0,0,0,0,0,0,0,0,0,0,0,0,0,0,0,0,0,0,1,0,0,0,0,0,0,0,0,0,0,0,0,0,0,0
891f8d7abcfffff,48.0836,11.6927,muenchen,False,0,,0,False,0.461337,False,0,0.885067,0,0,0,0,0,0,0,0,0,0,0,0,0,0,0,0,0,0,0,0,0,0,0,0,0,0,0,0,0,0,0,0,0,0
891f8d7abd3ffff,48.0884,11.6875,muenchen,False,0,,0,False,0.461337,False,0,0.885067,0,0,0,0,0,0,0,0,0,0,0,0,0,0,0,0,0,0,0,0,0,0,0,0,0,0,0,0,0,0,0,0,0,0
891f8d7abd7ffff,48.0888,11.6922,muenchen,False,0,,0,False,0.461337,False,0,0.885067,0,0,0,0,0,0,0,0,0,0,0,0,0,0,0,0,0,0,0,0,0,0,0,0,0,0,0,0,0,0,0,0,0,0
891f8d7abdbffff,48.0857,11.6854,muenchen,False,0,,0,False,0.461337,False,0,0.885067,0,0,0,0,0,0,0,0,0,0,0,0,0,0,0,0,0,0,0,0,0,0,0,0,0,0,0,0,0,0,0,0,0,0
891f8d7ac03ffff,48.1182,11.6658,muenchen,True,383,8.5125,56,False,0.304786,False,128,0.58156,0,0,0,0,0,0,0,0,0,0,0,0,0,0,0,0,0,0,0,0,0,0,0,0,0,0,0,0,0,0,0,0,0,0
891f8d7ac07ffff,48.1186,11.6705,muenchen,True,425,13.6263,76,False,0.380952,False,164,0.736486,0,0,0,0,0,0,0,0,0,0,0,0,0,1,0,0,0,0,0,1,0,0,0,0,0,0,4,0,0,0,0,0,0,0
891f8d7ac0bffff,48.1154,11.6637,muenchen,True,285,13.4268,22,False,0.308244,False,104,0.716981,0,0,0,0,0,0,0,0,0,0,0,0,0,0,0,0,0,0,0,0,0,0,0,0,0,0,2,0,0,0,0,0,0,0
891f8d7ac0fffff,48.1158,11.6684,muenchen,True,390,12.8161,67,False,0.347938,False,176,0.815642,0,0,0,0,0,0,0,0,0,0,0,0,0,0,0,0,0,0,0,0,0,0,0,0,0,0,1,0,0,0,0,0,0,0
891f8d7ac13ffff,48.1206,11.6632,muenchen,True,644,12.7237,151,False,0.431341,False,298,0.837288,0,0,0,0,0,0,0,0,0,0,0,0,0,1,0,0,0,0,0,1,0,0,0,0,0,0,2,0,0,0,0,0,0,0
891f8d7ac17ffff,48.121,11.668,muenchen,True,543,12.4147,137,False,0.538462,False,251,0.887387,0,0,0,0,0,0,0,1,0,1,2,0,0,2,0,0,0,0,0,0,0,0,0,0,0,0,0,0,0,0,0,0,0,0
891f8d7ac1bffff,48.1178,11.6611,muenchen,True,714,13.2734,158,False,0.367376,False,336,0.832827,0,0,0,0,0,0,0,0,0,0,0,0,0,0,0,0,0,0,0,0,0,0,0,0,0,0,1,0,0,0,0,0,0,0
891f8d7ac23ffff,48.1165,11.6778,muenchen,True,724,14.4182,187,False,0.376197,False,358,0.871233,0,0,0,0,0,0,0,0,0,0,0,0,0,1,1,0,0,0,0,0,0,0,0,0,0,0,0,0,1,0,0,0,0,0
891f8d7ac27ffff,48.1169,11.6826,muenchen,True,419,13.0588,100,False,0.373576,False,202,0.876847,0,0,0,0,0,0,0,0,0,0,0,0,0,1,0,0,0,0,0,0,0,0,0,0,0,0,4,0,1,0,0,0,0,0
891f8d7ac2bffff,48.1137,11.6757,muenchen,True,779,10.8988,224,False,0.384021,False,367,0.849162,1,0,0,0,0,0,0,1,0,1,2,0,0,1,0,0,0,0,0,0,0,0,0,0,0,0,2,0,0,0,0,0,0,0
891f8d7ac2fffff,48.1141,11.6804,muenchen,True,751,13.2158,191,False,0.395778,False,360,0.844504,0,0,0,0,0,0,0,0,0,0,0,0,0,0,0,0,0,0,0,0,0,0,0,0,0,0,0,0,0,0,0,0,0,0
891f8d7ac33ffff,48.1189,11.6753,muenchen,True,533,13.6398,102,False,0.396709,False,266,0.845588,0,0,0,0,0,0,0,1,0,0,0,0,0,0,0,0,0,0,0,0,0,0,0,0,0,0,4,0,0,0,0,0,0,0
891f8d7ac37ffff,48.1193,11.68,muenchen,True,265,14.4003,67,False,0.377049,False,130,0.908333,0,0,0,0,0,0,0,0,0,0,0,0,0,0,0,0,0,0,0,0,0,0,0,0,0,0,0,0,2,0,0,0,0,0
891f8d7ac3bffff,48.1161,11.6731,muenchen,True,636,13.3776,144,False,0.361564,False,315,0.866242,0,0,0,0,0,0,0,0,0,0,0,0,1,0,0,0,0,0,0,0,0,0,0,0,0,0,0,0,1,0,0,0,0,0
891f8d7ac43ffff,48.1123,11.6569,muenchen,True,659,13.5689,137,False,0.356509,False,285,0.825503,0,0,0,0,0,0,0,0,0,0,0,0,0,0,0,0,0,0,0,0,0,0,0,0,0,0,2,0,0,0,0,0,0,0
891f8d7ac47ffff,48.1126,11.6616,muenchen,True,838,13.7837,155,False,0.337725,False,393,0.829146,0,0,0,0,0,0,0,0,0,0,0,0,0,0,0,0,0,0,0,0,0,0,0,0,0,0,0,0,1,0,0,0,0,0
891f8d7ac4bffff,48.1095,11.6548,muenchen,True,1252,8.37787,488,False,0.3572,False,507,0.739726,0,0,0,0,0,0,0,0,0,0,0,0,0,0,0,0,0,0,0,0,0,0,0,0,0,0,2,0,0,0,0,0,0,0
891f8d7ac4fffff,48.1099,11.6595,muenchen,True,416,13.4498,44,False,0.339332,False,175,0.754601,0,0,0,0,0,0,0,0,0,0,0,0,0,0,0,0,0,0,0,0,0,0,0,0,0,0,0,0,0,0,0,0,0,0
891f8d7ac53ffff,48.1147,11.6543,muenchen,True,643,13.9385,182,False,0.416923,False,288,0.832192,0,0,0,0,0,0,0,0,1,1,0,0,0,0,0,0,0,0,0,0,0,0,0,0,0,0,2,0,0,0,0,0,0,0
891f8d7ac57ffff,48.1151,11.659,muenchen,True,537,13.593,176,False,0.383895,False,296,0.89,0,0,0,0,0,0,0,0,0,0,1,0,0,0,0,0,0,0,0,0,0,0,0,0,0,0,2,0,0,0,0,0,0,0
891f8d7ac5bffff,48.1119,11.6522,muenchen,True,458,13.1845,116,False,0.356989,False,228,0.866379,0,0,0,0,0,0,0,1,0,0,1,0,0,0,0,0,0,0,0,0,0,0,0,0,0,0,0,0,0,0,0,0,0,0
891f8d7ac63ffff,48.1106,11.6689,muenchen,True,520,12.8997,122,False,0.39726,False,246,0.830769,0,0,0,0,0,0,0,0,0,0,0,0,0,0,0,0,0,0,0,0,0,0,0,0,0,0,0,0,2,0,0,0,0,0
891f8d7ac67ffff,48.1109,11.6736,muenchen,True,512,14.1196,48,False,0.354125,False,201,0.788732,0,0,0,0,0,0,0,0,0,0,0,0,0,1,0,0,0,0,0,0,0,0,0,0,0,0,3,0,0,0,0,0,0,0
891f8d7ac6bffff,48.1078,11.6668,muenchen,True,706,13.5658,149,False,0.384615,False,314,0.7557,0,0,0,0,0,0,0,0,0,0,0,0,0,0,0,0,0,0,0,0,0,0,0,0,0,0,0,0,0,0,0,0,0,0
891f8d7ac6fffff,48.1082,11.6715,muenchen,True,404,14.7547,92,False,0.359694,False,187,0.80303,0,0,0,0,0,0,0,0,0,0,0,0,0,1,1,0,0,0,0,0,0,0,0,0,0,0,3,0,1,0,0,0,0,0
891f8d7ac73ffff,48.113,11.6663,muenchen,True,437,14.3477,70,False,0.395181,False,195,0.820755,0,0,0,0,0,0,0,0,0,0,0,0,0,0,0,0,0,0,0,0,0,0,0,0,0,0,4,0,0,0,0,0,0,0
891f8d7ac77ffff,48.1134,11.671,muenchen,True,558,13.1916,121,False,0.380074,False,266,0.840467,0,0,0,0,0,0,0,0,0,0,0,0,0,0,0,0,0,0,0,0,0,0,0,0,0,0,2,0,0,0,0,0,0,0
891f8d7ac7bffff,48.1102,11.6642,muenchen,True,578,13.136,133,False,0.349206,False,280,0.873239,0,0,0,0,0,0,0,0,0,0,0,0,0,0,0,0,0,0,0,0,0,0,0,0,0,0,1,0,0,0,0,0,0,0
891f8d7ac83ffff,48.1258,11.6628,muenchen,True,146,14.2928,36,False,0.274648,False,66,0.835821,0,0,0,0,0,0,0,1,0,0,0,0,1,1,1,0,0,0,0,0,0,0,0,0,1,1,7,0,3,1,0,0,0,0
891f8d7ac87ffff,48.1262,11.6675,muenchen,True,242,11.9011,72,False,0.365546,False,118,0.888889,0,0,0,0,0,0,0,0,0,0,0,0,0,0,0,0,0,0,0,0,0,0,0,0,0,0,0,0,0,0,0,0,0,0
891f8d7ac8bffff,48.123,11.6607,muenchen,True,777,13.5325,218,False,0.356962,False,344,0.833828,0,1,0,0,0,1,0,0,0,1,1,0,0,1,0,0,0,0,0,1,0,0,0,0,0,0,0,0,0,0,0,0,0,0
891f8d7ac8fffff,48.1234,11.6654,muenchen,True,388,13.9148,106,False,0.341026,False,201,0.905263,0,0,0,0,0,0,0,1,0,0,1,0,1,2,0,0,0,0,0,0,0,0,0,0,0,0,2,0,1,0,1,0,0,0
891f8d7ac93ffff,48.1282,11.6602,muenchen,True,124,20.2768,44,False,0.587302,False,53,0.830508,0,0,0,0,0,0,0,0,0,0,0,0,0,0,0,0,0,0,0,0,0,0,0,0,0,0,0,0,0,0,0,0,0,0
891f8d7ac97ffff,48.1286,11.6649,muenchen,True,630,12.906,117,False,0.358255,False,271,0.825279,0,0,0,0,0,0,0,0,0,0,0,0,0,0,0,0,0,0,0,0,0,0,0,0,0,0,0,0,0,0,0,0,0,0
891f8d7ac9bffff,48.1255,11.6581,muenchen,True,592,13.8485,143,False,0.39523,False,267,0.806202,0,0,0,1,0,0,0,0,0,0,0,0,0,1,0,0,0,0,0,0,0,0,0,0,0,0,0,0,0,0,0,0,0,0
891f8d7aca3ffff,48.1241,11.6748,muenchen,True,146,12.0137,52,False,0.411392,False,75,0.905405,0,0,0,0,0,0,0,1,0,1,0,0,0,0,0,0,0,0,0,0,0,0,0,0,0,0,0,0,1,0,0,0,0,0
891f8d7aca7ffff,48.1245,11.6795,muenchen,True,0,,0,False,0.461337,False,0,0.885067,0,0,0,0,0,0,0,0,0,0,0,0,0,0,0,0,0,0,0,0,0,0,0,0,0,0,0,0,0,0,0,0,0,0
891f8d7acabffff,48.1213,11.6727,muenchen,True,597,12.8289,193,False,0.462562,False,288,0.827119,0,0,0,0,0,0,0,0,2,0,2,0,1,2,0,0,0,2,2,0,0,0,0,0,0,0,2,0,2,0,0,0,0,0
891f8d7acafffff,48.1217,11.6774,muenchen,True,623,14.2501,156,False,0.434572,False,267,0.834646,0,0,0,0,0,0,0,0,0,0,0,0,0,0,0,0,0,0,0,0,0,0,0,0,0,0,0,0,0,0,0,0,0,0
891f8d7acb3ffff,48.1265,11.6722,muenchen,True,416,13.3802,99,False,0.404157,False,182,0.805556,0,0,0,0,0,0,0,0,0,0,0,0,0,2,0,0,0,0,0,0,0,0,0,1,0,0,1,0,0,0,0,0,0,0
891f8d7acb7ffff,48.1269,11.6769,muenchen,True,753,16.8034,134,False,0.444297,False,341,0.804154,0,0,0,0,0,0,0,1,0,0,0,0,0,0,0,0,0,0,0,0,0,0,0,0,0,0,0,0,0,0,0,0,0,0
891f8d7acbbffff,48.1238,11.6701,muenchen,True,193,10.5435,72,False,0.521978,False,98,0.903226,0,1,0,0,0,0,0,3,0,0,2,0,0,0,0,0,2,2,0,1,0,0,0,1,0,0,0,0,1,0,0,0,0,0
891f8d7acc3ffff,48.1199,11.6538,muenchen,True,578,13.0727,109,False,0.333333,False,245,0.808511,0,0,0,0,0,0,0,0,0,0,0,0,0,0,0,0,0,0,0,0,0,0,0,0,0,0,0,0,1,0,0,0,0,0
891f8d7acc7ffff,48.1203,11.6585,muenchen,True,1129,11.7254,293,False,0.381076,False,505,0.804,0,0,0,0,0,0,0,0,0,0,0,0,0,0,0,0,0,0,0,0,0,0,0,0,0,0,0,0,0,0,0,0,0,0
891f8d7accbffff,48.1171,11.6517,muenchen,True,410,14.1108,83,False,0.381773,False,195,0.849765,0,0,0,0,0,0,0,0,0,0,0,0,0,0,0,0,0,0,1,0,0,0,0,0,0,0,1,0,1,0,0,0,0,0
891f8d7accfffff,48.1175,11.6564,muenchen,True,872,12.0152,187,False,0.361305,False,355,0.736264,0,0,0,0,0,0,0,1,0,0,1,0,0,1,0,0,0,0,0,1,0,0,0,0,0,0,3,0,0,0,0,0,0,0
891f8d7acd3ffff,48.1223,11.6512,muenchen,True,697,13.731,126,False,0.409956,False,321,0.823344,0,0,0,0,0,0,0,0,0,0,0,0,0,0,0,0,0,0,0,0,0,0,0,0,0,0,0,0,0,0,0,0,0,0
891f8d7acd7ffff,48.1227,11.6559,muenchen,True,642,15.7127,200,False,0.423077,False,308,0.845201,0,0,0,0,0,1,0,0,0,1,0,0,1,1,1,0,0,0,0,1,0,0,0,0,0,0,0,0,0,0,0,0,0,0
891f8d7acdbffff,48.1195,11.6491,muenchen,True,570,13.2484,118,False,0.339344,False,276,0.834559,0,0,0,0,0,0,0,0,0,0,0,0,0,0,0,0,0,0,0,0,0,0,0,0,0,0,1,0,0,0,0,0,0,0
891f8d7ad03ffff,48.1207,11.6988,muenchen,False,397,14.2177,52,False,0.336683,False,151,0.681818,0,0,0,0,0,0,0,1,0,0,0,0,0,0,0,0,0,0,0,0,0,0,0,0,0,0,0,0,1,0,0,0,0,0
891f8d7ad07ffff,48.1211,11.7035,muenchen,False,135,13.482,20,False,0.403226,False,60,0.818182,0,0,0,0,0,0,0,0,0,0,0,0,0,1,0,0,0,0,0,0,0,0,0,0,0,0,0,0,0,0,0,0,0,0
891f8d7ad0bffff,48.1179,11.6967,muenchen,False,566,14.2134,134,False,0.481081,False,238,0.836134,0,0,0,0,0,0,0,0,0,0,1,0,0,0,0,0,0,0,0,0,0,0,0,0,0,1,0,0,0,0,0,0,0,0
891f8d7ad0fffff,48.1183,11.7014,muenchen,False,181,12.6165,40,False,0.428571,False,97,0.824176,0,0,0,0,0,0,0,0,0,0,0,0,0,0,0,0,0,0,0,0,0,0,0,0,0,0,1,0,0,0,0,0,0,0
891f8d7ad13ffff,48.1231,11.6962,muenchen,False,341,11.7824,54,False,0.356707,False,146,0.8,0,0,0,0,0,0,0,0,0,0,0,0,0,0,0,0,0,0,0,0,0,0,0,0,0,0,0,0,0,0,0,0,0,0
891f8d7ad17ffff,48.1235,11.7009,muenchen,False,187,12.957,23,False,0.272727,False,83,0.753247,0,0,0,0,0,0,0,0,0,0,0,0,0,0,0,0,0,0,0,0,0,0,0,0,0,0,0,0,0,0,0,0,0,0
891f8d7ad1bffff,48.1203,11.6941,muenchen,True,167,11.9864,33,False,0.593939,False,77,0.84507,0,0,0,0,0,0,0,0,0,0,0,0,0,0,0,0,0,0,0,0,0,0,0,0,0,0,0,0,0,0,0,0,0,0
891f8d7ad23ffff,48.119,11.7108,muenchen,False,40,14.0971,0,True,0.325,False,12,0.5,0,0,0,0,0,0,0,0,0,0,0,0,0,0,0,0,0,0,0,0,0,0,0,0,0,0,0,0,0,0,0,0,0,0
891f8d7ad27ffff,48.1193,11.7155,muenchen,False,0,,0,False,0.461337,False,0,0.885067,0,0,0,0,0,0,0,0,0,0,0,0,0,0,0,0,0,0,0,0,0,0,0,0,0,0,0,0,0,0,0,0,0,0
891f8d7ad2bffff,48.1162,11.7087,muenchen,False,175,14.3816,32,False,0.428571,False,85,0.925926,0,0,0,0,0,0,0,0,0,0,0,0,0,0,0,0,0,0,0,0,0,0,0,0,0,0,0,0,0,0,0,0,0,0
891f8d7ad2fffff,48.1166,11.7134,muenchen,False,17,15.34,3,False,0,False,7,1,0,0,0,0,0,0,0,0,0,0,0,0,0,0,0,0,0,0,0,0,0,0,0,0,0,0,0,0,0,0,0,0,0,0
891f8d7ad33ffff,48.1214,11.7082,muenchen,False,211,14.0735,46,False,0.495327,False,78,0.753623,0,0,0,0,0,0,0,0,0,0,0,0,0,0,0,0,0,0,0,0,0,0,0,0,0,0,2,0,1,0,0,0,0,0
891f8d7ad37ffff,48.1218,11.7129,muenchen,False,0,,0,False,0.461337,False,0,0.885067,0,0,0,0,0,0,0,0,0,0,0,0,0,0,0,0,0,0,0,0,0,0,0,0,0,0,0,0,0,0,0,0,0,0
891f8d7ad3bffff,48.1186,11.7061,muenchen,False,0,,0,False,0.461337,False,0,0.885067,0,0,0,0,0,0,0,0,0,0,0,0,0,0,0,0,0,0,0,0,0,0,0,0,0,0,0,0,0,0,0,0,0,0
891f8d7ad43ffff,48.1148,11.6899,muenchen,True,744,13.6265,185,False,0.375867,False,370,0.873385,0,0,0,0,0,0,0,0,0,0,0,0,0,0,0,0,0,0,0,0,0,0,0,0,0,0,0,0,0,0,0,0,0,0
891f8d7ad47ffff,48.1151,11.6946,muenchen,True,737,14.9049,241,False,0.484848,False,374,0.87037,0,0,1,0,0,0,0,0,0,0,1,0,0,2,1,0,0,2,0,0,0,0,0,0,0,0,2,0,2,0,1,0,0,0
891f8d7ad4bffff,48.112,11.6877,muenchen,True,699,13.5917,149,False,0.359773,False,319,0.820433,0,0,0,0,0,0,0,0,0,0,0,0,0,0,0,0,0,0,0,0,0,0,0,0,0,0,0,0,0,0,0,0,0,0
891f8d7ad4fffff,48.1124,11.6924,muenchen,True,605,13.284,191,False,0.350081,False,316,0.866667,0,0,0,0,0,0,0,0,0,0,0,0,0,0,0,0,0,0,0,0,0,0,0,0,0,0,2,0,0,0,0,0,0,0
891f8d7ad53ffff,48.1172,11.6873,muenchen,True,539,12.6385,184,False,0.375,False,284,0.861736,0,0,0,0,0,0,0,1,0,0,0,0,0,0,2,0,0,0,0,0,0,0,0,0,0,0,0,0,0,0,0,0,0,0
891f8d7ad57ffff,48.1176,11.692,muenchen,True,404,13.8319,122,False,0.5,False,201,0.868932,0,0,0,0,0,0,0,0,0,0,0,0,0,1,0,0,0,0,0,0,0,0,0,0,0,0,2,0,0,0,0,0,0,0
891f8d7ad5bffff,48.1144,11.6851,muenchen,True,628,14.0524,87,False,0.356698,False,280,0.8125,0,0,0,0,0,0,0,0,0,0,0,0,0,0,0,0,0,0,0,0,0,0,0,0,0,0,1,0,0,0,0,0,0,0
891f8d7ad63ffff,48.1131,11.7019,muenchen,True,877,14.0453,335,False,0.493671,False,466,0.874725,0,1,0,1,0,1,0,0,0,1,2,0,0,5,0,1,0,2,1,0,0,0,0,0,0,0,2,0,3,0,1,0,0,0
891f8d7ad67ffff,48.1134,11.7066,muenchen,True,547,14.9775,161,False,0.401099,False,284,0.886667,0,0,0,0,0,1,0,0,0,0,0,0,1,0,0,0,0,1,1,1,0,0,0,0,0,0,1,0,7,0,0,0,0,0
891f8d7ad6bffff,48.1103,11.6997,muenchen,True,405,14.5715,111,False,0.306954,False,203,0.910526,0,0,0,0,0,0,0,0,0,0,0,0,0,0,0,0,0,0,0,0,0,0,0,0,0,0,0,0,0,0,0,0,0,0
891f8d7ad6fffff,48.1107,11.7045,muenchen,True,501,14.541,135,False,0.355865,False,243,0.880851,0,0,0,0,0,0,0,0,0,0,1,0,0,1,0,0,0,1,0,0,0,0,0,0,0,0,1,0,2,0,0,0,0,0
891f8d7ad73ffff,48.1155,11.6993,muenchen,True,460,17.7525,130,False,0.358369,False,242,0.84141,0,0,0,0,0,0,0,0,0,0,0,0,0,1,0,0,0,0,0,0,0,0,0,0,0,0,0,0,2,0,0,0,0,0
891f8d7ad77ffff,48.1159,11.704,muenchen,True,649,14.3308,204,False,0.423077,False,309,0.861111,0,0,0,0,0,0,0,0,0,0,0,0,0,0,0,0,0,0,0,0,0,0,0,0,0,0,0,0,0,0,0,0,0,0
891f8d7ad7bffff,48.1127,11.6972,muenchen,True,543,14.4947,120,False,0.38817,False,260,0.846743,0,0,0,0,0,0,0,0,0,1,0,0,1,0,0,0,0,1,0,0,0,0,0,0,0,0,0,0,3,0,0,0,0,0
891f8d7ad83ffff,48.1283,11.6958,muenchen,True,628,12.9144,122,False,0.416801,False,280,0.800738,0,0,0,0,0,0,0,0,0,0,0,0,0,0,0,0,0,0,0,0,0,0,0,0,0,0,1,0,0,0,0,0,0,0
891f8d7ad87ffff,48.1287,11.7005,muenchen,True,898,11.6553,136,False,0.356589,False,333,0.728358,0,0,0,0,0,0,0,0,0,0,0,0,0,1,0,0,0,0,0,0,0,0,0,0,0,0,2,0,1,0,0,0,0,0
891f8d7ad8bffff,48.1255,11.6936,muenchen,True,0,,0,False,0.461337,False,0,0.885067,0,0,0,0,0,0,0,0,0,0,0,0,0,0,0,0,0,0,0,0,0,0,0,0,0,0,0,0,0,0,0,0,0,0
891f8d7ad8fffff,48.1259,11.6983,muenchen,True,30,10.234,0,True,0.193548,False,15,0.885067,0,0,0,0,0,0,0,0,0,0,0,0,0,0,0,0,0,0,0,0,0,0,0,0,0,0,0,0,0,0,0,0,0,0
891f8d7ad93ffff,48.1307,11.6932,muenchen,True,1618,7.95886,555,False,0.42102,False,704,0.770195,0,0,0,0,0,0,0,1,0,0,0,0,0,0,0,1,0,5,0,0,0,0,0,0,0,0,0,0,2,0,0,0,0,0
891f8d7ad97ffff,48.1311,11.6979,muenchen,True,2041,10.0101,569,False,0.427529,False,781,0.7,0,0,0,0,0,0,0,0,0,0,1,0,0,1,0,0,0,0,0,0,0,0,0,0,0,0,0,0,0,0,0,0,0,0
891f8d7ad9bffff,48.128,11.691,muenchen,True,348,11.4506,54,False,0.360231,False,129,0.687023,0,0,0,0,0,0,0,0,0,0,0,0,0,0,0,0,0,0,0,0,0,0,0,0,0,0,0,0,0,0,0,0,0,0
891f8d7ada3ffff,48.1266,11.7078,muenchen,True,0,,0,False,0.461337,False,0,0.885067,0,0,0,0,0,0,0,0,0,0,0,0,0,0,0,0,0,0,0,0,0,0,0,0,0,0,0,0,0,0,0,0,0,0
891f8d7ada7ffff,48.127,11.7125,muenchen,True,0,,0,False,0.461337,False,0,0.885067,0,0,0,0,0,0,0,0,0,0,0,0,0,0,0,0,0,0,0,0,0,0,0,0,0,0,0,0,0,0,0,0,0,0
891f8d7adabffff,48.1238,11.7056,muenchen,True,0,,0,False,0.461337,False,0,0.885067,0,0,0,0,0,0,0,0,0,0,0,0,0,0,0,0,0,0,0,0,0,0,0,0,0,0,0,0,0,0,0,0,0,0
891f8d7adafffff,48.1242,11.7104,muenchen,True,8,11.6734,0,True,0.461337,True,0,0.885067,0,0,0,0,0,0,0,0,0,0,0,0,0,0,0,0,0,0,0,0,0,0,0,0,0,0,0,0,0,0,0,0,0,0
891f8d7adb3ffff,48.129,11.7052,muenchen,True,781,10.7432,265,False,0.369565,False,325,0.786145,0,0,0,0,0,0,0,0,0,0,0,0,1,0,0,0,0,0,0,0,0,0,0,0,0,0,0,0,0,0,0,0,0,0
891f8d7adb7ffff,48.1294,11.7099,muenchen,True,0,,0,False,0.461337,False,0,0.885067,0,0,0,0,0,0,0,0,0,0,0,0,0,0,0,0,0,0,0,0,0,0,0,0,0,0,0,0,0,0,0,0,0,0
891f8d7adbbffff,48.1263,11.7031,muenchen,True,0,,0,False,0.461337,False,0,0.885067,0,0,0,0,0,0,0,0,0,0,0,0,0,0,0,0,0,0,0,0,0,0,0,0,0,0,0,0,0,0,0,0,0,0
891f8d7adc3ffff,48.1224,11.6868,muenchen,True,10,13.83,9,False,0.666667,False,9,1,0,0,0,0,0,0,0,0,0,0,0,0,0,0,0,0,0,0,0,0,0,0,0,0,0,0,0,0,0,0,0,0,0,0
891f8d7adc7ffff,48.1228,11.6915,muenchen,True,0,,0,False,0.461337,False,0,0.885067,0,0,0,0,0,0,0,0,0,0,0,0,0,0,0,0,0,0,0,0,0,0,0,0,0,0,0,0,0,0,0,0,0,0
891f8d7adcbffff,48.1196,11.6847,muenchen,True,42,11.75,3,False,0.540541,False,14,1,0,0,0,0,0,0,0,0,0,0,1,0,0,0,0,0,0,0,0,0,0,0,0,0,0,0,2,0,2,0,0,0,0,0
891f8d7adcfffff,48.12,11.6894,muenchen,True,9,9.75,3,False,0.461337,True,3,0.885067,0,0,0,0,0,0,0,0,0,0,0,0,0,0,0,0,0,0,0,0,0,0,0,0,0,0,0,0,1,0,0,0,0,0
891f8d7add3ffff,48.1248,11.6842,muenchen,True,0,,0,False,0.461337,False,0,0.885067,0,0,0,0,0,0,0,0,0,0,0,0,0,0,0,0,0,0,0,0,0,0,0,0,0,0,0,0,0,0,0,0,0,0
891f8d7add7ffff,48.1252,11.6889,muenchen,True,0,,0,False,0.461337,False,0,0.885067,0,0,0,0,0,0,0,0,0,0,0,0,0,0,0,0,0,0,0,0,0,0,0,0,0,0,0,0,0,0,0,0,0,0
891f8d7addbffff,48.122,11.6821,muenchen,True,145,9.94,6,False,0.514085,False,12,0.785714,0,0,0,0,0,0,0,0,0,0,0,0,0,0,0,0,0,0,0,0,0,0,0,0,0,0,0,0,1,0,0,0,0,0
891f8d7ae03ffff,48.0988,11.651,muenchen,True,2018,10.8505,632,False,0.400198,False,1023,0.872655,0,0,0,0,0,0,0,0,0,0,1,0,0,0,0,0,0,0,0,0,0,0,0,0,0,0,2,0,0,0,0,0,0,0
891f8d7ae07ffff,48.0991,11.6557,muenchen,True,1462,11.7179,441,False,0.379071,False,689,0.856515,0,0,0,0,0,0,0,1,0,0,0,0,0,0,1,0,0,0,0,0,0,0,0,0,0,0,2,0,0,0,0,0,0,0
891f8d7ae0bffff,48.096,11.6489,muenchen,True,939,11.525,431,False,0.366183,False,524,0.911153,0,0,0,0,0,0,0,0,0,0,0,0,0,0,0,0,0,0,0,0,0,0,0,0,0,0,2,0,1,0,0,0,0,0
891f8d7ae0fffff,48.0963,11.6536,muenchen,True,1666,10.5239,675,False,0.375296,False,792,0.815366,0,0,0,0,0,0,0,0,0,0,0,0,0,0,0,0,0,0,0,0,0,0,0,0,0,0,4,0,1,0,0,0,0,0
891f8d7ae13ffff,48.1012,11.6484,muenchen,True,707,11.0687,222,False,0.484286,False,324,0.791411,1,0,0,0,0,0,0,1,0,0,2,0,0,3,0,0,0,0,0,0,0,0,0,0,1,0,4,0,2,0,0,0,0,0
891f8d7ae17ffff,48.1015,11.6531,muenchen,True,871,10.9191,287,False,0.373843,False,435,0.873272,0,0,0,0,0,0,0,0,0,0,0,0,0,1,0,0,0,0,0,0,0,0,0,0,0,0,0,0,0,0,0,0,0,0
891f8d7ae1bffff,48.0984,11.6463,muenchen,True,529,13.3757,208,False,0.542751,False,252,0.818565,0,0,0,0,0,0,0,1,0,0,1,0,0,2,0,0,0,0,0,2,0,0,0,0,0,0,2,0,4,0,0,0,0,0
891f8d7ae23ffff,48.0971,11.663,muenchen,True,478,7.45462,186,False,0.349576,False,202,0.729858,0,0,0,0,0,0,0,0,0,0,0,0,0,1,0,0,0,0,0,0,0,0,0,0,0,0,0,0,0,0,0,0,0,0
891f8d7ae27ffff,48.0974,11.6677,muenchen,True,0,,0,False,0.461337,False,0,0.885067,0,0,0,0,0,0,0,0,0,0,0,0,0,0,0,0,0,0,0,0,0,0,0,0,0,0,0,0,0,0,0,0,0,0
891f8d7ae2bffff,48.0943,11.6609,muenchen,True,383,13.5503,208,False,0.368984,False,284,0.979094,0,0,0,0,0,0,0,0,0,0,0,0,0,0,0,0,0,0,0,0,0,0,0,0,0,0,0,0,0,0,0,0,0,0
891f8d7ae2fffff,48.0946,11.6656,muenchen,True,6,10.7558,0,True,0.461337,True,0,0.885067,0,0,0,0,0,0,0,0,0,0,0,0,0,0,0,0,0,0,0,0,0,0,0,0,0,0,0,0,0,0,0,0,0,0
891f8d7ae33ffff,48.0995,11.6604,muenchen,True,1423,9.75629,490,False,0.398031,False,627,0.808612,0,0,0,0,0,0,0,2,0,0,2,0,0,1,0,0,0,0,0,0,0,0,0,0,0,0,0,0,1,0,1,0,0,0
891f8d7ae37ffff,48.0998,11.6651,muenchen,True,31,11.6699,0,True,0.433333,False,10,1,0,0,0,0,0,0,0,0,0,0,0,0,0,0,0,0,0,0,0,0,0,0,0,0,0,0,0,0,0,0,0,0,0,0
891f8d7ae3bffff,48.0967,11.6583,muenchen,True,1124,9.21852,440,False,0.359292,False,517,0.835878,0,0,0,0,0,0,0,0,0,0,0,0,0,0,0,0,0,0,0,0,0,0,0,0,0,0,0,0,0,0,0,0,0,0
891f8d7ae43ffff,48.0928,11.642,muenchen,True,1202,10.0812,585,False,0.36726,False,700,0.90896,0,0,0,0,0,0,0,1,0,0,0,0,0,0,0,0,0,0,0,0,0,0,0,0,0,0,0,0,0,0,0,0,0,0
891f8d7ae47ffff,48.0932,11.6468,muenchen,True,233,14.1678,73,False,0.477679,False,134,0.911765,0,0,0,0,0,0,0,0,0,0,0,0,0,0,0,0,0,0,0,0,0,0,0,0,0,0,0,0,0,0,0,0,0,0
891f8d7ae4bffff,48.0901,11.6399,muenchen,True,1438,9.22684,594,False,0.388655,False,721,0.852349,0,0,0,0,0,0,0,0,0,0,0,0,0,1,0,0,0,0,0,0,0,0,0,0,0,0,0,1,0,0,0,0,0,0
891f8d7ae4fffff,48.0904,11.6446,muenchen,True,12,10.4141,0,True,0.538462,False,14,1,0,0,0,0,0,0,0,0,0,0,1,0,0,2,0,0,0,0,0,1,0,0,0,0,0,1,7,0,4,0,0,0,0,0
891f8d7ae53ffff,48.0953,11.6395,muenchen,True,626,8.35864,279,False,0.355346,False,311,0.839869,0,0,0,0,0,0,0,0,0,0,0,0,0,0,0,0,0,0,0,0,0,0,0,0,0,0,0,0,0,0,0,0,0,0
891f8d7ae57ffff,48.0956,11.6442,muenchen,True,1522,9.35432,613,False,0.377135,False,689,0.810294,0,0,0,0,0,0,0,0,1,0,0,0,0,0,0,0,0,0,0,0,0,0,0,0,1,0,1,0,0,0,0,0,0,0
891f8d7ae5bffff,48.0925,11.6373,muenchen,True,76,11.46,3,False,0.22973,False,23,1,0,0,0,0,0,0,0,0,0,0,0,0,0,1,0,0,0,0,0,0,0,0,0,0,0,0,0,0,0,0,0,0,0,0
891f8d7ae63ffff,48.0911,11.654,muenchen,True,170,10.2821,53,False,0.416149,False,75,0.8,0,0,0,0,0,0,0,0,0,0,0,0,0,0,0,0,0,0,0,0,0,0,0,0,0,0,0,0,3,0,0,0,0,0
891f8d7ae67ffff,48.0915,11.6588,muenchen,True,71,12.98,55,False,0.533333,False,52,1,0,0,0,0,0,0,0,0,0,0,0,0,0,0,0,0,0,0,0,0,0,0,0,0,0,0,0,0,0,0,0,0,0,0
891f8d7ae6bffff,48.0884,11.6519,muenchen,True,0,,0,False,0.461337,False,0,0.885067,0,0,0,0,0,0,0,0,0,0,0,0,0,0,0,0,0,0,0,0,0,0,0,0,0,0,0,0,0,0,0,0,0,0
891f8d7ae6fffff,48.0887,11.6566,muenchen,True,110,11.8834,0,True,0.8,False,0,0.885067,0,0,0,0,0,0,0,0,0,0,0,0,0,0,0,0,0,0,0,0,0,0,0,0,0,0,0,0,0,0,0,0,0,0
891f8d7ae73ffff,48.0936,11.6515,muenchen,True,432,11.9424,83,False,0.358575,False,192,0.836957,0,0,0,0,0,0,0,0,0,0,0,0,0,0,0,0,0,0,0,0,0,0,0,0,0,0,0,0,0,0,0,0,0,0
891f8d7ae77ffff,48.0939,11.6562,muenchen,True,406,12.9159,252,False,0.506173,False,251,0.918699,0,0,0,0,0,0,0,0,0,0,0,0,1,0,0,0,0,0,0,0,0,0,0,0,0,0,3,0,1,0,0,0,0,0
891f8d7ae7bffff,48.0908,11.6493,muenchen,True,0,,0,False,0.461337,False,0,0.885067,0,0,0,0,0,0,0,0,0,0,0,0,0,0,0,0,0,0,0,0,0,0,0,0,0,0,1,0,1,0,0,0,0,0
891f8d7ae83ffff,48.1064,11.6479,muenchen,True,511,12.5543,117,False,0.356589,False,238,0.809322,0,0,0,0,0,0,0,1,0,1,2,0,0,1,0,0,0,0,0,0,0,0,0,0,0,0,2,0,1,0,0,0,0,0
891f8d7ae87ffff,48.1067,11.6526,muenchen,True,997,9.61264,409,False,0.397177,False,454,0.799145,0,0,0,0,0,0,0,0,0,0,0,0,0,0,0,0,0,0,0,0,0,0,0,0,0,0,0,0,0,0,0,0,0,0
891f8d7ae8bffff,48.1036,11.6458,muenchen,True,16,5.54,4,False,0.375,False,4,0.885067,0,0,0,0,0,0,0,0,0,0,0,0,0,1,0,0,0,1,0,0,0,0,0,0,0,0,0,0,1,0,0,0,0,0
891f8d7ae8fffff,48.104,11.6505,muenchen,True,0,,0,False,0.461337,False,0,0.885067,0,0,0,0,0,0,0,0,0,0,0,0,0,1,0,0,0,0,0,0,0,0,0,0,0,0,0,0,0,0,0,0,0,0
891f8d7ae93ffff,48.1088,11.6453,muenchen,True,809,11.3555,174,False,0.37469,False,393,0.867374,0,0,0,0,0,0,0,0,0,0,0,0,0,0,0,0,0,0,0,0,1,0,0,0,1,0,7,0,2,0,0,0,0,0
891f8d7ae97ffff,48.1091,11.65,muenchen,True,1084,8.99159,516,False,0.38843,False,526,0.85389,0,0,0,0,0,0,0,0,0,0,0,0,0,0,0,0,0,0,0,0,0,0,0,0,0,0,2,0,0,0,0,0,0,0
891f8d7ae9bffff,48.106,11.6432,muenchen,True,1227,10.6232,380,False,0.400649,False,520,0.773622,0,0,0,0,0,0,0,3,0,0,2,0,0,2,0,0,0,1,0,0,0,0,0,0,0,0,0,0,0,0,0,0,0,0
891f8d7aea3ffff,48.1047,11.6599,muenchen,True,561,15.0853,296,False,0.445578,False,378,0.942559,0,0,0,0,0,0,0,0,0,0,0,0,0,0,0,0,0,0,0,0,0,0,0,0,0,0,3,0,0,0,0,0,0,0
891f8d7aea7ffff,48.105,11.6646,muenchen,True,504,12.1369,100,False,0.266667,False,263,0.884758,0,0,0,0,0,0,0,0,0,0,0,0,0,0,0,0,0,0,0,0,0,0,0,0,0,0,0,0,0,0,0,0,0,0
891f8d7aeabffff,48.1019,11.6578,muenchen,True,1099,13.1107,466,False,0.483989,False,652,0.887538,0,0,0,0,0,0,0,0,0,0,0,0,0,0,0,0,0,0,0,0,0,0,0,0,0,0,2,0,0,0,0,0,0,0
891f8d7aeafffff,48.1022,11.6625,muenchen,True,503,11.2645,176,False,0.454724,False,258,0.869732,0,0,0,0,0,0,0,1,0,0,1,0,0,0,0,0,0,1,0,0,0,0,0,0,0,0,0,0,0,0,0,0,0,0
891f8d7aeb3ffff,48.1071,11.6573,muenchen,True,1919,14.3299,737,False,0.413077,False,970,0.887164,0,0,0,0,0,0,0,3,0,0,1,0,0,1,1,0,0,0,0,0,0,0,0,0,0,0,2,0,2,0,0,0,0,0
891f8d7aeb7ffff,48.1074,11.6621,muenchen,True,487,10.8615,117,False,0.381551,False,215,0.814159,0,0,0,0,0,0,0,0,0,0,0,0,0,0,0,0,0,0,0,0,0,0,0,0,0,0,3,0,0,0,0,0,0,0
891f8d7aebbffff,48.1043,11.6552,muenchen,True,1399,12.9593,642,False,0.459695,False,767,0.889467,0,0,0,0,0,0,0,0,0,0,0,0,0,0,0,0,0,0,0,0,0,0,0,0,0,0,0,0,0,0,0,0,0,0
891f8d7aec3ffff,48.1005,11.639,muenchen,True,1400,10.743,519,False,0.383513,False,652,0.800307,0,0,0,0,0,0,0,0,0,0,0,0,0,0,0,0,0,0,0,0,0,0,0,0,0,0,1,0,1,0,0,0,0,0
891f8d7aec7ffff,48.1008,11.6437,muenchen,True,872,9.37329,447,False,0.338691,False,485,0.897704,0,0,1,1,0,0,0,3,1,1,7,0,8,3,0,1,2,13,1,0,1,0,0,1,0,0,0,0,4,0,0,0,0,0
891f8d7aecbffff,48.0977,11.6369,muenchen,True,645,10.8865,100,False,0.307932,False,279,0.831502,0,0,0,0,0,0,0,0,0,0,0,0,0,0,0,0,0,0,0,0,0,0,0,0,0,0,3,0,0,0,0,0,0,0
891f8d7aecfffff,48.098,11.6416,muenchen,True,596,11.0174,208,False,0.395586,False,239,0.76569,0,0,0,0,0,0,0,0,0,0,0,0,0,0,0,0,0,0,0,0,0,0,0,0,0,0,4,0,0,0,0,0,0,0
891f8d7aed3ffff,48.1029,11.6364,muenchen,True,1148,9.836,528,False,0.381158,False,536,0.833024,0,0,0,0,0,0,0,0,0,0,0,0,0,0,0,0,0,0,0,0,0,0,0,0,0,0,3,0,1,0,0,0,0,0
891f8d7aed7ffff,48.1032,11.6411,muenchen,True,934,9.26977,388,False,0.359491,False,374,0.771654,0,0,0,0,0,0,0,0,0,0,0,0,0,0,0,0,0,0,0,0,0,0,0,0,0,0,2,0,0,0,0,0,0,0
891f8d7aedbffff,48.1001,11.6343,muenchen,True,482,13.4042,99,False,0.312102,False,185,0.893048,0,0,0,0,0,0,0,1,0,0,0,0,0,0,0,0,0,0,0,0,0,0,0,0,0,0,1,0,0,0,0,0,0,0
891f8d7b003ffff,48.0717,11.5373,muenchen,False,81,17.5109,11,False,0.290698,False,28,0.888889,0,0,0,0,0,0,0,0,0,0,0,0,0,1,0,0,0,0,0,0,0,0,0,0,0,0,1,0,0,0,0,0,0,0
891f8d7b007ffff,48.0721,11.542,muenchen,False,0,,0,False,0.461337,False,0,0.885067,0,0,0,0,0,0,0,0,0,0,0,0,0,0,0,0,0,0,0,0,0,0,0,0,0,0,0,0,0,0,0,0,0,0
891f8d7b00bffff,48.0689,11.5352,muenchen,False,153,12.2929,17,False,0.284848,False,64,0.755102,0,0,0,0,0,0,0,0,0,0,0,0,0,0,0,0,0,0,0,0,0,0,0,0,0,0,0,0,1,0,0,0,0,0
891f8d7b00fffff,48.0693,11.5399,muenchen,False,4,13.1081,0,True,0,False,3,0.885067,0,0,0,0,0,0,0,0,0,0,0,0,0,0,0,0,0,0,0,0,0,0,0,0,0,0,0,0,0,0,0,0,0,0
891f8d7b013ffff,48.0741,11.5347,muenchen,False,99,13.5527,11,False,0.210526,False,34,0.851852,0,0,0,0,0,0,0,0,0,0,0,0,0,0,0,0,0,0,0,0,0,0,0,0,0,0,0,0,0,0,0,0,0,0
891f8d7b017ffff,48.0745,11.5394,muenchen,False,57,10.35,7,False,0.213115,False,27,0.857143,0,0,0,0,0,0,0,0,0,0,0,0,0,0,0,0,0,0,0,0,0,0,0,0,0,0,0,0,0,0,0,0,0,0
891f8d7b01bffff,48.0714,11.5326,muenchen,False,276,14.0959,64,False,0.323741,False,121,0.776786,0,0,0,0,0,0,0,0,0,0,1,0,0,1,0,0,0,0,0,0,0,0,0,0,0,1,2,0,3,0,0,0,0,0
891f8d7b023ffff,48.07,11.5493,muenchen,False,0,,0,False,0.461337,False,0,0.885067,0,0,0,0,0,0,0,0,0,0,0,0,0,0,0,0,0,0,0,0,0,0,0,0,0,0,0,0,0,0,0,0,0,0
891f8d7b027ffff,48.0704,11.554,muenchen,False,0,,0,False,0.461337,False,0,0.885067,0,0,0,0,0,0,0,0,0,0,0,0,0,0,0,0,0,0,0,0,0,0,0,0,0,0,0,0,0,0,0,0,0,0
891f8d7b02bffff,48.0673,11.5472,muenchen,False,60,13.7359,0,True,0.309091,False,22,0.833333,0,0,0,0,0,0,0,0,0,0,0,0,0,0,0,0,0,0,0,0,0,0,0,0,1,0,2,0,2,0,0,0,0,0
891f8d7b02fffff,48.0676,11.5519,muenchen,False,0,,0,False,0.461337,False,0,0.885067,0,0,0,0,0,0,0,0,0,0,0,0,0,0,0,0,0,0,0,0,1,0,0,0,0,0,0,0,2,0,0,0,0,0
891f8d7b033ffff,48.0725,11.5467,muenchen,True,199,13.4123,44,False,0.309091,False,94,0.825581,0,0,0,0,0,0,0,0,0,0,0,0,0,0,0,0,0,0,0,0,0,0,0,0,1,0,0,0,0,0,0,0,0,0
891f8d7b037ffff,48.0728,11.5514,muenchen,False,0,,0,False,0.461337,False,0,0.885067,0,0,0,0,0,0,0,0,0,0,0,0,0,0,0,0,0,0,0,0,0,0,0,0,0,0,0,0,0,0,0,0,0,0
891f8d7b03bffff,48.0697,11.5446,muenchen,True,60,12.6362,13,False,0.444444,False,21,0.571429,0,0,0,0,0,0,0,0,0,0,0,0,0,0,0,0,0,0,0,0,0,0,0,0,0,0,0,0,0,0,0,0,0,0
891f8d7b043ffff,48.0658,11.5284,muenchen,False,415,9.05145,207,False,0.365385,False,208,0.784404,0,0,0,0,0,0,0,0,0,0,0,0,0,0,0,0,0,0,0,0,0,0,0,0,0,0,2,0,0,0,0,0,0,0
891f8d7b047ffff,48.0662,11.5331,muenchen,False,123,10.0788,59,False,0.401709,False,63,0.830508,0,0,0,0,0,0,0,0,0,0,0,0,0,0,0,0,0,0,0,0,0,0,0,0,0,0,0,0,0,0,0,0,0,0
891f8d7b04bffff,48.063,11.5263,muenchen,False,217,9.44588,119,False,0.340909,False,119,0.908333,0,0,0,0,0,0,0,0,0,0,0,0,0,0,0,0,0,0,0,0,0,0,0,0,0,0,2,0,0,0,0,0,0,0
891f8d7b04fffff,48.0634,11.531,muenchen,False,0,,0,False,0.461337,False,0,0.885067,0,0,0,0,0,0,0,0,0,0,0,0,0,0,0,0,0,0,0,0,0,0,0,0,0,0,0,0,0,0,0,0,0,0
891f8d7b053ffff,48.0682,11.5258,muenchen,False,148,14.7645,33,False,0.396947,False,74,0.901408,0,0,0,0,0,0,0,0,0,0,0,0,0,0,0,0,0,0,0,0,0,0,0,0,0,0,1,0,0,0,0,0,0,0
891f8d7b057ffff,48.0686,11.5305,muenchen,False,200,13.6184,19,False,0.342697,False,68,0.615385,0,0,0,0,0,0,0,0,0,0,0,0,0,0,0,0,0,0,0,0,0,0,0,0,0,0,1,0,0,0,0,0,0,0
891f8d7b05bffff,48.0654,11.5237,muenchen,False,219,9.67824,68,False,0.34466,False,105,0.860215,0,0,0,0,0,0,0,0,0,0,0,0,0,1,0,0,0,0,0,0,0,0,0,0,0,0,2,0,0,0,0,0,0,0
891f8d7b063ffff,48.0641,11.5404,muenchen,False,0,,0,False,0.461337,False,0,0.885067,0,0,0,0,0,0,0,0,0,0,0,0,0,0,0,0,0,0,0,0,0,0,0,0,0,0,0,0,0,0,0,0,0,0
891f8d7b067ffff,48.0645,11.5451,muenchen,False,151,11.7943,14,False,0.214815,False,62,0.818182,0,0,0,0,0,0,0,0,0,0,0,0,0,0,0,0,0,0,0,0,0,0,0,0,0,0,2,0,0,0,0,0,0,0
891f8d7b06bffff,48.0613,11.5383,muenchen,False,0,,0,False,0.461337,False,0,0.885067,0,0,0,0,0,0,0,0,0,0,0,0,0,0,0,0,0,0,0,0,0,0,0,0,0,0,0,0,0,0,0,0,0,0
891f8d7b06fffff,48.0617,11.543,muenchen,False,105,16.1475,12,False,0.247706,False,40,0.863636,0,0,0,0,0,0,0,0,0,0,0,0,0,0,0,0,0,0,0,0,0,0,0,0,1,0,3,0,0,0,0,0,0,0
891f8d7b073ffff,48.0665,11.5378,muenchen,False,3,14.85,3,False,0.5,False,3,0.885067,0,0,0,0,0,1,0,0,0,0,0,0,0,1,1,0,0,0,0,0,0,0,0,0,0,0,0,0,1,0,0,0,0,0
891f8d7b077ffff,48.0669,11.5425,muenchen,False,6,12.6672,0,True,0,False,0,0.885067,0,0,0,0,0,0,0,0,0,0,0,0,0,0,0,0,0,0,0,0,0,0,0,0,0,0,0,0,0,0,0,0,0,0
891f8d7b07bffff,48.0637,11.5357,muenchen,False,0,,0,False,0.461337,False,0,0.885067,0,0,0,0,0,0,0,0,0,0,0,0,0,0,0,0,0,0,0,0,0,0,0,0,0,0,0,0,0,0,0,0,0,0
891f8d7b083ffff,48.0793,11.5343,muenchen,True,458,14.3528,97,False,0.280269,False,256,0.884298,0,0,0,0,0,0,0,0,0,0,0,0,0,0,0,0,0,0,0,0,0,0,0,0,0,0,0,0,0,0,0,0,0,0
891f8d7b087ffff,48.0797,11.539,muenchen,True,9,14.7639,0,True,0.461337,True,3,0.885067,0,0,0,0,0,0,0,0,0,0,0,0,0,0,0,0,0,0,0,0,0,0,0,0,0,0,0,0,0,0,0,0,0,0
891f8d7b08bffff,48.0766,11.5321,muenchen,True,218,14.0752,48,False,0.3,False,108,0.80531,0,0,0,0,0,0,0,0,0,0,0,0,0,0,0,0,0,0,0,0,0,0,0,0,0,0,0,0,0,0,0,0,0,0
891f8d7b08fffff,48.0769,11.5369,muenchen,False,108,11.39,4,False,0.191011,False,41,1,0,0,0,0,0,0,0,0,0,0,0,0,0,0,0,0,0,0,0,0,0,0,0,0,0,0,0,0,0,0,0,0,0,0
891f8d7b093ffff,48.0818,11.5317,muenchen,True,543,14.4247,143,False,0.357532,False,282,0.854015,0,0,0,0,0,0,0,0,0,0,0,0,0,0,0,0,0,0,0,0,0,0,0,0,0,0,0,0,1,0,0,0,0,0
891f8d7b097ffff,48.0821,11.5364,muenchen,True,505,14.9974,155,False,0.279116,False,300,0.958904,0,0,0,0,0,0,0,0,0,0,0,0,0,0,0,0,0,0,0,0,0,0,0,0,0,0,1,0,0,0,0,0,0,0
891f8d7b09bffff,48.079,11.5296,muenchen,True,429,13.3656,108,False,0.37296,False,216,0.855814,0,0,0,0,0,0,0,0,0,0,0,0,0,1,0,0,1,0,0,0,0,0,0,0,0,0,2,0,2,0,0,0,0,0
891f8d7b0a3ffff,48.0776,11.5463,muenchen,True,450,16.1658,100,False,0.327231,False,249,0.926531,0,0,0,0,0,0,0,0,0,0,0,0,0,0,0,0,0,0,0,0,0,0,0,0,0,0,0,0,0,0,0,0,0,0
891f8d7b0a7ffff,48.078,11.551,muenchen,True,246,17.9724,71,False,0.38403,False,132,0.906977,0,0,0,0,0,0,0,0,0,0,0,0,0,0,0,0,0,0,0,0,0,0,0,0,1,0,1,0,1,0,0,0,0,0
891f8d7b0abffff,48.0749,11.5441,muenchen,True,139,15.6517,36,False,0.319444,False,72,0.79661,0,0,0,0,0,0,0,0,0,0,0,0,0,0,0,0,0,0,0,0,0,0,0,0,0,0,0,0,0,0,0,0,0,0
891f8d7b0afffff,48.0752,11.5489,muenchen,True,333,15.0779,78,False,0.407625,False,169,0.822581,0,0,0,0,0,0,0,0,0,0,0,0,0,0,0,0,0,0,0,0,0,0,0,0,0,0,1,0,0,0,0,0,0,0
891f8d7b0b3ffff,48.0801,11.5437,muenchen,True,195,13.6763,51,False,0.329949,False,101,0.791667,0,0,0,0,0,0,0,0,0,0,0,0,0,0,0,0,0,0,0,0,0,0,0,0,0,0,1,0,0,0,0,0,0,0
891f8d7b0b7ffff,48.0804,11.5484,muenchen,True,722,16.1716,233,False,0.358543,False,397,0.89779,0,0,0,0,0,0,0,0,0,0,0,0,0,0,0,0,0,0,0,0,0,0,0,0,0,0,0,0,0,0,0,0,0,0
891f8d7b0bbffff,48.0773,11.5416,muenchen,False,25,19.88,3,False,0.291667,False,11,1,0,0,0,0,0,0,0,0,0,0,0,0,0,0,0,0,0,0,0,0,0,0,0,0,0,0,0,0,0,0,0,0,0,0
891f8d7b0c3ffff,48.0734,11.5253,muenchen,True,565,15.4648,122,False,0.277467,False,280,0.850187,0,0,0,0,0,0,0,0,0,0,0,0,0,0,0,0,0,0,0,0,0,0,0,0,0,0,0,0,0,0,0,0,0,0
891f8d7b0c7ffff,48.0738,11.53,muenchen,False,264,15.1362,39,False,0.255474,False,124,0.844961,0,0,0,0,0,0,0,0,0,0,0,0,0,0,0,0,0,0,0,0,0,0,0,0,0,0,0,0,0,0,0,0,0,0
891f8d7b0cbffff,48.0706,11.5232,muenchen,True,563,14.8928,123,False,0.285467,False,293,0.897611,0,0,0,0,0,0,0,0,0,0,0,0,0,0,0,0,0,0,0,0,0,0,0,0,0,0,1,0,0,0,0,0,0,0
891f8d7b0cfffff,48.071,11.5279,muenchen,True,478,15.0305,95,False,0.355042,False,211,0.775,0,0,0,0,0,0,0,0,0,0,0,0,0,0,0,0,0,0,0,0,0,0,0,0,0,0,1,0,0,0,0,0,0,0
891f8d7b0d3ffff,48.0758,11.5227,muenchen,True,520,14.2965,159,False,0.382576,False,266,0.846975,0,0,0,0,0,0,0,1,0,0,0,0,0,0,0,0,0,1,0,1,0,0,0,1,0,0,2,0,3,0,0,0,0,0
891f8d7b0d7ffff,48.0762,11.5274,muenchen,True,426,15.3717,126,False,0.409201,False,222,0.882609,0,0,0,0,0,0,0,0,0,0,1,0,0,1,1,0,0,0,0,0,0,0,0,0,0,0,1,0,1,0,0,0,0,0
891f8d7b0dbffff,48.0731,11.5206,muenchen,True,520,13.2281,207,False,0.380497,False,285,0.896296,0,0,0,0,0,0,0,1,0,0,1,0,0,1,0,0,0,1,0,1,0,0,0,0,0,0,3,0,1,0,0,0,0,0
891f8d7b103ffff,48.0743,11.5703,muenchen,False,0,,0,False,0.461337,False,0,0.885067,0,0,0,0,0,0,0,0,0,0,0,0,0,0,0,0,0,0,0,0,0,0,0,0,0,0,0,0,0,0,0,0,0,0
891f8d7b107ffff,48.0746,11.575,muenchen,False,0,,0,False,0.461337,False,0,0.885067,0,0,0,0,0,0,0,0,0,0,0,0,0,0,0,0,0,0,0,0,0,0,0,0,0,0,0,0,0,0,0,0,0,0
891f8d7b10bffff,48.0715,11.5681,muenchen,False,0,,0,False,0.461337,False,0,0.885067,0,0,0,0,0,0,0,0,0,0,0,0,0,0,0,0,0,0,0,0,0,0,0,0,0,0,0,0,0,0,0,0,0,0
891f8d7b113ffff,48.0767,11.5677,muenchen,False,0,,0,False,0.461337,False,0,0.885067,0,0,0,0,0,0,0,0,0,0,0,0,0,0,0,0,0,0,0,0,0,0,0,0,0,0,0,0,0,0,0,0,0,0
891f8d7b117ffff,48.077,11.5724,muenchen,False,0,,0,False,0.461337,False,0,0.885067,0,0,0,0,0,0,0,0,0,0,0,0,0,0,0,0,0,0,0,0,0,0,0,0,0,0,0,0,0,0,0,0,0,0
891f8d7b11bffff,48.0739,11.5656,muenchen,False,0,,0,False,0.461337,False,0,0.885067,0,0,0,0,0,0,0,0,0,0,0,0,0,0,0,0,0,0,0,0,0,0,0,0,0,0,0,0,0,0,0,0,0,0
891f8d7b123ffff,48.0726,11.5823,muenchen,False,0,,0,False,0.461337,False,0,0.885067,0,0,0,0,0,0,0,0,0,0,0,0,0,0,0,0,0,0,0,0,0,0,0,0,0,0,0,0,0,0,0,0,0,0
891f8d7b127ffff,48.0729,11.587,muenchen,False,0,,0,False,0.461337,False,0,0.885067,0,0,0,0,0,0,0,0,0,0,0,0,0,0,0,0,0,0,0,0,0,0,0,0,0,0,0,0,0,0,0,0,0,0
891f8d7b133ffff,48.075,11.5797,muenchen,False,0,,0,False,0.461337,False,0,0.885067,0,0,0,0,0,0,0,0,0,0,0,0,0,0,0,0,0,0,0,0,0,0,0,0,0,0,0,0,0,0,0,0,0,0
891f8d7b137ffff,48.0753,11.5844,muenchen,False,0,,0,False,0.461337,False,0,0.885067,0,0,0,0,0,0,0,0,0,0,0,0,0,0,0,0,0,0,0,0,0,0,0,0,0,0,0,0,0,0,0,0,0,0
891f8d7b143ffff,48.0683,11.5613,muenchen,False,0,,0,False,0.461337,False,0,0.885067,0,0,0,0,0,0,0,0,0,0,0,0,0,0,0,0,0,0,0,0,0,0,0,0,0,0,0,0,0,0,0,0,0,0
891f8d7b147ffff,48.0687,11.566,muenchen,False,0,,0,False,0.461337,False,0,0.885067,0,0,0,0,0,0,0,0,0,0,0,0,0,0,0,0,0,0,0,0,0,0,0,0,0,0,0,0,0,0,0,0,0,0
891f8d7b14bffff,48.0656,11.5592,muenchen,False,0,,0,False,0.461337,False,0,0.885067,0,0,0,0,0,0,0,0,0,0,0,0,0,0,0,0,0,0,0,0,0,0,0,0,0,0,0,0,0,0,0,0,0,0
891f8d7b14fffff,48.0659,11.5639,muenchen,False,0,,0,False,0.461337,False,0,0.885067,0,0,0,0,0,0,0,0,0,0,0,0,0,0,0,0,0,0,0,0,0,0,0,0,0,0,0,0,0,0,0,0,0,0
891f8d7b153ffff,48.0708,11.5587,muenchen,False,0,,0,False,0.461337,False,0,0.885067,0,0,0,0,0,0,0,0,0,0,0,0,0,0,0,0,0,0,0,0,0,0,0,0,0,0,0,0,0,0,0,0,0,0
891f8d7b157ffff,48.0711,11.5634,muenchen,False,0,,0,False,0.461337,False,0,0.885067,0,0,0,0,0,0,0,0,0,0,0,0,0,0,0,0,0,0,0,0,0,0,0,0,0,0,0,0,0,0,0,0,0,0
891f8d7b15bffff,48.068,11.5566,muenchen,False,0,,0,False,0.461337,False,0,0.885067,0,0,0,0,0,0,0,0,0,0,0,0,0,0,0,0,0,0,0,0,0,0,0,0,0,0,0,0,0,0,0,0,0,0
891f8d7b183ffff,48.0819,11.5672,muenchen,False,0,,0,False,0.461337,False,0,0.885067,0,0,0,0,0,0,0,0,0,0,0,0,0,0,0,0,0,0,0,0,0,0,0,0,0,0,0,0,0,0,0,0,0,0
891f8d7b187ffff,48.0822,11.5719,muenchen,False,0,,0,False,0.461337,False,0,0.885067,0,0,0,0,0,0,0,0,0,0,0,0,0,0,0,0,0,0,0,0,0,0,0,0,0,0,0,0,0,0,0,0,0,0
891f8d7b18bffff,48.0791,11.5651,muenchen,False,0,,0,False,0.461337,False,0,0.885067,0,0,0,0,0,0,0,0,0,0,0,0,0,0,0,0,0,0,0,0,0,0,0,0,0,0,0,0,0,0,0,0,0,0
891f8d7b18fffff,48.0795,11.5698,muenchen,False,0,,0,False,0.461337,False,0,0.885067,0,0,0,0,0,0,0,0,0,0,0,0,0,0,0,0,0,0,0,0,0,0,0,0,0,0,0,0,0,0,0,0,0,0
891f8d7b193ffff,48.0843,11.5646,muenchen,False,4,13.3572,0,True,0.5,False,0,0.885067,0,0,0,0,0,0,0,0,0,0,0,0,0,0,0,0,0,0,0,0,0,0,0,0,0,0,0,0,0,0,0,0,0,0
891f8d7b197ffff,48.0847,11.5693,muenchen,False,0,,0,False,0.461337,False,0,0.885067,0,0,0,0,0,0,0,0,0,0,0,0,0,0,0,0,0,0,0,0,0,0,0,0,0,0,0,0,0,0,0,0,0,0
891f8d7b19bffff,48.0815,11.5625,muenchen,False,0,,0,False,0.461337,False,0,0.885067,0,0,0,0,0,0,0,0,0,0,0,0,0,0,0,0,0,0,0,0,0,0,0,0,0,0,0,0,0,0,0,0,0,0
891f8d7b1a3ffff,48.0802,11.5792,muenchen,False,0,,0,False,0.461337,False,0,0.885067,0,0,0,0,0,0,0,0,0,0,0,0,0,0,0,0,0,0,0,0,0,0,0,0,0,0,0,0,0,0,0,0,0,0
891f8d7b1a7ffff,48.0805,11.5839,muenchen,False,0,,0,False,0.461337,False,0,0.885067,0,0,0,0,0,0,0,0,0,0,0,0,0,0,0,0,0,0,0,0,0,0,0,0,0,0,0,0,0,0,0,0,0,0
891f8d7b1abffff,48.0774,11.5771,muenchen,False,0,,0,False,0.461337,False,0,0.885067,0,0,0,0,0,0,0,0,0,0,0,0,0,0,0,0,0,0,0,0,0,0,0,0,0,0,0,0,0,0,0,0,0,0
891f8d7b1afffff,48.0778,11.5818,muenchen,False,0,,0,False,0.461337,False,0,0.885067,0,0,0,0,0,0,0,0,0,0,0,0,0,0,0,0,0,0,0,0,0,0,0,0,0,0,0,0,0,0,0,0,0,0
891f8d7b1b3ffff,48.0826,11.5766,muenchen,False,0,,0,False,0.461337,False,0,0.885067,0,0,0,0,0,0,0,0,0,0,0,0,0,0,0,0,0,0,0,0,0,0,0,0,0,0,0,0,0,0,0,0,0,0
891f8d7b1b7ffff,48.083,11.5813,muenchen,False,0,,0,False,0.461337,False,0,0.885067,0,0,0,0,0,0,0,0,0,0,0,0,0,0,0,0,0,0,0,0,0,0,0,0,0,0,0,0,0,0,0,0,0,0
891f8d7b1bbffff,48.0798,11.5745,muenchen,False,0,,0,False,0.461337,False,0,0.885067,0,0,0,0,0,0,0,0,0,0,0,0,0,0,0,0,0,0,0,0,0,0,0,0,0,0,0,0,0,0,0,0,0,0
891f8d7b1c3ffff,48.076,11.5583,muenchen,False,0,,0,False,0.461337,False,0,0.885067,0,0,0,0,0,0,0,0,0,0,0,0,0,0,0,0,0,0,0,0,0,0,0,0,0,0,0,0,0,0,0,0,0,0
891f8d7b1c7ffff,48.0763,11.563,muenchen,False,0,,0,False,0.461337,False,0,0.885067,0,0,0,0,0,0,0,0,0,0,0,0,0,0,0,0,0,0,0,0,0,0,0,0,0,0,0,0,0,0,0,0,0,0
891f8d7b1cbffff,48.0732,11.5561,muenchen,False,0,,0,False,0.461337,False,0,0.885067,0,0,0,0,0,0,0,0,0,0,0,0,0,0,0,0,0,0,0,0,0,0,0,0,0,0,0,0,0,0,0,0,0,0
891f8d7b1cfffff,48.0735,11.5609,muenchen,False,0,,0,False,0.461337,False,0,0.885067,0,0,0,0,0,0,0,0,0,0,0,0,0,0,0,0,0,0,0,0,0,0,0,0,0,0,0,0,0,0,0,0,0,0
891f8d7b1d3ffff,48.0784,11.5557,muenchen,False,0,,0,False,0.461337,False,0,0.885067,0,0,0,0,0,0,0,0,0,0,0,0,0,0,0,0,0,0,0,0,0,0,0,0,0,0,0,0,0,0,0,0,0,0
891f8d7b1d7ffff,48.0787,11.5604,muenchen,False,0,,0,False,0.461337,False,0,0.885067,0,0,0,0,0,0,0,0,0,0,0,0,0,0,0,0,0,0,0,0,0,0,0,0,0,0,0,0,0,0,0,0,0,0
891f8d7b1dbffff,48.0756,11.5536,muenchen,False,0,,0,False,0.461337,False,0,0.885067,0,0,0,0,0,0,0,0,0,0,0,0,0,0,0,0,0,0,0,0,0,0,0,0,0,0,0,0,0,0,0,0,0,0
891f8d7b203ffff,48.0523,11.5225,muenchen,False,43,12.905,0,True,0.333333,False,11,0.7,0,0,0,0,0,0,0,0,0,0,0,0,0,0,0,0,0,0,0,0,0,0,0,0,0,0,0,0,0,0,0,0,0,0
891f8d7b213ffff,48.0547,11.5199,muenchen,False,197,12.8229,38,False,0.238889,False,93,0.926829,0,0,0,0,0,0,0,1,0,0,0,0,0,1,0,1,0,1,0,0,0,0,0,0,0,0,1,0,2,0,0,0,0,0
891f8d7b217ffff,48.055,11.5246,muenchen,False,38,9.95,7,False,0.413793,False,14,0.625,0,0,0,1,0,1,0,0,0,0,1,0,0,1,0,0,0,0,0,0,0,0,0,0,0,0,0,0,2,0,0,0,0,0
891f8d7b21bffff,48.0519,11.5178,muenchen,False,309,12.3592,26,False,0.285714,False,138,0.753846,0,0,0,0,0,0,0,0,0,0,0,0,0,0,0,0,0,0,0,0,0,0,0,0,0,0,0,0,1,0,0,0,0,0
891f8d7b253ffff,48.0488,11.511,muenchen,False,351,13.7106,36,False,0.212034,False,143,0.73913,0,0,0,0,0,0,0,0,0,0,0,0,0,0,0,0,0,0,0,0,0,0,0,0,0,0,1,0,0,0,0,0,0,0
891f8d7b257ffff,48.0491,11.5157,muenchen,False,203,16.22,7,False,0.209756,False,85,0.810127,0,0,0,0,0,0,0,0,0,0,0,0,0,0,0,0,0,0,0,0,0,0,0,0,0,0,0,0,0,0,0,0,0,0
891f8d7b283ffff,48.0599,11.5195,muenchen,False,207,14.4805,21,False,0.304348,False,91,0.869565,0,0,0,0,0,0,0,0,0,0,0,0,0,0,0,0,0,0,0,0,0,0,0,0,0,0,1,0,0,0,0,0,0,0
891f8d7b287ffff,48.0602,11.5242,muenchen,False,231,12.1664,42,False,0.212963,False,61,0.945455,0,0,0,0,0,0,0,0,0,0,0,0,0,0,0,0,0,0,0,0,0,0,0,0,0,0,0,0,0,0,0,0,0,0
891f8d7b28bffff,48.0571,11.5174,muenchen,False,362,13.5332,68,False,0.331492,False,142,0.662069,0,0,0,0,0,0,0,0,0,0,0,0,0,0,0,0,0,0,0,0,0,0,0,0,0,0,0,0,2,0,0,0,0,0
891f8d7b28fffff,48.0575,11.5221,muenchen,False,357,12.1968,105,False,0.282913,False,187,0.908571,1,0,0,0,0,1,0,0,2,1,1,0,4,1,0,0,0,1,1,2,0,0,0,1,0,1,3,0,4,0,0,0,0,0
891f8d7b293ffff,48.0623,11.5169,muenchen,False,498,9.52918,184,False,0.354207,False,260,0.851301,0,0,0,0,0,0,0,0,0,0,0,0,0,0,0,0,0,0,0,0,0,0,0,0,0,0,1,0,0,0,0,0,0,0
891f8d7b297ffff,48.0627,11.5216,muenchen,False,210,12.1848,54,False,0.290323,False,96,0.8,0,0,0,0,0,0,0,0,0,0,0,0,0,0,0,0,0,0,0,0,0,0,0,0,0,0,2,0,1,0,0,0,0,0
891f8d7b29bffff,48.0595,11.5148,muenchen,False,302,15.0696,23,False,0.267797,False,116,0.675926,0,0,0,0,0,0,0,0,0,0,0,0,0,0,0,0,0,0,0,0,0,0,0,0,0,0,0,0,0,0,0,0,0,0
891f8d7b2a3ffff,48.0582,11.5315,muenchen,False,0,,0,False,0.461337,False,0,0.885067,0,0,0,0,0,0,0,0,0,0,0,0,0,0,0,0,0,0,0,0,0,0,0,0,0,0,0,0,0,0,0,0,0,0
891f8d7b2a7ffff,48.0585,11.5362,muenchen,False,0,,0,False,0.461337,False,0,0.885067,0,0,0,0,0,0,0,0,0,0,0,0,0,0,0,0,0,0,0,0,0,0,0,0,0,0,0,0,0,0,0,0,0,0
891f8d7b2abffff,48.0554,11.5294,muenchen,False,17,11.4935,0,True,0,False,4,1,0,0,0,0,0,0,0,0,0,0,0,0,0,0,0,0,0,0,0,0,0,0,0,0,0,0,0,0,0,0,0,0,0,0
891f8d7b2afffff,48.0558,11.5341,muenchen,False,45,10.4529,0,True,0.289474,False,17,0.75,0,0,0,0,0,0,0,0,0,0,0,0,0,0,0,0,0,0,0,0,0,0,0,0,0,0,0,0,0,0,0,0,0,0
891f8d7b2b3ffff,48.0606,11.5289,muenchen,False,102,8.57048,62,False,0.361446,False,77,1,0,0,0,0,0,0,0,0,0,0,0,0,0,0,0,0,0,0,0,0,0,0,0,0,0,0,0,0,2,0,0,0,0,0
891f8d7b2b7ffff,48.061,11.5336,muenchen,False,0,,0,False,0.461337,False,0,0.885067,0,0,0,0,0,0,0,0,0,0,0,0,0,0,0,0,0,0,0,0,0,0,0,0,0,0,0,0,0,0,0,0,0,0
891f8d7b2bbffff,48.0578,11.5268,muenchen,False,80,12.3373,30,False,0.222222,False,42,0.8,0,0,0,0,0,0,0,0,0,0,0,0,0,0,0,0,0,0,0,0,0,0,0,0,0,0,0,0,0,0,0,0,0,0
891f8d7b2c3ffff,48.054,11.5105,muenchen,False,333,14.2014,29,False,0.24507,False,124,0.65,0,0,0,0,0,0,0,0,0,0,0,0,0,0,0,0,0,0,0,0,0,0,0,0,0,0,1,0,0,0,0,0,0,0
891f8d7b2c7ffff,48.0543,11.5152,muenchen,False,359,14.0982,45,False,0.336182,False,146,0.822222,0,0,0,0,0,0,0,0,0,0,0,0,0,0,0,0,0,0,0,0,0,0,0,0,0,0,1,0,0,0,0,0,0,0
891f8d7b2cbffff,48.0512,11.5084,muenchen,False,517,13.2756,79,False,0.327519,False,234,0.815789,0,0,0,0,0,0,0,0,0,0,0,0,0,0,0,0,0,0,0,0,0,0,0,0,0,0,0,0,0,0,0,0,0,0
891f8d7b2cfffff,48.0515,11.5131,muenchen,False,294,13.2197,31,False,0.259259,False,122,0.700935,0,0,0,0,0,0,0,0,0,0,0,0,0,0,0,0,0,0,0,0,0,0,0,0,0,0,1,0,0,0,0,0,0,0
891f8d7b2d3ffff,48.0564,11.5079,muenchen,False,60,13.74,24,False,0.274194,False,38,1,0,0,0,0,0,0,0,0,0,0,0,0,0,0,0,0,0,0,0,0,0,0,0,0,0,0,0,0,2,0,0,0,0,0
891f8d7b2d7ffff,48.0567,11.5127,muenchen,False,335,14.0674,53,False,0.309211,False,139,0.751724,0,0,0,0,0,0,0,0,0,0,0,0,0,0,0,0,0,0,0,0,0,0,0,0,0,0,0,0,3,0,0,0,0,0
891f8d7b2dbffff,48.0536,11.5058,muenchen,False,55,12.47,3,False,0.192308,False,20,0.684211,0,0,0,0,0,0,0,0,0,0,0,0,0,0,0,0,0,0,0,0,0,0,0,0,0,0,0,0,0,0,0,0,0,0
891f8d7b313ffff,48.0572,11.5529,muenchen,False,0,,0,False,0.461337,False,0,0.885067,0,0,0,0,0,0,0,0,0,0,0,0,0,0,0,0,0,0,0,0,0,0,0,0,0,0,0,0,0,0,0,0,0,0
891f8d7b383ffff,48.0624,11.5524,muenchen,False,10,15.5233,0,True,0.2,False,3,0.885067,0,0,0,0,0,0,0,0,0,0,0,0,0,0,0,0,0,0,0,0,0,0,0,0,0,0,0,0,0,0,0,0,0,0
891f8d7b387ffff,48.0628,11.5571,muenchen,False,0,,0,False,0.461337,False,0,0.885067,0,0,0,0,0,0,0,0,0,0,0,0,0,0,0,0,0,0,0,0,0,0,0,0,0,0,0,0,0,0,0,0,0,0
891f8d7b38bffff,48.0596,11.5503,muenchen,False,57,22.68,3,False,0.4,False,24,0.885067,0,0,0,0,0,0,0,0,0,0,0,0,0,0,0,0,0,0,0,0,0,0,0,0,0,0,0,0,0,0,0,0,0,0
891f8d7b38fffff,48.06,11.555,muenchen,False,0,,0,False,0.461337,False,0,0.885067,0,0,0,0,0,0,0,0,0,0,0,0,0,0,0,0,0,0,0,0,0,0,0,0,0,0,0,0,0,0,0,0,0,0
891f8d7b393ffff,48.0648,11.5498,muenchen,False,91,20.34,3,False,0.22449,False,37,0.909091,0,0,0,0,0,0,0,0,0,0,0,0,1,3,0,0,0,0,0,0,0,0,0,0,0,0,0,0,1,0,0,0,0,0
891f8d7b397ffff,48.0652,11.5545,muenchen,False,0,,0,False,0.461337,False,0,0.885067,0,0,0,0,0,0,0,0,0,0,0,0,0,0,0,0,0,0,0,0,0,0,0,0,0,0,0,0,3,0,0,0,0,0
891f8d7b39bffff,48.0621,11.5477,muenchen,False,142,14.098,10,False,0.201681,False,54,0.842105,0,0,0,0,0,0,0,0,0,0,0,0,0,0,0,0,0,0,0,0,0,0,0,0,0,0,1,0,0,0,0,0,0,0
891f8d7b3b3ffff,48.0631,11.5618,muenchen,False,0,,0,False,0.461337,False,0,0.885067,0,0,0,0,0,0,0,0,0,0,0,0,0,0,0,0,0,0,0,0,0,0,0,0,0,0,0,0,0,0,0,0,0,0
891f8d7b3bbffff,48.0604,11.5597,muenchen,False,0,,0,False,0.461337,False,0,0.885067,0,0,0,0,0,0,0,0,0,0,0,0,0,0,0,0,0,0,0,0,0,0,0,0,0,0,0,0,0,0,0,0,0,0
891f8d7b3c3ffff,48.0565,11.5435,muenchen,False,120,17.46,3,False,0.283333,False,43,0.681818,0,0,0,0,0,0,0,0,0,0,0,0,0,0,0,0,0,0,0,0,0,0,0,0,0,0,0,0,0,0,0,0,0,0
891f8d7b3c7ffff,48.0569,11.5482,muenchen,False,65,14.03,6,False,0.25,False,34,0.857143,0,0,0,0,0,0,0,0,0,0,0,0,0,0,0,0,0,0,0,0,0,0,0,0,0,0,0,0,0,0,0,0,0,0
891f8d7b3d3ffff,48.0589,11.5409,muenchen,False,157,14.09,7,False,0.24359,False,60,0.6875,0,0,0,0,0,0,0,0,0,0,0,0,0,0,0,0,0,0,0,0,0,0,0,0,0,0,0,0,1,0,0,0,0,0
891f8d7b3d7ffff,48.0593,11.5456,muenchen,False,118,19.08,9,False,0.188034,False,38,0.863636,0,0,0,0,0,0,0,0,0,0,0,0,0,0,0,0,0,0,0,0,0,0,0,0,0,0,1,0,0,0,0,0,0,0
891f8d7b3dbffff,48.0561,11.5388,muenchen,False,105,16.19,3,False,0.29,False,49,0.785714,0,0,0,0,0,0,0,0,0,0,0,0,0,0,0,0,0,0,0,0,0,0,0,0,0,0,1,0,0,0,0,0,0,0
891f8d7b403ffff,48.0886,11.5192,muenchen,True,852,14.0002,308,False,0.432213,False,473,0.899358,0,0,0,1,0,0,0,1,0,0,1,0,0,0,0,0,1,1,0,0,0,0,0,0,0,0,2,0,1,0,0,0,0,0
891f8d7b407ffff,48.089,11.5239,muenchen,True,87,17.5329,34,False,0.526316,False,49,0.826923,0,0,0,0,0,0,0,0,0,0,0,0,0,1,1,0,0,0,0,0,0,0,0,0,0,0,0,0,0,0,0,0,0,0
891f8d7b40bffff,48.0859,11.5171,muenchen,True,615,14.0293,171,False,0.370429,False,298,0.855738,0,0,0,0,0,0,0,0,0,0,0,0,0,0,0,0,0,0,0,0,0,0,0,0,0,0,0,0,0,0,0,0,0,0
891f8d7b40fffff,48.0862,11.5218,muenchen,True,376,14.5336,94,False,0.375676,False,178,0.828221,0,0,0,0,0,0,0,0,0,0,0,0,0,0,0,0,0,0,0,0,0,0,0,0,0,0,0,0,0,0,0,0,0,0
891f8d7b413ffff,48.0911,11.5166,muenchen,True,515,13.816,104,False,0.394393,False,257,0.898374,0,0,0,0,0,0,0,0,0,0,0,0,0,0,0,0,1,0,0,0,0,0,0,0,0,0,2,0,0,0,0,0,0,0
891f8d7b417ffff,48.0914,11.5213,muenchen,True,830,13.6275,275,False,0.500595,False,450,0.898649,0,0,0,0,0,0,0,0,0,1,0,0,0,0,0,0,0,0,0,0,0,0,0,0,0,0,3,0,1,0,0,0,0,0
891f8d7b41bffff,48.0883,11.5145,muenchen,True,485,13.8426,94,False,0.302575,False,244,0.850622,0,0,0,0,0,0,0,0,0,0,0,0,0,0,0,0,0,0,0,0,0,0,0,0,0,0,0,0,0,0,0,0,0,0
891f8d7b423ffff,48.087,11.5312,muenchen,True,459,13.9866,70,False,0.301802,False,233,0.899038,0,0,0,0,0,0,0,0,0,0,0,0,0,0,0,0,0,0,0,0,0,0,0,0,0,0,0,0,0,0,0,0,0,0
891f8d7b427ffff,48.0873,11.5359,muenchen,True,43,10.8744,25,False,0.448276,False,31,1,0,0,0,0,0,0,0,0,0,0,0,0,1,0,0,0,0,0,0,0,0,0,0,0,0,0,1,0,0,0,0,0,0,0
891f8d7b42bffff,48.0842,11.5291,muenchen,True,518,14.6963,114,False,0.321083,False,245,0.789062,0,0,0,0,0,0,0,0,0,0,0,0,0,0,0,0,0,0,0,0,0,0,0,0,0,0,0,0,1,0,0,0,0,0
891f8d7b42fffff,48.0845,11.5338,muenchen,True,277,13.6833,89,False,0.31769,False,134,0.915966,0,0,0,0,0,0,0,0,0,0,0,0,1,0,0,0,0,0,0,0,0,0,0,0,0,0,1,0,0,0,0,0,0,0
891f8d7b433ffff,48.0894,11.5286,muenchen,True,0,,0,False,0.461337,False,0,0.885067,0,0,0,0,0,0,0,0,0,0,0,0,0,0,0,0,0,0,0,0,0,0,0,0,0,0,0,0,0,0,0,0,0,0
891f8d7b437ffff,48.0897,11.5333,muenchen,True,330,11.8645,110,False,0.512579,False,113,0.636364,0,0,0,0,0,0,0,0,0,0,0,0,0,0,0,0,0,0,0,0,0,0,0,0,0,0,2,0,0,0,0,0,0,0
891f8d7b43bffff,48.0866,11.5265,muenchen,True,374,14.0095,134,False,0.281421,False,183,0.847826,0,0,0,0,0,0,0,0,0,0,0,0,0,0,0,0,0,0,0,0,0,0,0,0,0,0,0,0,0,0,0,0,0,0
891f8d7b443ffff,48.0827,11.5103,muenchen,True,472,14.4389,107,False,0.297521,False,250,0.895833,0,0,0,0,0,0,0,0,0,0,0,0,0,0,0,0,0,0,0,0,0,0,0,0,0,0,2,0,0,0,0,0,0,0
891f8d7b447ffff,48.0831,11.515,muenchen,True,896,13.5946,299,False,0.372657,False,512,0.905622,0,0,0,0,0,0,0,0,0,0,0,0,0,0,0,0,0,0,0,0,0,0,0,0,0,0,2,0,0,0,0,0,0,0
891f8d7b44bffff,48.0799,11.5081,muenchen,True,881,13.9523,282,False,0.423475,False,441,0.847875,0,0,0,0,0,0,0,0,0,0,0,0,0,0,0,0,0,0,0,0,0,0,0,0,0,0,2,0,0,0,0,0,0,0
891f8d7b44fffff,48.0803,11.5128,muenchen,True,864,13.5955,284,False,0.387209,False,500,0.914513,0,0,0,0,0,0,0,0,0,0,0,0,0,0,0,0,0,0,0,1,0,0,0,1,0,0,1,0,1,0,0,0,0,0
891f8d7b453ffff,48.0851,11.5077,muenchen,True,516,14.6226,81,False,0.306723,False,222,0.859729,0,0,0,0,0,0,0,0,0,0,0,0,0,0,0,0,0,0,0,0,0,0,0,0,0,0,0,0,0,0,0,0,0,0
891f8d7b457ffff,48.0855,11.5124,muenchen,True,510,15.5516,138,False,0.363118,False,260,0.851406,0,0,0,0,0,0,0,0,0,0,0,0,0,0,0,0,0,0,0,0,0,0,0,0,0,0,2,0,0,0,0,0,0,0
891f8d7b45bffff,48.0824,11.5056,muenchen,True,1285,14.297,708,False,0.45214,False,977,0.973113,0,0,0,0,0,0,0,1,0,0,1,0,0,1,2,0,0,0,0,0,0,0,0,1,0,0,4,0,2,0,1,0,0,0
891f8d7b463ffff,48.081,11.5223,muenchen,True,538,15.871,172,False,0.37406,False,314,0.882911,0,0,0,0,0,0,0,0,0,0,0,0,0,0,0,0,0,0,0,0,0,0,0,0,0,0,2,0,0,0,0,0,0,0
891f8d7b467ffff,48.0814,11.527,muenchen,True,505,16.3002,122,False,0.32874,False,243,0.816239,0,2,0,0,0,1,0,0,0,2,1,0,2,3,0,1,1,3,1,0,1,2,0,0,0,1,2,0,1,0,0,0,0,0
891f8d7b46bffff,48.0783,11.5201,muenchen,True,617,14.6342,179,False,0.340872,False,369,0.926027,0,0,0,1,0,0,0,1,1,1,1,0,1,1,0,0,0,1,1,0,0,0,0,0,0,0,0,0,0,0,0,0,0,0
891f8d7b46fffff,48.0786,11.5248,muenchen,True,620,15.0279,190,False,0.345794,False,337,0.894895,0,0,0,0,0,1,0,0,0,1,1,0,0,0,0,0,0,1,1,0,0,0,0,0,0,0,1,0,2,0,0,0,0,0
891f8d7b473ffff,48.0834,11.5197,muenchen,True,814,12.8305,303,False,0.342105,False,447,0.898678,0,0,0,0,0,0,0,0,0,0,0,0,0,0,0,0,0,0,0,0,0,0,0,0,0,0,4,0,0,0,0,0,0,0
891f8d7b477ffff,48.0838,11.5244,muenchen,True,638,13.973,209,False,0.376506,False,367,0.913747,0,0,0,0,0,0,0,0,0,0,0,0,0,0,0,0,0,0,0,0,0,0,0,0,0,0,0,0,0,0,0,0,0,0
891f8d7b47bffff,48.0807,11.5176,muenchen,True,591,14.1798,165,False,0.327181,False,311,0.883648,0,0,0,0,0,0,0,0,0,0,0,0,0,0,0,0,0,0,0,0,0,0,0,0,0,0,0,0,0,0,0,0,0,0
891f8d7b483ffff,48.0963,11.5161,muenchen,True,285,16.0205,44,False,0.662921,False,53,0.944444,0,0,0,0,0,0,0,0,0,0,0,0,0,1,0,0,1,0,0,0,0,0,0,0,1,0,0,0,5,0,0,0,0,0
891f8d7b487ffff,48.0966,11.5208,muenchen,True,591,14.2409,180,False,0.452736,False,280,0.914966,0,0,0,0,0,0,0,0,0,0,0,0,0,0,0,0,0,0,0,2,0,0,0,0,0,0,0,1,8,0,0,0,0,0
891f8d7b48bffff,48.0935,11.514,muenchen,True,703,13.7164,124,False,0.416905,False,326,0.801829,0,0,0,0,0,0,0,0,0,0,0,0,0,1,0,0,0,0,0,0,0,0,0,0,0,0,0,0,0,0,0,0,0,0
891f8d7b48fffff,48.0938,11.5187,muenchen,True,552,13.4178,175,False,0.45167,False,297,0.899654,0,0,0,0,0,1,0,1,0,0,0,0,1,1,0,0,0,1,0,0,0,0,0,0,0,0,0,0,2,0,0,0,0,0
891f8d7b493ffff,48.0987,11.5135,muenchen,True,1177,15.208,523,False,0.509338,False,641,0.911043,0,0,0,0,0,0,0,0,0,0,0,0,1,0,0,0,0,0,0,0,0,0,0,0,0,0,2,0,0,0,0,0,0,0
891f8d7b497ffff,48.099,11.5182,muenchen,True,743,11.2608,322,False,0.467202,False,362,0.896648,0,0,0,0,0,0,0,0,0,0,1,0,2,1,0,0,0,1,0,0,0,0,0,0,0,0,2,0,0,0,0,0,0,0
891f8d7b49bffff,48.0959,11.5114,muenchen,True,328,11.4484,148,False,0.60303,False,151,0.816327,0,0,0,0,0,0,0,1,0,0,0,0,0,1,0,0,0,0,0,0,0,0,0,0,0,0,0,0,5,0,0,2,0,0
891f8d7b4a3ffff,48.0946,11.5281,muenchen,True,689,13.0632,185,False,0.580142,False,294,0.842466,0,0,0,0,0,0,0,0,0,0,0,0,0,0,0,0,0,0,0,0,0,0,0,0,0,0,2,0,2,0,0,0,0,0
891f8d7b4a7ffff,48.0949,11.5328,muenchen,True,118,15.4476,29,False,0.603306,False,57,0.947368,0,0,0,0,0,0,0,0,0,0,0,0,1,0,0,0,0,0,0,1,0,1,0,0,0,1,2,0,4,0,0,0,0,0
891f8d7b4abffff,48.0918,11.526,muenchen,True,152,6.90713,87,False,0.377483,False,86,0.869565,0,0,0,0,0,0,0,0,0,0,0,0,0,0,0,0,0,0,0,0,0,0,0,0,0,0,0,0,0,0,0,0,0,0
891f8d7b4afffff,48.0922,11.5307,muenchen,True,1848,12.9368,290,False,0.590112,False,966,0.873551,0,0,0,0,0,0,0,2,0,0,1,0,0,0,0,0,0,0,0,1,0,0,0,0,0,0,1,0,0,0,0,0,0,0
891f8d7b4b3ffff,48.097,11.5255,muenchen,True,99,13.3467,33,False,0.485149,False,42,0.869565,0,0,0,0,0,0,0,0,0,0,1,0,0,0,0,0,0,0,0,0,0,0,0,1,1,0,5,0,3,0,0,0,0,0
891f8d7b4b7ffff,48.0973,11.5302,muenchen,True,766,11.8891,309,False,0.607562,False,412,0.893976,0,0,0,0,0,0,0,0,0,0,0,0,0,2,1,0,0,0,0,0,0,0,0,0,0,0,0,1,0,0,0,1,0,0
891f8d7b4bbffff,48.0942,11.5234,muenchen,True,1297,9.50231,683,False,0.448569,False,778,0.934023,0,0,0,0,0,0,0,0,0,0,1,0,1,1,0,1,0,0,0,1,1,0,0,0,0,0,5,0,6,0,0,0,0,0
891f8d7b4c3ffff,48.0903,11.5072,muenchen,True,239,15.7339,18,False,0.473029,False,43,1,0,0,0,0,0,0,0,1,0,0,0,0,0,0,0,0,0,0,0,0,0,0,0,0,0,0,1,0,3,0,0,4,0,0
891f8d7b4c7ffff,48.0907,11.5119,muenchen,True,561,13.145,125,False,0.365685,False,268,0.847273,0,0,0,0,0,0,0,0,0,0,0,0,0,0,0,0,0,0,0,0,0,0,0,0,0,0,1,0,0,0,0,0,0,0
891f8d7b4cbffff,48.0876,11.5051,muenchen,True,441,12.3752,122,False,0.383562,False,213,0.898618,0,0,0,0,0,0,0,0,0,0,0,0,0,0,0,0,0,0,0,0,0,0,0,0,0,0,2,0,1,0,0,0,0,0
891f8d7b4cfffff,48.0879,11.5098,muenchen,True,541,14.4336,73,False,0.321012,False,249,0.846491,0,0,0,0,0,0,0,0,0,0,0,0,0,0,0,0,0,0,0,0,0,0,0,0,0,0,2,0,1,0,0,0,0,0
891f8d7b4d3ffff,48.0927,11.5046,muenchen,True,0,,0,False,0.461337,False,0,0.885067,0,0,0,0,0,0,0,1,0,0,0,0,0,0,1,0,0,1,0,0,0,0,0,0,0,0,2,0,2,0,0,1,0,0
891f8d7b4d7ffff,48.0931,11.5093,muenchen,True,370,13.7209,65,False,0.376437,False,173,0.868421,0,1,0,0,0,0,0,0,0,1,1,0,0,2,0,0,0,1,0,1,0,0,0,0,0,0,0,0,1,1,0,0,0,0
891f8d7b4dbffff,48.09,11.5025,muenchen,True,44,13.93,10,False,0.341463,False,24,0.809524,0,0,0,0,0,0,0,0,0,0,0,0,0,1,0,0,0,0,0,0,0,0,0,0,0,0,2,0,0,0,0,0,0,0
891f8d7b503ffff,48.0912,11.5521,muenchen,True,261,15.8288,67,False,0.276753,False,128,0.855856,0,0,0,0,0,0,0,0,0,0,0,0,0,0,0,0,0,0,0,0,0,0,0,0,0,0,0,0,0,0,0,0,0,0
891f8d7b507ffff,48.0915,11.5568,muenchen,True,550,15.5496,134,False,0.371278,False,273,0.878136,0,0,0,0,0,0,0,0,0,0,0,0,0,1,0,0,0,0,1,0,0,0,0,0,1,0,1,0,2,0,0,0,0,0
891f8d7b50bffff,48.0884,11.55,muenchen,True,318,16.0202,81,False,0.37224,False,175,0.916667,0,0,0,0,0,0,0,0,0,0,0,0,0,1,0,0,0,0,0,0,0,0,0,0,0,0,0,0,0,0,0,0,0,0
891f8d7b50fffff,48.0888,11.5547,muenchen,True,536,14.9319,137,False,0.371482,False,269,0.832727,0,0,0,0,0,0,0,0,0,0,0,0,0,0,0,0,0,0,0,0,0,0,0,0,0,0,1,0,0,0,0,0,0,0
891f8d7b513ffff,48.0936,11.5495,muenchen,True,3,14.138,0,True,0,False,0,0.885067,0,0,0,0,0,0,0,0,0,0,0,0,0,1,0,0,0,0,0,0,0,0,0,0,0,0,0,0,0,0,0,0,0,0
891f8d7b517ffff,48.094,11.5542,muenchen,True,304,14.9692,83,False,0.273038,False,148,0.846715,0,0,0,0,0,0,0,0,0,0,0,0,0,1,0,0,0,0,0,0,0,0,0,0,0,0,0,0,0,0,0,0,0,0
891f8d7b51bffff,48.0908,11.5474,muenchen,True,0,,0,False,0.461337,False,0,0.885067,0,0,0,0,0,0,0,0,0,0,0,0,0,0,0,0,0,0,0,0,0,0,0,0,0,0,0,0,1,0,0,0,0,0
891f8d7b523ffff,48.0895,11.5641,muenchen,True,564,15.9432,189,False,0.4,False,326,0.870206,0,0,0,0,0,0,0,0,0,0,0,0,0,0,0,0,0,0,0,0,0,0,0,0,0,0,2,0,0,0,0,0,0,0
891f8d7b527ffff,48.0899,11.5688,muenchen,True,524,15.8602,127,False,0.306968,False,279,0.905109,0,0,0,0,0,0,0,0,0,0,0,0,0,0,0,0,0,0,0,0,0,0,0,0,0,0,0,0,0,0,0,0,0,0
891f8d7b52bffff,48.0867,11.562,muenchen,True,1217,11.5687,693,False,0.449749,False,741,0.895698,0,0,0,0,0,0,0,0,0,0,0,0,0,0,0,0,0,0,0,0,0,0,0,0,0,0,0,0,0,0,0,0,0,0
891f8d7b52fffff,48.0871,11.5667,muenchen,True,306,15.1847,55,False,0.335593,False,123,0.817391,0,0,0,0,0,0,0,0,0,0,0,0,0,0,0,0,0,0,0,0,0,0,0,0,0,0,0,0,0,0,0,0,0,0
891f8d7b533ffff,48.0919,11.5615,muenchen,True,400,14.3471,92,False,0.349765,False,186,0.747253,0,0,0,0,0,0,0,0,0,0,1,0,1,2,0,0,0,0,0,0,0,0,0,0,1,0,0,0,1,0,0,0,0,0
891f8d7b537ffff,48.0923,11.5662,muenchen,True,493,14.3092,116,False,0.328571,False,245,0.871795,0,0,0,0,0,0,0,1,1,0,1,1,0,1,0,0,0,0,0,0,0,0,0,0,0,0,0,0,2,0,0,0,0,0
891f8d7b53bffff,48.0891,11.5594,muenchen,True,626,13.1295,141,False,0.326984,False,289,0.835052,0,0,0,0,0,0,0,0,0,0,1,0,0,0,0,0,0,2,0,0,0,0,0,0,0,0,2,0,0,0,0,0,0,0
891f8d7b543ffff,48.0853,11.5432,muenchen,True,0,,0,False,0.461337,False,0,0.885067,0,0,0,0,0,0,0,0,0,0,0,0,0,0,0,0,0,0,0,0,0,0,0,0,0,0,0,0,0,0,0,0,0,0
891f8d7b547ffff,48.0856,11.5479,muenchen,True,164,13.5613,30,False,0.329545,False,77,0.869565,0,0,0,0,0,0,0,0,0,0,0,0,0,0,0,0,0,0,0,0,0,0,0,0,0,0,0,0,0,0,0,0,0,0
891f8d7b54bffff,48.0825,11.5411,muenchen,True,4,14.9493,0,True,0.461337,True,0,0.885067,0,0,0,0,0,0,0,0,0,0,0,0,0,0,0,0,0,0,0,0,0,0,0,0,0,0,0,0,0,0,0,0,0,0
891f8d7b54fffff,48.0828,11.5458,muenchen,True,177,13.6974,62,False,0.413043,False,102,0.966667,0,0,0,0,0,0,0,0,0,0,0,0,0,1,1,0,0,0,0,0,0,0,0,0,0,0,0,0,0,0,0,0,0,0
891f8d7b553ffff,48.0877,11.5406,muenchen,True,47,14.1394,0,True,0.363636,False,14,0.885067,0,0,0,0,0,0,0,0,0,0,0,0,0,0,0,0,0,0,0,0,0,0,0,0,0,0,1,0,0,0,0,0,0,0
891f8d7b557ffff,48.088,11.5453,muenchen,True,0,,0,False,0.461337,False,0,0.885067,0,0,0,0,0,0,0,0,0,0,0,0,0,0,0,0,0,0,0,0,0,0,0,0,0,0,0,0,0,0,0,0,0,0
891f8d7b55bffff,48.0849,11.5385,muenchen,True,351,14.7284,105,False,0.354108,False,213,0.898551,0,0,0,0,0,0,0,0,0,0,0,0,0,1,1,0,0,0,0,0,0,0,0,0,0,0,0,0,0,0,0,0,0,0
891f8d7b563ffff,48.0836,11.5552,muenchen,False,52,14.81,23,False,0.326923,False,36,0.923077,0,0,0,0,0,0,0,0,0,0,0,0,0,0,0,0,0,0,0,0,0,0,0,0,0,0,0,0,0,0,0,0,0,0
891f8d7b567ffff,48.0839,11.5599,muenchen,False,68,17.57,43,False,0.738462,False,44,1,0,0,0,0,0,0,0,0,0,0,0,0,0,0,0,0,0,0,0,0,0,0,0,0,0,0,0,0,0,0,0,0,0,0
891f8d7b56bffff,48.0808,11.5531,muenchen,True,169,15.5385,48,False,0.5,False,79,0.809524,0,0,0,0,0,0,0,0,0,0,0,0,0,0,0,0,0,0,0,0,0,0,0,0,1,0,1,0,0,0,0,0,0,0
891f8d7b56fffff,48.0812,11.5578,muenchen,False,0,,0,False,0.461337,False,0,0.885067,0,0,0,0,0,0,0,0,0,0,0,0,0,0,0,0,0,0,0,0,0,0,0,0,0,0,0,0,0,0,0,0,0,0
891f8d7b573ffff,48.086,11.5526,muenchen,True,461,14.0382,130,False,0.344444,False,220,0.840336,0,0,0,0,0,0,0,0,0,0,0,0,0,0,0,0,0,0,0,0,0,0,0,0,1,0,0,0,0,0,0,0,0,0
891f8d7b577ffff,48.0864,11.5573,muenchen,True,76,17.9988,24,False,0.487805,False,37,0.75,0,0,0,0,0,0,0,0,0,0,0,0,1,1,0,0,0,0,0,0,0,0,0,0,1,0,1,0,1,0,0,0,0,0
891f8d7b57bffff,48.0832,11.5505,muenchen,True,448,16.1487,117,False,0.392111,False,250,0.932773,0,0,0,0,0,0,0,0,0,0,0,0,0,0,0,0,0,0,0,0,0,0,0,0,0,0,0,0,0,0,0,0,0,0
891f8d7b583ffff,48.0988,11.5491,muenchen,True,58,16.8539,23,False,0.55102,False,29,0.862069,0,0,0,0,0,0,0,0,0,0,0,0,0,1,1,0,0,0,0,0,0,0,0,0,0,0,0,0,0,0,0,0,0,0
891f8d7b587ffff,48.0992,11.5538,muenchen,True,0,,0,False,0.461337,False,0,0.885067,0,0,0,0,0,0,0,0,0,0,0,0,0,0,0,0,0,0,0,0,0,0,0,0,0,0,0,0,0,0,0,0,0,0
891f8d7b58bffff,48.096,11.5469,muenchen,True,7,14.29,3,False,0.461337,True,3,1,0,0,0,0,0,0,0,0,0,0,0,0,0,0,0,0,0,0,0,0,0,0,0,0,0,0,1,0,1,0,0,0,0,0
891f8d7b58fffff,48.0964,11.5517,muenchen,True,0,,0,False,0.461337,False,0,0.885067,0,0,0,0,0,0,0,0,0,0,0,0,1,0,0,0,0,0,0,0,0,0,0,0,0,0,0,0,0,0,0,0,0,0
891f8d7b593ffff,48.1012,11.5465,muenchen,True,910,12.928,311,False,0.44373,False,488,0.873016,0,0,0,0,0,0,0,2,0,0,1,0,2,2,0,0,0,0,0,0,0,0,0,1,0,0,2,0,0,0,0,0,0,0
891f8d7b597ffff,48.1016,11.5512,muenchen,True,14,6.23,3,False,0.3,False,0,0.885067,0,0,0,0,0,0,0,0,0,0,0,0,0,0,0,0,0,0,0,0,0,0,0,0,0,0,0,0,0,0,0,0,0,0
891f8d7b59bffff,48.0984,11.5444,muenchen,True,274,14.3016,57,False,0.44403,False,119,0.869565,0,0,0,0,0,0,0,0,0,0,0,0,0,0,0,0,0,0,0,0,0,0,0,0,0,0,1,0,1,0,0,0,0,0
891f8d7b5a3ffff,48.0971,11.5611,muenchen,True,303,13.6942,60,False,0.298246,False,133,0.88,0,0,0,0,0,0,0,0,0,0,0,0,0,0,0,0,0,0,0,0,0,0,0,0,0,0,0,0,0,0,0,0,0,0
891f8d7b5a7ffff,48.0975,11.5658,muenchen,True,664,13.7712,216,False,0.416534,False,349,0.903226,0,0,0,0,0,0,0,0,0,0,0,0,0,0,0,0,0,0,0,0,0,0,0,1,0,0,0,0,1,0,0,0,0,0
891f8d7b5abffff,48.0943,11.5589,muenchen,True,384,14.9821,87,False,0.284182,False,180,0.775281,0,0,0,0,0,0,0,0,0,0,0,0,0,0,0,0,0,0,0,0,0,0,0,0,0,0,0,0,0,0,0,0,0,0
891f8d7b5afffff,48.0947,11.5637,muenchen,True,538,14.9749,125,False,0.406137,False,240,0.832685,0,1,0,0,0,0,0,0,0,0,0,0,0,0,0,0,0,0,0,0,0,0,0,0,1,0,2,0,1,0,0,0,0,0
891f8d7b5b3ffff,48.0995,11.5585,muenchen,True,67,14.3895,42,False,0.461538,False,42,1,0,0,0,0,0,0,0,0,0,0,0,0,0,2,0,0,0,0,0,0,0,0,0,0,0,0,2,0,0,0,0,0,0,0
891f8d7b5b7ffff,48.0999,11.5632,muenchen,True,349,9.93073,41,False,0.206897,False,78,0.761905,0,0,0,0,0,0,0,0,0,0,0,0,0,0,0,0,0,0,0,0,0,0,0,0,0,0,0,0,0,0,0,0,0,0
891f8d7b5bbffff,48.0967,11.5564,muenchen,True,7,14.0471,0,True,0.461337,True,5,0.885067,0,0,0,0,0,0,0,0,0,0,0,0,0,1,1,0,0,0,0,0,0,0,0,0,0,0,0,0,0,0,0,0,0,0
891f8d7b5c3ffff,48.0929,11.5401,muenchen,True,739,11.8922,205,False,0.424658,False,346,0.835694,0,0,0,0,0,0,0,2,0,0,0,0,0,0,0,0,0,0,0,0,0,0,0,0,0,0,2,1,1,0,0,0,0,0
891f8d7b5c7ffff,48.0932,11.5448,muenchen,True,9,14.0715,0,True,0.461337,True,3,1,0,0,0,0,0,0,0,0,0,0,0,0,0,0,0,0,0,0,0,0,0,0,0,0,0,0,2,0,0,0,0,0,0,0
891f8d7b5cbffff,48.0901,11.538,muenchen,True,193,15.9516,158,False,0.662921,False,159,0.962963,0,0,0,0,0,0,0,0,0,0,0,0,0,0,0,0,0,0,0,0,0,0,0,0,0,0,3,0,0,0,0,0,0,0
891f8d7b5cfffff,48.0905,11.5427,muenchen,True,0,,0,False,0.461337,False,0,0.885067,0,0,0,0,0,0,0,0,0,0,0,0,0,2,0,0,0,0,0,0,0,0,0,0,0,0,1,0,0,0,0,0,0,0
891f8d7b5d3ffff,48.0953,11.5375,muenchen,True,1131,13.0116,730,False,0.517241,False,770,0.940337,0,0,0,0,0,0,0,0,0,0,0,0,0,0,0,0,0,0,0,0,0,0,0,0,0,0,0,0,3,0,0,0,0,0
891f8d7b5d7ffff,48.0957,11.5422,muenchen,True,538,12.8298,243,False,0.448029,False,299,0.886598,0,0,0,0,0,0,0,0,0,0,0,0,0,1,0,0,0,0,0,0,0,0,0,0,0,0,1,0,0,0,0,0,0,0
891f8d7b5dbffff,48.0925,11.5354,muenchen,True,1547,14.6525,497,False,0.494223,False,754,0.869388,0,0,0,0,0,0,0,0,0,0,0,0,1,0,0,0,0,0,0,0,0,0,0,0,0,0,0,0,0,0,0,0,0,0
891f8d7b603ffff,48.0692,11.5044,muenchen,True,0,,0,False,0.461337,False,0,0.885067,0,0,0,0,0,0,0,0,0,0,0,0,0,0,0,0,0,0,0,0,0,0,0,0,0,0,0,0,0,0,0,0,0,0
891f8d7b607ffff,48.0695,11.5091,muenchen,True,0,,0,False,0.461337,False,0,0.885067,0,0,0,0,0,0,0,0,0,0,0,0,0,0,0,0,0,0,0,0,0,0,0,0,0,0,0,0,0,0,0,0,0,0
891f8d7b60bffff,48.0664,11.5023,muenchen,False,0,,0,False,0.461337,False,0,0.885067,0,0,0,0,0,0,0,0,0,0,0,0,0,0,0,0,0,0,0,0,0,0,0,0,0,0,0,0,0,0,0,0,0,0
891f8d7b60fffff,48.0668,11.507,muenchen,True,0,,0,False,0.461337,False,0,0.885067,0,0,0,0,0,0,0,0,0,0,0,0,0,0,0,0,0,0,0,0,0,0,0,0,0,0,0,0,0,0,0,0,0,0
891f8d7b613ffff,48.0716,11.5018,muenchen,True,0,,0,False,0.461337,False,0,0.885067,0,0,0,0,0,0,0,0,0,0,0,0,0,0,0,0,0,0,0,0,0,0,0,0,0,0,0,0,0,0,0,0,0,0
891f8d7b617ffff,48.072,11.5065,muenchen,True,4,13.9034,0,True,0.461337,True,3,1,0,0,0,0,0,0,0,0,0,0,0,0,0,0,0,0,0,0,0,0,0,0,0,0,0,0,0,0,0,0,0,0,0,0
891f8d7b61bffff,48.0688,11.4997,muenchen,False,0,,0,False,0.461337,False,0,0.885067,0,0,0,0,0,0,0,0,0,0,0,0,0,0,0,0,0,0,0,0,0,0,0,0,0,0,0,0,0,0,0,0,0,0
891f8d7b623ffff,48.0675,11.5164,muenchen,True,143,16.5246,26,False,0.281481,False,57,1,0,0,0,0,0,0,0,0,0,0,0,0,0,0,0,0,0,0,0,0,0,0,0,0,0,0,0,0,0,0,0,0,0,0
891f8d7b627ffff,48.0679,11.5211,muenchen,True,125,16.5613,16,False,0.307018,False,48,0.697674,0,0,0,0,0,0,0,0,0,0,0,0,0,0,0,0,0,0,0,0,0,0,0,0,0,0,0,0,0,0,0,0,0,0
891f8d7b62bffff,48.0647,11.5143,muenchen,False,96,10.7,19,False,0.269663,False,20,0.869565,0,0,0,0,0,0,0,0,0,0,0,0,0,0,0,0,0,0,0,0,0,0,0,0,0,0,0,0,1,0,0,0,0,0
891f8d7b62fffff,48.0651,11.519,muenchen,False,268,12.8883,36,False,0.227586,False,105,0.876289,0,0,0,0,0,0,0,0,0,0,0,0,0,0,0,0,0,0,0,0,0,0,0,0,0,0,1,0,1,0,0,0,0,0
891f8d7b633ffff,48.0699,11.5138,muenchen,True,20,6.38,6,False,0.296296,False,10,0.769231,0,0,0,0,0,0,0,0,0,0,0,0,0,1,0,0,0,0,0,0,0,0,0,0,0,0,0,0,0,0,0,0,0,0
891f8d7b637ffff,48.0703,11.5185,muenchen,True,452,9.80095,158,False,0.36215,False,275,0.977099,0,0,0,0,0,0,0,0,0,0,0,0,1,0,1,0,0,0,0,0,0,0,0,0,0,0,1,0,1,0,0,0,0,0
891f8d7b63bffff,48.0671,11.5117,muenchen,True,19,8.58,4,False,0.4,False,9,1,0,0,0,0,0,0,0,0,0,0,0,0,0,0,0,0,0,0,0,0,0,0,0,0,0,0,0,0,0,0,0,0,0,0
891f8d7b643ffff,48.0633,11.4955,muenchen,False,0,,0,False,0.461337,False,0,0.885067,0,0,0,0,0,0,0,0,0,0,0,0,0,0,0,0,0,0,0,0,0,0,0,0,0,0,0,0,0,0,0,0,0,0
891f8d7b647ffff,48.0636,11.5002,muenchen,False,0,,0,False,0.461337,False,0,0.885067,0,0,0,0,0,0,0,0,0,0,0,0,0,0,0,0,0,0,0,0,0,0,0,0,0,0,0,0,0,0,0,0,0,0
891f8d7b64bffff,48.0605,11.4934,muenchen,False,0,,0,False,0.461337,False,0,0.885067,0,0,0,0,0,0,0,0,0,0,0,0,0,0,0,0,0,0,0,0,0,0,0,0,0,0,0,0,0,0,0,0,0,0
891f8d7b64fffff,48.0608,11.4981,muenchen,False,0,,0,False,0.461337,False,0,0.885067,0,0,0,0,0,0,0,0,0,0,0,0,0,0,0,0,0,0,0,0,0,0,0,0,0,0,0,0,0,0,0,0,0,0
891f8d7b653ffff,48.0657,11.4929,muenchen,False,0,,0,False,0.461337,False,0,0.885067,0,0,0,0,0,0,0,0,0,0,0,0,0,0,0,0,0,0,0,0,0,0,0,0,0,0,0,0,0,0,0,0,0,0
891f8d7b657ffff,48.066,11.4976,muenchen,False,0,,0,False,0.461337,False,0,0.885067,0,0,0,0,0,0,0,0,0,0,0,0,0,0,0,0,0,0,0,0,0,0,0,0,0,0,0,0,0,0,0,0,0,0
891f8d7b65bffff,48.0629,11.4908,muenchen,False,0,,0,False,0.461337,False,0,0.885067,0,0,0,0,0,0,0,0,0,0,0,0,0,0,0,0,0,0,0,0,0,0,0,0,0,0,0,0,0,0,0,0,0,0
891f8d7b663ffff,48.0616,11.5075,muenchen,False,0,,0,False,0.461337,False,0,0.885067,0,0,0,0,0,0,0,0,0,0,0,0,0,0,0,0,0,0,0,0,0,0,0,0,0,0,0,0,0,0,0,0,0,0
891f8d7b667ffff,48.0619,11.5122,muenchen,False,0,,0,False,0.461337,False,0,0.885067,0,0,0,0,0,0,0,0,0,0,0,0,0,0,0,0,0,0,0,0,0,0,0,0,0,0,0,0,0,0,0,0,0,0
891f8d7b66bffff,48.0588,11.5054,muenchen,False,0,,0,False,0.461337,False,0,0.885067,0,0,0,0,0,0,0,0,0,0,0,0,0,0,0,0,0,0,0,0,0,0,0,0,0,0,0,0,0,0,0,0,0,0
891f8d7b66fffff,48.0592,11.5101,muenchen,False,0,,0,False,0.461337,False,0,0.885067,0,0,0,0,0,0,0,0,0,0,0,0,0,0,0,0,0,0,0,0,0,0,0,0,0,0,0,0,0,0,0,0,0,0
891f8d7b673ffff,48.064,11.5049,muenchen,True,0,,0,False,0.461337,False,0,0.885067,0,0,0,0,0,0,0,0,0,0,0,0,0,0,0,0,0,0,0,0,0,0,0,0,0,0,0,0,0,0,0,0,0,0
891f8d7b677ffff,48.0643,11.5096,muenchen,True,0,,0,False,0.461337,False,0,0.885067,0,0,0,0,0,0,0,0,0,0,0,0,0,0,0,0,0,0,0,0,0,0,0,0,0,0,0,0,0,0,0,0,0,0
891f8d7b67bffff,48.0612,11.5028,muenchen,False,0,,0,False,0.461337,False,0,0.885067,0,0,0,0,0,0,0,0,0,0,0,0,0,0,0,0,0,0,0,0,0,0,0,0,0,0,0,0,0,0,0,0,0,0
891f8d7b683ffff,48.0768,11.5013,muenchen,True,253,15.8685,39,False,0.39777,False,108,0.802083,0,0,0,0,0,0,0,0,0,0,0,0,0,0,0,0,0,0,0,0,0,0,0,0,0,0,0,0,0,0,0,0,0,0
891f8d7b687ffff,48.0772,11.506,muenchen,True,364,14.6577,102,False,0.342318,False,181,0.851064,0,0,0,0,0,0,0,0,1,1,0,0,2,0,0,0,0,0,1,1,0,0,0,0,0,0,0,0,1,0,0,0,0,0
891f8d7b68bffff,48.074,11.4992,muenchen,True,0,,0,False,0.461337,False,0,0.885067,0,0,0,0,0,0,0,0,0,0,0,0,0,0,0,0,0,0,0,0,0,0,0,0,0,0,0,0,0,0,0,0,0,0
891f8d7b68fffff,48.0744,11.5039,muenchen,True,0,,0,False,0.461337,False,0,0.885067,0,0,0,0,0,0,0,0,0,0,0,0,0,0,0,0,0,0,0,0,0,0,0,0,0,0,0,0,0,0,0,0,0,0
891f8d7b693ffff,48.0792,11.4987,muenchen,True,68,14.22,6,False,0.283951,False,32,0.8125,0,0,0,0,0,0,0,0,0,0,0,0,0,1,0,0,0,0,0,0,0,0,0,0,0,0,0,0,0,0,0,0,0,0
891f8d7b697ffff,48.0796,11.5034,muenchen,True,1373,13.4786,672,False,0.44186,False,806,0.8933,0,0,0,0,0,0,0,0,0,0,0,0,0,1,0,0,0,0,0,0,0,0,0,0,0,0,2,0,0,0,0,0,0,0
891f8d7b69bffff,48.0764,11.4966,muenchen,True,0,,0,False,0.461337,False,0,0.885067,0,0,0,0,0,0,0,0,0,0,0,0,0,0,0,0,0,0,0,0,0,0,0,0,0,0,0,0,0,0,0,0,0,0
891f8d7b6a3ffff,48.0751,11.5133,muenchen,True,460,13.812,147,False,0.371795,False,250,0.930736,0,0,0,0,0,0,0,0,0,0,0,0,0,1,0,0,0,1,0,0,0,1,0,0,0,0,2,0,2,0,0,0,0,0
891f8d7b6a7ffff,48.0755,11.518,muenchen,True,522,13.1843,145,False,0.320312,False,250,0.839357,1,0,1,0,0,0,0,1,0,0,0,0,0,0,0,0,1,1,2,0,0,0,0,0,0,0,2,0,2,0,0,0,0,0
891f8d7b6abffff,48.0723,11.5112,muenchen,True,106,13.35,7,False,0.359223,False,49,0.869565,0,0,0,0,0,0,0,0,0,0,0,0,0,0,0,0,0,0,0,0,0,0,0,0,0,0,0,0,0,0,0,0,0,0
891f8d7b6afffff,48.0727,11.5159,muenchen,True,684,12.8396,163,False,0.304734,False,330,0.848315,0,0,0,0,0,0,0,0,0,0,0,0,0,0,0,0,0,0,0,1,0,0,0,0,0,0,0,0,2,0,0,0,0,0
891f8d7b6b3ffff,48.0775,11.5107,muenchen,True,784,14.2797,180,False,0.347771,False,365,0.841808,0,1,0,0,0,0,0,0,0,0,0,0,0,0,0,0,0,0,0,0,0,0,0,0,0,0,0,0,1,0,0,0,0,0
891f8d7b6b7ffff,48.0779,11.5154,muenchen,True,476,15.576,131,False,0.373626,False,233,0.854701,0,0,0,0,0,0,0,0,1,0,0,0,0,1,0,1,0,1,0,0,0,0,0,0,0,0,0,0,1,0,0,0,0,0
891f8d7b6bbffff,48.0747,11.5086,muenchen,True,205,15.1818,28,False,0.258242,False,79,0.753247,0,0,0,0,0,0,0,0,0,0,0,0,0,0,0,0,0,0,0,0,0,1,0,0,0,0,0,0,0,0,0,0,0,0
891f8d7b6c3ffff,48.0709,11.4924,muenchen,False,0,,0,False,0.461337,False,0,0.885067,0,0,0,0,0,0,0,0,0,0,0,0,0,0,0,0,0,0,0,0,0,0,0,0,0,0,0,0,0,0,0,0,0,0
891f8d7b6c7ffff,48.0712,11.4971,muenchen,False,0,,0,False,0.461337,False,0,0.885067,0,0,0,0,0,0,0,0,0,0,0,0,0,0,0,0,0,0,0,0,0,0,0,0,0,0,0,0,0,0,0,0,0,0
891f8d7b6cbffff,48.0681,11.4903,muenchen,False,0,,0,False,0.461337,False,0,0.885067,0,0,0,0,0,0,0,0,0,0,0,0,0,0,0,0,0,0,0,0,0,0,0,0,0,0,0,0,0,0,0,0,0,0
891f8d7b6cfffff,48.0685,11.495,muenchen,False,0,,0,False,0.461337,False,0,0.885067,0,0,0,0,0,0,0,0,0,0,0,0,0,0,0,0,0,0,0,0,0,0,0,0,0,0,0,0,0,0,0,0,0,0
891f8d7b6d3ffff,48.0733,11.4898,muenchen,False,3,12.4668,0,True,0.461337,True,0,0.885067,0,0,0,0,0,0,0,0,0,0,0,0,0,1,0,0,0,0,0,0,0,0,0,0,0,0,0,0,0,0,0,0,0,0
891f8d7b6d7ffff,48.0736,11.4945,muenchen,True,0,,0,False,0.461337,False,0,0.885067,0,0,0,0,0,0,0,0,0,0,0,0,0,0,0,0,0,0,0,0,0,0,0,0,0,0,0,0,0,0,0,0,0,0
891f8d7b6dbffff,48.0705,11.4877,muenchen,False,0,,0,False,0.461337,False,0,0.885067,0,0,0,0,0,0,0,0,0,0,0,0,0,0,0,0,0,0,0,0,0,0,0,0,0,0,0,0,0,0,0,0,0,0
